mes,classe_n,pl,cotistas,captacao,resgate,n_fundos
2005-01,Ações,17903742412.03,3564028,811069680.65,570026222.59,187
2005-01,Cambial,2487854832.26,23704,156212891.49,175332482.73,50
2005-01,FMP-FGTS,6462676414.75,555826,1911086.6400000001,47008241.160000004,68
2005-01,Multimercado,120802106861.96,153455,4676012352.47,5287850205.25,1872
2005-01,Renda Fixa,551842688795.44,5561787,71840315120.11,52041797338.590004,1139
2005-02,Ações,19883889552.19,3567119,649357676.88,590241287.88,191
2005-02,Cambial,2445945927.85,23331,173531139.16,204852816.82,50
2005-02,FMP-FGTS,7493098492.69,551522,1013399.77,54322927.67,68
2005-02,Multimercado,121621477656.51,150771,5479888028.2,6660978337.23,1904
2005-02,Renda Fixa,564239972065.4,5516107,59654656723.45,53711896745.85,1163
2005-03,Ações,19186885160.31,3582814,1115786549.32,756314462.41,200
2005-03,Cambial,2660291423.32,22799,363819773.31,218437727.91,51
2005-03,FMP-FGTS,6856132963.09,546462,780842.1,67276373.07,68
2005-03,Multimercado,129344856221.54001,164959,13819067290.15,7428484527.28,1960
2005-03,Renda Fixa,586596929937.5,5525005,82126313484.34,68304502935.56,1176
2005-04,Ações,18150836679.0,3633755,600155294.16,518294546.03000003,205
2005-04,Cambial,2735089982.14,23207,341866767.19,131328741.15,51
2005-04,FMP-FGTS,5940780089.57,542260,893678.7,41541884.33,68
2005-04,Multimercado,130467032536.98,163815,4858412362.3,5239715261.7,1994
2005-04,Renda Fixa,600473020922.86,5510951,65792619461.27,59749116026.909996,1190
2005-05,Ações,18288025262.12,3574841,325508486.43,410024431.86,211
2005-05,Cambial,2590082069.99,23477,212067030.58,233275469.34,51
2005-05,FMP-FGTS,6157816906.059999,537660,341183.15,45747544.99,68
2005-05,Multimercado,131765983737.31,177445,6508882673.44,7710846443.2,2019
2005-05,Renda Fixa,609604803297.8,5436699,65070656717.36,64295787095.53,1194
2005-06,Ações,18111288778.420002,3715093,500432564.07,483535750.42,217
2005-06,Cambial,2645121164.83,24175,248158712.66,122813639.39999999,53
2005-06,FMP-FGTS,6351957184.9800005,532638,390724.22000000003,53404668.0,68
2005-06,Multimercado,135277066639.17,185942,8638664690.06,6739462793.49,2023
2005-06,Renda Fixa,621400850517.61,5378351,70327506150.39,66147983538.5,1216
2005-07,Ações,18584310958.97,3679922,376886146.87,691365045.41,221
2005-07,Cambial,2863112098.13,25041,269290835.06,106615251.54,52
2005-07,FMP-FGTS,6803223761.15,527879,1217863.78,56709812.64,68
2005-07,Multimercado,138664608242.4,185640,7774617404.56,5994206373.41,2037
2005-07,Renda Fixa,637221367130.39,5354595,69135462212.02,61864014509.13,1223
2005-08,Ações,19952499196.34,3668623,743495340.63,544316881.53,230
2005-08,Cambial,2602148660.62,25754,201680733.96,442575248.51000005,53
2005-08,FMP-FGTS,7424545484.26,522601,1100923.83,74658033.21,68
2005-08,Multimercado,141652131856.43,183217,6404251071.62,4748738167.65,2041
2005-08,Renda Fixa,658138802301.63,5341535,80210232209.64,68944835283.59,1246
2005-09,Ações,22753011926.95,3714199,1628759789.89,582603582.64,265
2005-09,Cambial,2436673278.2,25110,135685240.51,161360111.60999998,52
2005-09,FMP-FGTS,8368896835.0,518162,1413951.53,69661002.94,68
2005-09,Multimercado,144082761926.1,198618,6111925320.71,5899808387.15,2052
2005-09,Renda Fixa,699936427357.29,5307020,97322217629.34999,64953040625.72,1260
2005-10,Ações,22739506779.11,3775211,2047750357.25,1272812835.84,277
2005-10,Cambial,2427424727.63,24573,99210756.56,136940500.53,52
2005-10,FMP-FGTS,7677707368.48,514290,138719.62,51306889.36,68
2005-10,Multimercado,147652233747.38,196490,5885307820.28,3686566793.11,2064
2005-10,Renda Fixa,706953662993.45,5285918,62697131831.82,66222491759.909996,1259
2005-11,Ações,24871511688.6,3776080,495567912.32,501291866.04,281
2005-11,Cambial,2370338307.06,24345,114917822.98,125709614.10000001,52
2005-11,FMP-FGTS,7889681506.940001,510007,804597.4,57416360.5,68
2005-11,Multimercado,152761143410.74,195976,7958424068.19,5351683435.41,2083
2005-11,Renda Fixa,712738033405.47,5269594,67816272528.85,71773429447.56,1270
2005-12,Ações,25785735439.27,3783694,741814185.6899999,847599729.97,286
2005-12,Cambial,2399640564.9900002,23882,159193777.85999998,268368890.86,51
2005-12,FMP-FGTS,8285285876.44,505899,479370.94,61880112.99,68
2005-12,Multimercado,157938899538.69,197688,6723596046.68,4432051421.69,2104
2005-12,Renda Fixa,719206138430.36,5298036,84907773696.73,89242688429.38,1285
2006-01,Ações,32611749691.28,3824893,5255331056.66,2139587554.39,299
2006-01,Cambial,2236530762.35,23056,171695563.99,234900205.59,52
2006-01,FMP-FGTS,9912783646.05,501442,1025083.66,84754759.17999999,68
2006-01,Multimercado,169559760422.91,205429,14136264287.16,6297044470.63,2115
2006-01,Renda Fixa,749987846539.18,5333716,92660922363.04,72370557680.73,1298
2006-02,Ações,32917548792.54,3853639,1316256538.41,957219718.34,309
2006-02,Cambial,2067360491.02,22243,127683099.22,233068218.95,52
2006-02,FMP-FGTS,9320994619.89,497932,821747.4199999999,57606674.54,68
2006-02,Multimercado,181347156562.6,226209,16965170685.91,8542119168.650001,2129
2006-02,Renda Fixa,763151999725.82,5355028,70555673186.97,66201055914.85,1302
2006-03,Ações,33328228685.1,3881018,1533174860.81,770897027.07,322
2006-03,Cambial,1944558474.16,21462,118546293.03,269059201.47,51
2006-03,FMP-FGTS,9053031858.88,493669,1138906.03,65329587.25,68
2006-03,Multimercado,187516027394.35,261551,13727061594.62,9780372157.08,2163
2006-03,Renda Fixa,779423988949.8,5377499,85651598250.41,79423748479.23,1315
2006-04,Ações,35421023683.01,3897042,1066552173.6800001,635079475.8100001,329
2006-04,Cambial,1848877142.85,21076,73150381.45,106598283.79,50
2006-04,FMP-FGTS,9687362838.61,490223,6959128.32,63209215.1,68
2006-04,Multimercado,192163378497.61002,270630,9581322502.75,7419771492.27,2203
2006-04,Renda Fixa,791939143216.12,5378427,72533239942.87,67885844340.97,1320
2006-05,Ações,34129389603.11,3921513,1789839349.22,1057841350.3,336
2006-05,Cambial,1935141440.95,20776,194287718.4,305133552.4,50
2006-05,FMP-FGTS,9408226468.43,485979,1100369.11,87524665.03999999,68
2006-05,Multimercado,194067668184.92,276722,12205650226.96,9075684835.869999,2244
2006-05,Renda Fixa,794663807349.02,5379720,83012801142.68001,88956166018.2,1330
2006-06,Ações,34123085932.33,3919325,1030139464.38,864976081.59,340
2006-06,Cambial,1896172057.65,20747,184750616.73,104863689.26,50
2006-06,FMP-FGTS,9064100319.49,482541,487177.07999999996,51261020.9,68
2006-06,Multimercado,197070961109.6,273323,8915052119.1,8423760562.37,2277
2006-06,Renda Fixa,809170110425.78,5403335,99979586427.49,94660604471.89,1336
2006-07,Ações,34686664195.31,3922927,728896969.79,708023110.18,343
2006-07,Cambial,1914180767.95,20244,92365224.83,78296587.04,49
2006-07,FMP-FGTS,9066676533.17,478738,363551.06,59596424.37,68
2006-07,Multimercado,200548138171.76,276631,8449986913.7,8935738294.66,2300
2006-07,Renda Fixa,825191355264.83,5403213,83897426651.98,77195287620.37,1345
2006-08,Ações,34692436728.03,3925611,1079857298.49,688506575.22,354
2006-08,Cambial,1847498262.72,19747,71932516.85,117360210.9,48
2006-08,FMP-FGTS,8428869864.12,474753,1348480.28,67799329.83,68
2006-08,Multimercado,204062919700.68,282804,9067348574.21,8285624507.89,2320
2006-08,Renda Fixa,830683499506.42,5397863,82211591390.08,83523584786.68,1362
2006-09,Ações,35317154206.04,4075589,1361633400.82,589901101.97,363
2006-09,Cambial,1839112095.92,19183,55350285.23,93171261.87,47
2006-09,FIDC,39102746.98,1,38925000.0,0.0,1
2006-09,FMP-FGTS,8172561317.49,471284,2539263.84,53253737.38,68
2006-09,Multimercado,206944459296.88998,303354,7272664676.57,6400882378.63,2348
2006-09,Renda Fixa,841645777818.12,5401456,77849365552.4,75942833688.93,1358
2006-10,Ações,37643421962.02,4070397,1197096938.01,871993172.37,376
2006-10,Cambial,1787280190.11,18901,69660238.46,105817855.33,47
2006-10,FIDC,71015577.16,1,30843849.340000004,0.0,1
2006-10,FMP-FGTS,8829829811.26,468008,970698.5599999999,54430342.8,68
2006-10,Multimercado,211784572758.3,323448,13479148473.65,12327422017.39,2413
2006-10,Renda Fixa,847049909457.15,5008965,97074185816.51,100946083962.09,1367
2006-11,Ações,40332360277.01,4078794,1231652995.04,970833844.19,386
2006-11,Cambial,1739215911.6200001,18238,48045350.1,122846131.2,47
2006-11,FIDC,71937127.98,1,0.0,0.0,1
2006-11,FMP-FGTS,9691819876.050001,464507,1745601.4400000002,72402108.45,68
2006-11,Multimercado,217395589528.91,336500,9504050103.26,7319237160.33,2458
2006-11,Renda Fixa,852366682874.63,4973065,88576554407.19,91925484583.78,1362
2006-12,Ações,45154960528.77,4105366,2291639700.62,1101859536.03,408
2006-12,Cambial,1649719483.83,17406,50577106.68,111559160.95,46
2006-12,FIDC,72707934.76,1,0.0,0.0,1
2006-12,FMP-FGTS,10255409297.36,461319,1168720.39,80359431.33,68
2006-12,Multimercado,237035122399.28,357173,24402451526.21,8825676594.77,2544
2006-12,Renda Fixa,842430361729.38,4918698,97641491865.31,116041222469.99,1379
2007-01,Ações,47617877367.08,4145048,3182844316.42,1218753499.77,427
2007-01,Cambial,1559820464.29,16451,38341254.68,123352957.39,45
2007-01,FIDC,94805071.26,1,42000000.0,0.0,1
2007-01,FMP-FGTS,10371667056.59,457583,658307.4299999999,74772097.14,68
2007-01,Multimercado,243759151523.2,401018,13043128417.07,9769682120.83,2611
2007-01,Renda Fixa,875651706482.13,4866699,114681502507.78,90360061305.61,1379
2007-02,Ações,49246330125.04,4188270,2848497814.09,948863880.74,433
2007-02,Cambial,1506978053.89,15662,48164776.82,103211097.88,45
2007-02,FIDC,115724035.4,1,19673565.4,0.0,1
2007-02,FMP-FGTS,10064278358.29,454614,6898668.55,69930792.31,68
2007-02,Multimercado,253009704122.08002,428858,16174009049.550001,9056352103.01,2712
2007-02,Renda Fixa,883577841397.72,4806954,84878387759.16,84046268192.31,1381
2007-03,Ações,52728793237.35,4206535,3240628076.92,1648629855.61,459
2007-03,Cambial,1416046604.59,14957,42853795.07,98974811.60000001,45
2007-03,FIDC,158651308.42,1,40820580.0,0.0,1
2007-03,FMP-FGTS,10610774988.82,451121,2198886.7800000003,73154041.04,68
2007-03,Multimercado,258254391955.14,433328,13472198690.58,11538631736.95,2829
2007-03,Renda Fixa,889523390307.76,4771322,94722611026.22,97750939596.76,1380
2007-04,Ações,57191224272.49,3535039,3442274580.01,2172958872.2400002,483
2007-04,Cambial,1271536435.46,14231,35407987.8,172146876.38,45
2007-04,FIDC,177555169.65,1,6415528.0,0.0,1
2007-04,FMP-FGTS,11195607237.67,447167,1952561.58,124431879.67,68
2007-04,Multimercado,268956247360.59,437140,18344486503.79,13257458410.26,2994
2007-04,Renda Fixa,911862716890.49,4725359,110728073496.73999,97362357982.46,1373
2007-05,Ações,64208910821.28,4307903,4927427251.09,1819785983.08,504
2007-05,Cambial,1102257548.28,13095,22040976.88,131264948.78,45
2007-05,FIDC,181984460.23,1,0.0,0.0,1
2007-05,FMP-FGTS,11347967200.58,443768,4711652.27,109212743.32,68
2007-05,Multimercado,286071384694.84,457913,21421596397.97,10504083566.2,3114
2007-05,Renda Fixa,918410707929.43,4688792,112597613664.5,115590066122.38,1369
2007-06,Ações,71350926967.78,4389017,6082189598.6,1646898265.25,534
2007-06,Cambial,1057100740.84,12551,25697531.86,79460516.91,45
2007-06,FIDC,180278415.11,1,0.0,0.0,1
2007-06,FMP-FGTS,11760726132.34,440224,2840367.54,109904842.73,68
2007-06,Multimercado,299192803857.65,492800,22643185318.54,12737186950.5,3282
2007-06,Renda Fixa,924777961733.93,4634234,103251181809.44,104535821682.31,1371
2007-07,Ações,78640845007.66,4512662,7975088288.86,2348310758.98,567
2007-07,Cambial,984270328.03,12067,46337317.91,99541656.82,45
2007-07,FIDC,176164010.38,1,0.0,0.0,1
2007-07,FMIEE,11420807.04,5,11400000.0,0.0,1
2007-07,FMP-FGTS,12506849274.97,436989,2464400.21,111752372.56,68
2007-07,Multimercado,318520832629.84,521337,29677544849.77,13321769048.32,3481
2007-07,Renda Fixa,924796943008.89,4560281,117039064532.93,125337260835.51,1389
2007-08,Ações,79026706717.2,4515120,6231622589.16,4532979229.49,582
2007-08,Cambial,1018692187.8299999,12141,140933224.5,152014930.34,45
2007-08,FIDC,176992226.2,1,0.0,0.0,1
2007-08,FMIEE,11480903.06,5,0.0,0.0,1
2007-08,FMP-FGTS,12537172343.64,433428,4042167.77,111122660.2,68
2007-08,Multimercado,314340819318.89,519599,20553589645.13,24119419774.65,3620
2007-08,Renda Fixa,923179809786.47,4502770,120485200698.32,129227437803.92,1410
2007-09,Ações,86908806708.09,4555855,4418819747.96,3941301980.02,602
2007-09,Cambial,962407912.15,12056,57527017.18,59201418.6,45
2007-09,FIDC,194258615.25,1,0.0,0.0,1
2007-09,FMIEE,11531226.08,5,0.0,0.0,1
2007-09,FMP-FGTS,15102042650.2,430377,4160714.88,127395750.58,68
2007-09,Multimercado,320424699831.75,524757,12911655733.75,11984995250.44,3684
2007-09,Renda Fixa,926264795652.01,4459916,92756280141.05,97581562482.29,1429
2007-10,Ações,97713974049.94,4715460,8003863271.1,4326054208.53,636
2007-10,Cambial,917452308.51,11868,64216400.95,62010719.16,45
2007-10,FIDC,302386923.95,1,104816421.74,0.0,1
2007-10,FMIEE,11588783.29,5,0.0,0.0,1
2007-10,FMP-FGTS,16615085227.09,427403,5348073.79,156022354.83,68
2007-10,Multimercado,334468087890.14,536803,25657377233.37,15835644694.710001,3820
2007-10,Renda Fixa,931634492996.01,4399001,109361745535.43,110496790450.48,1444
2007-11,Ações,98782338775.92,4841258,7143332479.93,3743159024.7799997,660
2007-11,Cambial,904940877.83,11355,38674796.36,87251206.3,44
2007-11,FIDC,338481658.1,1,27599131.12,0.0,1
2007-11,FMIEE,11641328.74,5,0.0,0.0,1
2007-11,FMP-FGTS,16581208660.26,424804,3353194.99,149182065.23,68
2007-11,Multimercado,338733210590.94,538794,18719522658.74,14999182481.6,3940
2007-11,Renda Fixa,928528217050.02,4333823,106553085198.86,116079189780.94,1442
2007-12,Ações,105261147979.18001,4935481,5028547031.11,3740261413.94,689
2007-12,Cambial,913256700.09,11205,57962158.7,48347461.92,43
2007-12,FIDC,348249719.31,1,0.0,0.0,1
2007-12,FMIEE,11657466.38,5,0.0,0.0,1
2007-12,FMP-FGTS,17620504964.670002,422587,2472902.76,102309970.1,68
2007-12,Multimercado,342949670137.43,531355,17020400081.960001,15736355947.94,4035
2007-12,Renda Fixa,923851226960.37,4264738,124697231676.7,137790194016.66,1458
2008-01,Ações,96701659403.11,4978397,6156045901.41,5749813928.440001,709
2008-01,Cambial,953342027.5,11087,96956192.63,52673018.03,43
2008-01,FIDC,356900586.69,1,0.0,0.0,1
2008-01,FMIEE,11715707.06,5,0.0,0.0,1
2008-01,FMP-FGTS,15525133438.2,419514,3751561.76,132588310.03,68
2008-01,Multimercado,341999717107.66,522338,21908213738.86,23608071252.15,4097
2008-01,Renda Fixa,966758626550.34,4258321,162311911734.52,130339688833.38,1477
2008-02,Ações,103928377119.52,5015666,3412699686.1,3698754286.5,729
2008-02,Cambial,897672602.17,10915,35820225.76,59349182.58,43
2008-02,FIDC,545555379.42,1,181350000.0,0.0,1
2008-02,FIP,2635907.86,16,2635132.5,0.0,1
2008-02,FMIEE,11765889.28,5,0.0,0.0,1
2008-02,FMP-FGTS,16922163126.2,416914,2579233.67,117171139.84,68
2008-02,Multimercado,341858694961.52,515769,16148328775.91,23034412825.49,4138
2008-02,Renda Fixa,985001123471.85,4243788,126488183114.77,116774867490.68,1468
2008-03,Ações,100052476201.35,5037311,4558232318.31,2877347186.28,752
2008-03,Cambial,891729002.85,10578,26593804.15,69463975.41,43
2008-03,FIDC,553185019.82,1,0.0,0.0,1
2008-03,FIP,2338968.2,15,0.0,292678.84,1
2008-03,FMIEE,11819134.54,5,0.0,0.0,1
2008-03,FMP-FGTS,15921799198.18,414044,2081835.93,114610880.38,68
2008-03,Multimercado,334087376417.36,507478,18861341485.170002,23806496136.16,4192
2008-03,Renda Fixa,999369849222.52,4225944,128523804412.2,121222640502.33,1481
2008-04,Ações,106198219051.98,5009778,3305602718.41,4753659517.85,783
2008-04,Cambial,837878392.43,10421,30975654.28,46707934.84,43
2008-04,FIDC,565101398.04,1,0.0,0.0,1
2008-04,FIP,2323907.35,15,0.0,0.0,1
2008-04,FMIEE,11875323.89,5,0.0,0.0,1
2008-04,FMP-FGTS,17326633514.43,410453,1454709.43,174039731.75,68
2008-04,Multimercado,333272256430.53,498206,20545377311.33,26075805281.23,4256
2008-04,Renda Fixa,1005761691960.07,4199387,152114727606.87,154054053646.86002,1489
2008-05,Ações,118101257715.85,5073549,7076376140.83,4789539023.04,820
2008-05,Cambial,799117107.82,9887,33125713.39,52907243.86,43
2008-05,FIDC,576890686.98,1,0.0,0.0,1
2008-05,FIP,2537633.03,15,275200.0,0.0,1
2008-05,FMIEE,11929127.36,5,0.0,0.0,1
2008-05,FMP-FGTS,18603550963.42,407374,4600582.53,169803924.61,68
2008-05,Multimercado,335612944465.26,484906,19185471991.77,21836532259.47,4278
2008-05,Renda Fixa,1004629225646.34,4131301,132293571739.12,142077312533.69,1508
2008-06,Ações,114616994897.8,5170467,7454426108.36,2716213380.67,869
2008-06,Cambial,795469609.6899999,9684,61257869.449999996,52219867.48,43
2008-06,FIDC,618505255.63,1,16000000.0,0.0,1
2008-06,FIP,2530731.64,15,0.0,0.0,1
2008-06,FMIEE,11934554.82,5,0.0,0.0,1
2008-06,FMP-FGTS,17278354047.94,404831,1496647.85,110332767.18,68
2008-06,Multimercado,347701119871.58,486398,31730292460.120003,20071171452.420002,4314
2008-06,Renda Fixa,1001071363353.82,4276087,133803807906.06,146178771854.25,1522
2008-07,Ações,105812621637.15,5143787,4357816738.53,2898505744.14,900
2008-07,Cambial,760990707.49,9415,22554848.29,40598951.85,43
2008-07,FIDC,647075526.52,1,31955000.0,0.0,1
2008-07,FIP,2525363.49,15,0.0,0.0,1
2008-07,FMP-FGTS,13687380484.97,401919,2080460.72,110143237.45,68
2008-07,Multimercado,343403129602.81,474700,17302753508.86,23318201428.84,4338
2008-07,Renda Fixa,1005390257988.6,4092450,149653588659.26,154027349334.42,1548
2008-08,Ações,100483157346.45,5115323,2892215705.19,2665881351.03,921
2008-08,Cambial,957598332.32,9472,203053261.06,35729056.730000004,43
2008-08,FIDC,650916780.82,1,0.0,0.0,1
2008-08,FIP,2981901.56,15,462336.0,0.0,1
2008-08,FMP-FGTS,12889108262.77,399489,1478374.24,79490205.07,68
2008-08,Multimercado,340548619622.84,465175,20366762614.23,23811756834.6,4376
2008-08,Renda Fixa,1010475760459.8,4092884,127081580495.59,131308831975.26,1566
2008-09,Ações,90433797077.38,5071626,3562054953.59,3938158696.63,932
2008-09,Cambial,1026359400.5,10461,245593843.24,328381514.23,42
2008-09,FIDC,750644603.69,1,91500000.0,0.0,1
2008-09,FIP,2975918.3,15,0.0,0.0,1
2008-09,FMP-FGTS,11849526274.02,396673,1836402.75,96975341.56,68
2008-09,Multimercado,328964350965.28,442786,19440515629.11,29482172399.28,4362
2008-09,Renda Fixa,1019548138312.59,4087024,141422795596.26,144479305410.11002,1589
2008-10,Ações,72232595621.04,4313591,3920599348.9900002,4339799513.24,943
2008-10,Cambial,993796330.3000001,9825,230472072.79,386298827.53000003,42
2008-10,FIDC,767041690.93,1,0.0,0.0,1
2008-10,FIP,4172484.47,15,1204100.0,0.0,1
2008-10,FMP-FGTS,8482824639.190001,393929,1065866.68,81919964.43,68
2008-10,Multimercado,306660411307.98,398771,22302918320.89,40255788268.83,4333
2008-10,Renda Fixa,1014246342607.5,4012425,174742186705.37,188284560257.65,1612
2008-11,Ações,71838404239.8,4995983,2222288170.46,2254787415.61,957
2008-11,Cambial,1036729547.68,9845,93319012.03999999,131155670.2,42
2008-11,FIDC,771688048.05,1,0.0,0.0,1
2008-11,FIP,4161809.05,15,0.0,0.0,1
2008-11,FMP-FGTS,7496131212.49,391919,1121835.6400000001,41759136.93,68
2008-11,Multimercado,300310594178.13,398322,19863017646.29,33686536341.98,4249
2008-11,Renda Fixa,1011488424880.29,3960714,132553923717.95,145235671252.87,1622
2008-12,Ações,72779678361.64,4972585,1299929483.25,2015167573.95,952
2008-12,Cambial,1063303706.4100001,10194,115850531.57000001,101171093.23,43
2008-12,FIDC,427769876.94,1,0.0,0.0,1
2008-12,FIP,4154208.68,15,0.0,0.0,1
2008-12,FMP-FGTS,8230661134.68,389793,559177.67,41891152.160000004,68
2008-12,Multimercado,317244270996.85,360692,33836863432.760002,23453107924.19,4190
2008-12,Renda Fixa,996822339872.58,3915447,153272632116.03,180010854917.67,1642
2009-01,Ações,75358313912.2,4960807,1214909459.3,1430863402.22,947
2009-01,Cambial,1044956637.18,9676,88802007.87,90469872.36,43
2009-01,FIP,4146426.36,15,0.0,0.0,1
2009-01,FMP-FGTS,9249748678.08,387527,332084.88,45544586.68,68
2009-01,Multimercado,316845953058.52997,357747,16678189796.63,21382415466.43,4127
2009-01,Renda Fixa,1022170989028.96,3892700,145242634635.21,130658698837.49,1649
2009-02,Ações,74562428193.57,4950304,1132253528.96,1498544405.6599998,944
2009-02,Cambial,1070831506.46,9162,65773435.7,70366363.08,42
2009-02,FIP,4918122.45,15,778518.38,0.0,1
2009-02,FMP-FGTS,9392020174.79,385660,486231.07,44277607.86,68
2009-02,Multimercado,321955196832.51,356866,15154784542.61,13343650564.13,4031
2009-02,Renda Fixa,1035042864738.6,3874807,123209573589.49,119200397682.27,1654
2009-03,Ações,77878380393.2,4921187,1607672685.09,1807424311.6000001,958
2009-03,Cambial,1057282892.11,9017,104601463.43,96278773.65,43
2009-03,FIP,5013440.28,15,101487.66,0.0,1
2009-03,FMP-FGTS,9789400662.58,383058,380316.09,57376860.71,68
2009-03,Multimercado,325587365943.83,352470,14561492025.710001,14194146812.29,4019
2009-03,Renda Fixa,1046028272717.36,3863201,137098989342.45,136289955106.98,1668
2009-04,Ações,85858734051.55,4915065,1741053339.28,2723504052.48,954
2009-04,Cambial,1014768841.68,8869,119008694.2,105402912.48,44
2009-04,FIP,4997621.45,15,0.0,0.0,1
2009-04,FMP-FGTS,10687700501.02,380749,525432.98,63821708.85,68
2009-04,Multimercado,332095546943.68,359799,18505094155.94,15816874351.83,4021
2009-04,Renda Fixa,1058160581574.5,3851855,142340404769.18,138877874975.58,1698
2009-05,Ações,93767948105.85,4917487,2193644278.3,2131260436.33,963
2009-05,Cambial,889026271.2,8534,98572219.7,140093746.31,45
2009-05,FIP,4981306.63,15,0.0,0.0,1
2009-05,FMP-FGTS,11864012271.380001,378185,1292479.31,90867345.39,68
2009-05,Multimercado,343294511564.11,365683,21015562999.63,15180610139.49,4018
2009-05,Renda Fixa,1070101163126.15,3850008,140484670707.69,137971102555.46,1712
2009-06,Ações,91729103158.9,4938567,3227193329.46,2751190229.41,980
2009-06,Cambial,967266770.44,8486,133526012.12,46685925.29,47
2009-06,FII,14070174.38,1,14006593.94,0.0,1
2009-06,FIP,4972636.96,15,0.0,0.0,1
2009-06,FMP-FGTS,10850435910.51,375683,1320517.3800000001,85900014.60000001,68
2009-06,Multimercado,347113711535.87,374328,19353193112.03,17113784361.27,4029
2009-06,Renda Fixa,1090267992295.4,3846158,161906835430.66,149963091265.16,1759
2009-07,Ações,96865510699.4,4921017,2286271563.99,1925820683.99,989
2009-07,Cambial,901590729.2,8453,48108764.64,72558734.69,47
2009-07,FII,14227326.63,1,0.0,0.0,1
2009-07,FIP,4964727.37,15,0.0,0.0,1
2009-07,FMP-FGTS,10856237954.96,372768,1469432.19,83462975.17999999,68
2009-07,Multimercado,368503910739.38,388400,30550406431.69,13501748588.09,4053
2009-07,Renda Fixa,1099311785073.14,3848948,153833019828.07,153326952519.83,1758
2009-08,Ações,100849780882.22,4922055,4287295386.32,2173332360.08,995
2009-08,Cambial,920311018.09,8441,55364658.33,46253842.769999996,47
2009-08,FII,14312229.77,1,0.0,0.0,1
2009-08,FIP,4963250.84,15,0.0,0.0,1
2009-08,FMP-FGTS,10561453301.97,370126,1167551.28,80881775.87,68
2009-08,Multimercado,378427929991.52,405549,19462920790.96,13651282719.31,4067
2009-08,Renda Fixa,1112170568594.18,3852948,152006090651.74,145811156564.67,1764
2009-09,Ações,110489077545.2,4921277,4180753867.54,2245085240.42,1018
2009-09,Cambial,900388789.0699999,8434,104081820.22,72065401.42999999,47
2009-09,FII,14467189.68,1,0.0,0.0,1
2009-09,FIP,4955546.47,15,0.0,0.0,1
2009-09,FMP-FGTS,11519928403.85,367595,1552663.15,99889500.71,68
2009-09,Multimercado,392377974802.15,415268,22743685866.73,13438650055.21,4131
2009-09,Renda Fixa,1130940303259.39,3885744,153777761871.43,142671648772.02,1774
2009-10,Ações,113136645498.41,4941762,3720123410.6,3108591994.75,1066
2009-10,Cambial,901097059.66,8638,83407380.5,74988267.65,47
2009-10,FII,14543629.38,1,0.0,0.0,1
2009-10,FIP,4946476.31,15,0.0,0.0,1
2009-10,FMP-FGTS,11869333135.81,365577,810931.62,88498757.81,68
2009-10,Multimercado,398528292813.02,425253,26520263795.18,22229887020.56,4167
2009-10,Renda Fixa,1148227748848.4,3889559,174821000443.84,164897027281.06,1780
2009-11,Ações,120879643648.54,4936208,3154328565.8,2664444919.89,1047
2009-11,Cambial,923813758.08,8760,60067814.28,38922233.86,47
2009-11,FII,14571249.99,1,0.0,99645.17,1
2009-11,FIP,7289804.67,29,2349000.0,185.84,2
2009-11,FMP-FGTS,12818980837.3,363025,1240590.21,108900699.89,68
2009-11,Multimercado,406158343409.27,432446,19952387293.0,17419783357.61,4196
2009-11,Renda Fixa,1163495059731.8,3911873,173349859286.89,160765437858.56,1791
2009-12,Ações,125363261563.0,4943133,3855044543.26,2716235515.27,1071
2009-12,Cambial,976344875.54,8920,117363760.66,58959790.19,47
2009-12,FII,14692280.93,1,0.0,0.0,1
2009-12,FIP,7291815.640000001,29,0.0,0.0,2
2009-12,FMP-FGTS,12395133101.73,360612,671890.74,97970832.95,68
2009-12,Multimercado,417422652465.92,435579,33524554688.72,26458429372.37,4312
2009-12,Renda Fixa,1164493992806.96,3935486,209859799793.4,211417323190.19,1810
2010-01,Ações,125135136398.51,4952450,5148531415.25,2305192141.51,1084
2010-01,Cambial,1127557625.57,9234,126147368.82000001,54843162.07,47
2010-01,FII,14706066.81,1,0.0,0.0,1
2010-01,FIP,9114219.82,29,0.0,0.0,2
2010-01,FMP-FGTS,11682609490.68,358327,1339664.22,87757236.24,68
2010-01,Multimercado,424578456521.45,444383,21149588666.43,16449649125.97,4362
2010-01,Renda Fixa,1193585456636.77,3939461,175584268436.37,155029957554.26,1819
2010-02,Ações,127443500944.14,4942089,3501900649.71,2969150677.14,1106
2010-02,Cambial,1092190621.45,9260,104079097.59,94466377.12,46
2010-02,FII,14793591.58,1,0.0,0.0,1
2010-02,FIP,9109676.8,29,0.0,0.0,2
2010-02,FMP-FGTS,11852499929.8,356241,997735.24,72225120.24,68
2010-02,Multimercado,429720603847.65,452288,18459717252.87,14223318048.51,4393
2010-02,Renda Fixa,1212137486936.25,3939936,161329655398.82,150688175606.99,1826
2010-03,Ações,133094609848.42,4921550,3017892116.53,2946750871.84,1121
2010-03,Cambial,1093301036.25,9376,92637593.1,75821136.93,46
2010-03,FII,12491006.09,1,0.0,2415823.0,1
2010-03,FIP,9102665.17,29,0.0,0.0,2
2010-03,FMP-FGTS,12613898976.84,353159,1484494.8800000001,131060955.34,68
2010-03,Multimercado,446278062898.46,459324,31523975692.56,19888720097.65,4465
2010-03,Renda Fixa,1237817704924.68,3942722,215182328661.57,199637202745.21,1843
2010-04,Ações,129647301109.8,4902915,4173284844.5099998,3330723390.53,1140
2010-04,Cambial,1099354733.97,9535,117841799.86,84487728.32000001,46
2010-04,FII,8847684.32,1,0.0,3717747.36,1
2010-04,FIP,9095533.74,29,0.0,0.0,2
2010-04,FMP-FGTS,11711487054.66,350603,1452052.04,102827875.8,68
2010-04,Multimercado,449800901611.15,460383,22414186411.22,20373280529.38,4547
2010-04,Renda Fixa,1255903351033.57,3945253,181789524115.84,171588917544.6,1860
2010-05,Ações,124650613972.29,4867622,4727411372.78,3426889776.58,1165
2010-05,Cambial,1114702201.3799999,9363,113293295.66,144849715.05,46
2010-05,FIDC,10374694.13,2,10226981.96,0.0,1
2010-05,FII,8871649.34,1,0.0,49130.5,1
2010-05,FIP,9085523.82,29,0.0,0.0,2
2010-05,FMP-FGTS,10857066992.2,348004,1006464.63,78112273.16,68
2010-05,Multimercado,450656863815.7,454183,25362063813.16,26575827190.66,4612
2010-05,Renda Fixa,1268380932607.49,3947641,193791744679.55,190483287506.71,1868
2010-06,Ações,121884080815.99,4850606,2460243033.93,2239577375.22,1182
2010-06,Cambial,1117491186.59,9174,72727111.51,58511053.019999996,46
2010-06,FIDC,10587090.76,2,6000.0,0.0,1
2010-06,FII,8944969.49,1,0.0,0.0,1
2010-06,FIP,9205342.19,29,124877.94,0.0,2
2010-06,FMP-FGTS,9617016908.03,345990,1371275.25,57612770.45,68
2010-06,Multimercado,459243122396.14,450187,26897041761.66,21886738772.55,4678
2010-06,Renda Fixa,1285325632355.6,3953542,177224383933.62,170726247913.43,1884
2010-07,Ações,134871828709.56999,4870646,4003758372.89,2800650055.0299997,1223
2010-07,Cambial,1145126559.84,9185,101698721.78999999,53927532.37,46
2010-07,FIDC,10815237.86,2,0.0,0.0,1
2010-07,FII,19047205.49,1,10000000.0,0.0,1
2010-07,FIP,15063146.350000001,29,5844556.86,0.0,2
2010-07,FMP-FGTS,10244198777.01,343862,1628643.56,57731398.76,68
2010-07,Multimercado,468130364271.81,447605,20827240524.66,19784138613.68,4724
2010-07,Renda Fixa,1301877778103.66,3961579,186527591213.71,181096350080.99,1908
2010-08,Ações,132650439831.18001,4845623,2945639303.01,2707127681.77,1241
2010-08,Cambial,1139165000.34,9202,88625162.69,93507457.13,46
2010-08,FIDC,11175420.73,2,198000.0,0.0,1
2010-08,FII,19243499.82,1,0.0,0.0,1
2010-08,FIP,15051552.9,29,0.0,0.0,2
2010-08,FMP-FGTS,9631933353.84,341510,737654.32,76408427.37,68
2010-08,Multimercado,469115249479.84,445864,22826852346.55,25258521733.13,4767
2010-08,Renda Fixa,1325301317439.21,3976035,193046449765.94,182866542681.0,1912
2010-09,Ações,142784019106.12,4841525,7460647678.25,4188131524.27,1284
2010-09,Cambial,1129176447.94,9437,108521330.65,83862159.67,46
2010-09,FIDC,12453255.02,2,1032000.0,0.0,1
2010-09,FII,19410003.6,1,0.0,0.0,1
2010-09,FIP,15040646.26,29,0.0,0.0,2
2010-09,FMP-FGTS,10658274521.66,339403,405219580.77,65059845.11,68
2010-09,Multimercado,491146270269.15,439020,37278096718.17,21089798255.09,4836
2010-09,Renda Fixa,1334273146284.3,3986582,189490670894.4,191449258642.1,1930
2010-10,Ações,145172966761.9,4828718,3567479285.08,3259347078.18,1285
2010-10,Cambial,1293615254.85,10292,219679765.0,67065818.93,46
2010-10,FIDC,14046057.31,2,1325000.0,0.0,1
2010-10,FII,19646876.89,1,0.0,0.0,1
2010-10,FIP,15033983.91,29,0.0,0.0,2
2010-10,FMP-FGTS,10462839914.39,337366,597012.93,73207677.3,68
2010-10,Multimercado,514588251143.07,440200,41684598617.43,23264608559.82,4908
2010-10,Renda Fixa,1356627492739.71,3998260,193816159090.13998,183046378205.06,1950
2010-11,Ações,143973369197.91,4812089,4132054895.92,3566025369.7,1292
2010-11,Cambial,1241932529.05,9975,64976585.57,123103996.36,46
2010-11,FIDC,13928901.99,2,0.0,201437.26,1
2010-11,FII,92746796.65,1,87729279.1,15248789.3,1
2010-11,FIP,15030687.18,29,0.0,0.0,2
2010-11,FMP-FGTS,10192233608.51,334797,1072075.03,86197065.6,68
2010-11,Multimercado,517142803134.84,440994,30673527193.18,30530508483.28,4981
2010-11,Renda Fixa,1375582336296.25,4004711,203449534432.96,194917118861.16,1951
2010-12,Ações,152785661327.64,4790116,5101515720.6,3217565575.21,1330
2010-12,Cambial,1326645223.2,9899,217819594.68,96655226.49,47
2010-12,FIDC,14198603.42,2,0.0,0.0,1
2010-12,FII,63490237.1,1,0.0,30066208.55,1
2010-12,FIP,107657724.08,30,97013382.74,0.0,3
2010-12,FMP-FGTS,10836268219.4,332489,1391213.1099999999,86502488.34,68
2010-12,Multimercado,533898928971.87,440968,39224454064.87,30962035431.2,5103
2010-12,Renda Fixa,1382395367126.68,4025667,255354983392.96,262231606552.03,1985
2011-01,Ações,150119176071.57,4772861,3215400379.92,2795425958.12,1331
2011-01,Cambial,1386516911.01,10274,112813749.48,65597932.2,48
2011-01,FIDC,14399957.85,2,0.0,0.0,1
2011-01,FII,63811467.18,1,0.0,0.0,1
2011-01,FIP,111050557.45,30,750000.0,0.0,3
2011-01,FMP-FGTS,10874482948.64,330144,275609.37,84604892.22,68
2011-01,Multimercado,534242221162.68,443567,27502828081.350002,28481650759.31,5146
2011-01,Renda Fixa,1417533888452.33,4035898,223047679981.52,196646774494.66,1976
2011-02,Ações,151988986758.02,4730266,3724099783.51,2608772276.73,1344
2011-02,Cambial,1336510959.42,10024,30586126.97,72306492.67,48
2011-02,FIDC,14654819.21,2,0.0,0.0,1
2011-02,FII,64316691.44,1,0.0,0.0,1
2011-02,FIP,111102480.9,30,0.0,0.0,3
2011-02,FMP-FGTS,11121186381.4,327823,1298095.01,79059575.62,68
2011-02,Multimercado,545989493750.61,446233,30322695153.66,24844464775.63,5180
2011-02,Renda Fixa,1447158495084.27,4068411,201206282662.58,183502736874.24,1987
2011-03,Ações,155714120622.8,4726522,7743778223.03,5945668410.05,1367
2011-03,Cambial,1297203782.24,9851,50800680.01,70020334.68,48
2011-03,FIDC,14852660.42,2,0.0,0.0,1
2011-03,FII,64849594.27,1,0.0,0.0,1
2011-03,FIP,111632458.72,30,225000.0,0.0,3
2011-03,FMP-FGTS,10751546221.300001,325393,340801.05,85049646.23,68
2011-03,Multimercado,561276185927.57,444240,37846602915.48,28782327550.14,5235
2011-03,Renda Fixa,1479255510433.57,4095252,213030097729.45,194891199787.51,1994
2011-04,Ações,153954748992.46,4705353,3149492862.32,2971512806.07,1380
2011-04,Cambial,1243482532.19,9788,55218019.9,65692601.5,48
2011-04,FIDC,14939276.6,2,0.0,0.0,1
2011-04,FII,73132212.33,1,11820000.0,4032644.52,1
2011-04,FIP,111372226.39999999,30,0.0,0.0,3
2011-04,FIP Multi,39547069.29,1,39400000.0,0.0,1
2011-04,FMP-FGTS,9987737508.51,323274,665678.03,71642696.43,68
2011-04,Multimercado,556320601965.13,442551,24789483600.04,31436265303.43,5266
2011-04,Renda Fixa,1500962579979.83,4133569,205985645141.91,196322826796.29,2017
2011-05,Ações,151331773815.58,4680881,2951912901.08,2941809399.84,1387
2011-05,Cambial,1199011423.81,9614,51180823.9,109121630.58,48
2011-05,FIDC,13336929.88,2,730000.0,2250000.0,1
2011-05,FII,79044015.33,1,4630000.0,5056326.82,1
2011-05,FIP,256925125.27,30,275000.0,0.0,3
2011-05,FIP Multi,39877737.34,1,0.0,0.0,1
2011-05,FMP-FGTS,9451517885.52,320879,1174552.99,68924578.36,68
2011-05,Multimercado,555723948748.51,440869,25323048649.74,29693717147.73,5336
2011-05,Renda Fixa,1526647259140.59,4204400,237799159833.02,227042137145.23,2040
2011-06,Ações,149303101349.72,4651977,3253948327.57,2924607000.37,1403
2011-06,Cambial,1681626380.04,9407,556205736.2,63072372.800000004,51
2011-06,FIDC,13503528.16,2,0.0,0.0,1
2011-06,FII,82876876.27,1,1700000.0,0.0,1
2011-06,FIP,260087771.80999997,30,0.0,0.0,3
2011-06,FIP Multi,40201225.43,1,0.0,0.0,1
2011-06,FMP-FGTS,9203649287.57,318516,234760.16,67997880.56,68
2011-06,Multimercado,556746115293.08,440061,26785399641.82,27731815399.23,5407
2011-06,Renda Fixa,1545470347274.5,4230526,222877766740.13,216902063185.81,2066
2011-07,Ações,144289249981.39,4617862,3573955363.62,4268852018.92,1421
2011-07,Cambial,1524312582.75,9456,51845440.91,205580702.51,51
2011-07,FIDC,13562103.28,2,0.0,0.0,1
2011-07,FII,83171443.08,1,0.0,0.0,1
2011-07,FIP,258742559.26,30,0.0,0.0,3
2011-07,FIP Multi,40531331.04,1,0.0,0.0,1
2011-07,FMP-FGTS,9144800068.460001,315713,1552416.8900000001,87940417.06,68
2011-07,Multimercado,557548386623.69,436866,26240894265.44,26935039274.46,5467
2011-07,Renda Fixa,1568558111160.12,4257394,224964519542.7,216463671129.09,2072
2011-08,Ações,139597523520.49,4587359,3823770728.39,3371940694.6,1432
2011-08,Cambial,1519622064.51,9214,102363853.43,142524941.48,49
2011-08,FIDC,13578877.64,2,0.0,0.0,1
2011-08,FII,82811679.14,1,0.0,1053891.25,1
2011-08,FIP,255717734.43,30,0.0,0.0,3
2011-08,FIP Multi,40901961.01,1,0.0,0.0,1
2011-08,FMP-FGTS,8255734242.79,316003,86542332.03,66717226.42,68
2011-08,Multimercado,562922495147.01,430247,29426218742.66,32617316980.44,5572
2011-08,Renda Fixa,1599469157833.29,4567495,248049589099.95,238102925292.66,2099
2011-09,Ações,135351514918.37,4573141,2747526371.8,3066027592.69,1459
2011-09,Cambial,1687262339.98,8871,165042733.67,258999286.85999998,48
2011-09,FIDC,13524842.35,2,0.0,0.0,1
2011-09,FII,82520454.38,1,0.0,726802.02,1
2011-09,FIP,253564298.82,30,0.0,0.0,3
2011-09,FIP Multi,41229317.31,1,0.0,0.0,1
2011-09,FMP-FGTS,7652079926.92,314066,555685.09,51102023.230000004,68
2011-09,Multimercado,567735638610.37,426856,28663423373.68,28596629548.78,5581
2011-09,Renda Fixa,1630209730834.69,4340867,230298215189.85,219145600041.42,2129
2011-10,Ações,142812984976.38,4552491,2363714123.15,2809658108.63,1472
2011-10,Cambial,1459343074.3400002,8631,74408313.22,154448647.56,48
2011-10,FIDC,244784357.33,4,230000000.0,164169.65,3
2011-10,FIDC-NP,20999678.56,1,21000000.0,0.0,1
2011-10,FII,76140280.2,1,0.0,6469806.57,1
2011-10,FIP,262570996.06,30,0.0,0.0,3
2011-10,FIP Multi,41537467.78,1,0.0,0.0,1
2011-10,FMP-FGTS,8163376928.150001,312476,99589.79000000001,39545430.95,68
2011-10,Multimercado,571164005699.81,422517,20772231006.84,25323120146.55,5600
2011-10,Renda Fixa,1649959766869.6,4354175,223761038335.52,218187854804.15,2143
2011-11,Ações,140956955392.87,4559984,2317228662.21,2190470573.78,1469
2011-11,Cambial,1497985528.35,8150,54260195.38,120871283.96,47
2011-11,FIDC,247269435.45999998,4,0.0,0.0,3
2011-11,FIDC-NP,24354214.0,1,3350000.0,0.0,1
2011-11,FII,73151364.73,1,0.0,5965079.28,1
2011-11,FIP,266477601.12,30,0.0,0.0,3
2011-11,FIP Multi,43642544.78,12,1800728.93,0.0,2
2011-11,FMP-FGTS,8082216204.809999,310191,242586.25999999998,63625861.99,68
2011-11,Multimercado,568316727785.54,419441,22054903051.92,31120545646.89,5627
2011-11,Renda Fixa,1695073198923.25,4376520,267909818151.91,237291227308.04,2152
2011-12,Ações,144786718145.52,4518580,3162145543.15,2653488326.64,1499
2011-12,Cambial,1523908479.1,7962,85629013.5,105572673.08,47
2011-12,FIDC,249032961.17,4,0.0,0.0,3
2011-12,FIDC-NP,36182564.02,2,11711900.12,0.0,2
2011-12,FII,73659608.28,1,1000000.0,100098.99,1
2011-12,FIP,275336235.95,30,0.0,0.0,3
2011-12,FIP Multi,43985243.74,16,18138.0,0.0,2
2011-12,FMP-FGTS,7626862775.67,308301,247298.94,49179340.72,68
2011-12,Multimercado,574859554529.47,417593,31236617474.0,27738349915.4,5653
2011-12,Renda Fixa,1702668591593.69,4466578,305188649395.2,313385611916.71,2178
2012-01,Ações,152954437662.38,4504014,2700483477.02,3260200546.7,1512
2012-01,Cambial,1514788043.71,7647,144215089.73,53632665.660000004,47
2012-01,FIDC,251618996.17000002,4,0.0,0.0,3
2012-01,FIDC-NP,36326089.64,2,0.0,0.0,2
2012-01,FII,76468071.88,1,0.0,620988.36,1
2012-01,FIP,276759693.5,30,0.0,0.0,3
2012-01,FIP Multi,44289043.89,16,0.0,0.0,2
2012-01,FMP-FGTS,8729423045.13,305957,16606.71,62804483.45,68
2012-01,Multimercado,585373953076.78,415711,22109071830.23,22728482804.86,5655
2012-01,Renda Fixa,1755245543296.18,4452831,304969039832.86,270291501627.58,2183
2012-02,Ações,157893454456.6,4493270,3179419972.44,3060053952.59,1524
2012-02,Cambial,1471026904.49,7654,56236561.43,71471296.95,47
2012-02,FIDC,254124170.83,4,0.0,0.0,3
2012-02,FIDC-NP,36454398.85,2,0.0,0.0,2
2012-02,FII,76143363.11,1,0.0,0.0,1
2012-02,FIP,288703431.71,30,0.0,0.0,3
2012-02,FIP Multi,44546038.260000005,16,0.0,0.0,2
2012-02,FMP-FGTS,8353235308.04,303870,224761.59,63314146.1,68
2012-02,Multimercado,592804006810.41,415867,23296763921.32,23069656194.13,5686
2012-02,Renda Fixa,1794832525613.06,4457033,249793748693.76,223796951206.78,2192
2012-03,Ações,158997686787.23,4490769,3456181297.2,3035261061.4,1535
2012-03,Cambial,1537567876.32,7454,51450508.2,81442345.3,47
2012-03,FIDC,256699853.47000003,4,0.0,0.0,3
2012-03,FIDC-NP,36600653.72,2,0.0,0.0,2
2012-03,FII,75944105.22,1,0.0,0.0,1
2012-03,FIP,294845180.05,30,0.0,0.0,3
2012-03,FIP Multi,44824032.14,16,0.0,0.0,2
2012-03,FMP-FGTS,8008160944.48,301497,751381.42,70040182.74,68
2012-03,Multimercado,606240212427.69,406773,38463623519.95,30835178878.78,5704
2012-03,Renda Fixa,1844949425045.25,4463222,297629060896.91,263838528711.58,2204
2012-04,Ações,158316324178.7,4477366,3615651670.26,2992591959.56,1548
2012-04,Cambial,1574039558.91,7333,51784635.33,80423106.32,47
2012-04,FIDC,259260768.27999997,4,10000.0,0.0,3
2012-04,FIDC-NP,36720222.83,2,0.0,0.0,2
2012-04,FII,83112808.57,1,0.0,0.0,1
2012-04,FIP,290403921.37,30,0.0,0.0,3
2012-04,FIP Multi,45060250.89,16,0.0,0.0,2
2012-04,FMP-FGTS,7717261021.79,299361,1043386.8,60616923.62,68
2012-04,Multimercado,610586354352.91,411374,29673820972.59,33641453501.5,5735
2012-04,Renda Fixa,1879120722898.16,4450590,270340127441.78,254362860047.96,2215
2012-05,Ações,151226407718.17,4442028,6747660709.85,3741401355.73,1570
2012-05,Cambial,1580903654.21,7471,163279309.09,253625979.23,47
2012-05,FIDC,261650200.3,4,0.0,0.0,3
2012-05,FIDC-NP,36853267.12,2,0.0,0.0,2
2012-05,FII,83087661.44,1,0.0,0.0,1
2012-05,FIP,287961216.52000004,63,10888000.0,0.0,4
2012-05,FIP Multi,45307733.8,16,0.0,0.0,2
2012-05,FMP-FGTS,6784270067.79,297065,160588.66,60900923.58,68
2012-05,Multimercado,613828276406.82,414530,34750043247.82,34176378240.55,5774
2012-05,Renda Fixa,1897921300659.17,4450264,317434670433.67,314692636552.15,2233
2012-06,Ações,154255241565.27,4433949,4853286884.1,4096876670.08,1581
2012-06,Cambial,1543437630.74,7600,93135623.9,138853683.65,46
2012-06,FIDC,263412789.22,4,0.0,0.0,3
2012-06,FIDC-NP,36974677.94,2,0.0,0.0,2
2012-06,FII,97368662.4,1,14300000.0,0.0,1
2012-06,FIP,296147478.13,63,0.0,0.0,4
2012-06,FIP Multi,45520290.77,16,0.0,0.0,2
2012-06,FMP-FGTS,6837958558.309999,295041,713677.2,46255963.94,68
2012-06,Multimercado,617021465898.66,414436,29749994942.85,35962236291.8,5825
2012-06,Renda Fixa,1913729633557.22,4448745,301091103539.82,296119265846.17,2240
2012-07,Ações,156505462720.79,4418414,3855342015.76,4217057749.63,1591
2012-07,Cambial,1527075190.56,7483,97449973.64,128189510.37,45
2012-07,FIDC,265763838.75,4,5000.0,0.0,3
2012-07,FIDC-NP,44998506.56,2,2000000.0,0.0,2
2012-07,FII,97892008.19,1,0.0,0.0,1
2012-07,FIP,294366025.3,59,2954000.0,6232871.94,4
2012-07,FIP Multi,45743393.44,16,0.0,0.0,2
2012-07,FMP-FGTS,6671501310.5,292800,448532.49,51403577.910000004,68
2012-07,Multimercado,631779251535.52,421155,30081789570.1,24899698544.04,5890
2012-07,Renda Fixa,1934156994601.45,4509690,299186544883.29,296444065808.9,2250
2012-08,Ações,160197963815.15,4404044,5548262060.95,4033235261.31,1606
2012-08,Cambial,1414626837.45,7244,43630892.19,146259232.82,45
2012-08,FIDC,267904052.48,4,0.0,0.0,3
2012-08,FIDC-NP,45215283.33,2,0.0,0.0,2
2012-08,FII,115867939.62,6,18027186.27,0.0,2
2012-08,FIP,289328546.11,59,0.0,0.0,4
2012-08,FIP Multi,45969300.970000006,16,0.0,0.0,2
2012-08,FMP-FGTS,6479194771.07,290652,375224.99,56760417.59,68
2012-08,Multimercado,647369340292.3,428294,37608757090.0,28158094901.51,5957
2012-08,Renda Fixa,1955879972919.95,4585428,298701872192.47,294288102710.3,2272
2012-09,Ações,164870164684.91,4414279,4286739531.25,3130590793.04,1636
2012-09,Cambial,1319913264.48,7070,26109145.17,121260638.66,45
2012-09,FIDC,269961527.47,4,10000.0,0.0,3
2012-09,FIDC-NP,45407705.769999996,2,0.0,0.0,2
2012-09,FII,121448189.25999999,6,2220000.0,0.0,2
2012-09,FIP,2067989129.51,60,0.0,0.0,5
2012-09,FIP Multi,46144641.93,16,0.0,0.0,2
2012-09,FMP-FGTS,6990556493.18,289171,570969.39,44102250.89,68
2012-09,Multimercado,691098598555.71,432067,84666589193.59,47124373524.27,6018
2012-09,Renda Fixa,1959909966116.08,4648569,264965407518.84,272612165028.94,2279
2012-10,Ações,168018717609.58,4406857,5790428246.6,3105780090.25,1657
2012-10,Cambial,1208713555.24,6880,26982702.03,140132999.53,45
2012-10,FIDC,292503580.92,5,20000000.0,0.0,3
2012-10,FIDC-NP,45631986.32,2,0.0,0.0,2
2012-10,FII,123223280.34,6,2220000.0,0.0,2
2012-10,FIP,2131368492.69,60,0.0,0.0,5
2012-10,FIP Multi,46338729.78,16,0.0,0.0,2
2012-10,FMP-FGTS,6853038514.68,286895,332017.19,58490597.72,68
2012-10,Multimercado,709966063659.54,433803,39230367444.78,25651672836.33,6085
2012-10,Renda Fixa,1984886459081.67,4685284,317162691547.92,311060096861.63,2286
2012-11,Ações,172498201422.06,4412963,11715001185.66,8790799249.92,1676
2012-11,Cambial,1269687081.08,6934,76257739.77,61982299.71,45
2012-11,FIDC,294496321.40999997,5,10000.0,0.0,3
2012-11,FIDC-NP,45822204.15,2,0.0,0.0,2
2012-11,FII,125070500.47,6,2220000.0,0.0,2
2012-11,FIP,2102453672.54,60,5080.74,0.0,5
2012-11,FIP Multi,46511968.48,16,0.0,0.0,2
2012-11,FMP-FGTS,6451433654.81,284939,228086.82,46713939.5,68
2012-11,Multimercado,731438547886.15,429331,38951769077.02,22809812948.13,6140
2012-11,Renda Fixa,2004300546748.57,4685777,302357006831.97,293756368636.1,2293
2012-12,Ações,182946039044.77,4583644,7271137169.2,3273583758.44,1708
2012-12,Cambial,1264472658.22,7114,156113130.41,114700739.83,44
2012-12,FIDC,297788329.5,5,0.0,0.0,3
2012-12,FIDC-NP,45998449.379999995,2,0.0,0.0,2
2012-12,FII,128972453.29,6,3595452.0,0.0,2
2012-12,FIP,2053294430.1200001,60,4282.75,0.0,5
2012-12,FIP Multi,66473618.489999995,16,0.0,0.0,2
2012-12,FMP-FGTS,6906711781.39,283335,557296.47,53017835.88,68
2012-12,Multimercado,731511640227.1,433691,49669233766.01,63537575611.6,6233
2012-12,Renda Fixa,2021662739796.55,4692116,393406535139.7,393714364574.08,2317
2013-01,Ações,188149672660.23,4575321,8611465535.2,3841512679.12,1724
2013-01,Cambial,1237161280.78,7118,122544276.71,116726299.61,44
2013-01,FIDC,299895195.81000006,3,10000.0,0.0,3
2013-01,FIDC-NP,46184383.53,2,0.0,0.0,2
2013-01,FII,134967539.25,6,1056000.0,0.0,2
2013-01,FIP,3009296844.9,67,18832.69,0.0,6
2013-01,FIP Multi,66887761.58,16,0.0,0.0,2
2013-01,FMP-FGTS,6454911427.23,281164,192793.47999999998,60402644.35,68
2013-01,Multimercado,734785279034.83,443784,42319872752.35,42524801015.71,6295
2013-01,Renda Fixa,2098051734626.43,4640412,403151095105.65,338202989272.77,2321
2013-02,Ações,189449373043.7,4572793,5974512210.38,3097965023.15,1726
2013-02,Cambial,1192902964.6,7080,59546940.010000005,96045354.99,44
2013-02,FIDC,301197903.89,5,10000.0,0.0,3
2013-02,FIDC-NP,46329742.14,2,0.0,0.0,2
2013-02,FII,136061498.52,6,1200000.0,0.0,2
2013-02,FIP,3011671701.96,67,4132.37,0.0,6
2013-02,FIP Multi,67216191.42999999,16,0.0,0.0,2
2013-02,FMP-FGTS,5629827221.04,279408,362531.12,40872915.39,68
2013-02,Multimercado,742207070382.26,456011,37204702063.63,26925818379.19,6353
2013-02,Renda Fixa,2117698043162.46,4594692,353333691266.1,338124906414.57,2342
2013-03,Ações,194109745194.68,4564329,7971774745.2,2928013186.23,1747
2013-03,Cambial,1291567050.35,7122,150841468.06,77901499.88,44
2013-03,FIDC,303764152.46,4,0.0,0.0,3
2013-03,FIDC-NP,46505639.29,2,0.0,0.0,2
2013-03,FII,138928269.58,6,1680000.0,0.0,2
2013-03,FIP,2934174288.81,67,3366.72,0.0,6
2013-03,FIP Multi,67585167.62,17,1.64,1.65,2
2013-03,FMP-FGTS,5663948866.03,277609,117935.22,37508249.99,68
2013-03,Multimercado,748179273707.43,470109,41329085849.14,37278417554.03,6459
2013-03,Renda Fixa,2125741670394.22,4588950,341905184282.81,339172223219.02,2346
2013-04,Ações,198902293575.93,4544427,7757461965.68,4730582063.17,1758
2013-04,Cambial,1259296553.7,7032,53700601.79,78625463.86,44
2013-04,FIDC,306044854.8,4,10000.0,0.0,3
2013-04,FIDC-NP,46699282.46,2,0.0,0.0,2
2013-04,FII,140454453.82999998,6,1680000.0,0.0,2
2013-04,FIP,2993575494.56,67,10262.68,0.0,6
2013-04,FIP Multi,57958712.879999995,17,0.0,0.0,2
2013-04,FMP-FGTS,6010538125.28,275601,308328.5,42656412.97,68
2013-04,Multimercado,755870310145.51,481233,38951750012.29,35325855298.25,6516
2013-04,Renda Fixa,2136864360430.4,4537234,381147095160.77,384662961708.23,2365
2013-05,Ações,199678034095.0,4558980,6193411211.11,4173919666.59,1786
2013-05,Cambial,1321998758.68,7139,90174327.64999999,112202681.7,44
2013-05,FIDC,306122308.79999995,4,0.0,0.0,3
2013-05,FIDC-NP,46810922.71,2,0.0,0.0,2
2013-05,FII,141413679.09,6,1680000.0,0.0,2
2013-05,FIP,3048119758.71,67,3164.03,0.0,6
2013-05,FIP Multi,58320741.98,17,0.0,0.0,2
2013-05,FMP-FGTS,5576259481.03,273583,211468.62999999998,46419119.16,68
2013-05,Multimercado,769362751868.87,492531,43527544757.47,32035698939.77,6592
2013-05,Renda Fixa,2153700848014.48,4545625,388145708010.64,371388006987.82,2365
2013-06,Ações,188680805444.49,4541562,6090766516.5,4324099125.04,1817
2013-06,Cambial,1502307320.98,8105,318906446.19,332540793.27,44
2013-06,FIDC,306736052.36,4,10000.0,0.0,3
2013-06,FIDC-NP,46890429.32,2,0.0,0.0,2
2013-06,FII,137969762.22,6,1200000.0,0.0,2
2013-06,FIP,2922770138.26,67,4124.28,0.0,6
2013-06,FIP Multi,58706904.51,17,0.0,0.0,2
2013-06,FMP-FGTS,4811418997.66,271779,92889.44,37141235.54,68
2013-06,Multimercado,771378748996.88,493293,40285785238.66,38257926299.65,6672
2013-06,Renda Fixa,2140663751865.71,4562752,402542662202.47,419235454025.77,2376
2013-07,Ações,190675371112.22,4525780,4956081779.07,6328304680.92,1848
2013-07,Cambial,1843034843.16,8824,385336613.5,304584838.54,44
2013-07,FIDC,309354052.8,4,10000.0,0.0,3
2013-07,FIDC-NP,47108392.08,2,0.0,0.0,2
2013-07,FII,150426570.19,6,1254000.0,0.0,2
2013-07,FIP,3047729482.77,98,120413688.22,0.0,8
2013-07,FIP Multi,66768284.07,18,7620000.0,0.0,3
2013-07,FMP-FGTS,5024573569.35,269932,138617.95,34762238.2,68
2013-07,Multimercado,786537377696.6,489767,40315172704.15,32760721152.85,6719
2013-07,Renda Fixa,2150735595317.54,4550833,371634949486.77,376918642517.96,2387
2013-08,Ações,193000281964.58,4509886,3982729687.91,4742770082.07,1864
2013-08,Cambial,2465586102.12,11105,790143533.01,253516966.53,44
2013-08,FIDC,311189492.31,4,0.0,0.0,3
2013-08,FIDC-NP,47212473.83,2,0.0,0.0,2
2013-08,FII,151828508.93,6,1200000.0,0.0,2
2013-08,FIP,2981301400.41,99,700000.0,0.0,8
2013-08,FIP Multi,67260190.87,18,0.0,0.0,3
2013-08,FMP-FGTS,5363415162.38,267986,220756.21000000002,45278525.08,68
2013-08,Multimercado,791005864715.02,488178,41003120686.86,41718763669.01,6768
2013-08,Renda Fixa,2152440547904.8,4594243,366983088591.35,373185435296.4,2401
2013-09,Ações,197580192176.07,4496299,3974352960.18,5037333772.25,1879
2013-09,Cambial,2708041729.2,11187,611035024.55,251727815.31,43
2013-09,FIDC,314060125.0,4,4999.99,0.0,3
2013-09,FIDC-NP,47392735.05,2,0.0,0.0,2
2013-09,FII,153406005.28,6,1200000.0,0.0,2
2013-09,FIP,2989475513.79,102,315000.0,0.0,8
2013-09,FIP Multi,67765130.19,18,0.0,0.0,3
2013-09,FMP-FGTS,5464832017.06,266520,344560.22,39979085.22,68
2013-09,Multimercado,776065105305.94,485609,27121446337.36,44449662219.43,6846
2013-09,Renda Fixa,2171751725012.86,4663883,353666219693.53,355350870125.74,2404
2013-10,Ações,204166724113.63,4493706,3635869803.78,4460202239.01,1905
2013-10,Cambial,2814162717.29,11045,338931953.24,251171070.31,44
2013-10,FIDC,317316751.8,4,10000.0,0.0,3
2013-10,FIDC-NP,64823294.83,2,500000.0,0.0,2
2013-10,FII,155012408.91,6,1200000.0,0.0,2
2013-10,FIP,2985662718.23,109,439000.0,0.0,8
2013-10,FIP Multi,68351042.63,18,0.0,0.0,3
2013-10,FMP-FGTS,5977945753.2,264999,514686.06,41357903.49,68
2013-10,Multimercado,763499651969.74,478711,24948411928.34,45921708312.79,6917
2013-10,Renda Fixa,2185287755702.21,4710523,374671776316.7,378069781777.04,2402
2013-11,Ações,202649139513.78,4460629,3105096757.06,3491936604.69,1906
2013-11,Cambial,2872559747.59,11191,165823895.71,237417784.79,44
2013-11,FIDC,319354163.3,4,2500.0,0.0,3
2013-11,FIDC-NP,64927128.41,2,0.0,0.0,2
2013-11,FII,156587525.92000002,6,1200000.0,0.0,2
2013-11,FIP,3064237421.32,121,1000000.0,0.0,8
2013-11,FIP Multi,68881478.41,18,0.0,0.0,3
2013-11,FMP-FGTS,5755699955.94,263211,551524.19,53977570.06,68
2013-11,Multimercado,749759518274.16,473327,22524502037.79,41675180318.29,6955
2013-11,Renda Fixa,2188142864260.74,4764690,382869936903.05,391206606722.02,2413
2013-12,Ações,200955207232.18,4442571,3949427816.07,3662871150.27,1921
2013-12,Cambial,3164514220.8,12048,567867709.58,310501650.58,44
2013-12,FIDC,321705130.61,4,10000.0,0.0,3
2013-12,FIDC-NP,75221282.99000001,3,10000000.0,0.0,3
2013-12,FII,197261534.34,6,1200000.0,0.0,2
2013-12,FIP,3145808693.16,124,15000.0,0.0,9
2013-12,FIP Multi,88447829.45,18,18824981.54,0.0,3
2013-12,FMP-FGTS,5377949634.7300005,261786,245603.68000000002,33450741.98,68
2013-12,Multimercado,759485156797.22,454166,35967442024.01,35594142294.68,7016
2013-12,Renda Fixa,2197280666865.02,4867088,489398985511.5,490117290484.61,2447
2014-01,Ações,187027498794.04,4456436,2909740981.53,5190951348.26,1935
2014-01,Cambial,4136089364.85,13994,1078457583.67,182968786.42000002,47
2014-01,FIDC,320865473.77,4,5000.0,0.0,3
2014-01,FIDC-NP,84428073.21,3,1500000.0,0.0,3
2014-01,FII,212340818.73000002,6,1650000.0,0.0,2
2014-01,FIP,3040053734.88,126,270000.0,0.0,9
2014-01,FIP Multi,96651725.43,19,7282044.54,0.0,3
2014-01,FMP-FGTS,4791370451.52,259957,623113.09,39303489.98,68
2014-01,Multimercado,751008182964.85,451855,29816476901.88,36722560161.15,7036
2014-01,Renda Fixa,2220924729161.98,4868580,422862087505.88,411966222452.44,2471
2014-02,Ações,184819220421.56,4440143,3626834417.9700003,4880441070.11,1939
2014-02,Cambial,4238766332.87,15253,568143057.68,559374373.29,47
2014-02,FIDC,324571701.69,4,5000.0,0.0,3
2014-02,FIDC-NP,84983708.16,3,0.0,0.0,3
2014-02,FII,216305313.76,6,3450000.0,0.0,2
2014-02,FIP,2921690679.06,68,600000.0,0.0,6
2014-02,FIP Multi,97557169.98,19,0.0,0.0,3
2014-02,FMP-FGTS,4636557012.16,258212,313652.02,36942428.89,68
2014-02,Multimercado,749294323322.52,444457,25198328105.32,31323632799.89,7037
2014-02,Renda Fixa,2245973877667.89,4920906,435882969242.79,429946310227.02,2485
2014-03,Ações,187678724656.18,4425090,3155374283.44,5805946485.21,1936
2014-03,Cambial,4044714427.65,15821,449186642.59,520735778.68,47
2014-03,FICFIDC-NP,4352105.04,3,3160000.0,0.0,1
2014-03,FIDC,328173926.22,4,1000.0,0.0,3
2014-03,FIDC-NP,85961208.41,3,0.0,0.0,3
2014-03,FII,218187451.12,6,1650000.0,0.0,2
2014-03,FIP,3040557478.99,68,0.0,0.0,6
2014-03,FIP Multi,102062167.47,19,3650000.0,0.0,3
2014-03,FMP-FGTS,4735299833.62,256624,55130.12,30242717.38,68
2014-03,Multimercado,752427906985.25,436708,32742059760.38,32113539691.16,7061
2014-03,Renda Fixa,2282312108049.8,4950444,392767531103.39996,373168493902.04,2509
2014-04,Ações,189782277774.4,4386675,5920647058.34,6493100834.12,1944
2014-04,Cambial,4165019388.95,16133,492056182.19,306185598.45,47
2014-04,FICFIDC-NP,12435027.299999999,5,5885736.59,0.0,2
2014-04,FIDC,306640055.07,4,3705000.0,3700000.0,3
2014-04,FIDC-NP,86938177.37,3,0.0,0.0,3
2014-04,FII,220110002.10000002,6,1650000.0,0.0,2
2014-04,FIP,2839002144.93,69,110000.0,0.0,6
2014-04,FIP Multi,103087002.69,19,0.0,0.0,3
2014-04,FMP-FGTS,4762230780.62,254920,228747.80000000002,37780106.83,68
2014-04,Multimercado,735349015177.78,427245,29868594464.65,52028337557.21,7071
2014-04,Renda Fixa,2307965059465.71,4969549,390933307096.25,386631721978.44,2532
2014-05,Ações,188694461875.62,4403105,2889965190.83,4596087994.8,1939
2014-05,Cambial,4066669469.72,16295,214552822.26,334526462.42,47
2014-05,FICFIDC-NP,20303324.11,7,2600065.86,0.0,3
2014-05,FIDC,307761289.56,4,5000.0,0.0,3
2014-05,FIDC-NP,89373540.61000001,3,0.0,0.0,3
2014-05,FII,216777154.17999998,6,1710000.0,0.0,2
2014-05,FIP,2788438564.39,69,0.0,0.0,6
2014-05,FIP Multi,104146094.28999999,19,0.0,0.0,3
2014-05,FMP-FGTS,4651073181.03,253170,141750.96000000002,35511553.38,68
2014-05,Multimercado,745278218063.72,419075,34699238067.520004,33230438194.72,7080
2014-05,Renda Fixa,2350645284186.97,5049937,435285936419.56,418106338228.54,2554
2014-06,Ações,192713717400.96,4392965,2856162707.36,4285604925.29,1935
2014-06,Cambial,3734041014.9,15831,264634805.1,544730252.58,48
2014-06,FICFIDC-NP,21477280.880000003,7,755000.0,0.0,3
2014-06,FIDC,309072548.26,4,5000.0,0.0,3
2014-06,FIDC-NP,89784671.67999999,3,0.0,0.0,3
2014-06,FII,223091439.28,6,1650000.0,0.0,2
2014-06,FIP,2925148562.77,69,222103.61,0.0,6
2014-06,FIP Multi,105023581.53,19,0.0,0.0,3
2014-06,FMP-FGTS,4755480454.07,251605,177247.99,32096122.37,68
2014-06,Multimercado,743826376834.16,413389,25338103756.260002,30677896484.57,7082
2014-06,Renda Fixa,2388624984230.69,5172802,417898221421.75,397586876678.82,2584
2014-07,Ações,194119792931.71,4376272,3063973194.16,5445604290.16,1933
2014-07,Cambial,3901900472.45,16128,307915333.74,230117812.53,48
2014-07,FICFIDC-NP,22106906.84,7,14498240.99,0.0,3
2014-07,FIDC,308183315.25,4,0.0,0.0,3
2014-07,FIDC-NP,96775385.57,4,0.0,42033494.91,4
2014-07,FII,224975759.43,6,1650000.0,0.0,2
2014-07,FIP,2863354106.8,69,0.0,0.0,8
2014-07,FIP Multi,110142492.26,19,4000000.0,0.0,3
2014-07,FMP-FGTS,5222410194.82,249686,326717.88,48690418.19,68
2014-07,Multimercado,744713151221.11,408593,26722277684.49,33451321149.48,7073
2014-07,Renda Fixa,2449459653545.7603,5270020,511275787840.9,471440164246.48,2617
2014-08,Ações,204223728896.94,4363637,2986745244.79,4630377909.2300005,1927
2014-08,Cambial,4216999120.2599998,16992,583931440.89,218945707.39,48
2014-08,FICFIDC-NP,26107107.16,7,3287000.0,0.0,3
2014-08,FIDC,313464723.6,4,5000.0,0.0,3
2014-08,FIDC-NP,97570082.78,4,0.0,0.0,4
2014-08,FII,226982411.61,6,1650000.0,0.0,2
2014-08,FIP,3240633779.69,72,50000.0,0.0,10
2014-08,FIP Multi,146954729.48,19,35600001.64,0.0,3
2014-08,FMP-FGTS,5444303725.62,247870,336931.83,48415441.63,68
2014-08,Multimercado,756485454435.09,399826,29767849473.22,29463676021.39,7088
2014-08,Renda Fixa,2472738704700.67,5397971,500827803093.99,480479923998.53,2645
2014-09,Ações,188885187700.46,4391141,4043965644.23,5117387888.78,1935
2014-09,Cambial,4564474319.9800005,17388,619193877.01,655264788.2,48
2014-09,FICFIDC-NP,28714997.71,7,1288000.0,0.0,3
2014-09,FIDC,313239116.83,4,0.0,0.0,3
2014-09,FIDC-NP,98244232.07,4,0.0,0.0,4
2014-09,FII,230437227.72,6,1650000.0,0.0,2
2014-09,FIP,2876823032.62,72,330000.0,1319.16,8
2014-09,FIP Multi,148024916.67000002,18,0.0,0.0,3
2014-09,FMP-FGTS,4550534204.91,246173,329281.77999999997,42415872.35,68
2014-09,Multimercado,760031920309.93,401042,29992733530.03,32439419025.03,7107
2014-09,Renda Fixa,2505454902909.98,5216277,510574949787.29,489401746711.43,2666
2014-10,Ações,186234624458.67,4387285,3342307275.57,4601881676.68,1941
2014-10,Cambial,4426242939.53,16488,767810097.73,944826681.24,48
2014-10,FICFIDC-NP,31780217.450000003,7,1956000.0,0.0,3
2014-10,FIDC,317422533.86,4,5000.0,0.0,3
2014-10,FIDC-NP,101536311.77,4,2350000.0,0.0,4
2014-10,FII,276945933.15999997,8,1200000.0,0.0,3
2014-10,FIP,2790400866.14,72,370000.0,0.0,8
2014-10,FIP Multi,149544799.4,18,0.0,0.0,3
2014-10,FMP-FGTS,4104257339.25,244977,965851.87,22768379.93,68
2014-10,Multimercado,756203509821.47,396141,26810594411.63,33965761771.73,7084
2014-10,Renda Fixa,2548641738226.21,5309116,541923625962.46,528186822222.54004,2674
2014-11,Ações,187715951794.77,4371397,2670524447.67,3887540541.88,1932
2014-11,Cambial,4720165477.070001,16325,591902625.45,491365783.86,48
2014-11,FICFIDC-NP,35079298.29,7,2102000.0,0.0,3
2014-11,FIDC,321312042.87,4,5000.0,0.0,3
2014-11,FIDC-NP,102298982.77,4,0.0,0.0,4
2014-11,FII,278493395.38,8,1266300.0,0.0,3
2014-11,FIP,2860413479.25,71,0.0,46932.15,8
2014-11,FIP Multi,141386451.01999998,18,0.0,0.0,3
2014-11,FMP-FGTS,3605083236.08,243841,229573.55,17836825.35,68
2014-11,Multimercado,759362243309.89,391155,23332513945.71,33000219205.55,7032
2014-11,Renda Fixa,2591029069091.24,5383204,490660196550.83,485932308852.42004,2683
2014-12,Ações,177074305297.81,4373996,3660019047.05,4934705666.08,1937
2014-12,Cambial,4681645891.099999,17374,558977452.25,726978759.35,48
2014-12,FICFIDC-NP,36670881.33,7,1257000.0,0.0,3
2014-12,FIDC,320631322.55999994,4,0.0,0.0,3
2014-12,FIDC-NP,103753103.84,4,1000000.0,0.0,4
2014-12,FII,331496906.53999996,8,26242999.76,0.0,3
2014-12,FIP,2623488280.21,70,13830601.84,161026393.41,8
2014-12,FIP Multi,142787194.32,18,0.0,0.0,3
2014-12,FMP-FGTS,3127004618.82,242711,325785.35000000003,16718621.21,68
2014-12,Multimercado,756104590494.61,393879,29963044227.41,34987163545.52,7066
2014-12,Renda Fixa,2595247151772.76,5521632,594731009717.04,609546940867.54,2700
2015-01,Ações,167414000886.91,4359613,4230671227.65,5350379582.18,1942
2015-01,Cambial,4950551440.13,17787,596282795.6,391108820.17,48
2015-01,FICFIDC-NP,36948094.92,7,5000.0,0.0,3
2015-01,FIDC,321691849.06,4,5000.0,0.0,3
2015-01,FIDC-NP,104693051.97999999,4,0.0,0.0,4
2015-01,FII,333355167.27,8,1200000.0,0.0,3
2015-01,FIP,2476295100.59,15,6618000.0,0.0,7
2015-01,FIP Multi,144159824.49,18,0.0,0.0,3
2015-01,FMP-FGTS,2629333381.2,241539,94377.87,14030121.33,68
2015-01,Multimercado,750239453872.94,387862,22975890759.24,35759288929.17,7079
2015-01,Renda Fixa,2653383273432.0103,5535494,526296796932.47003,495339270435.59,2710
2015-02,Ações,174236884097.7,4350725,1914565806.44,5352004384.42,1934
2015-02,Cambial,5384528158.26,18689,499257783.41,386683579.93,48
2015-02,FICFIDC-NP,38414527.56,7,2000.0,0.0,3
2015-02,FIDC,325587555.96,2,0.0,0.0,3
2015-02,FIDC-NP,105654191.57,4,0.0,0.0,4
2015-02,FII,323484546.28000003,8,1200000.0,0.0,3
2015-02,FIP,2519766210.81,16,10000000.0,0.0,7
2015-02,FIP Multi,157177231.95000002,19,750000.0,0.0,4
2015-02,FMP-FGTS,3032450204.23,241201,58364.49,13774727.98,68
2015-02,Multimercado,765028517909.03,382340,23643045969.55,27862995267.97,7031
2015-02,Renda Fixa,2691964100801.12,5585922,473812185611.74,456844343144.24,2721
2015-03,Ações,174272256331.67,4340581,3096775525.38,6243292427.1,1921
2015-03,Cambial,6783969400.23,22320,1531518796.3899999,797809365.03,48
2015-03,FICFIDC-NP,39696565.39,7,2000.0,0.0,3
2015-03,FIDC,328499098.2,4,5000.0,0.0,3
2015-03,FIDC-NP,106472584.35999998,4,0.0,0.0,4
2015-03,FII,347804846.04,8,23699999.78,0.0,3
2015-03,FIP,2666796937.42,17,6000000.0,0.0,7
2015-03,FIP Multi,169998112.24,18,0.0,0.0,4
2015-03,FMP-FGTS,2752271627.12,240732,99547.83,16654682.26,68
2015-03,Multimercado,778212490696.56,381790,28261059450.87,36944529094.55,7030
2015-03,Renda Fixa,2724876513041.7,5710417,532314353947.44,525918841983.14,2746
2015-04,Ações,178921727680.97,4332420,3398083596.87,5880863959.73,1920
2015-04,Cambial,6936876318.55,21413,1515721026.31,959212791.83,48
2015-04,FICFIDC-NP,41191760.79,7,5000.0,0.0,3
2015-04,FIDC,332028032.31,4,0.0,0.0,3
2015-04,FIDC-NP,107210315.11000001,4,0.0,0.0,4
2015-04,FII,349317604.67,8,1424999.98,0.0,3
2015-04,FIP,2659924224.83,18,3000000.0,10052663.43,7
2015-04,FIP Multi,180842858.51000002,18,0.0,0.0,4
2015-04,FMP-FGTS,3775440703.54,239577,187842.88,15642639.74,68
2015-04,Multimercado,770319934472.49,382815,28578718147.54,29419752121.87,7032
2015-04,Renda Fixa,2775998682667.4897,5844223,529856899945.69,509547609759.04,2761
2015-05,Ações,174228069401.45,4326584,3271509193.36,4254475864.85,1907
2015-05,Cambial,7535713169.56,21705,851119388.29,662210942.4399999,48
2015-05,FICFIDC-NP,42452818.79,7,2000.0,0.0,3
2015-05,FIDC,332240835.33,4,604627.95,604627.95,3
2015-05,FIDC-NP,95579677.03999999,4,0.0,13000000.0,4
2015-05,FII,336900100.62,8,1200000.0,0.0,3
2015-05,FIP,2636713362.7400002,28,65136320.23,0.0,8
2015-05,FIP Multi,249841575.58999997,20,48000000.0,0.0,6
2015-05,FMP-FGTS,3405322313.48,238451,238584.4,20106513.84,68
2015-05,Multimercado,790700912050.42,382551,31224368299.49,27266491549.06,7056
2015-05,Renda Fixa,2825383644645.63,5764669,539906782706.8,520364239201.71,2774
2015-06,Ações,172133376912.75,4318883,3037051066.29,4511906807.42,1887
2015-06,Cambial,7239700992.46,22088,504444126.92,605837544.47,49
2015-06,FICFIDC-NP,43595160.59,7,0.0,0.0,3
2015-06,FIDC,334451459.54,4,0.0,0.0,3
2015-06,FIDC-NP,96343936.13,4,0.0,0.0,4
2015-06,FII,337671795.5,8,3400000.0,0.0,3
2015-06,FIP,2617225428.11,27,30225260.46,0.0,8
2015-06,FIP Multi,229025137.16,20,0.0,0.0,6
2015-06,FMP-FGTS,3335635780.19,237216,125824.2,22852544.990000002,68
2015-06,Multimercado,796262314531.9,383039,52234536223.22,50451021857.23,7088
2015-06,Renda Fixa,2879499214160.03,5865043,535844954367.6,509052491049.53,2780
2015-07,Ações,170893533679.97,4308208,3784748147.44,4944677260.84,1873
2015-07,Cambial,7855128956.46,23248,792705860.83,912223894.79,49
2015-07,FICFIDC-NP,44725534.589999996,7,0.0,0.0,3
2015-07,FIDC,338103366.46,4,1100604.82,1105615.34,3
2015-07,FIDC-NP,97130474.87,4,0.0,0.0,4
2015-07,FII,336252961.65999997,8,690000.0,0.0,3
2015-07,FIP,2610438559.1,27,24000000.0,0.0,8
2015-07,FIP Multi,230226755.89,21,0.0,0.0,6
2015-07,FMP-FGTS,2960216032.79,235853,102437.25,17615823.91,68
2015-07,Multimercado,808102591962.41,380802,25703460736.79,36877461106.43,7082
2015-07,Renda Fixa,2919407145119.67,5838874,531526632884.75,522482929353.56,2795
2015-08,Ações,161409682958.73,4297887,3782161654.11,4591832265.97,1857
2015-08,Cambial,8544217705.78,25879,1183165021.12,982034076.1,49
2015-08,FICFIDC-NP,45799557.010000005,7,0.0,0.0,3
2015-08,FIDC,335435019.69,4,390055.49,380055.49,3
2015-08,FIDC-NP,98162364.84,4,0.0,0.0,4
2015-08,FII,333259866.45,8,630000.0,0.0,3
2015-08,FIP,2423753852.23,27,45000000.0,0.0,8
2015-08,FIP Multi,180533884.76999998,19,0.0,0.0,5
2015-08,FMP-FGTS,2817647940.82,234709,193484.76,13684608.92,68
2015-08,Multimercado,821640885685.18,383439,36149733174.07,25169249911.079998,7085
2015-08,Renda Fixa,2946062558036.88,5879098,469118240614.87,465364773178.87,2811
2015-09,Ações,158030214039.91,4286617,2706120629.14,4658588672.12,1850
2015-09,Cambial,10319781621.460001,30625,2529986255.97,1635841823.96,49
2015-09,FICFIDC-NP,46859717.32,7,0.0,0.0,3
2015-09,FIDC,336001835.8,4,414025.37,417907.61,3
2015-09,FIDC-NP,98898398.2,4,0.0,0.0,4
2015-09,FII,334201897.6,8,600000.0,0.0,3
2015-09,FIP,2418812645.84,28,46350000.0,0.0,8
2015-09,FIP Multi,183070592.57999998,19,1500000.0,0.0,5
2015-09,FMP-FGTS,2424466758.47,233633,117030.72,15004149.459999999,68
2015-09,Multimercado,827895089932.23,382118,31913671941.68,34379112734.23,7100
2015-09,Renda Fixa,2963389045781.14,5901395,476594494331.85,485940408193.98,2838
2015-10,Ações,157389994698.23,4280476,2592350922.86,3799336361.9,1835
2015-10,Cambial,9987891489.17,28292,1411938628.37,1420641520.6,49
2015-10,FICFIDC-NP,45960837.89,7,0.0,0.0,3
2015-10,FIDC,339648996.92,4,10000.0,0.0,3
2015-10,FIDC-NP,99890472.03,4,0.0,0.0,4
2015-10,FII,335230581.24,8,600000.0,0.0,3
2015-10,FIP,2830227509.33,32,271399999.98,0.0,10
2015-10,FIP Multi,188772380.48,20,0.0,0.0,6
2015-10,FMP-FGTS,2588411810.29,233050,66484.7,8987603.95,68
2015-10,Multimercado,832937379454.18,378436,27724295414.12,26367651182.35,7068
2015-10,Renda Fixa,3006969234886.1,5907003,484838452049.17,477553565934.83,2853
2015-11,Ações,155774370453.3,4250691,1833600462.51,2746856357.1,1829
2015-11,Cambial,10058173204.49,27347,1211999813.38,1235642160.97,49
2015-11,FICFIDC-NP,46045298.24,7,0.0,0.0,3
2015-11,FIDC,342679652.52,4,0.0,0.0,3
2015-11,FIDC-NP,61755707.44,3,0.0,39621704.63,4
2015-11,FII,320832293.01,8,600000.0,0.0,3
2015-11,FIP,2636916718.3,23,4000000.0,0.0,11
2015-11,FIP Multi,185279027.08,19,147000.0,0.0,6
2015-11,FMP-FGTS,2257965289.07,231504,198956.04,17672702.419999998,68
2015-11,Multimercado,832174276346.85,376687,20919582207.81,28578213910.39,7042
2015-11,Renda Fixa,3009485234328.71,5941000,483698665974.28,512896860702.89,2855
2015-12,Ações,148645665761.92,4263017,2530866381.93,5845845716.57,1835
2015-12,Cambial,10011653178.08,27067,1153683173.35,1396252770.31,49
2015-12,FICFIDC-NP,47738972.879999995,7,0.0,0.0,3
2015-12,FIDC,346547859.08,4,136669.44,136669.44,3
2015-12,FIDC-NP,62325716.43,3,0.0,0.0,4
2015-12,FII,343412394.18,8,14592683.620000001,0.0,3
2015-12,FIP,2584601089.56,22,0.0,0.0,11
2015-12,FIP Multi,187799040.32,19,0.0,0.0,6
2015-12,FMP-FGTS,2123132510.45,230115,94230.16,14450467.09,68
2015-12,Multimercado,846198007471.99,372130,43880811162.24,36402687517.37,7136
2015-12,Renda Fixa,3038517951249.2,6078502,614631253020.78,621194456122.33,2870
2016-01,Ações,141302283232.17,4255126,3352629655.42,5999734972.85,1825
2016-01,Cambial,9834497938.470001,27842,742078604.52,1031709096.55,49
2016-01,FICFIDC-NP,48170604.18,7,0.0,0.0,3
2016-01,FIDC,351195173.09,4,0.0,0.0,3
2016-01,FIDC-NP,62748112.41,3,0.0,0.0,3
2016-01,FII,344475169.38,8,672999.99,0.0,3
2016-01,FIP,2635669620.1400003,22,0.0,0.0,10
2016-01,FIP Multi,187812500.15,19,0.0,0.0,6
2016-01,FMP-FGTS,1641606142.94,228878,84052.98,10015998.63,68
2016-01,Multimercado,844383863908.09,364819,24286627326.09,33648790747.63,7125
2016-01,Renda Fixa,3117782562453.07,6094480,510864147354.67,467978847398.12,2869
2016-02,Ações,142707749829.44,4247287,1981989301.6100001,4039342591.98,1805
2016-02,Cambial,10456070164.63,29103,1236659698.05,588814077.96,50
2016-02,FICFIDC-NP,48022015.81999999,7,0.0,0.0,3
2016-02,FIDC,356771564.52,4,5000.0,0.0,3
2016-02,FIDC-NP,64730775.21,3,0.0,0.0,3
2016-02,FII,345771765.96,8,680000.0,0.0,3
2016-02,FIP,2691158233.86,22,0.0,0.0,10
2016-02,FIP Multi,188898094.75,19,0.0,0.0,6
2016-02,FMP-FGTS,1848994274.75,227983,16398.059999999998,7205388.04,68
2016-02,Multimercado,848065025338.96,362282,23377966095.38,29813110418.12,7115
2016-02,Renda Fixa,3157939163034.54,6108810,492609581411.46,485412468893.91,2874
2016-03,Ações,150075804989.81,4239187,2613959532.4,4468098141.26,1796
2016-03,Cambial,9359480297.94,28633,1493851942.73,1573019928.8899999,50
2016-03,FICFIDC-NP,42086543.15,7,0.0,0.0,3
2016-03,FIDC,366308244.14,9,5000500.0,0.0,4
2016-03,FIDC-NP,64676347.09,3,0.0,0.0,3
2016-03,FII,345140056.14,8,62000.0,0.0,3
2016-03,FIP,2920060131.9300003,18,0.0,0.0,10
2016-03,FIP Multi,201600619.99,19,11400000.0,0.0,6
2016-03,FMP-FGTS,2505643222.04,226976,124614.04000000001,11498858.63,68
2016-03,Multimercado,844651274829.98,361452,33068870987.079998,33549310782.31,7129
2016-03,Renda Fixa,3231361118235.14,6149840,533793216305.95,502382482374.11,2882
2016-04,Ações,155702748101.08,4241933,2387683415.91,3840008272.14,1783
2016-04,Cambial,8114035056.51,25923,501265135.18,1413585254.64,55
2016-04,FICFIDC-NP,41537894.37,7,0.0,0.0,3
2016-04,FIDC,378257165.81,9,4999650.0,0.0,4
2016-04,FIDC-NP,65325647.620000005,3,0.0,0.0,3
2016-04,FII,346423130.62,8,87000.0,0.0,3
2016-04,FIP,3462986492.12,22,0.0,0.0,9
2016-04,FIP Multi,199453989.01,19,0.0,0.0,6
2016-04,FMP-FGTS,3165834326.28,226063,215561.91,15463060.030000001,68
2016-04,Multimercado,852745016396.62,361195,25715511330.28,29137820753.7,7115
2016-04,Renda Fixa,3278379375680.62,6183554,492648401291.86,483065678462.77,2870
2016-05,Ações,150996515910.99,4236233,2976702815.32,2895594673.66,1773
2016-05,Cambial,7774396486.42,24066,286761537.29,1023098893.88,56
2016-05,FICFIDC-NP,42057360.69,7,0.0,0.0,3
2016-05,FIDC,380789437.49999994,9,0.0,0.0,4
2016-05,FIDC-NP,66096561.72,3,0.0,0.0,3
2016-05,FII,348302052.05,8,621432.13,0.0,3
2016-05,FIP,3328851957.03,22,0.0,0.0,9
2016-05,FIP Multi,200777338.05,19,0.0,0.0,6
2016-05,FMP-FGTS,2347714212.16,225215,158763.54,13887822.29,68
2016-05,Multimercado,862700815332.87,365907,30974120565.19,29825591394.33,7129
2016-05,Renda Fixa,3328884138046.23,6220181,523684339420.48,508221604997.97003,2868
2016-06,Ações,156371332883.7,4229513,3404784016.36,3359526153.35,1742
2016-06,Cambial,7061553673.99,23197,741033618.5,590306492.2,57
2016-06,FICFIDC-NP,42809659.59,7,0.0,0.0,3
2016-06,FIDC,420132114.08000004,11,8099850.0,0.0,6
2016-06,FIDC-NP,104130102.35999998,3,32014145.93,0.0,3
2016-06,FII,349559893.46,8,694000.0,0.0,3
2016-06,FIP,3626183957.06,22,0.0,0.0,9
2016-06,FIP Multi,202249660.41,19,0.0,0.0,5
2016-06,FMP-FGTS,2652882311.96,224187,81684.18,11418632.98,68
2016-06,Multimercado,862508000188.97,370411,33188570262.93,30791549300.71,7080
2016-06,Renda Fixa,3368509446939.93,6262371,524506152719.55,522871925785.43,2868
2016-07,Ações,169416158853.65,4334824,3235122845.86,3522529882.82,1735
2016-07,Cambial,6641935439.39,21871,463083442.8,981648707.07,57
2016-07,FICFIDC-NP,49175596.26,8,500000.0,0.0,4
2016-07,FIDC,428659280.71000004,11,20000.0,0.0,6
2016-07,FIDC-NP,104680474.49000001,3,0.0,0.0,3
2016-07,FII,350579514.1,8,170580.0,0.0,3
2016-07,FIP,3549258712.7799997,19,0.0,278370420.51,9
2016-07,FIP Multi,201115242.41,19,0.0,0.0,5
2016-07,FMP-FGTS,3108658422.6,223111,206598.31,15630670.540000001,68
2016-07,Multimercado,872800842375.59,378793,32365657560.17,35224715106.61,7054
2016-07,Renda Fixa,3431720978391.75,6287055,516201085454.69,491672101504.78,2870
2016-08,Ações,171519720100.24,4333349,4137210484.0099998,3597228347.2400002,1728
2016-08,Cambial,6205330180.33,19826,427270872.47,847675947.61,56
2016-08,FICFIDC-NP,53324788.18,8,0.0,0.0,4
2016-08,FIDC,435760412.76,11,10900.0,0.0,6
2016-08,FIDC-NP,106080620.60000001,3,0.0,0.0,3
2016-08,FII,350575382.0,8,0.0,0.0,3
2016-08,FIP,3561347214.15,19,0.0,0.0,9
2016-08,FIP Multi,202576832.28,19,0.0,0.0,5
2016-08,FMP-FGTS,3059810966.79,222031,68895.16,17194191.63,68
2016-08,Multimercado,893769422509.91,391200,41962236834.56,31131296818.03,7052
2016-08,Renda Fixa,3496637351653.42,6295698,562123423675.45,536742943710.01,2882
2016-09,Ações,172834967034.8,4325942,4065114583.67,2890911606.22,1729
2016-09,Cambial,5910734826.63,18957,181100233.24,513797537.04,56
2016-09,FICFIDC-NP,54544854.79,8,0.0,0.0,4
2016-09,FIDC,441229121.73,11,10000.0,299999.96,6
2016-09,FIDC-NP,123829875.75,3,0.0,0.0,3
2016-09,FII,350582428.43,8,0.0,0.0,3
2016-09,FIP,3509825866.64,19,0.0,158084900.41,9
2016-09,FIP Multi,222659405.48000002,21,0.0,0.0,5
2016-09,FMP-FGTS,3158563364.4100003,221520,63468.48,11047405.23,68
2016-09,Multimercado,911610667763.68,401307,41758844965.2,35017405403.659996,7106
2016-09,Renda Fixa,3523596925432.13,6302251,522850331950.97003,534384522702.32,2888
2016-10,Ações,184641225003.55,4394226,3146356390.95,3419324540.9,1715
2016-10,Cambial,5827505590.1,17925,425187889.51,372579214.21,55
2016-10,FICFIDC-NP,55873209.730000004,8,0.0,0.0,4
2016-10,FIDC,447283110.99,11,0.0,210000.02,6
2016-10,FIDC-NP,125346255.41999999,3,0.0,0.0,3
2016-10,FII,350642848.96000004,8,37000.0,0.0,3
2016-10,FIP,3532057959.32,19,0.0,0.0,8
2016-10,FIP Multi,223997474.85,21,0.0,0.0,5
2016-10,FMP-FGTS,3866126088.9300003,221347,92386.2,26322691.82,68
2016-10,Multimercado,918244604492.17,409819,34027437760.41,38911826181.15,7154
2016-10,Renda Fixa,3572847450910.97,6316969,531218266733.76,515853997769.63,2890
2016-11,Ações,176429258382.36,4390833,3754836355.12,3530689177.52,1721
2016-11,Cambial,6144640893.86,17806,346880240.53999996,405700508.38,53
2016-11,FICFIDC-NP,56517244.55,8,0.0,0.0,4
2016-11,FIDC,447981619.28000003,11,10000.0,0.0,6
2016-11,FIDC-NP,127001947.28999999,3,0.0,0.0,3
2016-11,FII,351252599.40999997,8,128855.89,0.0,3
2016-11,FIP,2357654245.7799997,21,10058572.66,1206797225.28,10
2016-11,FIP Multi,225407496.96,22,2000000.0,0.0,6
2016-11,FMP-FGTS,4243444777.48,219859,202456.03000000003,36217661.43,68
2016-11,Multimercado,926400083910.13,420353,50240093567.98,46967352268.46,7184
2016-11,Renda Fixa,3618457336415.92,6347961,547669573438.35,538216918430.76,2891
2016-12,Ações,179011562162.72,4378911,6134209409.25,3022132633.24,1723
2016-12,Cambial,5850736088.06,17688,299018207.34,355716630.87,53
2016-12,FICFIDC-NP,57854948.43,8,0.0,0.0,4
2016-12,FIDC,451398557.92,11,10000.0,1121607.48,6
2016-12,FIDC-NP,128054196.63,3,0.0,0.0,3
2016-12,FII,344316764.83,8,1225000.0,0.0,3
2016-12,FIP,2365407740.9,22,300000.0,7843862.92,11
2016-12,FIP Multi,276401025.52,23,42300000.0,0.0,7
2016-12,FMP-FGTS,3858217912.89,218374,40824.520000000004,40237056.06,68
2016-12,Multimercado,947127774339.38,432195,50999244311.68,39513576539.659996,7242
2016-12,Renda Fixa,3696851806941.0103,6421274,723506678644.75,679541043849.73,2909
2017-01,Ações,184557087252.97,4386996,3938363047.5,7270316948.55,1715
2017-01,Cambial,5798091815.87,17638,379852148.59,269179608.96999997,52
2017-01,FICFIDC-NP,58808409.16,8,0.0,0.0,4
2017-01,FIDC,459242502.01,11,0.0,0.0,6
2017-01,FIDC-NP,128820741.43,3,0.0,0.0,3
2017-01,FII,412690580.26,8,100000.0,0.0,3
2017-01,FIP,2614984466.72,22,0.0,365931.92,11
2017-01,FIP Multi,295400833.68,23,16500000.0,0.0,7
2017-01,FMP-FGTS,4190450780.15,216379,358327.32,43173362.01,68
2017-01,Multimercado,978857838277.43,458710,52807767288.590004,33662626148.61,7239
2017-01,Renda Fixa,3800947313799.15,6420711,629089926419.08,566855169466.29,2904
2017-02,Ações,192414710563.39,4387346,5148007759.86,2783116991.42,1712
2017-02,Cambial,5645042647.31,17408,192359814.33,273622535.52,52
2017-02,FICFIDC-NP,61028975.7,9,1500000.0,0.0,5
2017-02,FIDC,466805682.03000003,11,20000.0,149999.48,6
2017-02,FIDC-NP,132605406.21000001,3,0.0,0.0,3
2017-02,FII,403251342.03999996,8,700.0,0.0,3
2017-02,FIP,2580021567.8,22,0.0,0.0,11
2017-02,FIP Multi,298227557.79,23,0.0,0.0,7
2017-02,FMP-FGTS,4141454281.97,213415,289895.86,58184863.93,68
2017-02,Multimercado,1005080742657.28,489572,35210884565.46,25079409079.15,7263
2017-02,Renda Fixa,3871436459092.67,6480829,534133226908.11,503519636603.61,2912
2017-03,Ações,193394771130.94,4399754,6127796267.06,2825892854.55,1713
2017-03,Cambial,4799545390.82,17476,398003013.28,1293955782.1000001,52
2017-03,FICFIDC-NP,59687282.43,9,0.0,0.0,5
2017-03,FIDC,471660070.83,11,5000.0,320074.08999999997,6
2017-03,FIDC-NP,290569810.93,4,0.0,0.0,4
2017-03,FII,395587235.78999996,8,29900.0,0.0,3
2017-03,FIP,2435059184.4300003,18,0.0,84693400.13,11
2017-03,FIP Multi,277390306.09,23,0.0,0.0,7
2017-03,FMP-FGTS,3774486074.84,208906,234314.89,64640801.32,68
2017-03,Multimercado,1038372288157.02,536835,52614873194.66,30217765863.64,7341
2017-03,Renda Fixa,3961244148051.74,6563710,653129357856.36,604845329635.5701,2923
2017-04,Ações,196995810550.24,4397633,3574002647.26,2193944474.84,1715
2017-04,Cambial,4878097683.0,17154,218678585.68,219642102.9,52
2017-04,FICFIDC-NP,79921923.4,9,17500000.0,0.0,5
2017-04,FIDC,498325328.8,12,0.0,0.0,7
2017-04,FIDC-NP,289870351.11,4,0.0,0.0,4
2017-04,FII,393806229.32,8,42000.0,0.0,3
2017-04,FIP,2494520301.8599997,17,0.0,0.0,10
2017-04,FIP Multi,279091832.79,23,0.0,0.0,7
2017-04,FMP-FGTS,3541533119.21,205641,148466.83000000002,43619416.67,68
2017-04,Multimercado,1058144771808.0,575648,38547157681.25,24247202528.22,7377
2017-04,Renda Fixa,3967159898466.34,6651982,521447035080.22,542113604062.86,2925
2017-05,Ações,193365831825.19,4395400,5053971390.53,3495541458.4700003,1722
2017-05,Cambial,5518161620.7300005,17634,835323739.13,292656730.98,52
2017-05,FICFIDC-NP,86210489.00999999,9,4500000.0,0.0,5
2017-05,FIDC,499573909.39,12,10000.0,0.0,7
2017-05,FIDC-NP,291150260.84999996,4,300000.0,0.0,4
2017-05,FII,395764635.6,8,0.0,0.0,3
2017-05,FIP,2504403488.7,16,0.0,1759164.56,9
2017-05,FIP Multi,282090732.37,23,0.0,0.0,7
2017-05,FMP-FGTS,3385098422.22,201875,711778.0700000001,50248737.89,68
2017-05,Multimercado,1072722155957.67,606911,48570530688.0,31804675100.55,7453
2017-05,Renda Fixa,4015163778523.08,6765367,671929237610.34,652490312509.4199,2944
2017-06,Ações,194684992110.42,4383340,3428287595.89,3313248047.12,1721
2017-06,Cambial,5575114654.04,17456,354649188.01,421586418.64,51
2017-06,FICFIDC-NP,88849821.75999999,9,0.0,0.0,5
2017-06,FIDC,504654132.12,12,200000.0,425703.5,7
2017-06,FIDC-NP,271091889.94,4,0.0,0.0,4
2017-06,FII,403457903.78,8,0.0,0.0,3
2017-06,FIP,1991327829.95,19,15414.0,70346628.88000001,10
2017-06,FIP Multi,282981507.54,23,0.0,0.0,7
2017-06,FMP-FGTS,3417395210.93,198655,351744.53,40541311.82,68
2017-06,Multimercado,1085337888436.94,618387,39483133468.26,36105173982.11,7519
2017-06,Renda Fixa,4067990686266.82,6891987,602719538802.27,581047034325.01,2957
2017-07,Ações,203247518505.25,4381876,3750153492.5,2706280009.1,1710
2017-07,Cambial,5115673595.45,17295,237248695.69,396378637.08,51
2017-07,FICFIDC-NP,91073202.19,8,0.0,0.0,5
2017-07,FIDC,517423363.51,13,985000.0,102147.0,8
2017-07,FIDC-NP,271325505.4,4,0.0,0.0,4
2017-07,FII,437258098.99,8,0.0,0.0,4
2017-07,FIP,1997185738.0800002,19,0.0,165893.82,10
2017-07,FIP Multi,284811649.81,21,0.0,0.0,7
2017-07,FMP-FGTS,3583559806.58,195455,488163.91000000003,48486066.42,68
2017-07,Multimercado,1121276540434.55,635252,44561877174.74,41066877916.82,7585
2017-07,Renda Fixa,4146659000041.07,6986647,661781614063.56,624062683747.66,2972
2017-08,Ações,217190738533.73,4385525,5744653163.6,3413754276.31,1725
2017-08,Cambial,5159430393.86,17160,366600794.77,379678819.04,52
2017-08,FICFIDC-NP,94053395.33,9,0.0,0.0,5
2017-08,FIDC,525875550.9,13,340000.0,0.0,8
2017-08,FIDC-NP,273197521.62,4,150000.0,0.0,4
2017-08,FII,437524710.81,9,0.0,0.0,4
2017-08,FIP,2535341575.61,32,0.0,0.0,10
2017-08,FIP Multi,337950424.39,23,0.0,0.0,7
2017-08,FMP-FGTS,3792909678.48,193270,739754.83,51621505.9,68
2017-08,Multimercado,1155536956490.49,675203,44938901596.88,30788555926.68,7638
2017-08,Renda Fixa,4238774591155.66,7101434,716663594993.63,660088066685.77,2983
2017-09,Ações,231445839654.62,4403674,9196829994.21,3914295931.25,1724
2017-09,Cambial,4857124583.43,16873,203972715.31,544478540.79,52
2017-09,FICFIDC-NP,101247952.8,8,4000000.0,0.0,5
2017-09,FIDC,533381945.75,13,0.0,510487.94,8
2017-09,FIDC-NP,274002342.16,4,0.0,0.0,4
2017-09,FII,496864425.36,8,54091057.11,37340770.1,5
2017-09,FIP,2651303120.42,32,0.0,0.0,10
2017-09,FIP Multi,334667210.54,21,0.0,0.0,7
2017-09,FMP-FGTS,3734466129.25,191473,31616.770000000004,46248670.46,68
2017-09,Multimercado,1201903528187.38,729753,59993126440.68,32402518788.51,7695
2017-09,Renda Fixa,4261728671074.89,7207442,629922175230.08,637677854480.55,3010
2017-10,Ações,236651823163.96,4427418,9310355887.09,3702711109.21,1741
2017-10,Cambial,4955044492.44,16356,188716219.47,275395006.16,52
2017-10,FICFIDC-NP,104983543.66,9,0.0,0.0,5
2017-10,FIDC,530978133.09000003,14,375470.11,424652.14,8
2017-10,FIDC-NP,279670840.37,4,0.0,0.0,4
2017-10,FII,498362428.62,10,2000000.0,0.0,5
2017-10,FIP,2609910056.78,31,0.0,0.0,10
2017-10,FIP Multi,318832177.24,24,230000.0,0.0,7
2017-10,FMP-FGTS,3879174600.13,189933,130212.84,37315609.72,68
2017-10,Multimercado,1240857734191.76,790913,58263905113.3,31038012944.56,7717
2017-10,Renda Fixa,4295460216942.66,7251951,646576751320.9,638937362067.54,2988
2017-11,Ações,239326245285.8,4429050,13400953166.470001,5346982128.36,1747
2017-11,Cambial,4974003144.78,16303,238566944.5,221305318.58,51
2017-11,FICFIDC-NP,105921558.17,9,0.0,0.0,5
2017-11,FIDC,533733645.96999997,14,280000.0,0.0,8
2017-11,FIDC-NP,282862127.17,4,0.0,0.0,4
2017-11,FII,499232093.5,11,880000.0,0.0,5
2017-11,FIP,2584441964.2999997,31,0.0,0.0,10
2017-11,FIP Multi,320332159.88,25,0.0,0.0,7
2017-11,FMP-FGTS,3874958078.6800003,188631,168060.94,36093654.19,68
2017-11,Multimercado,1247970832504.2,832013,47182937736.51,37213170167.75,7743
2017-11,Renda Fixa,4280645328359.68,7275272,610135691627.63,643893031746.58,2992
2017-12,Ações,261979065456.67,4433130,12512942893.09,7243883474.5,1794
2017-12,Cambial,4974196627.68,16532,527639327.08,580721931.52,51
2017-12,FICFIDC-NP,1816769779.7599998,14,0.0,0.0,8
2017-12,FIDC,187668118.85,12,0.02,155749012.16,9
2017-12,FIDC-NP,96912726.33,5,66853991.6,110057249.91000001,5
2017-12,FII,532190830.72,12,57968913.69,0.0,5
2017-12,FIP,2810510022.6299996,53,0.0,434610588.7,13
2017-12,FIP Multi,333268694.89,12,26200.0,47720161.839999996,8
2017-12,FMP-FGTS,4270239586.99,187373,517248.58,43703179.71,68
2017-12,Multimercado,1313648778110.13,864862,60581444202.66,62913847989.159996,7848
2017-12,Renda Fixa,4299932784376.15,7351149,784365730345.41,789740213285.98,2997
2018-01,Ações,285177426252.5,4459331,9802782477.7,6225310426.19,1797
2018-01,Cambial,5064812468.91,17415,488023227.32,229259997.97,51
2018-01,FICFIDC-NP,1762804362.66,10,0.0,0.0,7
2018-01,FIDC,190817174.14,12,0.0,0.0,9
2018-01,FIDC-NP,0.0,0,0.0,0.0,4
2018-01,FII,540218317.9,14,100000.0,0.0,5
2018-01,FIP,2728118985.82,47,0.0,0.0,11
2018-01,FIP Multi,222278964.14000002,8,90000.01,0.0,6
2018-01,FMP-FGTS,4717599761.92,185456,5459.62,75440509.05,68
2018-01,Multimercado,1309497611832.22,957995,57785123194.16,38718562223.81,7831
2018-01,Renda Fixa,4359332656296.12,7396554,728661197798.23,701671616608.67,2998
2018-02,Ações,291405341472.62,4484583,8642511475.93,4224442277.78,1790
2018-02,Cambial,5260471505.91,17581,340791963.69,240597047.45000002,51
2018-02,FICFIDC-NP,83746316.85,8,0.0,0.0,7
2018-02,FIDC,197956696.87,11,10000000.0,0.0,6
2018-02,FIDC-NP,0.0,0,0.0,0.0,4
2018-02,FII,502759591.71,14,0.0,0.0,4
2018-02,FIP,2707729317.12,51,0.0,0.01,12
2018-02,FIP Multi,223768317.41,7,30000.0,0.0,6
2018-02,FMP-FGTS,5058596357.98,184025,521819.76999999996,59057011.65,68
2018-02,Multimercado,1343692389953.18,1028832,56648349085.93,30013947967.36,7845
2018-02,Renda Fixa,4379148201483.05,7412343,607697563749.69,609471224540.6901,2983
2018-03,Ações,300423259666.25,4513339,14894720988.84,6448205066.23,1820
2018-03,Cambial,5462033996.88,18077,402449112.28999996,301354944.52,52
2018-03,FICFIDC-NP,82992310.0,8,0.0,0.0,7
2018-03,FIDC,196241457.17000002,11,100000.0,101250.56,6
2018-03,FIDC-NP,0.0,0,0.0,0.0,4
2018-03,FII,359388443.31,14,0.0,0.0,3
2018-03,FIP,2526879303.98,47,285155.52,43044054.5,11
2018-03,FIP Multi,200991671.04,6,27100.0,0.0,5
2018-03,FMP-FGTS,4869608275.900001,182427,241426.47,66128913.6,68
2018-03,Multimercado,1382229583566.51,1108198,67735135592.98,36955416348.2,7914
2018-03,Renda Fixa,4416257737368.79,7487498,694161000493.05,684497516004.9,2986
2018-04,Ações,314520289947.96,4527605,8531984267.57,6343797128.04,1833
2018-04,Cambial,5752333795.92,19020,438721530.39,490895538.51,51
2018-04,FICFIDC-NP,7953848.66,1,0.0,0.0,2
2018-04,FIDC,152693846.87,8,0.0,0.0,4
2018-04,FIDC-NP,0.0,0,0.0,0.0,4
2018-04,FII,359255480.11,14,15000.0,0.0,3
2018-04,FIP,2484423452.08,46,0.0,0.0,9
2018-04,FIP Multi,225710443.63,5,30000.0,0.0,5
2018-04,FMP-FGTS,5309215965.84,180928,23703.06,63646635.37,68
2018-04,Multimercado,1423080577624.91,1177205,67769428385.98,41973406836.95,7959
2018-04,Renda Fixa,4431111444634.46,7529491,698851589267.16,705149415155.84,2978
2018-05,Ações,293455413179.73,4529595,9466569238.07,6665669997.93,1838
2018-05,Cambial,6623022697.95,23035,1076751143.88,610183690.28,50
2018-05,FICFIDC-NP,7794181.57,0,0.0,0.0,2
2018-05,FIDC,153010586.41,8,0.0,0.0,3
2018-05,FIDC-NP,0.0,0,0.0,0.0,3
2018-05,FII,359513070.5,6,35000.0,0.0,3
2018-05,FIP,2244326979.78,46,0.0,0.0,9
2018-05,FIP Multi,158674169.85,4,0.0,0.0,4
2018-05,FMP-FGTS,5087637413.62,179084,100852.61,106120098.13,68
2018-05,Multimercado,1426671011862.34,1212139,65227240742.49,51142446277.78,8010
2018-05,Renda Fixa,4444719973439.85,7593515,743081528573.65,734269632883.36,2999
2018-06,Ações,280920854103.88,4502496,5888771933.3,7339032078.45,1843
2018-06,Cambial,8712178521.27,27598,2538877914.9500003,723671775.82,50
2018-06,FICFIDC-NP,7761256.27,0,0.0,0.0,1
2018-06,FIDC-NP,0.0,0,0.0,0.0,3
2018-06,FII,122620527.18,3,37000.0,0.0,2
2018-06,FIP,2030582526.74,45,0.0,0.0,9
2018-06,FIP Multi,158711388.27,5,0.0,0.0,4
2018-06,FMP-FGTS,4715638747.76,178000,24031.66,38376626.2,68
2018-06,Multimercado,1425542695932.6,1206764,44108944259.83,53754311274.95,8051
2018-06,Renda Fixa,4453767820882.02,7638059,752416188249.91,762830573246.54,2985
2018-07,Ações,296793085067.37,4502300,3843682760.69,5943877521.86,1844
2018-07,Cambial,8701802458.65,29902,1036833912.89,799254202.91,50
2018-07,FIDC-NP,0.0,0,0.0,0.0,3
2018-07,FII,56042571.22,0,37000.0,0.0,1
2018-07,FIP,2195698777.2400002,46,14227000.0,0.0,9
2018-07,FIP Multi,158423901.72,4,0.0,0.0,4
2018-07,FMP-FGTS,5207772257.74,176737,218468.68,41184692.230000004,68
2018-07,Multimercado,1436615370757.92,1225877,44626897221.99,45475604449.74,8097
2018-07,Renda Fixa,4487204599237.51,7687831,752829271563.65,749530857483.36,2989
2018-08,Ações,292759103124.41,4510053,8643521796.8,7300715266.360001,1859
2018-08,Cambial,9002853072.35,31014,834678209.03,1255049068.41,50
2018-08,FIDC,29835754.04,4,0.0,0.0,2
2018-08,FIDC-NP,0.0,0,0.0,0.0,2
2018-08,FIP,2136358615.81,47,0.0,0.0,9
2018-08,FIP Multi,161734465.79,5,0.0,0.0,3
2018-08,FMP-FGTS,5171259479.25,175189,40875.74,62558740.37,68
2018-08,Multimercado,1459658618467.45,1255013,50216290022.56,43111727490.81,8156
2018-08,Renda Fixa,4527133976937.2,7769193,787415265101.52,767238691794.76,2988
2018-09,Ações,298407100729.09,4488817,5005126179.39,5351456698.08,1863
2018-09,Cambial,9191164242.949999,34062,1102588301.86,853815591.93,51
2018-09,FICFIDC-NP,1740796.79,1,315000.0,0.0,1
2018-09,FIDC,29796458.759999998,4,0.0,0.0,2
2018-09,FIDC-NP,0.0,0,0.0,0.0,2
2018-09,FIP,2165646153.36,45,5700000.0,0.0,9
2018-09,FIP Multi,164328357.51,4,60000.0,0.0,3
2018-09,FMP-FGTS,5650944010.85,173968,57389.420000000006,60137710.559999995,68
2018-09,Multimercado,1472389049117.6199,1263117,40917068777.76,36582091517.12,8205
2018-09,Renda Fixa,4553600124050.15,7869150,679615452714.26,675538594441.3,2967
2018-10,Ações,329636306848.23,4523928,9682568858.53,7059761924.76,1865
2018-10,Cambial,7654127374.67,27464,1167168661.22,2005168337.23,51
2018-10,FICFIDC-NP,1629676.27,1,0.0,0.0,1
2018-10,FIDC,28973083.689999998,4,0.0,0.0,2
2018-10,FIDC-NP,0.0,0,0.0,0.0,2
2018-10,FIP,2477402757.17,45,100000.0,0.0,9
2018-10,FIP Multi,164453612.04,4,0.0,0.0,3
2018-10,FMP-FGTS,5962789065.22,172514,164705.36000000002,83863696.25,68
2018-10,Multimercado,1499050986629.96,1283534,51345786565.64,41063568082.18,8255
2018-10,Renda Fixa,4600899793705.7,7983752,787522494210.52,782427032352.3,2983
2018-11,Ações,344196829422.4,4591262,10994745911.99,6644983132.8,1877
2018-11,Cambial,7513491532.01,26853,322927047.98,786598680.82,51
2018-11,FICFIDC-NP,1564846.21,1,0.0,0.0,1
2018-11,FIDC,29133541.85,4,0.0,0.0,2
2018-11,FIDC-NP,0.0,0,0.0,0.0,3
2018-11,FIP,2583100695.1499996,42,0.0,156120.9,9
2018-11,FIP Multi,165376762.58,4,0.0,0.0,3
2018-11,FMP-FGTS,5507747077.65,171591,480737.41,41146001.49,68
2018-11,Multimercado,1508530454337.27,1313840,46635357565.63,49962208727.81,8313
2018-11,Renda Fixa,4605233918135.55,8109603,741380893950.14,759418287795.77,2965
2018-12,Ações,355876379446.22003,4619784,12887967354.26,6456813685.58,1935
2018-12,Cambial,7202588991.96,26873,339050569.66,688365997.34,52
2018-12,FICFIDC-NP,1629222.49,1,0.0,0.0,1
2018-12,FIDC,28383534.45,4,0.0,0.0,2
2018-12,FIDC-NP,15716877.74,3,15731004.98,0.0,4
2018-12,FIP,2771087521.97,45,10398200.0,0.0,9
2018-12,FIP Multi,166317033.88,4,0.0,0.0,3
2018-12,FMP-FGTS,5127693763.02,170791,45403.2,28807637.75,68
2018-12,Multimercado,1543454006247.33,1349502,75256595961.7,44290973924.36,8428
2018-12,Renda Fixa,4642512268545.25,8271154,883031416538.0599,872165016211.37,2985
2019-01,Ações,396058654866.22,4690583,14517403190.41,7453961699.36,1949
2019-01,Cambial,6611030595.19,25854,374189886.08,577288777.6,52
2019-01,FICFIDC-NP,1626761.0,1,100000.0,0.0,1
2019-01,FIDC,28558218.68,4,0.0,0.0,2
2019-01,FIDC-NP,15559582.5,3,0.0,0.0,4
2019-01,FIP,3190811840.02,45,0.0,0.0,9
2019-01,FIP Multi,197275652.25,6,0.0,0.0,4
2019-01,FMP-FGTS,5144685277.8,169192,232703.69,62125570.37,68
2019-01,Multimercado,1593709933782.25,1414642,62701837271.64,42703615311.78,8443
2019-01,Renda Fixa,4680472146115.9,8302264,799421155907.22,797397312915.08,2975
2019-02,Ações,400305253184.86,4763015,15601424797.6,7978361114.11,1959
2019-02,Cambial,6558358418.73,26018,227494956.45,465904245.10999995,52
2019-02,FICFIDC-NP,1744343.36,1,200000.0,0.0,1
2019-02,FIDC,30745301.02,5,550000.0,0.0,3
2019-02,FIDC-NP,20520108.47,4,5000000.0,0.0,3
2019-02,FIP,4212695668.18,46,293048.32,0.0,10
2019-02,FIP Multi,197619081.2,6,0.0,0.0,4
2019-02,FMP-FGTS,5212509946.76,168284,157751.65,40092616.43,68
2019-02,Multimercado,1624633260452.84,1476958,63699039690.55,39789926000.86,8489
2019-02,Renda Fixa,4704900426378.57,8338253,738695030637.18,739637725210.39,2975
2019-03,Ações,403450654521.48,4819192,11528515239.91,7012995379.8,1973
2019-03,Cambial,6797819319.99,27162,584792938.96,645097510.24,53
2019-03,FICFIDC-NP,26712595.07,3,350000.0,0.0,3
2019-03,FIDC,31376464.25,5,450000.0,0.0,3
2019-03,FIDC-NP,20490048.75,4,0.0,0.0,3
2019-03,FIP,4155767842.38,45,0.0,47525.85,10
2019-03,FIP Multi,197773057.34,6,80000.0,0.0,4
2019-03,FMP-FGTS,5484089816.92,167435,277432.14,42068422.69,68
2019-03,Multimercado,1650912246531.7,1521258,63688670665.68,50020243437.1,8533
2019-03,Renda Fixa,4735524335668.75,8397271,726865518230.45,719926797273.83,3001
2019-04,Ações,411955023045.81,4842980,10969414781.78,7872791518.0,2010
2019-04,Cambial,6728569194.5199995,28328,403026929.2,513550318.24,54
2019-04,FICFIDC-NP,30690897.52,3,5100000.0,0.0,3
2019-04,FIDC,31813849.48,5,200000.0,0.0,3
2019-04,FIDC-NP,30012493.869999997,7,9559196.18,0.0,4
2019-04,FIP,4443001033.4,46,0.0,45757.03,11
2019-04,FIP Multi,198606590.0,7,84740.0,0.0,4
2019-04,FMP-FGTS,5280526670.79,166242,395678.81999999995,49925182.28,68
2019-04,Multimercado,1665090878859.1,1545240,51962928994.56,49678145228.28,8610
2019-04,Renda Fixa,4749144222596.88,8464191,775555759261.33,790606044302.14,3026
2019-05,Ações,423412741817.8,4853238,12063203114.3,7096842518.09,2037
2019-05,Cambial,6832505461.29,30595,784582678.8100001,692910682.84,55
2019-05,FICFIDC-NP,35903712.45,3,4116000.0,0.0,3
2019-05,FIDC,182564020.09,6,0.0,0.0,4
2019-05,FIDC-NP,41112091.89,7,11361058.29,0.0,4
2019-05,FIP,4833773610.25,47,100.0,40.0,11
2019-05,FIP Multi,306395936.97,9,61260.0,0.0,5
2019-05,FMP-FGTS,5037634314.88,165150,418761.23,36799980.39,68
2019-05,Multimercado,1687166456578.63,1567628,60461431604.1,56029987748.99,8671
2019-05,Renda Fixa,4811952108267.49,8640828,869397770916.72,847284673068.03,3072
2019-06,Ações,451397035070.44,4894021,14245541474.7,7798608740.93,2045
2019-06,Cambial,6435073805.56,30859,778150244.33,1044037063.8299999,55
2019-06,FICFIDC-NP,44230789.68,3,8108500.0,0.0,3
2019-06,FIDC,182434758.75,6,20000.0,0.0,4
2019-06,FIDC-NP,88476067.16,8,49750376.33,0.0,5
2019-06,FII,64757055.8,7,0.0,0.0,1
2019-06,FIP,5113699336.59,37,7334373.53,14665339.39,11
2019-06,FIP Multi,306896659.35,9,15000.0,0.0,5
2019-06,FMP-FGTS,5295092125.25,164181,51366.520000000004,39547428.15,68
2019-06,Multimercado,1715224564047.05,1595707,56332288182.39,49612193560.69,8750
2019-06,Renda Fixa,4875549675490.17,8815185,818278453041.5,821320331720.91,3071
2019-07,Ações,479782436614.55,5014447,21934109054.46,8808695769.07,2064
2019-07,Cambial,6184524798.59,30656,751917639.0,961941161.35,55
2019-07,FICFIDC-NP,50473842.54,4,6315605.6,0.0,3
2019-07,FIDC,186893626.17000002,6,0.0,0.0,4
2019-07,FIDC-NP,85618589.75,8,210000.0,0.0,4
2019-07,FII,64719070.5,7,0.0,0.0,1
2019-07,FIP,5447684624.63,35,104535.99,74481.72,10
2019-07,FIP Multi,307580724.68,9,0.0,0.0,5
2019-07,FMP-FGTS,5022339861.21,162684,336301.69999999995,58371718.24,68
2019-07,Multimercado,1763803387897.2,1683940,89277233574.35,56462058821.59,8838
2019-07,Renda Fixa,4927001313359.25,9034496,944269771459.9,923225878863.68,3085
2019-08,Ações,500827850939.73,5108405,27306461419.68,8990483502.94,2095
2019-08,Cambial,6227092984.64,45845,533116468.62,1008752696.23,55
2019-08,FICFIDC-NP,57446695.78,4,6346175.0,0.0,3
2019-08,FIDC,213206567.66,7,0.0,0.0,5
2019-08,FIDC-NP,102890401.35,8,17605140.02,0.0,4
2019-08,FII,63389731.67,7,0.0,0.0,1
2019-08,FIP,5355314711.400001,31,0.0,471093522.67,10
2019-08,FIP Multi,375150084.49,10,0.0,0.0,6
2019-08,FMP-FGTS,4737797818.2,161457,558035.52,37315110.07,68
2019-08,Multimercado,1813435130648.89,1770195,87751374390.37,60732579875.77,8918
2019-08,Renda Fixa,4938307709863.49,9294409,878507817957.69,882534211933.81,3109
2019-09,Ações,527184723922.16,5190341,25118847448.96,9400605553.62,2129
2019-09,Cambial,6005795504.34,46605,660801995.66,928304254.72,55
2019-09,FICFIDC-NP,62362419.81999999,4,5000000.0,0.0,3
2019-09,FIDC,58042789.72,5,0.0,0.0,4
2019-09,FIDC-NP,144306500.81,7,40612206.65,0.0,3
2019-09,FII,50269261.52,0,0.0,0.0,1
2019-09,FIP,5363070717.900001,30,0.0,256335069.25,9
2019-09,FIP Multi,374937833.35,9,0.0,0.0,6
2019-09,FMP-FGTS,4962256615.75,160373,747631.41,40985642.39,68
2019-09,Multimercado,1854983018795.36,1856284,94762965144.31,69465516871.65,9014
2019-09,Renda Fixa,5003144152153.56,9520471,874474490583.78,844633972568.16,3138
2019-10,Ações,556216814595.17,5286066,26680834042.31,10278711413.22,2156
2019-10,Cambial,6073911232.48,48176,634427279.24,400010360.18,55
2019-10,FICFIDC-NP,62639382.06,4,250000.0,0.0,3
2019-10,FIDC,57945471.24,6,0.0,0.0,4
2019-10,FIDC-NP,195226017.54999998,7,48874126.56,0.0,3
2019-10,FII,50192123.38,7,0.0,0.0,1
2019-10,FIP,5619641181.0,30,1800000.0,0.0,9
2019-10,FIP Multi,365919670.47,10,0.0,0.0,6
2019-10,FMP-FGTS,5093901518.9800005,159107,260966.18,52167179.0,68
2019-10,Multimercado,1897441003682.37,1953445,89996093288.58,65542208378.46,9138
2019-10,Renda Fixa,5092708734037.42,10112997,1073279821399.52,1068616141302.47,3166
2019-11,Ações,587402168841.63,5415128,33440330902.78,10204683628.13,2208
2019-11,Cambial,6223168552.39,51734,660721411.04,853365192.23,54
2019-11,FICFIDC-NP,61195034.0,4,193597.1,0.0,3
2019-11,FIDC,55369366.58,6,0.0,0.0,4
2019-11,FIDC-NP,196824056.73000002,7,1108943.3900000001,0.0,3
2019-11,FII,50152120.13,7,0.0,0.0,1
2019-11,FIP,6080549135.28,30,0.0,16801.28,9
2019-11,FIP Multi,397322492.38,10,0.0,0.0,6
2019-11,FMP-FGTS,5057995574.13,157918,1418982.5,59549137.41,68
2019-11,Multimercado,1932203688493.41,2059455,90969938649.16,66865309926.13,9268
2019-11,Renda Fixa,5017347517956.47,9828854,927040218268.17,964221941040.45,3178
2019-12,Ações,672629210795.28,5662723,47115862609.94,12589419599.42,2301
2019-12,Cambial,6006545706.3,52148,679859922.53,583390112.03,53
2019-12,FICFIDC-NP,121865969.87,8,300000.0,0.0,5
2019-12,FIDC,57387072.86,6,0.0,0.0,4
2019-12,FIDC-NP,381456491.59000003,10,136227403.63,8825289.48,5
2019-12,FII,50078414.12,0,0.0,0.0,1
2019-12,FIP,6723075310.889999,28,0.0,0.0,8
2019-12,FIP Multi,481264474.04,11,36013426.06,0.0,7
2019-12,FMP-FGTS,5300848449.37,156834,172647.37000000002,47442980.81,68
2019-12,Multimercado,2008645537871.85,2218515,123365896374.87,78286088065.78,9448
2019-12,Renda Fixa,4944639868586.8,9980213,1151562585275.94,1256019139230.63,3208
2020-01,Ações,723181033037.88,5990713,58743953044.05,16851567870.5,2347
2020-01,Cambial,6513949575.889999,56136,731748641.53,644404970.72,53
2020-01,FICFIDC-NP,121714229.08,8,0.0,0.0,5
2020-01,FIDC,57475495.21,6,7500.0,0.0,4
2020-01,FIDC-NP,507091849.12,10,109099432.22,0.0,5
2020-01,FII,50068166.96,0,0.0,0.0,1
2020-01,FIP,6879579821.1,28,0.0,0.0,8
2020-01,FIP Multi,426175654.94,14,0.0,0.0,8
2020-01,FMP-FGTS,4959080842.66,155468,923216.55,58356437.730000004,68
2020-01,Multimercado,2078954769912.88,2408259,126057334177.45,78647869674.08,9535
2020-01,Renda Fixa,4916235960413.38,10102823,969050649788.8,1018561468518.07,3208
2020-02,Ações,699844032303.38,6130408,41148413066.89,14102693903.41,2404
2020-02,Cambial,7322858685.17,63540,1171441157.81,688792120.14,53
2020-02,FICFIDC-NP,126512846.12,10,170000.0,0.0,6
2020-02,FIDC,146174676.58,8,550.0,0.0,5
2020-02,FIDC-NP,517743956.36,10,2034544.5,0.0,5
2020-02,FII,50041985.01,7,0.0,0.0,1
2020-02,FIP,5220976930.04,27,0.0,1290080866.13,8
2020-02,FIP Multi,375547291.86,12,0.0,0.0,8
2020-02,FMP-FGTS,4373182638.9800005,154588,347508.9,41178067.01,68
2020-02,Multimercado,2112734020403.02,2541147,115323519029.47,78425919766.19,9641
2020-02,Renda Fixa,4916688286243.17,10213864,830028426200.07,846228940534.9,3229
2020-03,Ações,510866026719.35,6049314,40420168343.53,23894794516.35,2454
2020-03,Cambial,9949564268.3,82830,3127754895.16,1691032528.18,55
2020-03,FICFIDC-NP,111386959.7,11,420933.0,20073186.52,7
2020-03,FIDC,137519200.61,12,0.0,0.14,6
2020-03,FIDC-NP,543283943.79,10,18554928.29,11396548.07,5
2020-03,FII,50003314.88,7,0.0,0.0,1
2020-03,FIP,3646206180.9700003,27,0.0,375000000.0,8
2020-03,FIP Multi,361422706.98,11,0.0,14812684.37,7
2020-03,FMP-FGTS,3249607943.5,154174,214145.71,12038135.77,68
2020-03,Multimercado,2012982547207.0,2467601,101595849074.26,117631677058.5,9734
2020-03,Renda Fixa,4808378662376.79,10106531,1057963364949.32,1138157129487.13,3236
2020-04,Ações,568921700093.09,6039228,20795079428.93,19588688253.45,2487
2020-04,Cambial,11086291571.56,93427,2423213131.57,1739725336.8500001,56
2020-04,FICFIDC-NP,105909764.69,11,0.0,0.0,7
2020-04,FIDC,162057084.94,16,0.0,0.0,6
2020-04,FIDC-NP,569980509.77,10,15092088.14,3415310.34,5
2020-04,FII,50016635.56,7,0.0,0.0,1
2020-04,FIP,3734953560.02,27,0.0,75000000.0,7
2020-04,FIP Multi,503006381.62,16,0.0,0.0,8
2020-04,FMP-FGTS,3685223621.21,154064,564642.02,3616150.35,68
2020-04,Multimercado,2026040082620.65,2470969,60932498953.91,85258014018.06,9790
2020-04,Renda Fixa,4714500485045.07,10023075,838202707201.41,947290542738.57,3242
2020-05,Ações,610615100190.65,6053241,12651657047.42,12844047647.11,2510
2020-05,Cambial,11877250382.51,107756,3260500350.66,2250336957.61,56
2020-05,FICFIDC-NP,108075053.38,11,700000.0,0.0,7
2020-05,FIDC,164593089.95,16,0.0,0.0,6
2020-05,FIDC-NP,604625505.83,10,36231557.18,5588157.36,5
2020-05,FII,49982327.89,7,0.0,0.0,1
2020-05,FIP,3932469499.7,26,0.0,0.0,7
2020-05,FIP Multi,498616597.35,16,0.0,0.0,8
2020-05,FMP-FGTS,4231457245.28,153845,342209.74,6958096.46,68
2020-05,Multimercado,2064825277946.5,2516257,68440597338.12,65960522661.44,9854
2020-05,Renda Fixa,4717533353853.42,10080281,777386100924.01,796639625589.53,3257
2020-06,Ações,669762240211.12,6124949,17678058228.87,14286097706.48,2575
2020-06,Cambial,12075723018.460001,105165,2753019508.19,2663493644.53,57
2020-06,FICFIDC-NP,99205720.41,11,3338900.26,11914761.65,7
2020-06,FIDC,172349305.06,16,0.0,0.0,6
2020-06,FIDC-NP,1545776830.23,12,14546590.96,16063044.16,7
2020-06,FII,49992335.68,7,0.0,0.0,1
2020-06,FIP,4531638070.190001,28,0.0,160000000.0,7
2020-06,FIP Multi,535993580.26,13,9900.0,4585763.38,8
2020-06,FMP-FGTS,4464369484.21,153390,75291.98,18901095.08,68
2020-06,Multimercado,2121136987527.41,2621887,82250936293.32,60868501712.0,10023
2020-06,Renda Fixa,4790655803587.94,10162752,908465442990.41,856359481617.05,3278
2020-07,Ações,734163682055.86,6249032,27561424331.1,20273905895.54,2642
2020-07,Cambial,10372815501.22,104711,1071772943.5600001,2309123431.11,57
2020-07,FICFIDC-NP,100224007.59,11,250000.0,0.0,7
2020-07,FIDC,177511149.91,16,0.0,0.0,6
2020-07,FIDC-NP,1573989286.6399999,13,7673294.94,5642220.94,8
2020-07,FII,87684917.69,35,37700000.0,0.0,2
2020-07,FIP,4999298881.55,28,0.0,140000000.0,7
2020-07,FIP Multi,537893757.71,13,0.0,0.0,8
2020-07,FMP-FGTS,4689676444.17,152681,533090.3300000001,38779529.660000004,68
2020-07,Multimercado,2203760860653.93,2822870,120370889037.04001,76237184532.09,10125
2020-07,Renda Fixa,4901862565594.82,10299871,1047536901477.87,968502232373.51,3285
2020-08,Ações,740799119251.29,6348343,26885354584.62,15847205099.77,2700
2020-08,Cambial,10636649148.61,110993,1211000441.98,1455129227.22,59
2020-08,FICFIDC-NP,80211329.99,7,650000.0,20241642.54,6
2020-08,FIDC,201135005.17000002,17,0.0,6731013.99,8
2020-08,FIDC-NP,1605084618.32,13,24866994.54,9300000.0,8
2020-08,FII,117244419.71000001,35,0.0,0.0,2
2020-08,FIP,4540048148.84,26,0.0,70000000.0,6
2020-08,FIP Multi,402421935.17,11,176500.0,0.0,6
2020-08,FMP-FGTS,4569628220.12,151934,29858.09,36399486.15,68
2020-08,Multimercado,2258269614310.85,3060929,112584994715.84,70227998686.32,10245
2020-08,Renda Fixa,4974663826333.93,10347824,993990213033.17,922242056897.81,3277
2020-09,Ações,716177689414.67,6372274,20540942852.74,15250216056.79,2740
2020-09,Cambial,10848515061.14,114153,1094132043.68,1181686038.24,60
2020-09,FICFIDC-NP,82697007.67,7,400000.0,0.0,6
2020-09,FIDC,197580748.63,17,0.0,0.0,8
2020-09,FIDC-NP,1713200054.88,13,108139653.42,5500000.0,8
2020-09,FII,116992202.22999999,35,0.0,0.0,2
2020-09,FIP,4295238099.66,26,0.0,20000000.0,6
2020-09,FIP Multi,417653887.63,11,0.0,0.0,6
2020-09,FIP PD&I,81521036.84,2,81523000.0,0.0,1
2020-09,FMP-FGTS,4422783746.38,151331,44417.51,24540082.39,68
2020-09,Multimercado,2269786384006.57,3207522,97440411501.94,72281806727.2,10372
2020-09,Renda Fixa,4998847511254.16,10353704,988420137241.32,961800746048.15,3284
2020-10,Ações,717581702297.53,6404867,18509328848.39,15915935690.48,2790
2020-10,Cambial,10847854976.94,119112,838822030.58,1059048275.7,60
2020-10,FICFIDC-NP,229175498.1,11,260000.0,0.0,7
2020-10,FIDC,196028448.0,17,0.0,0.0,7
2020-10,FIDC-NP,1301018163.68,12,337641654.88,17357849.509999998,7
2020-10,FII,66686756.73,28,0.0,0.0,1
2020-10,FIP,4474575998.04,26,0.0,0.0,6
2020-10,FIP Multi,457248303.46,11,0.0,0.0,6
2020-10,FIP PD&I,81460692.11,2,0.0,0.0,1
2020-10,FMP-FGTS,4394613761.29,150611,71601.34,32275687.990000002,68
2020-10,Multimercado,2301184319291.76,3292971,90572649697.97,75339704948.01,10509
2020-10,Renda Fixa,4928216044359.56,10224673,920115987882.63,1000001997073.07,3300
2020-11,Ações,801526604584.83,6417751,20865085208.65,19600584086.36,2876
2020-11,Cambial,11078189973.38,118955,2086660060.89,1137350709.66,61
2020-11,FICFIDC-NP,230827719.81,12,260000.0,0.0,7
2020-11,FIDC,212053994.48,18,5000.0,0.0,7
2020-11,FIDC-NP,1370799066.95,14,22539921.45,5000000.0,8
2020-11,FII,116584311.8,36,1500000.0,0.0,2
2020-11,FIP,5123114683.2,29,0.0,0.0,7
2020-11,FIP Multi,447578357.9,9,0.0,0.0,7
2020-11,FIP PD&I,81410320.77,2,0.0,0.0,1
2020-11,FMP-FGTS,5681243346.9,149820,193536.90000000002,43844845.39,68
2020-11,Multimercado,2358335371253.6,3351418,82738311496.75,74171295982.83,10639
2020-11,Renda Fixa,4919331767103.94,10058011,899351027986.75,927187824464.29,3316
2020-12,Ações,864585884408.8099,6478724,26266744999.78,22579262356.83,2975
2020-12,Cambial,11301555152.4,116192,2828303318.17,2279591809.04,61
2020-12,FICFIDC-NP,231592933.95,12,300000.0,4000000.0,7
2020-12,FIDC,220066278.67,18,513479.79,0.0,7
2020-12,FIDC-NP,1374090594.1100001,14,51572535.87,53269968.81999999,8
2020-12,FII,116623429.84,36,0.0,0.0,2
2020-12,FIP,5307213860.83,30,220000.0,45600000.0,7
2020-12,FIP Multi,463519378.61,9,0.0,0.0,7
2020-12,FIP PD&I,81364501.74,2,0.0,0.0,1
2020-12,FMP-FGTS,6297708693.43,148803,200680.59,74671957.74,68
2020-12,Multimercado,2445522303450.07,3445361,128188680685.97,97589592626.65,10905
2020-12,Renda Fixa,4956903089454.59,10094531,1166986677427.7,1170399847228.99,3337
2021-01,Ações,898126287386.19,6559663,31652990695.5,25336616311.38,3011
2021-01,Cambial,11446078662.73,118061,950872432.68,1448517731.48,61
2021-01,FICFIDC-NP,234288208.84,13,350000.0,0.0,7
2021-01,FIDC,219568225.02,18,0.0,0.0,7
2021-01,FIDC-NP,1166992487.55,14,5985890.94,232438419.42000002,8
2021-01,FII,116457801.53999999,36,0.0,0.0,2
2021-01,FIP,5205258563.73,28,0.0,67000000.0,6
2021-01,FIP Multi,481895444.22999996,10,0.0,0.0,8
2021-01,FIP PD&I,81323535.16,2,0.0,0.0,1
2021-01,FMP-FGTS,6115500919.41,147645,338163.82,86473187.43,68
2021-01,Multimercado,2484415015378.39,3580490,112062992566.84,83855588033.12,10983
2021-01,Renda Fixa,5001577715036.23,10112559,998770444273.97,958291498620.55,3327
2021-02,Ações,899881170017.57,6632063,30672905153.9,17877691464.36,3077
2021-02,Cambial,11400232676.3,120110,1125916137.4,1382661723.58,61
2021-02,FICFIDC-NP,235593268.82000002,13,180000.0,0.0,7
2021-02,FIDC,216930200.89000002,18,180000.0,0.0,7
2021-02,FIDC-NP,1147386265.0900002,14,3803902.28,27359510.48,8
2021-02,FII,124146311.09,36,8000000.0,0.0,2
2021-02,FIP,5398150279.68,28,0.0,20000000.0,6
2021-02,FIP Multi,423339862.13,10,60000.0,0.0,8
2021-02,FIP PD&I,81282766.62,2,0.0,0.0,1
2021-02,FMP-FGTS,5959814513.59,146825,424277.32,52379794.03,68
2021-02,Multimercado,2536739309081.19,3721216,116823493699.3,75153893518.58,11137
2021-02,Renda Fixa,5012205023128.57,10087554,893762465774.42,878598332372.3,3341
2021-03,Ações,931867173886.52,6709630,34095766879.86,22724443350.24,3141
2021-03,Cambial,12054247670.199999,122307,2186612760.99,1666676344.88,61
2021-03,FICFIDC-NP,241015738.91,13,70000.0,0.0,7
2021-03,FIDC,284718743.26,56,0.0,0.0,8
2021-03,FIDC-NP,1205247126.99,16,36300271.730000004,3916823.67,9
2021-03,FII,123488413.33,36,0.0,0.0,2
2021-03,FIP,5346327538.789999,28,0.0,9000000.0,6
2021-03,FIP Multi,445277227.0,11,23578148.79,0.0,8
2021-03,FIP PD&I,81241405.03,2,0.0,0.0,1
2021-03,FMP-FGTS,6386072304.57,146080,786.84,48852243.6,68
2021-03,Multimercado,2608854243303.02,3866174,156251438915.28,114238080742.04,11350
2021-03,Renda Fixa,5030910320994.72,10060402,1074731287800.02,1068747304357.99,3370
2021-04,Ações,980672112704.82,6869350,33799252322.62,22128191783.59,3210
2021-04,Cambial,11973249202.83,120535,1395881811.58,1042605269.31,59
2021-04,FICFIDC-NP,248107964.62,13,14088418.57,0.0,7
2021-04,FIDC,287715973.21000004,56,0.0,0.0,8
2021-04,FIDC-NP,1220430412.78,16,200000.0,4364555.49,9
2021-04,FII,123113214.41,35,0.0,41195.17,2
2021-04,FIP,4800091331.889999,26,0.0,40675895.85,6
2021-04,FIP Multi,481830076.08,12,75000.0,0.0,9
2021-04,FIP PD&I,81194357.47,2,0.0,0.0,1
2021-04,FMP-FGTS,6819574779.82,145266,0.0,67606183.8,68
2021-04,Multimercado,2673072412217.09,3998380,128407668814.53,88021273658.88,11536
2021-04,Renda Fixa,5038278353160.78,10047333,1026106375283.85,1035261651880.33,3388
2021-05,Ações,1029759141426.3,6957616,35408429730.62,23428270840.46,3281
2021-05,Cambial,12470611339.77,116461,1819123748.09,887857325.2,59
2021-05,FICFIDC-NP,251584863.77,13,120000.0,0.0,7
2021-05,FIDC,290839637.61,56,0.0,0.0,8
2021-05,FIDC-NP,1241046537.2,16,112000.0,5321868.74,9
2021-05,FII,126098370.86,35,0.0,0.0,2
2021-05,FIP,5762693497.61,28,600000.0,0.0,7
2021-05,FIP Multi,524406710.0,15,0.0,0.0,9
2021-05,FIP PD&I,81153226.53,2,0.0,0.0,1
2021-05,FMP-FGTS,7275327850.09,144319,57101.78,74585990.97,68
2021-05,Multimercado,2732706716163.98,4093755,134088517244.75,101855411492.42,11733
2021-05,Renda Fixa,5082501531445.64,10072659,1072682560545.45,1049492196176.25,3399
2021-06,Ações,1054434913455.12,7074115,36936356066.26,26208545281.14,3356
2021-06,Cambial,11370284732.51,113076,1656146649.3899999,2189216732.71,60
2021-06,FICFIDC-NP,254799293.38,13,50000.0,0.0,7
2021-06,FIDC,304398749.2,56,12000000.01,0.0,8
2021-06,FIDC-NP,1217652444.3,14,15769231.93,4615555.86,8
2021-06,FII,53460606.38,7,0.0,0.0,1
2021-06,FIP,5397035865.55,28,0.0,0.0,6
2021-06,FIP Multi,538730673.54,14,0.0,0.0,9
2021-06,FIP PD&I,81402719.88,2,300000.0,0.0,1
2021-06,FMP-FGTS,7476381913.14,143147,313556.81,99811085.65,68
2021-06,Multimercado,2779792005219.05,4193613,145088418960.04,107244486721.86,11969
2021-06,Renda Fixa,5128839460081.02,10147823,1163579914848.1199,1134036068389.35,3411
2021-07,Ações,1037745523819.9,7160322,36909247211.68,23842836704.38,3435
2021-07,Cambial,12216623102.06,111180,2060602397.31,1681528570.46,61
2021-07,FICFIDC-NP,257985425.31,12,82646.8,286758.23,7
2021-07,FIDC,302028054.4,56,1354885.71,1354885.71,8
2021-07,FIDC-NP,1498558277.1399999,16,19971580.42,940000.0,9
2021-07,FII,53527669.87,7,0.0,0.0,1
2021-07,FIP,5105618558.679999,26,300000.0,68848839.55,6
2021-07,FIP Multi,572418970.62,14,70000000.0,36892186.98,9
2021-07,FIP PD&I,81373931.0,2,0.0,0.0,1
2021-07,FMP-FGTS,6982036312.4,142143,113979.43,73668648.03,68
2021-07,Multimercado,2801809701128.91,4292311,135106704214.7,105083361037.11,12109
2021-07,Renda Fixa,5187384751064.44,10256921,1145918163264.19,1103608597425.59,3420
2021-08,Ações,1028478219117.07,7172348,35938833073.52,27272298856.29,3495
2021-08,Cambial,12532042459.87,109295,1468288205.68,1105170835.83,62
2021-08,FICFIDC-NP,255978640.07999998,12,200000.0,4815000.0,6
2021-08,FIDC,301457426.65,63,11259261.32,10239261.3,8
2021-08,FIDC-NP,1508991560.4299998,16,9462423.35,1627136.47,9
2021-08,FII,53560657.69,7,0.0,0.0,1
2021-08,FIP,4872758376.440001,26,2298000.0,0.0,6
2021-08,FIP Multi,598243324.87,19,0.0,70000.0,10
2021-08,FIP PD&I,81357795.22,2,0.0,0.0,1
2021-08,FMP-FGTS,6605860597.53,141167,288623.77,70077211.83,68
2021-08,Multimercado,2823128848593.6,4365078,126282375350.48,111997436377.75,12258
2021-08,Renda Fixa,5271719508860.46,10318578,1289921499495.06,1220473100592.36,3440
2021-09,Ações,978069273120.39,7151966,28660775894.420002,25735301909.86,3558
2021-09,Cambial,13447139865.2,107976,1157683075.42,904953265.8199999,62
2021-09,FICFIDC-NP,256159855.56,12,0.0,3350000.0,6
2021-09,FIDC,296232655.53999996,64,0.0,0.0,8
2021-09,FIDC-NP,1520545205.3,16,48412364.32,4217611.11,9
2021-09,FII,53561363.79,8,0.0,0.0,1
2021-09,FIP,5027718180.099999,26,0.0,0.0,6
2021-09,FIP Multi,603574844.91,20,24500000.0,31191183.15,10
2021-09,FIP PD&I,92207907.36,2,10900000.0,0.0,1
2021-09,FMP-FGTS,5938647383.09,140369,9849.05,47466771.0,68
2021-09,Multimercado,2820370658440.55,4386982,128064442607.5,135035634323.64,12404
2021-09,Renda Fixa,5333268554409.71,10410546,1234620200898.78,1198575081970.74,3481
2021-10,Ações,902935853951.2,7114826,22031619641.6,29240387772.829998,3643
2021-10,Cambial,13229106000.22,105571,761534479.96,1382242587.02,62
2021-10,FICFIDC-NP,256633583.77,12,50000.0,3400000.0,6
2021-10,FIDC,196434833.28,62,0.0,92677957.29,8
2021-10,FIDC-NP,1457410974.69,15,10019628.989999998,73318292.4,9
2021-10,FII,54005150.57,8,0.0,0.0,1
2021-10,FIP,4408535621.9,25,0.0,23901147.19,6
2021-10,FIP Multi,557369905.36,20,0.0,4278140.93,10
2021-10,FIP PD&I,92158587.96,2,0.0,0.0,1
2021-10,FMP-FGTS,5609121892.7300005,139528,251421.38,63154635.95,68
2021-10,Multimercado,2778398771322.54,4483174,113438104167.24,133584176814.28,12521
2021-10,Renda Fixa,5357058155090.35,10539515,1097449534984.95,1086912803027.5801,3489
2021-11,Ações,869343326123.19,7067570,21080578284.07,30435937411.9,3701
2021-11,Cambial,12921980995.54,102786,682819438.97,1041943176.85,62
2021-11,FICFIDC-NP,252959838.40999997,12,100000.0,3431000.0,6
2021-11,FIDC,417058250.86,63,0.0,39211126.98,11
2021-11,FIDC-NP,1455117259.36,14,0.0,4916470.81,8
2021-11,FII,53179208.84,8,0.0,0.0,1
2021-11,FIP,4311990772.82,27,24694321.64,0.0,7
2021-11,FIP Multi,555726607.09,21,10084929.71,933356.11,11
2021-11,FIP PD&I,92102352.52,2,0.0,0.0,1
2021-11,FMP-FGTS,5666206712.06,138792,115557.83,41620893.22,68
2021-11,Multimercado,2774273082047.55,4568270,100023296721.06,120533858603.64,12666
2021-11,Renda Fixa,5472209303953.51,10595506,1207250958140.33,1145562509879.51,3517
2021-12,Ações,878202276441.31,7040116,22623665806.18,29056690137.73,3747
2021-12,Cambial,13451826659.19,101969,2146430351.6,1490901512.3,62
2021-12,FICFIDC-NP,251444240.83,12,250000.0,3400000.0,6
2021-12,FIDC,415678389.17,63,0.0,0.0,10
2021-12,FIDC-NP,1466794784.53,14,189541.64,0.0,8
2021-12,FII,38777064.89,8,0.0,0.0,1
2021-12,FIP,5462067445.98,27,0.0,0.0,8
2021-12,FIP Multi,601521761.53,24,18940000.0,53273817.91,13
2021-12,FIP PD&I,92043111.51,2,0.0,0.0,1
2021-12,FMP-FGTS,6252045127.72,137860,89462.87,74598348.91,68
2021-12,Multimercado,2788515202724.93,4623801,109892388432.73,133631899496.61,12843
2021-12,Renda Fixa,5426237242793.12,10788466,1495348034037.07,1577116624827.47,3571
2022-01,Ações,878381673607.25,6965133,15422343312.76,32676154961.11,3775
2022-01,Cambial,12465117222.17,101882,1527652593.8700001,1898335641.39,62
2022-01,FICFIDC-NP,76538750.31,8,0.0,3597000.0,5
2022-01,FIDC,414491353.08,63,150000.0,0.0,10
2022-01,FIDC-NP,1492508811.16,14,0.0,0.0,8
2022-01,FII,38799900.53,8,0.0,0.0,1
2022-01,FIP,4219574644.18,26,0.0,2223319868.11,8
2022-01,FIP Multi,628731211.16,25,20600000.0,1568844.26,13
2022-01,FIP PD&I,92004694.36,2,0.0,0.0,1
2022-01,FMP-FGTS,6648539520.29,136900,102100.88,104697905.28,68
2022-01,Multimercado,2759587703067.65,4556736,98131044418.21,144264879642.13,12880
2022-01,Renda Fixa,5544140557323.94,10869244,1241236631220.56,1163936328554.29,3598
2022-02,Ações,856667549461.52,6866162,16861229915.17,30366688137.38,3813
2022-02,Cambial,13222029958.32,105090,2802153336.76,1720608979.53,63
2022-02,FICFIDC-NP,74736063.22,8,0.0,2098591.39,5
2022-02,FIDC,415024299.18,63,0.0,0.0,10
2022-02,FIDC-NP,1492980092.5900002,18,158441.22,33693972.79,10
2022-02,FII,38809896.33,7,0.0,0.0,1
2022-02,FIP,4203569532.06,25,750000.0,0.0,7
2022-02,FIP Multi,611757480.45,22,602685.68,871281.46,12
2022-02,FIP PD&I,92081191.93,2,120000.0,0.0,1
2022-02,FMP-FGTS,7172621718.89,135892,2107945.87,100538062.8,68
2022-02,Multimercado,2727654857154.47,4679452,76815730074.12,117804222578.88,12891
2022-02,Renda Fixa,5638266175874.64,11018696,1195689930632.61,1148370023573.31,3615
2022-03,Ações,868577104013.54,6742424,15161111087.31,37902653776.6,3839
2022-03,Cambial,13563932624.92,107604,3019709448.2799997,1624556732.04,63
2022-03,FICFIDC-NP,73077023.07,6,0.0,2180071.14,5
2022-03,FIDC,319486729.78,62,850000.0,100549991.2,9
2022-03,FIDC-NP,1478360260.93,14,22500.0,0.0,10
2022-03,FII,38812537.0,7,0.0,0.0,1
2022-03,FIP,4556958804.55,25,990000.0,0.0,6
2022-03,FIP Multi,630842478.81,21,6500000.0,14355240.32,12
2022-03,FIP PD&I,92029960.13,2,0.0,0.0,1
2022-03,FMP-FGTS,7281922124.49,134497,0.0,134837575.85,68
2022-03,Multimercado,2739519896914.36,4642717,104932754810.87,146606835672.12,12969
2022-03,Renda Fixa,5777954531782.81,11005374,1350837612416.54,1277390234468.41,3638
2022-04,Ações,780239685350.16,6652015,17345067739.09,29826373085.51,3842
2022-04,Cambial,13686164179.58,110111,1530086563.98,1891029415.91,63
2022-04,FICFIDC-NP,73823189.96000001,6,100000.0,0.0,4
2022-04,FIDC,324063059.1,56,1075000.0,0.0,8
2022-04,FIDC-NP,1480680387.08,15,55806569.75,17911263.55,11
2022-04,FII,190900299.29000002,70,0.0,0.0,2
2022-04,FIP,4232652066.29,25,0.0,0.0,6
2022-04,FIP Multi,636440115.74,21,0.0,1791000.0,12
2022-04,FIP PD&I,91952812.99,2,0.0,0.0,1
2022-04,FMP-FGTS,6671396463.54,133469,115098.19,95858802.21,68
2022-04,Multimercado,2736556703913.88,4689142,90837419915.65,109254064806.8,13047
2022-04,Renda Fixa,5853522002598.83,10836119,1174610473397.37,1148090676320.3801,3669
2022-05,Ações,771001323293.87,6540925,17488058484.93,29774372412.55,3856
2022-05,Cambial,13248593037.5,108180,1597761668.1,1574942228.02,65
2022-05,FICFIDC-NP,73722457.34,4,100000.0,976348.26,4
2022-05,FIDC,281017660.15,48,266000.0,53639922.36,9
2022-05,FIDC-NP,1495321363.1599998,15,4173500.0,0.0,11
2022-05,FII,190613550.99,70,0.0,9602.89,2
2022-05,FIP,4615751125.26,25,2001000.0,72385765.59,6
2022-05,FIP Multi,674215889.82,22,15000.0,5062476.56,13
2022-05,FIP PD&I,91971454.17,2,90000.0,0.0,1
2022-05,FMP-FGTS,6961537026.44,132439,26936.489999999998,98111438.61,68
2022-05,Multimercado,2739103934180.28,4754780,99371071085.12,117337067086.24,13116
2022-05,Renda Fixa,5871256992369.94,10516071,1308855611936.66,1247436507074.03,3711
2022-06,Ações,697242346459.05,6466555,18617271224.5,23894144773.0,3895
2022-06,Cambial,15329534353.82,103997,2264587197.55,1526631586.56,65
2022-06,FICFIDC-NP,74417297.09,4,50000.0,0.0,4
2022-06,FIDC,282540791.7,48,0.0,0.0,9
2022-06,FIDC-NP,1967147551.6899998,17,257485017.25,0.0,11
2022-06,FII,196245323.21,70,0.0,0.0,2
2022-06,FIP,4383573856.2,26,0.0,0.0,6
2022-06,FIP Multi,649719193.44,20,123167760.0,109361853.64,14
2022-06,FIP PD&I,91898909.12,2,0.0,0.0,1
2022-06,FMP-FGTS,12810486490.14,503446,5889062974.110001,77238665.19,83
2022-06,Multimercado,2726831881953.59,4782309,98709015965.02,115117365378.31,13186
2022-06,Renda Fixa,5921264811798.1,10571246,1333937170780.76,1340669374739.19,3746
2022-07,Ações,722188119462.23,6374477,12249770342.05,26839253762.1,3920
2022-07,Cambial,13360502800.59,99687,596043588.49,2501769711.23,65
2022-07,FICFIDC-NP,72388174.36,4,0.0,0.0,4
2022-07,FIDC,283697337.68,48,1000000.0,0.0,9
2022-07,FIDC-NP,1967238608.61,17,37048214.45,37300000.0,11
2022-07,FII,50983588.41,7,0.0,149719469.81,2
2022-07,FIP,4554625491.25,25,0.0,0.0,6
2022-07,FIP Multi,625394012.1800001,18,2568374.8,1719000.0,14
2022-07,FIP PD&I,91856369.84,2,0.0,0.0,1
2022-07,FMP-FGTS,12892625075.22,502621,316199.5,61583286.65,83
2022-07,Multimercado,2718985980865.78,4760274,88124740187.45,122641732057.26,13277
2022-07,Renda Fixa,5978510747402.62,10721938,1209317395859.7,1203297811729.05,3773
2022-08,Ações,750921872236.75,6305400,12289316224.93,24111521152.68,3956
2022-08,Cambial,13375504960.71,97099,794366118.75,883905949.02,65
2022-08,FICFIDC-NP,147705476.02,11,0.0,0.0,5
2022-08,FIDC,287428004.81,48,205000.0,0.0,9
2022-08,FIDC-NP,2049731683.98,17,51631500.0,1371246.53,11
2022-08,FII,51064390.72,7,0.0,0.0,2
2022-08,FIP,4665774625.7699995,25,0.0,0.0,6
2022-08,FIP CS,383698.47,1,0.0,0.0,1
2022-08,FIP Multi,576188351.15,17,3236467.77,4217598.390000001,13
2022-08,FIP PD&I,91869388.63,2,130000.0,0.0,1
2022-08,FMP-FGTS,13231844322.21,501377,166932.24,171508284.91,83
2022-08,Multimercado,2764383192373.55,4790861,112081745457.31,117234129974.24,13315
2022-08,Renda Fixa,6080930673503.68,11046125,1285483627627.83,1248954525051.54,3803
2022-09,Ações,736173169584.76,6235736,10374694103.52,18834440290.18,3943
2022-09,Cambial,12855549282.32,94022,547270536.3299999,1474729290.52,65
2022-09,FICFIDC-NP,155929783.99,11,0.0,0.0,5
2022-09,FIDC,302836463.61,48,12009000.0,0.0,9
2022-09,FIDC-NP,2185687237.21,16,154561101.41,260814.49,11
2022-09,FII,51059071.69,7,0.0,0.0,1
2022-09,FIP,4370238999.58,27,6000000.0,0.0,6
2022-09,FIP CS,109205.84,1,0.0,0.0,1
2022-09,FIP Multi,558316300.26,16,2826440.3800000004,18264852.68,13
2022-09,FIP PD&I,91948144.72,2,150000.0,0.0,1
2022-09,FMP-FGTS,12700322180.45,500386,33793.17,88491994.92999999,83
2022-09,Multimercado,2792930011877.9,4812415,96593666924.59,101529601502.19,13363
2022-09,Renda Fixa,6127794808144.68,11462874,1150403436021.35,1166910226836.6,3835
2022-10,Ações,772301875937.59,6173897,10454922689.710001,17149884644.07,3943
2022-10,Cambial,12315488285.59,92493,822441130.08,931226392.91,65
2022-10,FICFIDC-NP,142603119.38,13,1004500.0,17886671.54,6
2022-10,FIDC,305564477.13,48,5000.0,0.0,9
2022-10,FIDC-NP,2130322719.2399998,16,7047381.2,0.0,10
2022-10,FII,51269425.98,7,0.0,0.0,1
2022-10,FIP,4347464974.86,55,0.0,0.0,7
2022-10,FIP CS,104903.81,1,0.0,0.0,1
2022-10,FIP Multi,512594007.55,15,8505659.4,7435432.58,13
2022-10,FIP PD&I,91900891.82,2,0.0,0.0,1
2022-10,FMP-FGTS,13310082269.85,499191,325612.69,149819599.97,83
2022-10,Multimercado,2828822729441.43,4879375,91557036870.33,85173912117.68,13440
2022-10,Renda Fixa,6189501219106.92,11775935,1052996202965.21,1054461747992.41,3896
2022-11,Ações,724465140410.63,6111010,8339655900.5,15245059670.22,3944
2022-11,Cambial,12191397120.32,90531,715882372.06,1042635599.22,65
2022-11,FICFIDC-NP,195474726.7,15,54206606.06,0.0,6
2022-11,FIDC,304818673.01,49,1705000.0,0.0,10
2022-11,FIDC-NP,2142541402.1699998,14,8034000.0,0.0,9
2022-11,FII,51298156.22,7,0.0,0.0,1
2022-11,FIP,3800433418.8500004,53,0.0,31475.89,7
2022-11,FIP CS,92536.67,1,0.0,0.0,1
2022-11,FIP Multi,501380445.24,15,0.0,4285445.8,11
2022-11,FIP PD&I,91829188.83,2,0.0,0.0,1
2022-11,FMP-FGTS,13809887981.8,498037,237425.37,98782721.81,85
2022-11,Multimercado,2803439127185.21,4868064,80449182512.02,92416402630.76,13523
2022-11,Renda Fixa,6210421032089.2,11974499,1058626980436.63,1087364245972.11,3921
2022-12,Ações,731833069261.61,6057562,10193029473.88,17376439229.86,3955
2022-12,Cambial,12600853875.5,89778,1864642507.92,1693353676.16,66
2022-12,FICFIDC-NP,199469267.86999997,15,1508800.0,0.0,6
2022-12,FIDC,498025283.29,51,712100.0,0.0,12
2022-12,FIDC-NP,2323248420.79,13,9945000.0,224959754.77,10
2022-12,FII,51367832.9,7,0.0,0.0,1
2022-12,FIP,3992286384.26,56,347000000.02,0.0,7
2022-12,FIP CS,1420.71,1,0.0,0.0,1
2022-12,FIP Multi,951881721.6,40,53434912.63,28441171.25,11
2022-12,FIP PD&I,91786548.86,2,0.0,0.0,1
2022-12,FMP-FGTS,12823404062.710001,493260,284134661.7,478289092.64,85
2022-12,Multimercado,2804609332609.37,4850824,78623952003.61,96504555363.29,13582
2022-12,Renda Fixa,6094300184905.11,12404966,1289598647822.24,1469632490844.52,3967
2023-01,Ações,741904988139.6,6002144,10932062525.220001,25473597230.99,3936
2023-01,Cambial,11885399165.85,89120,940221737.78,1243471422.2,66
2023-01,FICFIDC-NP,195940019.06,15,30007.56,0.0,6
2023-01,FIDC,504745627.05,51,5000.0,0.0,12
2023-01,FIDC-NP,2331033429.27,13,3444368.85,91369974.1,9
2023-01,FII,56222884.14,15,0.0,0.0,2
2023-01,FIP,4017219169.44,56,1500000.0,0.0,7
2023-01,FIP CS,0.01,1,0.0,0.0,1
2023-01,FIP Multi,915704235.31,40,6397281.0,5000000.0,11
2023-01,FIP PD&I,91737424.32,2,0.0,0.0,1
2023-01,FMP-FGTS,13003160027.3,494153,253323427.75000003,284513616.9,85
2023-01,Multimercado,2814042673227.91,4810831,86606989103.19,109955107392.56,13559
2023-01,Renda Fixa,6174295368017.84,12358958,1281664066373.82,1255739728805.44,3973
2023-02,Ações,692496147587.57,5945758,6383233113.44,18173893058.010002,3931
2023-02,Cambial,11048351063.56,87000,703401071.67,1904430200.71,66
2023-02,FICFIDC-NP,198543604.22,15,5000.0,0.0,6
2023-02,FIDC,545709825.34,189,11213000.0,208054.93,14
2023-02,FIDC-NP,2367152473.67,12,1522500.0,0.0,8
2023-02,FII,56204007.870000005,15,0.0,0.0,2
2023-02,FIP,3869313585.77,56,0.0,0.0,7
2023-02,FIP Multi,950816335.62,40,1000.0,0.0,11
2023-02,FIP PD&I,91693007.05,2,0.0,0.0,1
2023-02,FMP-FGTS,11658853049.87,493958,339153950.82,356679655.71,89
2023-02,Multimercado,2790510607663.97,4748134,64929599551.3,90307365884.62,13563
2023-02,Renda Fixa,6244511941574.54,12353985,1076687689676.03,1059623316276.37,3997
2023-03,Ações,660301347506.13,5875551,10606156936.04,24200940214.47,3932
2023-03,Cambial,9953162497.57,84113,1266591240.31,2130552600.98,67
2023-03,FICFIDC-NP,198736107.36,15,45000.0,0.0,6
2023-03,FIDC,558558028.7,183,297000.0,2556837.52,14
2023-03,FIDC-NP,2761304267.22,13,180172342.18,0.0,8
2023-03,FII,56348448.739999995,15,0.0,0.0,2
2023-03,FIP,3599760247.71,56,1133333.33,0.0,7
2023-03,FIP Multi,900050793.3,36,600.0,0.0,10
2023-03,FIP PD&I,91649368.0,2,0.0,0.0,1
2023-03,FMP-FGTS,11083091472.5,493857,127645500.75,210734716.5,92
2023-03,Multimercado,2779973295015.8,4647513,84740713175.99,107533709597.49,13651
2023-03,Renda Fixa,6286703757306.97,12488664,1259624603815.47,1292469576416.64,4052
2023-04,Ações,664691625027.05,5821621,6685934750.07,15849244703.09,3915
2023-04,Cambial,11154357965.79,84069,1965091397.89,628669995.33,66
2023-04,FICFIDC-NP,197546937.72,15,0.0,0.0,6
2023-04,FIDC,563634715.08,180,364000.0,2168134.16,14
2023-04,FIDC-NP,3587250311.6,12,13536610.719999999,0.0,7
2023-04,FII,51580576.06,8,0.0,4839819.29,2
2023-04,FIP,3878842814.4399996,56,566666.67,0.0,7
2023-04,FIP Multi,885973585.14,36,101200.0,0.0,10
2023-04,FIP PD&I,91797372.48,2,212000.0,0.0,1
2023-04,FMP-FGTS,11026031926.03,493279,26892235.87,90068732.17999999,92
2023-04,Multimercado,2802858604857.06,4578705,69852078753.81,102221582268.74,13651
2023-04,Renda Fixa,6288925596170.09,12658410,973469442420.05,1028165723550.88,4082
2023-05,Ações,696252206009.44,5773041,8651916854.47,18929201432.61,3895
2023-05,Cambial,10866152288.27,82516,480997151.14,996743734.27,66
2023-05,FICFIDC-NP,192232149.48000002,15,0.0,0.0,6
2023-05,FIDC,575140189.1899999,182,181500.0,3998022.66,14
2023-05,FIDC-NP,3932989201.25,10,30174500.0,968939793.07,7
2023-05,FII,51609148.04,8,0.0,0.0,2
2023-05,FIP,3983954055.03,56,0.0,0.0,7
2023-05,FIP Multi,785278770.91,36,6047500.0,0.0,10
2023-05,FIP PD&I,91696558.12,2,0.0,0.0,1
2023-05,FMP-FGTS,10981479837.85,492463,25828097.259999998,102266474.7,92
2023-05,Multimercado,2819439246466.02,4487676,91214402188.64,117487040885.22,13684
2023-05,Renda Fixa,6323305642756.36,12701638,1191984008943.64,1232881003826.19,4136
2023-06,Ações,737902873927.0,5760904,11297354373.37,19753621468.35,3878
2023-06,Cambial,10314235494.15,81821,966856202.57,981275595.46,66
2023-06,FICFIDC-NP,67986286.69,5,0.0,0.0,4
2023-06,FIDC,585451157.7800001,183,170899.99,1104659.95,14
2023-06,FIDC-NP,4622871520.650001,9,59418000.0,0.0,7
2023-06,FII,51689439.23,8,0.0,0.0,2
2023-06,FIP,4228096443.86,56,0.0,0.0,7
2023-06,FIP Multi,858325906.03,41,471131.70999999996,147131.71,10
2023-06,FIP PD&I,91648780.37,2,0.0,0.0,1
2023-06,FMP-FGTS,11977457120.85,488512,25747857.23,160691315.5,93
2023-06,Multimercado,2830807270323.38,4421480,82203388622.38,102372274465.86,13711
2023-06,Renda Fixa,6395556892644.8,12971734,1189309573440.07,1190019901556.71,4183
2023-07,Ações,760732437967.88,5767228,12758953822.01,13264607758.47,3867
2023-07,Cambial,10063135579.46,80337,505895820.38,686282758.94,66
2023-07,FICFIDC-NP,67433589.79,3,0.0,402948.48,4
2023-07,FIDC,597871821.49,179,4628938.91,251089.14,14
2023-07,FIDC-NP,5469606996.41,12,157519997.7,0.0,9
2023-07,FII,51750666.29,8,0.0,0.0,2
2023-07,FIP,4557630787.84,55,0.0,5964011.67,7
2023-07,FIP Multi,1141967723.2,43,146682000.0,311802.39,12
2023-07,FIP PD&I,91601630.66,2,0.0,0.0,1
2023-07,FMP-FGTS,12135019702.06,484827,23585651.51,129461387.52,93
2023-07,Multimercado,2854832307357.99,4348572,79848827758.88,88619467849.53,13716
2023-07,Renda Fixa,6502953930324.8,13191888,1155697381524.17,1116096215353.3,4220
2023-08,Ações,732632801901.36,5761088,17949336290.91,15610505506.97,3860
2023-08,Cambial,10070878639.5,78947,356800655.93,850185066.93,66
2023-08,FICFIDC-NP,68431586.41,3,0.0,0.0,4
2023-08,FIDC,585998349.92,193,1708221.5099999998,1263984.4,14
2023-08,FIDC-NP,5827459442.6,13,539615894.94,270000000.0,9
2023-08,FII,51796807.76,8,0.0,0.0,1
2023-08,FIP,4126228314.5,55,0.0,0.0,7
2023-08,FIP Multi,975114842.26,42,21129000.0,51917.3,11
2023-08,FIP PD&I,91554134.82,2,0.0,0.0,1
2023-08,FMP-FGTS,11564947443.77,481692,53898920.269999996,173437837.64000002,94
2023-08,Multimercado,2857968303242.47,4292111,84136324609.29001,91025357728.21,13695
2023-08,Renda Fixa,6632987599587.3,13392456,1228794337094.54,1166955866175.56,4268
2023-09,Ações,728698449190.57,5740875,13788558604.75,15126620579.93,3905
2023-09,Cambial,10656100851.66,77343,1212177255.97,830390804.6,66
2023-09,FICFIDC-NP,68769885.33,3,0.0,0.0,4
2023-09,FIDC,600262314.6999999,213,9140462.69,217342.73,14
2023-09,FIDC-NP,5958749718.33,12,1319603484.49,980046735.17,9
2023-09,FII,51847812.9,8,0.0,0.0,1
2023-09,FIP,4371706685.09,58,215496124.32,0.0,7
2023-09,FIP Multi,971761954.8799999,42,2029000.0,103882.12,11
2023-09,FIP PD&I,91747598.56,2,0.0,0.0,1
2023-09,FMP-FGTS,12051861617.05,479138,25989855.28,149079905.99,94
2023-09,Multimercado,2848892601901.29,4225385,76111164438.69,86820048591.89,13854
2023-09,Renda Fixa,6694196450307.25,13535980,1076635076367.01,1069065757874.04,4396
2023-10,Ações,705392233257.87,5711051,21474892234.81,13029623516.01,3871
2023-10,Cambial,10286378059.08,75490,667690223.88,1114239011.54,66
2023-10,FICFIDC-NP,69375863.55,3,0.0,0.0,4
2023-10,FIDC,615668350.7,211,7969850.0,178363.99,14
2023-10,FIDC-NP,7016993271.63,13,434588766.67,0.0,10
2023-10,FII,51770695.73,8,0.0,0.0,1
2023-10,FIP,3996089963.48,58,0.0,0.0,7
2023-10,FIP Multi,866673981.3,42,408000.0,0.0,11
2023-10,FIP PD&I,108127994.79,2,16491868.0,0.0,1
2023-10,FMP-FGTS,11724127871.67,476590,11850887.09,135466224.3,93
2023-10,Multimercado,2798342369916.33,4127470,75280010932.24,120319565144.86,13806
2023-10,Renda Fixa,6751347435473.8,13614782,1127515773996.79,1125056352607.73,4383
2023-11,Ações,772799269653.4,5683772,18227835129.15,18397464268.0,3871
2023-11,Cambial,10455980153.48,74910,1126409293.73,788696624.71,65
2023-11,FICFIDC-NP,2243048529.94,5,0.0,0.0,5
2023-11,FIDC,1140285812.28,218,17700.0,356499.98,16
2023-11,FIDC-NP,7282302698.75,13,311439556.2,571771.89,10
2023-11,FII,88767036.29,39,0.0,304704.37,2
2023-11,FIP,4617719948.78,59,0.0,0.0,7
2023-11,FIP Multi,949748478.48,42,4275000.0,104344.98,11
2023-11,FIP PD&I,109061797.71,2,1000000.0,0.0,1
2023-11,FMP-FGTS,12798393077.01,473145,23262778.34,144978297.24,93
2023-11,Multimercado,2804376782164.05,4032080,77578181680.54,133376512985.67,13783
2023-11,Renda Fixa,6861906097250.06,13683082,1126288897634.27,1089185389962.96,4409
2023-12,Ações,812471666795.95,5682233,20263695358.13,24202425819.04,3938
2023-12,Cambial,9951622892.9,73634,860557580.0,1285947465.8999999,64
2023-12,FICFIDC-NP,2107167983.3400002,5,0.0,162263549.05,5
2023-12,FIDC,1155807133.35,204,5312546.36,7803869.54,16
2023-12,FIDC-NP,5695398497.17,11,1250168657.63,2996634496.59,11
2023-12,FII,89881508.52,39,0.0,0.0,2
2023-12,FIP,4953588134.11,32,1510258.16,26983903.87,6
2023-12,FIP Multi,4107469094.33,41,350000.0,0.0,11
2023-12,FIP PD&I,112021366.26,2,3000000.0,0.0,1
2023-12,FMP-FGTS,13156339509.39,468865,19108690.99,151739887.95,93
2023-12,Multimercado,2833832073510.75,3993593,86080870279.83,124823147576.01,13873
2023-12,Renda Fixa,6871019613653.99,13849517,1278991520415.9,1342373316161.04,4433
2024-01,Ações,787163822948.57,5692507,15651300977.12,17751469472.11,3940
2024-01,Cambial,9765528368.03,71887,321862047.42,731735877.13,64
2024-01,FICFIDC-NP,2128987485.82,3,0.0,4444198.84,5
2024-01,FIDC,784579733.8000001,188,73552511.85,155077656.4,14
2024-01,FIDC-NP,6528803014.3,8,65012372.43,0.0,8
2024-01,FII,38810418.03,31,0.0,0.0,1
2024-01,FIP,4424288413.43,27,4355485.0,44342456.0,4
2024-01,FIP Multi,3694125002.18,35,80000.0,626513.23,5
2024-01,FMP-FGTS,12640487912.5,465381,33551231.19,182332808.08,93
2024-01,Multimercado,2778959608848.59,3969965,80112098148.97,99282451206.38,13737
2024-01,Renda Fixa,7061083287090.79,13972288,1259751848555.02,1131774849680.43,4455
2024-02,Ações,795179357361.26,5697267,12147323892.14,14488749707.66,3936
2024-02,Cambial,9839541741.66,70950,350358628.96999997,380352222.01,64
2024-02,FICFIDC-NP,2149119767.7999997,3,0.0,0.0,4
2024-02,FIDC,725946079.75,175,4270000.0,64013366.55,13
2024-02,FIDC-NP,6167250798.85,5,579385139.72,0.0,5
2024-02,FII,0.0,0,0.0,38453614.02,1
2024-02,FIP,4043322842.48,20,370121695.2,823479930.54,5
2024-02,FIP Multi,589626978.09,35,0.0,0.0,5
2024-02,FMP-FGTS,12690517276.33,461793,17025140.84,146481795.48,93
2024-02,Multimercado,2785031128158.3,3953371,85335383374.56999,93713137968.21,13724
2024-02,Renda Fixa,7184245629677.96,14202687,1125113794612.45,1059122924655.77,4517
2024-03,Ações,799357559807.22,5699630,11787183642.14,13862621771.01,3929
2024-03,Cambial,10327849379.39,69619,1126757385.35,763038248.21,64
2024-03,FICFIDC-NP,2167468548.59,3,0.0,0.0,4
2024-03,FIDC,820329819.5699999,158,95136425.10000001,820938.53,13
2024-03,FIDC-NP,6785549418.750001,5,564427495.61,807300.0,5
2024-03,FII,0.0,0,0.0,0.0,1
2024-03,FIP,3999453070.28,15,27647.17,13271698.25,4
2024-03,FIP Multi,592740421.38,35,820000.0,104694.4,5
2024-03,FMP-FGTS,11996140429.039999,458623,14676289.719999999,102984044.98,93
2024-03,Multimercado,2802685894271.55,3944853,97117970069.94,103426453696.04,13643
2024-03,Renda Fixa,7279186859947.11,14437151,1209634725163.21,1172562243533.22,4594
2024-04,Ações,774759063200.61,5692336,14586482656.75,16233638705.46,3943
2024-04,Cambial,10629212160.54,68470,540527588.8100001,658491846.0,64
2024-04,FICFIDC-NP,2192011647.93,3,0.0,0.0,4
2024-04,FIDC,767609393.89,123,1900000.0,2798058.7,11
2024-04,FIDC-NP,7514739226.04,6,353723485.77,137392.13,6
2024-04,FII,0.0,0,0.0,0.0,1
2024-04,FIP,3883411777.5099998,15,0.0,0.0,4
2024-04,FIP Multi,601497621.27,36,75307289.19,104728.19,6
2024-04,FMP-FGTS,12198683919.119999,455917,13095825.62,114153170.16,93
2024-04,Multimercado,2769853082957.91,3932677,103669403392.47,122750773270.21,13601
2024-04,Renda Fixa,7363300824621.78,14572582,1322049144818.96,1284101726437.59,4685
2024-05,Ações,759743047197.93,5678065,10388726471.13,17525746977.86,3937
2024-05,Cambial,10612302329.57,68038,420470535.51,608334297.46,64
2024-05,FICFIDC-NP,2215330978.5,3,0.0,0.0,3
2024-05,FIDC,770615802.8499999,119,450000.0,1732035.28,11
2024-05,FIDC-NP,8660014357.18,5,1419664162.7,189489150.86,6
2024-05,FIP,3900277344.62,15,1500000.0,50415.51,3
2024-05,FIP Multi,616028703.29,36,7238158.5,557675.67,6
2024-05,FMP-FGTS,11587412637.720001,453290,8597357.26,109558723.75,93
2024-05,Multimercado,2756619063484.14,3876031,106746014732.91,137072855612.89,13467
2024-05,Renda Fixa,7446621829754.12,14690877,1318196070165.95,1296353597867.01,4793
2024-06,Ações,775354091009.96,5659143,27388616580.2,20516619108.510002,3950
2024-06,Cambial,11249472199.77,68547,1074066083.08,1170725129.63,64
2024-06,FICFIDC-NP,2235390924.2799997,3,0.0,0.0,3
2024-06,FIDC,744702629.1199999,106,246550.0,19113536.7,11
2024-06,FIDC-NP,7591300125.79,4,519029886.62,0.0,5
2024-06,FIP,3984540890.66,15,0.0,1031.93,3
2024-06,FIP Multi,609499729.95,36,0.0,3329999.9,6
2024-06,FMP-FGTS,11631555362.67,450937,7207356.84,98877923.86,93
2024-06,Multimercado,2719645254308.29,3836072,98259226691.4,134507285102.65,13329
2024-06,Renda Fixa,7525322208958.13,14654975,1237692686006.92,1211405861084.94,4888
2024-07,Ações,782918201127.49,5650071,14535607417.93,20447204956.73,3941
2024-07,Cambial,10715141479.16,71304,688438208.3,1360556333.52,64
2024-07,FICFIDC-NP,2259923972.2299995,3,0.0,0.0,3
2024-07,FIDC,732346564.04,101,7290000.0,338311.6,10
2024-07,FIDC-NP,7591645123.81,5,726219320.68,0.0,5
2024-07,FIP,3963820747.78,15,1999999.05,0.0,3
2024-07,FIP Multi,1308027151.6100001,36,352112000.0,134794625.14,7
2024-07,FMP-FGTS,11918501217.51,447865,9040927.36,128279849.55,93
2024-07,Multimercado,2711489717365.61,3786967,106911245136.75,151490561730.39,13191
2024-07,Renda Fixa,7701299392478.16,14900740,1459764429744.46,1358220159831.26,4996
2024-08,Ações,811714157657.66,5628946,12743052749.82,19035041307.18,3953
2024-08,Cambial,10759603819.67,72848,1521813276.59,1543826895.02,65
2024-08,FICFIDC-NP,2282140342.49,3,0.0,0.0,5
2024-08,FIDC,720329312.67,96,0.0,1155617.4300000002,10
2024-08,FIDC-NP,7567647744.17,5,123177707.0,0.0,5
2024-08,FIP,4119888154.12,14,0.0,0.0,3
2024-08,FIP Multi,1666649016.4499998,28,65860891.61,46896088.59,6
2024-08,FMP-FGTS,12358034721.31,443917,5813482.3100000005,136866236.08,93
2024-08,Multimercado,2729469657667.41,3757207,112085116675.05,162259247061.97,13025
2024-08,Renda Fixa,7842608509616.16,15116577,1395015452798.9,1322206084706.22,5099
2024-09,Ações,785101481331.23,5605815,9659717423.72,18306969192.5,3926
2024-09,Cambial,10228439422.41,73046,514925650.13,734929187.32,64
2024-09,FICFIDC-NP,2298506175.13,3,550000.0,2012251.39,3
2024-09,FIDC,668667076.86,68,0.0,6435648.199999999,8
2024-09,FIDC-NP,7074346286.839999,5,677162282.8299999,0.0,5
2024-09,FIP,4368726356.75,13,0.0,13402699.52,3
2024-09,FIP Multi,1853422878.0100002,29,54057000.0,8849999.99,4
2024-09,FMP-FGTS,11799653074.37,440341,10861814.74,141744782.14,93
2024-09,Multimercado,2713752275049.2,3745713,91853436473.42,118139346174.93001,12826
2024-09,Renda Fixa,7916578670767.5,15340624,1398207229991.05,1385447504872.64,5194
2024-10,Ações,782237292037.16,5595825,16499756222.87,21143692021.08,3921
2024-10,Cambial,11286169034.289999,73300,999259763.72,615187252.56,64
2024-10,FICFIDC-NP,2321875166.1099997,3,0.0,0.0,3
2024-10,FIDC,664011906.17,69,1681251.33,336753.16,8
2024-10,FIDC-NP,6853980234.0199995,4,0.0,0.0,4
2024-10,FIP,4090158718.8,13,0.0,0.0,3
2024-10,FIP Multi,388959057.86,27,0.0,19909999.72,3
2024-10,FMP-FGTS,11439440431.42,437364,18294378.77,148626379.99,93
2024-10,Multimercado,2615180991341.11,3736142,91639666242.39,193769306037.99,12700
2024-10,Renda Fixa,8033929494936.33,15454709,1372602071005.66,1323716108081.57,5314
2024-11,Ações,758272338932.17,5584861,12141304316.19,17245828356.51,3887
2024-11,Cambial,12629016721.25,75176,2008945387.1200001,1200307313.09,64
2024-11,FICFIDC-NP,2337736492.78,3,0.0,6844993.3100000005,3
2024-11,FIDC,489334097.6,71,129267.38,76351.03,8
2024-11,FIDC-NP,6508301629.49,4,0.0,0.0,4
2024-11,FIP,3611576130.38,13,0.0,0.0,2
2024-11,FIP Multi,287120166.81,26,0.0,13982815.97,3
2024-11,FMP-FGTS,11085027523.12,435114,7000469.62,89667586.6,93
2024-11,Multimercado,2610078888872.78,3716086,78424525183.18,103667273737.44,12578
2024-11,Renda Fixa,8074522313479.32,15496256,1276955797567.4,1293614450623.37,5394
2024-12,Ações,722663841027.39,5366196,14612189614.35,22657349673.98,3884
2024-12,Cambial,13264840751.72,80977,1429840433.92,1210456694.33,64
2024-12,FICFIDC-NP,2373825662.69,3,0.0,0.0,3
2024-12,FIDC,461524035.28,69,297268.41000000003,8886717.45,7
2024-12,FIDC-NP,12535453699.29,4,0.0,0.0,4
2024-12,FIP,3292434859.57,13,0.0,0.0,2
2024-12,FIP Multi,251262369.74,26,0.0,0.0,2
2024-12,FMP-FGTS,10803815451.25,432962,4114177.16,79372395.27,93
2024-12,Multimercado,2633277463754.53,3750158,111477232872.22,146508784829.84,12491
2024-12,Renda Fixa,7946587587099.38,15392475,1483788660512.8,1664561724173.16,5472
2025-01,Ações,736002389510.96,5548294,10289381711.08,24652695850.47,3871
2025-01,Cambial,11248707140.97,81803,1080654965.84,2495836545.2400002,64
2025-01,FICFIDC-NP,2395910152.97,3,0.0,1202023.64,3
2025-01,FIDC,463085271.21999997,67,0.0,1589471.15,6
2025-01,FIDC-NP,12691750940.34,5,151000000.0,0.0,4
2025-01,FIP,3689236886.85,13,0.0,0.0,2
2025-01,FIP Multi,293249008.6,25,0.0,0.0,1
2025-01,FMP-FGTS,11146316995.08,430102,5785274.09,98360198.35,93
2025-01,Multimercado,2614408045105.03,3730998,87283690922.42,128063930553.95,12381
2025-01,Renda Fixa,8131028157362.88,14905195,1402547753908.41,1307664863690.66,5543
2025-02,Ações,710786892189.98,5521705,9759040919.17,19287199007.36,3860
2025-02,Cambial,11774612837.32,80887,988456427.35,631914255.18,65
2025-02,FICFIDC-NP,2410327670.2400002,3,0.0,1603980.49,3
2025-02,FIDC,462929067.44,67,22500.0,565447.58,6
2025-02,FIDC-NP,15782847533.55,5,0.0,0.0,4
2025-02,FIP,3682719195.0,8,0.0,0.0,2
2025-02,FIP Multi,366373091.91,25,0.0,0.0,1
2025-02,FMP-FGTS,11039781600.17,427373,5654348.16,95930186.97,93
2025-02,Multimercado,2603804686207.43,3694494,109898304908.20999,143324486977.55,12373
2025-02,Renda Fixa,8230099672971.85,14960698,1329287179046.42,1309750504402.68,5628
2025-03,Ações,713660644668.9,5480036,17174469123.28,20492187980.1,3855
2025-03,Cambial,11121684116.74,82059,828322155.4,1160691423.88,65
2025-03,FICFIDC-NP,2444787807.6800003,3,0.0,0.0,3
2025-03,FIDC,432670780.52,33,15000.0,7431937.07,4
2025-03,FIDC-NP,15819726500.990002,5,12000.0,0.0,4
2025-03,FIP,3072751986.98,8,250000.0,631422314.08,2
2025-03,FIP Multi,344736009.82,25,31225336.24,31225336.23,1
2025-03,FMP-FGTS,11564991809.61,423428,5592114.7,111459389.65,93
2025-03,Multimercado,2608592834147.11,3637594,109982129799.98,122909203429.94,12349
2025-03,Renda Fixa,8327699836852.03,15074477,1287875155076.71,1264776801558.57,5694
2025-04,Ações,740061505180.88,5443464,11883997515.41,21956841500.16,3817
2025-04,Cambial,12132366916.34,81591,2017532522.6699998,883496508.46,65
2025-04,FICFIDC-NP,2492248196.0099998,3,0.0,0.0,3
2025-04,FIDC,414351696.51,33,60000.0,1050000.0,4
2025-04,FIDC-NP,7583412243.150001,5,0.0,0.0,4
2025-04,FIP,3509894613.14,8,1000000.0,0.0,2
2025-04,FIP Multi,437685091.22,25,0.0,0.0,1
2025-04,FMP-FGTS,11018098098.58,419605,8313555.8100000005,111489107.97,93
2025-04,Multimercado,2598785603007.14,3580461,91423003949.69,128819107209.47,12285
2025-04,Renda Fixa,8365385657247.9,15131852,1329913501351.07,1373603194023.29,5738
2025-05,Ações,766006425723.31,5438464,8972893972.36,14244847491.26,3810
2025-05,Cambial,12833968289.56,80646,1297823991.35,750279533.4,66
2025-05,FICFIDC-NP,2544737928.29,3,0.0,93884.53,3
2025-05,FIDC,420184791.21,33,15000.0,273024.46,4
2025-05,FIDC-NP,7576832151.969999,5,58000.0,0.0,4
2025-05,FIP,3629103433.1,8,0.0,0.0,2
2025-05,FIP Multi,510764941.06,25,0.0,0.0,1
2025-05,FMP-FGTS,10835000365.710001,415687,8224359.71,101299208.6,93
2025-05,Multimercado,2600680344365.38,3570901,95573204106.33,113643828246.19,12275
2025-05,Renda Fixa,8491582323422.64,15183483,1413136564496.25,1375414729169.7,5836
2025-06,Ações,768196138051.76,5465854,8805180484.04,15502582352.17,3802
2025-06,Cambial,11770146435.7,82480,1135596792.15,1625948248.37,66
2025-06,FICFIDC-NP,2578225770.06,3,0.0,0.0,3
2025-06,FIDC,422655973.29,34,0.0,40000.0,3
2025-06,FIDC-NP,7510554930.25,2,0.0,0.0,2
2025-06,FIP,3589018074.34,8,20000000.0,0.0,1
2025-06,FIP Multi,473878751.99,24,0.0,45793032.21,1
2025-06,FMP-FGTS,10799063987.539999,412792,6216810.08,75766050.24,93
2025-06,Multimercado,2636847157122.89,3483770,91917176501.8,97418328244.70999,12258
2025-06,Renda Fixa,8609340408975.08,15308684,1375851572112.31,1358852939157.02,5928
2025-07,Ações,721534012582.03,5250110,11513075547.99,17070083326.59,3810
2025-07,Cambial,12349298781.51,81523,1506372336.04,1352207359.64,66
2025-07,FICFIDC-NP,2616279127.69,3,0.0,0.0,3
2025-07,FIDC,402114250.13,32,0.0,63152.99,2
2025-07,FIDC-NP,7521439656.839999,2,0.0,0.0,2
2025-07,FIP,3554425155.43,8,0.0,0.0,1
2025-07,FIP Multi,480659139.14,24,0.0,0.0,1
2025-07,FMP-FGTS,10595666114.29,409559,6331469.850000001,93152476.9,93
2025-07,Multimercado,2670718428599.95,3548048,102783565262.88,98243843955.86,12279
2025-07,Renda Fixa,8747936547706.04,15490819,1458882990904.4,1400120941158.36,6023
2025-08,Ações,758413483228.61,5447715,11473369113.44,10844886971.91,3830
2025-08,Cambial,11826735944.95,80474,1008938201.86,1193299340.64,66
2025-08,FICFIDC-NP,2662319398.96,3,0.0,4502217.92,3
2025-08,FIDC,407775333.68,32,0.0,720000.0,2
2025-08,FIDC-NP,7534528135.2699995,2,0.0,55000000.0,2
2025-08,FIP,3334079782.41,8,0.0,0.0,1
2025-08,FIP Multi,493481186.08,24,0.0,0.0,1
2025-08,FMP-FGTS,11459081718.130001,405908,6330997.75,97550294.59,93
2025-08,Multimercado,2702088270571.11,3574449,94812874241.24,86069760373.62,12365
2025-08,Renda Fixa,8824796783354.91,15676547,1360711032080.9,1388727443139.25,6128
2025-09,Ações,780073693849.24,5445814,8704887682.14,11240050236.83,3843
2025-09,Cambial,11851208668.24,78870,1168833186.56,972240157.61,65
2025-09,FICFIDC-NP,2691104550.7,3,0.0,14035133.81,3
2025-09,FIDC,411401905.65,33,305000.0,500000.0,2
2025-09,FIDC-NP,7535264178.120001,2,0.0,0.0,2
2025-09,FIP,3533242609.71,8,0.0,0.0,1
2025-09,FIP Multi,500670677.22,24,0.0,0.0,1
2025-09,FMP-FGTS,12146860680.08,402019,5523204.05,138473372.01,93
2025-09,Multimercado,2754811864038.56,3551760,106568989138.02,100588391050.15,12442
2025-09,Renda Fixa,8993348712941.51,15871999,1481491392537.68,1426453620789.3699,6230
2025-10,Ações,791046098014.52,5205427,11048243604.41,11167442646.9,3866
2025-10,Cambial,12139064464.3,77237,990603345.11,886757962.01,65
2025-10,FICFIDC-NP,2730351731.13,3,0.0,0.0,3
2025-10,FIDC,412804521.25,30,388927689.64,388927689.61,2
2025-10,FIDC-NP,7537366888.99,2,0.0,0.0,2
2025-10,FIP,1606782543.92,10,0.0,0.0,1
2025-10,FIP Multi,508658280.37,24,0.0,0.0,1
2025-10,FMP-FGTS,12469394889.52,398383,7599866.45,126878254.53999999,93
2025-10,Multimercado,2795291501950.13,3619394,104152057360.42,101211181248.40001,12567
2025-10,Renda Fixa,9111972303696.66,16052717,1489527878798.56,1472951933123.97,6383
2025-11,Ações,823619596198.78,5444890,14012496402.78,13733135670.01,3894
2025-11,Cambial,12168234426.47,76191,843756885.03,745234109.16,65
2025-11,FICFIDC-NP,2772366425.1099997,3,0.0,923191.5,3
2025-11,FIDC,408367439.13,4,0.0,6982604.44,2
2025-11,FIDC-NP,7542975462.97,2,0.0,0.0,2
2025-11,FIP,1733407416.63,10,0.0,0.0,1
2025-11,FIP Multi,0.0,0,0.0,513438592.33,1
2025-11,FMP-FGTS,13464058644.23,395449,6496381.34,117777478.8,93
2025-11,Multimercado,2826490614432.54,3594246,90975925433.26,85771244047.8,12665
2025-11,Renda Fixa,9160752115636.87,16182354,1310728409450.73,1349219167097.11,6502
2025-12,Ações,825944405639.37,5472786,15675224988.69,15645191400.220001,3931
2025-12,Cambial,11879309155.1,74986,2061887634.5200002,2727116655.4100003,65
2025-12,FICFIDC-NP,2806239932.04,3,0.0,0.0,3
2025-12,FIDC,434832205.59,4,0.0,0.0,2
2025-12,FIDC-NP,449650.13,1,0.0,0.0,1
2025-12,FIP,1140673980.56,10,0.0,0.0,1
2025-12,FIP Multi,0.0,0,0.0,0.0,1
2025-12,FMP-FGTS,13771443803.62,392646,7988672.23,113427539.98,93
2025-12,Multimercado,2734236688149.62,3622282,128537427360.84,121505653697.43001,12814
2025-12,Renda Fixa,9171036000637.28,16107727,1796766064188.86,1891191282515.91,6667
2026-01,Ações,876630169944.61,5515042,12376018464.98,13985193242.27,3953
2026-01,Cambial,11809697992.51,74102,1209434223.99,814185407.2,65
2026-01,FICFIDC-NP,2858795592.0699997,3,0.0,0.0,3
2026-01,FIDC,0.0,0,0.0,439916058.12,1
2026-01,FIDC-NP,434927.47,1,0.0,0.0,1
2026-01,FIP,1184029593.24,10,0.0,0.0,1
2026-01,FIP Multi,0.0,0,0.0,0.0,1
2026-01,FMP-FGTS,15383729307.0,389636,4176801.28,155643522.61,93
2026-01,Multimercado,2900184162772.79,3729746,130614746179.86,109061110543.72,12884
2026-01,Renda Fixa,9415628048820.61,16394197,1487847996707.78,1392393760004.14,6772
2026-02,Ações,888556507136.4,5559833,13478871152.59,16876027991.92,3973
2026-02,Cambial,11224351860.5,74080,690746617.57,1060152388.31,65
2026-02,FICFIDC-NP,2878355954.4400005,3,0.0,1153117.42,3
2026-02,FIDC,0.0,0,0.0,0.0,1
2026-02,FIDC-NP,428046.05,1,0.0,0.0,1
2026-02,FIP,0.0,0,0.0,1181779918.08,1
2026-02,FIP Multi,0.0,0,0.0,0.0,1
2026-02,FMP-FGTS,16365683613.54,386573,4136274.9699999997,186471596.84,93
2026-02,Multimercado,2920971427093.6,3756028,88341175963.21,88278064416.94,12965
2026-02,Renda Fixa,9604962835679.02,16613729,1439081666463.84,1343611505062.7,6846
2026-03,Ações,866854342196.21,5563153,13473515552.93,13440380044.63,3997
2026-03,Cambial,11075990070.64,73957,757461415.71,1068728191.8199999,65
2026-03,FICFIDC-NP,2912064562.95,3,0.0,0.0,3
2026-03,FIDC,0.0,0,0.0,0.0,1
2026-03,FIDC-NP,416338.19,1,0.0,0.0,1
2026-03,FIP Multi,0.0,0,0.0,0.0,1
2026-03,FMP-FGTS,16415108557.72,382982,9854891.53,324615982.98,93
2026-03,Multimercado,2831474388485.98,3754877,112323819781.12,114644202781.89,13062
2026-03,Renda Fixa,9742701863859.8,16748404,1656577890761.54,1614984897243.21,6946
2026-04,Ações,887612720337.18,5596147,11889735418.76,10262844470.789999,4019
2026-04,Cambial,11996098992.93,74431,2361500111.11,986125512.13,65
2026-04,FICFIDC-NP,2948266658.9700003,3,0.0,0.0,3
2026-04,FIDC-NP,440501.08,1,0.0,0.0,1
2026-04,FIP PD&I,136269523.15,2,0.0,0.0,1
2026-04,FMP-FGTS,16527540786.82,379761,13923802.74,306390124.18,93
2026-04,Multimercado,2829588334753.83,3769320,91478327491.17,106307883402.37,13155
2026-04,Renda Fixa,9841659670403.36,16768873,1536609435275.56,1528532633338.12,7033
2026-05,Ações,855440571422.42,5593351,11999880874.25,9696312571.83,4038
2026-05,Cambial,12400923279.86,74220,881871822.17,723557779.6899999,65
2026-05,FICFIDC-NP,2965692371.45,3,0.0,0.0,3
2026-05,FIDC-NP,447488.75,1,0.0,0.0,1
2026-05,FIP PD&I,136250855.69,2,0.0,0.0,1
2026-05,FMP-FGTS,14633215685.539999,377317,6671692.66,165753419.04,93
2026-05,Multimercado,2838436127430.84,3712235,80583884003.27,90058683976.98999,13236
2026-05,Renda Fixa,9919853494027.78,16924244,1464261459561.75,1478061048242.13,7111
2026-06,Ações,853203503867.34,5576884,10966393026.5,11062498737.84,4071
2026-06,Cambial,12798407840.09,73374,849615537.64,803654578.29,65
2026-06,FICFIDC-NP,2984982155.29,3,0.0,0.0,3
2026-06,FIDC-NP,310314.58,1,0.0,0.0,1
2026-06,FIP PD&I,136126269.91,2,0.0,0.0,1
2026-06,FMP-FGTS,14199077828.0,375184,7060961.86,98823612.52,93
2026-06,Multimercado,2836832030263.6,3675357,92030648772.66,108778909721.08,13308
2026-06,Renda Fixa,10058231738137.25,16953193,1600117076882.68,1567111995083.2,7189
2026-07,Ações,857107522833.6,5566230,15727178810.48,16097578187.12,4104
2026-07,Cambial,11657436212.14,73794,1610895728.02,2556660345.86,65
2026-07,FICFIDC-NP,3020811644.83,2,0.0,7611465.59,3
2026-07,FIDC-NP,0.0,0,0.0,0.0,1
2026-07,FIP PD&I,138574772.99,2,2550000.0,0.0,1
2026-07,FMP-FGTS,14394383058.2,373662,3460277.89,91329592.1,93
2026-07,Multimercado,2799116535958.19,3619455,75126321797.44,92755024444.24,13382
2026-07,Renda Fixa,10157851141129.66,17233471,1589006335942.29,1607243104508.49,7284
2026-08,Ações,866073088219.64,5558591,15032628489.8,15577417318.46,4118
2026-08,Cambial,12540984882.16,72860,1263310214.95,675164316.4399999,65
2026-08,FICFIDC-NP,3058709814.7200003,2,0.0,0.0,2
2026-08,FIP PD&I,138088269.15,2,0.0,0.0,1
2026-08,FMP-FGTS,14674215718.04,371445,3090327.99,84760937.22,93
2026-08,Multimercado,2827909521807.9,3579404,117824896208.41,117909453066.11,13491
2026-08,Renda Fixa,10329221874723.23,17387253,1599831171222.63,1532243287811.66,7366
2026-09,Ações,892104219601.25,5527409,13647133634.69,18861868310.61,4153
2026-09,Cambial,12436547500.77,72048,1006274875.17,1109057199.83,65
2026-09,FICFIDC-NP,0.0,0,0.0,3072691253.47,2
2026-09,FIP PD&I,138009185.76,2,0.0,0.0,1
2026-09,FMP-FGTS,14778625750.49,369845,5065285.24,116134655.67,93
2026-09,Multimercado,2850540543018.73,3571048,123858714916.49,120887049988.54001,13557
2026-09,Renda Fixa,10393556967530.5,17255659,1528356232202.1,1566249940245.27,7450
2026-10,Ações,960330767008.71,5541007,2855463729.69,4151852649.32,4144
2026-10,Cambial,11999943530.25,71831,228109291.63,219821369.63,65
2026-10,FIP PD&I,138114150.73,2,0.0,0.0,1
2026-10,FMP-FGTS,15806867637.68,369445,1021599.24,32111338.9,93
2026-10,Multimercado,2724962565841.7397,3524633,13416882508.0,17096903541.5,13326
2026-10,Renda Fixa,10413331062751.08,17243892,273625975485.33,287035808128.81,7442
