ano_fre,ref,cnpj,nome,pf,pj,inst,ff_pct
2019,2019,00.000.000/0001-91,BCO BRASIL S.A.,447343,13248,2476,49.50298
2019,2019,00.000.208/0001-00,BRB BANCO DE BRASILIA S.A.,1065,33,0,3.14
2019,2019,00.001.180/0001-26,CENTRAIS ELET BRAS S.A. - ELETROBRAS,47368,9822,868,38.12777
2019,2019,00.070.698/0001-11,COMPANHIA ENERGÉTICA DE BRASÍLIA - CEB,1023,73,11,19.798822
2019,2019,00.192.769/0001-59,NEUMARKT TRADE AND FINANCIAL CENTER S/A,0,1,0,0.0
2019,2019,00.272.185/0001-93,CIMS S.A.,0,2,0,0.0
2019,2019,00.336.701/0001-04,TELEC BRASILEIRAS S.A. TELEBRAS,7366,1565,74,4.247522
2019,2019,00.359.742/0001-08,FICTOR ALIMENTOS S.A.,1993,24,0,30.330819
2019,2019,00.383.281/0001-09,BNDES PARTICIPACOES S.A. - BNDESPAR,0,1,0,0.0
2019,2019,00.389.481/0001-79,LM TRANSPORTES INTERESTADUAIS SERVIÇOS E COMÉRCIO S.A.,0,2,0,0.0
2019,2019,00.416.968/0001-01,BANCO INTER S.A.,175844,264,320,61.189082
2019,2019,00.514.998/0001-42,ELETRON S.A.,2,1,0,0.0
2019,2019,00.545.378/0001-70,SERRA AZUL WATER PARK SA,0,0,2,100.0
2019,2019,00.622.416/0001-41,STATKRAFT ENERGIAS RENOVAVEIS S.A.,0,2,0,0.0
2019,2019,00.644.907/0001-93,INVESTCO S.A.,13,32,0,100.0
2019,2019,00.743.065/0001-27,LITEL PARTICIPACOES S.A.,0,6,3,0.0
2019,2019,00.776.574/0001-56,AMERICANAS S.A. - EM RECUPERAÇÃO JUDICIAL,11323,712,373,37.288329
2019,2019,00.861.626/0001-92,CONC RODOVIA PRES. DUTRA S.A.,0,2,0,0.0
2019,2019,00.864.214/0001-06,ENERGISA S.A.,6023,635,575,68.94
2019,2019,00.897.864/0001-58,SANTA CATARINA PART INVEST SA,0,2,0,100.0
2019,2019,00.924.429/0001-75,FERROVIA CENTRO-ATLANTICA S.A.,0,7,0,1.9e-05
2019,2019,00.938.574/0001-05,CONC RIO-TERESOPOLIS S.A.,0,7,1,100.0
2019,2019,00.974.211/0001-25,LINHA AMARELA S.A. - LAMSA,0,1,0,0.0
2019,2019,00.979.969/0001-56,CAIXA ADM DIV PUB ESTADUAL SA,5,1,0,0.0
2019,2019,01.027.058/0001-91,CIELO S.A. -  INSTITUIÇÃO DE PAGAMENTO,61803,838,960,41.165364
2019,2019,01.083.200/0001-18,NEOENERGIA S.A.,23030,690,197,19.710956
2019,2019,01.104.937/0001-70,ELETROBRÁS PARTICIPAÇÕES S.A. - ELETROPAR,28279,225,0,16.29
2019,2019,01.107.327/0001-20,BBM LOGÍSTICA S.A.,2,0,1,0.0
2019,2019,01.258.943/0001-81,ITAITINGA PARTICIPACOES S.A.,1,1,0,100.0
2019,2019,01.258.944/0001-26,RUMO MALHA SUL S.A.,0,1,0,0.0
2019,2019,01.258.945/0001-70,GRUCAI PARTICIPACOES S.A.,1,1,0,100.0
2019,2019,01.319.044/0001-41,WTC AMAZONAS SUITE HOTEL S.A.,4,0,0,100.0
2019,2019,01.417.222/0001-77,MRS LOGISTICA S.A.,400,16,0,1.841552
2019,2019,01.545.826/0001-07,GAFISA S.A.,13833,146,95,95.4473
2019,2019,01.548.981/0001-79,INVESTIMENTOS BEMGE S.A.,1254,124,2,1.80081
2019,2019,01.616.929/0001-02,SANEAMENTO DE GOIAS SA,1,60,3,0.0
2019,2019,01.838.723/0001-27,BRF S.A.,50335,3730,31,99.869901
2019,2019,01.851.771/0001-55,524 PARTICIPACOES S.A.,0,1,1,0.0
2019,2019,01.858.774/0001-10,BV LEASING - ARRENDAMENTO MERCANTIL S.A.,0,1,0,100.0
2019,2019,01.896.779/0001-38,CSU DIGITAL S.A.,13380,95,67,40.011373
2019,2019,01.917.818/0001-36,LIGHT ENERGIA S.A.,0,1,0,0.0
2019,2019,01.938.783/0001-11,CIA PARTICIPACOES ALIANCA DA BAHIA,973,38,3,43.82
2019,2019,01.957.772/0001-89,SUL 116 PARTICIPACOES S.A.,0,4,1,0.0
2019,2019,01.971.614/0001-83,EMPRESA NAC COM REDITO PART S.A.ENCORPAR,609,7,1,17.78
2019,2019,01.989.044/0001-59,WTC RIO EMPREEND. E PARTICIPAÇÕES S.A.,3,0,0,100.0
2019,2019,02.016.440/0001-62,RGE SUL DISTRIBUIDORA DE ENERGIA S.A.,0,1,0,0.0
2019,2019,02.062.747/0001-08,SUDESTE S.A.,0,1,1,9e-06
2019,2019,02.084.220/0001-76,NUMERAL 80 PARTICIPAÇÕES S.A.,0,1,0,0.0
2019,2019,02.105.040/0001-23,VIRGO II COMPANHIA DE SECURITIZACAO,0,19,0,100.0
2019,2019,02.149.205/0001-69,PORTO SEGURO S.A.,11557,64,914,29.124984
2019,2019,02.162.616/0001-94,UPTICK PARTICIPACOES S.A. - EM LIQUIDAÇÃO,1,1,0,0.0
2019,2019,02.193.750/0001-52,DEXXOS PARTICIPAÇÕES S.A.,944,480,0,100.0
2019,2019,02.201.787/0001-85,CEL PARTICIPAÇÕES S.A. - CELPAR,1,3,0,100.0
2019,2019,02.217.319/0001-07,YBYRÁ CAPITAL S.A.,1,0,1,0.0
2019,2019,02.221.531/0001-30,RDN CONCESSÕES E PARTICIPAÇÕES S.A.,0,3,0,14.08
2019,2019,02.222.736/0001-30,EMPRESA CONC RODOV DO NORTE S.A.ECONORTE,0,1,0,100.0
2019,2019,02.258.422/0001-97,INEPAR EQUIPAMENTOS E MONTAGENS S/A - EM RECUPERACAO JUDICIA,0,1,0,0.0
2019,2019,02.281.836/0001-37,TRANSNORDESTINA LOGISTICA SA,0,6,0,0.0
2019,2019,02.286.479/0001-08,LOCALIZA FLEET S.A.,0,1,0,0.0
2019,2019,02.291.077/0001-93,PRODUTORES ENERGET.DE MANSO S.A.- PROMAN,0,1,5,45.0
2019,2019,02.302.100/0001-06,EDP SÃO PAULO DISTRIBUIÇÃO DE ENERGIA S.A.,0,1,0,100.0
2019,2019,02.302.101/0001-42,EMAE - EMPRESA METROP. DE AGUAS E ENERGIA S.A.,28720,411,30,61.01043
2019,2019,02.318.346/0001-68,OPPORTUNITY ENERGIA E PARTICIPACOES S.A. - EM LIQUIDAÇÃO,0,1,1,0.002
2019,2019,02.328.280/0001-97,ELEKTRO REDES S.A.,920,7,14,0.321969
2019,2019,02.338.534/0001-58,LONGDIS S.A.,6,3,2,0.4949
2019,2019,02.351.144/0001-18,TEGMA GESTAO LOGISTICA S.A.,5308,34,270,48.493434
2019,2019,02.351.877/0001-52,LWSA S/A,16610,169,300,65.528091
2019,2019,02.357.251/0001-53,LIFEMED INDUSTRIAL DE EQUIP. E ART. MEDICOS E HOSP. S.A,0,5,0,0.0
2019,2019,02.365.069/0001-44,PADTEC HOLDING S.A.,1674,26,28,99.166856
2019,2019,02.373.517/0001-51,LIBRA TERMINAL RIO S.A. - EM RECUPERAÇÃO JUDICIAL,0,1,0,100.0
2019,2019,02.382.073/0001-10,PROLAGOS S/A - CONC.DE SERVICOS PÚBLICOS DE ÁGUA E ESGOTO,3,1,0,0.0
2019,2019,02.387.241/0001-60,RUMO S.A.,40628,857,20,67.59
2019,2019,02.397.080/0001-96,ITAPEBI GERACAO DE ENERGIA S.A.,0,2,0,0.0
2019,2019,02.415.408/0001-50,CONC ROD.OESTE SP VIAOESTE S.A,0,1,0,0.0
2019,2019,02.421.421/0001-11,TIM S.A.,0,1,0,0.0
2019,2019,02.429.144/0001-93,CPFL ENERGIA S.A.,14730,4741,266,15.0
2019,2019,02.451.848/0001-62,CONC SIST ANHANG-BANDEIRANT S.A. AUTOBAN,0,1,0,0.0
2019,2019,02.474.103/0001-19,ENGIE BRASIL ENERGIA S.A.,49209,7768,1173,31.23
2019,2019,02.502.844/0001-66,RUMO MALHA PAULISTA S.A.,0,1,0,0.0
2019,2019,02.509.186/0001-34,TRIÂNGULO DO SOL AUTO-ESTRADAS S.A.,0,1,0,100.0
2019,2019,02.509.491/0001-26,CONC ECOVIAS IMIGRANTES S.A.,0,3,0,0.0
2019,2019,02.555.926/0001-79,CENTROVIAS-SISTEMAS RODOVIARIOS S/A,0,1,0,0.0
2019,2019,02.558.115/0001-21,TIM PARTICIPACOES S.A.,1261270,240180,662,33.38705
2019,2019,02.558.157/0001-62,TELEFÔNICA BRASIL S.A,1850700,472169,3735,26.273656
2019,2019,02.591.787/0001-39,CAPITALPART PARTICIPACOES S.A.,22,0,0,0.651364
2019,2019,02.604.860/0001-60,INNCORP S.A.,22,3,0,0.0
2019,2019,02.643.896/0001-52,REAL AI PIC SEC DE CREDITOS IMOBILIARIO S.A.,0,1,0,0.0
2019,2019,02.664.042/0001-52,TERMINAL GARAGEM MENEZES CORTES S.A.,0,2,0,0.0
2019,2019,02.679.185/0001-38,AUTOVIAS S/A,0,1,0,0.0
2019,2019,02.682.287/0001-02,"PAN FINANCEIRA S.A. - CRÉDITO, FINANCIAMENTO E INVESTIMENTO",0,2,0,100.0
2019,2019,02.724.983/0001-34,SANESALTO SANEAMENTO S.A.,0,1,0,0.0
2019,2019,02.736.470/0001-43,CONFIANZA SECURITIZADORA SA,3,1,0,0.0
2019,2019,02.762.113/0001-50,BRAZILIAN FINANCE E REAL ESTATE S.A.,0,1,0,0.0
2019,2019,02.762.115/0001-49,MASSA FALIDA DA MMX MINERACAO E METALICOS S.A.,12244,149,63,42.58
2019,2019,02.762.121/0001-04,SANTOS BRASIL PARTICIPACOES S.A.,73697,158,299,99.301717
2019,2019,02.762.124/0001-30,BETAPART PARTICIPACOES S.A.,4,0,0,100.0
2019,2019,02.773.542/0001-22,OPEA SECURITIZADORA S.A.,0,2,0,1e-06
2019,2019,02.783.423/0001-50,ALTERE SECURITIZADORA S.A.,2,0,0,100.0
2019,2019,02.796.775/0001-40,GAMA PARTICIPACOES S.A.,0,2,1,0.0
2019,2019,02.800.026/0001-40,COGNA EDUCAÇÃO S.A.,165446,2403,2403,98.475368
2019,2019,02.846.056/0001-97,MOTIVA INFRAESTRUTURA DE MOBILIDADE S.A.,22493,171,1293,55.232453
2019,2019,02.860.694/0001-62,T4F ENTRETENIMENTO S.A.,7755,116,60,51.833028
2019,2019,02.916.265/0001-60,JBS S.A.,9826,97,1228,59.391591
2019,2019,02.919.555/0001-67,ARTERIS S.A.,0,4,0,0.0
2019,2019,02.932.074/0001-91,HYPERA S.A.,27999,152,1192,64.456425
2019,2019,02.950.811/0001-89,PDG REALTY S.A. EMPREEND E PARTICIPACOES,8746,149,19,100.0
2019,2019,02.992.449/0001-09,PROMPT PARTICIPACOES S.A.,0,1,2,0.0
2019,2019,02.998.301/0001-81,RIO PARANAPANEMA ENERGIA S.A.,9848,231,18,3.81
2019,2019,02.998.611/0001-04,ISA ENERGIA BRASIL,57519,361,1499,64.181008
2019,2019,03.014.553/0001-91,TPI - TRIUNFO PARTICIP. E INVEST. S.A.,6420,98,1,42.09051
2019,2019,03.025.305/0001-46,RODOVIAS DAS COLINAS S.A.,0,1,0,100.0
2019,2019,03.207.703/0001-83,CONCESSIONARIA DE RODOVIAS DO INTERIOR PAULISTA S/A,0,2,0,0.0
2019,2019,03.220.438/0001-73,EQUATORIAL S.A.,9886,1493,1453,100.0
2019,2019,03.303.999/0001-36,DTCOM - DIRECT TO COMPANY S.A.,211,0,5,2.39
2019,2019,03.378.521/0001-75,LIGHT S.A. - EM RECUPERAÇÃO JUDICIAL,31836,535,154,100.0
2019,2019,03.467.321/0001-99,ENERGISA MATO GROSSO-DISTRIBUIDORA DE ENERGIA S/A,138,60,9,2.49
2019,2019,03.538.833/0001-07,XX DE NOVEMBRO INVESTIMENTOS E PARTICIPAÇÕES S.A.,1,0,1,0.0
2019,2019,03.559.006/0001-91,RB CAPITAL SECURITIZADORA S.A.,0,2,0,0.0
2019,2019,03.758.318/0001-24,INVESTIMENTOS E PARTICIP. EM INFRA S.A. - INVEPAR,0,2,3,50.0
2019,2019,03.767.538/0001-14,BRAZILIAN SECURITIES CIA SECURITIZACAO,0,1,0,0.0
2019,2019,03.795.050/0001-09,TERMOPERNAMBUCO S.A.,0,1,0,0.0
2019,2019,03.818.379/0001-30,SABER SERVIÇOS EDUCACIONAIS S.A.,0,3,0,0.0
2019,2019,03.847.461/0001-92,BRADESPAR S.A.,90744,11127,455,71.449853
2019,2019,03.853.896/0001-40,MARFRIG GLOBAL FOODS S.A.,26550,108,412,59.483
2019,2019,03.953.509/0001-47,CPFL GERACAO DE ENERGIA S.A.,0,1,0,0.0
2019,2019,03.983.431/0001-03,EDP - ENERGIAS DO BRASIL S.A.,42821,270,823,48.677932
2019,2019,04.030.182/0001-02,CABINDA PARTICIPACOES S.A.,1,1,0,0.0
2019,2019,04.031.213/0001-31,CACONDE PARTICIPACOES S.A.,1,1,0,0.0
2019,2019,04.031.960/0001-70,ANDRADE GUTIERREZ PARTICIPACOES S.A.,3,1,0,100.0
2019,2019,04.032.433/0001-80,CONTAX PARTICIPAÇÕES S.A. - EM RECUPERAÇÃO JUDICIAL,4320,89,53,17.561
2019,2019,04.038.763/0001-82,CAIANDA PARTICIPACOES S.A.,1,1,0,100.0
2019,2019,04.065.791/0001-99,SINQIA S.A.,63808,345,122,83.57396
2019,2019,04.089.570/0001-50,ÁGUAS GUARIROBA S.A,4,1,0,0.0
2019,2019,04.128.563/0001-10,AES TIETE ENERGIA SA,32599,383,477,75.715929
2019,2019,04.149.454/0001-80,ECORODOVIAS INFRAESTRUTURA E LOGÍSTICA S.A.,19788,96,437,30.62101
2019,2019,04.172.213/0001-51,CIA PIRATININGA DE FORCA E LUZ,0,1,0,0.0
2019,2019,04.200.649/0001-07,COMPANHIA PROVINCIA DE SECURITIZACAO,3,2,0,100.0
2019,2019,04.233.319/0001-18,NCF PARTICIPAÇÕES S/A,0,3,0,0.0
2019,2019,04.370.282/0001-70,COPEL GERAÇÃO E TRANSMISSÃO S.A.,0,1,0,0.0
2019,2019,04.423.567/0001-21,ENEVA S.A,30155,639,0,99.899528
2019,2019,04.437.534/0001-30,LOCAMÉRICA RENT-A-CAR S.A.,0,1,0,0.0
2019,2019,04.634.250/0001-34,NOVA ACAO PARTICIPACOES S.A.,1,1,0,0.0
2019,2019,04.752.991/0001-10,BIOMM S.A.,1238,54,36,38.6238
2019,2019,04.821.041/0001-08,METALFRIO SOLUTIONS S.A.,359,12,1,46.15
2019,2019,04.895.728/0001-80,EQUATORIAL PARÁ DISTRIBUIDORA DE ENERGIA S.A.,1734,554,17,3.5
2019,2019,04.902.979/0001-44,BCO AMAZONIA S.A.,14460,540,19,3.615702
2019,2019,04.912.242/0001-02,PORTUENSE FERRAGENS S/A,170,4,0,100.0
2019,2019,04.913.711/0001-08,BCO ESTADO DO PARA S.A.,216,61,1,0.021876
2019,2019,04.986.320/0001-13,SER EDUCACIONAL S.A.,3381,159,225,42.21
2019,2019,04.992.714/0001-84,NOVA TRANSPORTADORA DO SUDESTE S.A. - NTS,0,3,0,0.0
2019,2019,05.197.443/0001-38,HAPVIDA PARTICIPAÇÕES E INVESTIMENTOS S.A.,5936,0,329,29.212
2019,2019,05.336.882/0001-84,CACHOEIRA PAULISTA TRANSMISSORA ENERGIA S.A.,0,1,0,100.0
2019,2019,05.341.549/0001-63,TARPON INVESTIMENTOS S.A.,2650,13,12,35.499662
2019,2019,05.495.546/0001-84,LITELA PARTICIPAÇÕES S.A. - EM LIQUIDAÇÃO,1,3,3,100.0
2019,2019,05.721.735/0001-28,WILSON SONS LTD.,573,138,76,41.83
2019,2019,05.730.375/0001-20,SMILES FIDELIDADE S.A.,10515,60,624,47.392819
2019,2019,05.799.312/0001-20,TERRA SANTA AGRO S.A.,6304,59,52,33.556
2019,2019,05.878.397/0001-32,ALLOS S.A.,4682,12,451,47.925963
2019,2019,05.889.284/0001-32,CSA-COMPANHIA SECURITIZADORA DE ATIVOS,3,2,0,0.0
2019,2019,06.016.348/0001-53,VENTOS DO SUL ENERGIA S.A.,0,3,0,0.0
2019,2019,06.047.087/0001-39,REDE D'OR SÃO LUIZ S.A.,7,7,0,37.901193
2019,2019,06.082.980/0001-03,ALIANSCE SHOPPING CENTERS S.A.,2403,301,6,49.854478
2019,2019,06.137.677/0001-52,BRPR 56 SECURITIZADORA CRED IMOB S.A.,0,1,0,100.0
2019,2019,06.164.253/0001-87,GOL LINHAS AEREAS INTELIGENTES S.A.,90497,324,477,4.360746
2019,2019,06.272.793/0001-84,EQUATORIAL MARANHÃO DISTRIBUIDORA DE ENERGIA S.A.,1466,27,18,34.89
2019,2019,06.626.253/0001-51,EMPREENDIMENTOS PAGUE MENOS S.A.,7,1,0,0.0
2019,2019,06.948.969/0001-75,LINX S.A.,5854,0,215,84.96
2019,2019,06.977.745/0001-91,BR MALLS PARTICIPACOES S.A.,43184,199,1046,96.631
2019,2019,06.977.751/0001-49,BR PROPERTIES S.A.,4653,32,277,40.703648
2019,2019,06.981.176/0001-58,CEMIG GERACAO E TRANSMISSAO S.A.,0,1,0,0.0
2019,2019,06.981.180/0001-16,CEMIG DISTRIBUICAO S.A.,0,1,0,0.0
2019,2019,06.981.381/0001-13,CTC - CENTRO DE TECNOLOGIA CANAVIEIRA S.A.,0,89,1,20.8251
2019,2019,07.021.459/0001-10,BETA SECURITIZADORA S.A.,0,1,1,100.0
2019,2019,07.040.108/0001-57,CAGECE - CIA DE AGUA E ESGOTO DO CEARA,4,5,0,11.586
2019,2019,07.043.628/0001-13,CLARO TELECOM PARTICIPAÇÕES S.A.,0,2,0,0.0
2019,2019,07.047.251/0001-70,CIA ENERGETICA DO CEARA - COELCE,2113,96,92,25.948939
2019,2019,07.119.838/0001-48,SECME - COMPANHIA SECURITIZADORA DE CRÉDITOS IMOBILIÁRIOS,0,2,0,0.0
2019,2019,07.206.816/0001-15,M.DIAS BRANCO S.A. IND COM DE ALIMENTOS,58026,204,596,24.664791
2019,2019,07.237.373/0001-20,BCO NORDESTE DO BRASIL S.A.,8387,1114,10,0.7
2019,2019,07.253.321/0001-47,CARBOMIL SA MINER. E INDUSTRIA,5,1,0,100.0
2019,2019,07.275.159/0001-68,PETROLEO LUB DO NORDESTE SA,177,365,0,84.33
2019,2019,07.282.377/0001-20,ENERGISA SUL-SUDESTE - DISTRIBUIDORA DE ENERGIA S/A,22,9,0,0.754
2019,2019,07.334.600/0001-35,MARINA DE IRACEMA PARK SA,8,2,0,0.0
2019,2019,07.401.436/0001-31,ELDORADO BRASIL CELULOSE S.A.,0,2,0,100.0
2019,2019,07.437.016/0001-05,CINESYSTEM S.A.,3,1,2,0.0
2019,2019,07.526.557/0001-00,AMBEV S.A.,137794,2014,695,27.67
2019,2019,07.587.384/0001-30,PLANETA SECURITIZADORA S.A.,1,1,0,0.0
2019,2019,07.594.978/0001-78,SMARTFIT ESCOLA DE GINÁSTICA E DANÇA S.A.,12,13,0,0.0
2019,2019,07.628.528/0001-59,BRASILAGRO - CIA BRAS DE PROP AGRICOLAS,7468,142,45,47.5549
2019,2019,07.659.538/0001-51,DINAMICA ENERGIA S.A.,3,1,0,100.0
2019,2019,07.689.002/0001-89,EMBRAER S.A.,67692,14965,211,99.419
2019,2019,07.718.269/0001-57,SPRINGS GLOBAL PARTICIPACOES S.A.,6287,104,30,46.821594
2019,2019,07.816.890/0001-53,MULTIPLAN - EMPREEND IMOBILIARIOS S.A.,10672,1230,0,46.08
2019,2019,07.820.907/0001-46,FICA EMPREENDIMENTOS IMOBILIÁRIOS S.A.,283,8,15,82.721818
2019,2019,07.857.850/0001-50,"GP INVESTMENTS, LTD.",470,4,73,100.0
2019,2019,07.859.510/0001-68,JHSF MALLS S.A.,0,3,0,0.0
2019,2019,07.859.971/0001-30,TRANSMISSORA ALIANÇA DE ENERGIA ELÉTRICA S.A.,38435,157,920,63.445266
2019,2019,07.882.930/0001-65,MITRE REALTY EMPREENDIMENTOS E PARTICIPAÇÕES S.A.,2,2,0,51.09
2019,2019,07.950.674/0001-04,CCX CARVÃO DA COLÔMBIA S.A. - EM LIQUIDAÇÃO,1298,6,0,43.7799
2019,2019,08.065.557/0001-12,TECNISA S.A.,82555,360,118,74.44136
2019,2019,08.070.508/0001-78,RAIZEN ENERGIA S.A.,0,3,0,100.0
2019,2019,08.078.847/0001-09,LPS BRASIL - CONSULTORIA DE IMOVEIS S.A.,13969,192,70,77.543152
2019,2019,08.159.965/0001-33,IGUA SANEAMENTO S.A.,0,1,2,0.0
2019,2019,08.294.224/0001-65,JHSF PARTICIPACOES S.A.,20108,364,254,38.88362
2019,2019,08.312.229/0001-73,EZ TEC EMPREEND. E PARTICIPACOES S.A.,16869,79,417,42.127652
2019,2019,08.324.196/0001-81,CIA ENERGETICA DO RIO GDE NORTE - COSERN,5769,429,7,1.132181
2019,2019,08.343.492/0001-20,MRV ENGENHARIA E PARTICIPACOES S.A.,17739,78,956,61.148
2019,2019,08.364.948/0001-38,ALUPAR INVESTIMENTO S/A,10655,519,0,47.8
2019,2019,08.402.943/0001-52,GUARARAPES CONFECCOES S.A.,8877,495,0,17.25
2019,2019,08.424.178/0001-71,TECBLU TECELAGEM BLUMENAU S.A.,3,4,0,100.0
2019,2019,08.439.659/0001-50,CPFL ENERGIAS RENOVÁVEIS S.A.,273,3,9,0.055926
2019,2019,08.467.115/0001-00,CIA ESTADUAL DE DISTRIB ENER ELET-CEEE-D,33,196,0,34.08
2019,2019,08.493.364/0001-62,CIA MINEIRA DE AÇUCAR E ALCOOL PARTICIPAÇÕES,0,3,0,100.0
2019,2019,08.534.605/0001-74,RENOVA ENERGIA S.A.,2741,39,24,29.217261
2019,2019,08.560.444/0001-93,CIA CELG DE PARTICIPACOES - CELGPAR,258,92,0,0.1
2019,2019,08.574.411/0001-00,PRÁTICA PRODUTOS S.A.,0,2,0,100.0
2019,2019,08.613.550/0001-98,NEXPE PARTICIPAÇÕES S.A,3550,16,51,97.8
2019,2019,08.653.753/0001-08,BRC SECURITIZADORA S.A.,0,1,0,0.0
2019,2019,08.764.621/0001-53,GENERAL SHOPPING E OUTLETS DO BRASIL BRASIL S.A.,2515,12,25,97.225277
2019,2019,08.769.451/0001-08,VIRGO COMPANHIA DE SECURITIZAÇÃO,0,1,0,100.0
2019,2019,08.773.191/0001-36,BRASILIANA PARTICIPAÇÕES S/A,0,2,0,0.0
2019,2019,08.795.211/0001-70,MAESTRO LOCADORA DE VEICULOS S.A.,3,1,3,0.0
2019,2019,08.801.621/0001-86,SYN PROP & TECH S.A.,5543,90,254,43.507105
2019,2019,08.807.432/0001-10,YDUQS PARTICIPACOES S.A.,7192,692,247,96.952053
2019,2019,08.811.643/0001-27,TRISUL S.A.,6613,147,147,42.66
2019,2019,08.822.767/0001-08,CONCESSIONÁRIA DA RODOVIA MG-050 S.A.,0,1,0,100.0
2019,2019,08.827.501/0001-58,AEGEA SANEAMENTO E PARTICIPAÇÕES S.A.,0,4,0,28.37
2019,2019,08.873.873/0001-10,ECORODOVIAS CONCESSÕES E SERVIÇOS S.A.,0,1,0,0.0
2019,2019,08.884.213/0001-35,BCO PATAGONIA S.A.,2043,65,2,19.610554
2019,2019,08.903.116/0001-42,NOVA SECURITIZACAO S.A.,0,1,0,100.0
2019,2019,08.926.302/0001-05,DOMMO ENERGIA S.A.,35631,431,153,99.972629
2019,2019,08.935.054/0001-50,MULTINER S/A,0,2,1,100.0
2019,2019,08.937.002/0001-13,VISION SECURITIZADORA S.A.,2,1,0,100.0
2019,2019,09.041.168/0001-10,LOG COMMERCIAL PROPERTIES E PARTICIPAÇÕES,19933,234,317,59.047
2019,2019,09.054.385/0001-44,INBRANDS S.A.,12,3,0,0.0682
2019,2019,09.074.183/0001-64,TRANSBRASILIANA CONCESSIONÁRIA DE RODOVIA S.A,0,1,0,100.0
2019,2019,09.095.183/0001-40,ENERGISA PARAÍBA - DISTRIBUIDORA DE ENERGIA S/A,0,1,0,0.0
2019,2019,09.112.685/0001-32,OSX BRASIL S.A. - EM RECUPERAÇÃO JUDICIAL,2803,28,32,33.99
2019,2019,09.116.278/0001-01,CONPEL CIA NORDESTINA PAPEL - EM RECUPERAÇÃO JUDICIAL,0,1,0,100.0
2019,2019,09.149.503/0001-06,SERENA GERAÇÃO S.A.,1477,11,69,46.220427
2019,2019,09.257.877/0001-37,FERROVIA NORTE SUL S/A,0,1,0,0.0
2019,2019,09.288.252/0001-32,ANIMA HOLDING S.A.,6811,425,424,65.929923
2019,2019,09.295.063/0001-97,TECHNOS S.A.,5568,64,40,80.420343
2019,2019,09.304.427/0001-58,HABITASEC SECURITIZADORA SA,4,0,0,100.0
2019,2019,09.305.994/0001-29,AZUL S.A.,86385,1407,79,50.32791
2019,2019,09.313.969/0001-97,AUTOPISTA LITORAL SUL,0,1,0,100.0
2019,2019,09.324.949/0001-11,AUTOPISTA FLUMINENSE SA,0,1,0,0.0
2019,2019,09.325.109/0001-73,AUTOPISTA PLANALTO SUL SA,0,1,0,99.999999
2019,2019,09.326.342/0001-70,AUTOPISTA FERNÃO DIAS SA,0,1,0,0.0
2019,2019,09.336.431/0001-06,AUTOPISTA REGIS BITTENCOURT SA,0,1,0,0.0
2019,2019,09.346.601/0001-25,"B3 S.A. - BRASIL, BOLSA, BALCÃO",65376,2001,1592,99.36
2019,2019,09.391.823/0001-60,SANTO ANTONIO ENERGIA S.A.,0,1,0,0.0
2019,2019,09.414.761/0001-64,K-INFRA RODOVIA DO AÇO S.A.,0,1,0,0.0
2019,2019,09.439.783/0001-89,ÁQUILLA SECURITIZADORA S.A.,2,0,0,100.0
2019,2019,09.611.768/0001-76,INC EMPREENDIMENTOS IMOBILIÁRIOS S.A.,3,0,0,0.0
2019,2019,10.215.988/0001-60,COMPANHIA DE LOCAÇÃO DAS AMÉRICAS,15773,155,509,62.637844
2019,2019,10.234.027/0001-00,LINHAS DE MACAPÁ TRANSMISSORA DE ENERGIA S/A,0,2,0,0.0
2019,2019,10.240.186/0001-00,LINHAS DE XINGU TRANSMISSORA DE ENERGIA S/A,0,2,0,0.0
2019,2019,10.324.624/0001-18,CONCESSÃO METROVIÁRIA DO RIO DE JANEIRO S.A.,0,1,0,0.0
2019,2019,10.338.320/0001-00,AFLUENTE TRANSMISSÃO DE ENERGIA ELÉTRICA S/A,1986,276,3,100.0
2019,2019,10.345.009/0001-98,ADVANCED DIGITAL HEALTH MEDICINA PREVENTIVA S.A.,694,15,0,22.8
2019,2019,10.488.244/0001-19,INFRASEC SECURITIZADORA S.A.,0,2,0,100.0
2019,2019,10.502.676/0001-37,TERMELÉTRICA PERNAMBUCO III S.A.,0,1,0,0.0
2019,2019,10.531.501/0001-58,CONC AUTO RAPOSO TAVARES S.A.,0,1,0,100.0
2019,2019,10.608.405/0001-60,BARI SECURITIZADORA S.A.,1,1,0,0.0
2019,2019,10.629.105/0001-68,PRIO S.A.,13764,76,239,89.902492
2019,2019,10.635.691/0001-53,VIARONDON CONCESSIONÁRIA DE RODOVIA S.A.,0,1,0,100.0
2019,2019,10.647.979/0001-48,CONC ROTA DAS BANDEIRAS S.A.,0,2,0,0.0
2019,2019,10.670.314/0001-55,VIABAHIA CONCESSIONÁRIA DE RODOVIAS SA,0,2,0,0.0
2019,2019,10.678.505/0001-63,CONC RODOVIAS DO TIETÊ S.A.- EM RECUPERAÇÃO JUDICIAL,0,2,0,0.0
2019,2019,10.753.164/0001-43,ECO SECURITIZADORA DIREITOS CRED AGRONEGÓCIO S.A.,1,0,0,0.0
2019,2019,10.760.260/0001-19,CVC BRASIL OPERADORA E AGÊNCIA DE VIAGENS S.A.,21033,450,626,99.9
2019,2019,10.835.932/0001-08,CIA ENERGETICA DE PERNAMBUCO - CELPE,1178,253,9,10.353765
2019,2019,10.841.050/0001-55,CONC ROD AYRTON SENNA E CARV PINTO S.A.-ECOPISTAS,0,1,0,0.0
2019,2019,10.851.805/0001-00,FLEX GESTÃO DE RELACIONAMENTOS S.A.-EM RECUPERAÇÃO JUDICIAL,0,1,1,0.0
2019,2019,11.102.250/0001-59,BR HOME CENTERS S.A.,1,1,0,0.0
2019,2019,11.257.352/0001-43,BSI CAPITAL SECURITIZADORA S.A.,1,1,0,0.0
2019,2019,11.274.829/0001-07,COMPANHIA PAULISTA DE SECURITIZAÇÃO,0,2,0,0.0
2019,2019,11.284.204/0001-18,YOU INC INCORPORADORA E PARTICIPAÇÃO S.A,3,1,0,0.0
2019,2019,11.395.624/0001-71,MASSA FALIDA DA BRASIL PHARMA S.A.,0,0,0,5.505814
2019,2019,11.669.021/0001-10,ENAUTA PARTICIPAÇÕES S.A.,11745,40,450,28.45
2019,2019,11.716.471/0001-17,TRX SECURITIZADORA S.A.,1,1,0,100.0
2019,2019,11.721.921/0001-60,ALPER CONSULTORIA E CORRETORA DE SEGUROS S.A.,2499,23,58,73.410023
2019,2019,11.992.680/0001-93,QUALICORP CONSULTORIA E CORRETORA DE SEGUROS S.A.,41655,635,521,99.135249
2019,2019,12.049.631/0001-84,MOURA DUBEUX ENGENHARIA S/A,4,0,0,68.443
2019,2019,12.130.744/0001-00,TRUE SECURITIZADORA S.A.,0,2,0,0.0
2019,2019,12.139.922/0001-63,OCTANTE SECURITIZADORA S.A.,1,1,0,0.0
2019,2019,12.261.588/0001-16,POLO CAPITAL SECURITIZADORA S.A,3,0,0,0.0
2019,2019,12.320.349/0001-90,ORE  SECURITIZADORA SA,1,1,0,100.0
2019,2019,12.489.315/0001-23,FERREIRA GOMES ENERGIA S.A.,0,2,0,0.0
2019,2019,12.648.327/0001-53,HIDROVIAS DO BRASIL S.A.,0,0,8,100.0
2019,2019,12.919.786/0001-24,TCP TERMINAL DE CONTEINERES DE PARANAGUA SA,0,1,0,0.0
2019,2019,12.979.898/0001-70,FORTE SECURITIZADORA S.A.,0,2,0,0.0
2019,2019,13.009.717/0001-46,BCO ESTADO DE SERGIPE S.A. - BANESE,3167,336,14,10.13
2019,2019,13.017.462/0001-63,ENERGISA SERGIPE - DISTRIBUIDORA DE ENERGIA S/A,0,1,0,100.0
2019,2019,13.217.485/0001-11,GRUPO SBF S.A.,20,2,0,26.843
2019,2019,13.349.677/0001-81,REIT SECURITIZADORA S/A,2,1,0,0.0
2019,2019,13.444.994/0001-87,MLOG S.A.,48,60,3,68.659067
2019,2019,13.483.537/0001-00,BRASIL SECURITIZADORA S/A,2,0,0,0.0
2019,2019,13.574.594/0001-96,ZAMP SA,3547,46,324,98.558325
2019,2019,13.584.310/0001-42,SUGOI S.A.,0,1,0,100.0
2019,2019,13.788.120/0001-47,ELEKEIROZ S.A.,2855,612,0,3.513
2019,2019,14.200.699/0001-48,NOAH PARTICIPAÇÕES S.A.,1,1,0,100.0
2019,2019,14.308.514/0001-13,PARTICIPAÇÕES INDUST. DO NORDESTE S.A.,95,10,0,24.9206
2019,2019,14.333.683/0001-03,FONTAINE VILLE PARTICIPAÇÕES S/A,0,1,0,0.0
2019,2019,14.388.334/0001-99,PARANA BCO S.A.,19,1,0,0.0
2019,2019,14.807.945/0001-24,SANSUY S.A. INDUSTRIA DE PLASTICOS,840,62,0,100.0
2019,2019,14.876.090/0001-93,GAIA IMPACTO SECURITIZADORA S.A.,1,1,0,0.0
2019,2019,14.882.295/0001-81,CBO HOLDING S.A.,0,3,0,20.0
2019,2019,14.962.356/0001-10,FRIGOL FOODS PARTICIPAÇÕES S.A.,5,0,0,0.0
2019,2019,14.998.371/0001-19,J. MACEDO S.A.,30,6,0,100.0
2019,2019,15.073.274/0001-88,PPLA PARTICIPATIONS LTD.,0,0,8,100.0
2019,2019,15.101.405/0001-93,CORREA RIBEIRO S.A. COMERCIO E INDUSTRIA,276,19,2,72.66
2019,2019,15.115.504/0001-24,TRONOX PIGMENTOS DO BRASIL S.A.,4127,174,50,100.0
2019,2019,15.139.629/0001-94,CIA ELETRICIDADE EST. DA BAHIA - COELBA,2224,301,15,1.059712
2019,2019,15.141.799/0001-03,CIA FERRO LIGAS DA BAHIA - FERBASA,11441,317,64,45.823243
2019,2019,15.144.017/0001-90,CIA SEGUROS ALIANCA DA BAHIA,892,26,3,48.500195
2019,2019,15.229.110/0001-05,CAPITALE SECURITIZADORA DE CRÉDITO S/A,2,0,0,0.0
2019,2019,15.377.572/0001-61,NASA SECURITIZADORA S.A.,1,1,0,0.0
2019,2019,15.413.826/0001-50,ENERGISA MATO GROSSO DO SUL - DIST DE ENERGIA S.A.,1,2,0,0.07
2019,2019,15.484.093/0001-44,ECO101 CONCESSIONÁRIA DE RODOVIAS S.A.,0,3,0,0.0
2019,2019,15.494.541/0001-90,SALUS INFRAESTRUTURA PORTUARIA SA,0,2,0,100.0
2019,2019,15.527.906/0001-36,BIOSEV S.A.,2219,35,25,5.993888
2019,2019,15.578.569/0001-06,CONC DO AEROPORTO INTERNACIONAL DE GUARULHOS S.A.,0,2,0,100.0
2019,2019,15.688.041/0001-90,MBK SECURITIZADORA SA,1,1,0,100.0
2019,2019,16.234.171/0001-15,METANOR SA METANOL DO NE,115,135,250,100.0
2019,2019,16.404.287/0001-55,SUZANO S.A.,34588,415,1678,53.322466
2019,2019,16.590.234/0001-76,AZZAS 2154 S.A.,3804,26,184,49.216553
2019,2019,16.614.075/0001-00,DIRECIONAL ENGENHARIA S.A.,2789,13,206,53.13447
2019,2019,16.670.085/0001-55,LOCALIZA RENT A CAR S.A.,41896,1410,861,78.390828
2019,2019,17.155.730/0001-64,CIA ENERGETICA DE MINAS GERAIS - CEMIG,0,3657,54,82.610523
2019,2019,17.161.241/0001-15,MINASMAQUINAS S.A.,983,173,0,12.22
2019,2019,17.162.082/0001-73,MENDES JUNIOR ENGENHARIA S.A.,3531,41,21,3.21344
2019,2019,17.167.396/0001-69,ALFA HOLDINGS S.A.,11289,1838,6,24.701683
2019,2019,17.167.412/0001-13,FINANCEIRA ALFA S.A.- CRED FINANC E INVS,3132,461,9,24.332141
2019,2019,17.184.037/0001-10,BCO MERCANTIL DO BRASIL S.A.,5598,810,0,46.84
2019,2019,17.193.806/0001-46,CONSORCIO ALFA DE ADMINISTRACAO S.A.,13714,2437,5,20.547
2019,2019,17.234.244/0001-31,FTL - FERROVIA TRANSNORDESTINA LOGÍSTICA S.A.,0,2,0,100.0
2019,2019,17.245.234/0001-00,CIA FIACAO TECIDOS CEDRO CACHOEIRA,2245,27,4,53.78
2019,2019,17.281.106/0001-03,CIA SANEAMENTO DE MINAS GERAIS-COPASA MG,8079,441,384,49.679864
2019,2019,17.314.329/0001-20,INTERNATIONAL MEAL COMPANY ALIMENTACAO S.A.,3922,27,211,86.280401
2019,2019,17.344.597/0001-94,BB SEGURIDADE PARTICIPAÇÕES S.A.,84683,2615,1369,33.58
2019,2019,17.346.997/0001-39,COSAN LOGISTICA S.A.,11947,236,2,27.108015
2019,2019,18.494.485/0001-82,PORTO SUDESTE V.M. S.A.,0,1,0,0.0
2019,2019,18.572.225/0001-88,CONCEBRA - CONCESSIONARIA DAS RODOVIAS CENTRAIS DO BRASIL,0,1,0,100.0
2019,2019,18.593.815/0001-97,PRINER SERVIÇOS INDUSTRIAIS S.A.,16908,232,25,52.57
2019,2019,19.133.012/0001-12,RENOVA COMPANHIA SECURITIZADORA DE CRÉDITOS FINANCEIROS S.A.,1,1,0,0.0
2019,2019,19.208.022/0001-70,ECO050 CONCESSIONÁRIA DE RODOVIAS S.A.,0,1,0,100.0
2019,2019,19.276.528/0001-16,BCBF PARTICIPAÇÕES S.A.,0,1,0,0.0
2019,2019,19.296.342/0001-29,MGI - MINAS GERAIS PARTICIPAÇÕES S.A.,0,3,0,0.0
2019,2019,19.378.769/0001-76,INSTITUTO HERMES PARDINI S.A.,2917,35,161,34.48
2019,2019,19.521.322/0001-04,CONCESSIONÁRIA ROTA DO OESTE S.A.,0,1,0,0.0
2019,2019,19.526.748/0001-50,COMPANHIA INDUSTRIAL CATAGUASES,169,5,0,30.4782
2019,2019,19.527.586/0001-75,COMPANHIA ENERGÉTICA SINOP S/A,0,3,0,0.0
2019,2019,19.527.639/0001-58,ENERGISA MINAS RIO - DISTRIBUIDORA DE ENERGIA S/A,0,1,0,0.0
2019,2019,19.642.306/0001-70,CONCESSIONÁRIA DE RODOVIA SUL-MATOGROSSENSE S.A.,0,1,0,0.0
2019,2019,19.688.956/0001-56,BIOTOSCANA INVESTMENTS S.A.,6433,57,106,48.349258
2019,2019,19.726.048/0001-00,CONCESSIONÁRIA BR-040 S.A.,0,1,0,0.0
2019,2019,19.851.496/0001-35,LOGOS COMPANHIA SECURITIZADORA S/A,1,1,0,0.0
2019,2019,19.853.511/0001-84,NOTRE DAME INTERMÉDICA PARTICIPAÇÕES S.A.,16338,1647,0,75.929379
2019,2019,20.258.278/0001-70,OUROFINO S.A.,3331,111,10,43.69
2019,2019,20.451.953/0001-83,BLUM COMPANHIA DE SECURITIZAÇÃO DE CRÉDITOS S.A,0,1,0,100.0
2019,2019,20.646.442/0001-17,GAIA CRED SECURITIZADORA DE CRÉDITOS FINANCEIROS S/A.,1,1,0,0.0
2019,2019,21.254.073/0001-80,COMPANHIA ITAUNENSE ENERGIA E PARTICIPAÇÕES,800,5,0,100.0
2019,2019,21.255.567/0001-89,CIA TECIDOS SANTANENSE EM RECUPERAÇÃO JUDICIAL,609,1,1,11.57453
2019,2019,21.262.638/0001-70,ENCALSO PARTICIPAÇÕES EM CONCESSÕES S/A,0,2,0,0.0
2019,2019,21.314.559/0001-66,MOVIDA PARTICIPACOES SA,17072,421,313,44.4
2019,2019,21.414.457/0001-12,LEADS CIA. SECURITIZADORA,0,1,0,0.0
2019,2019,21.610.416/0001-00,FORTUNATO SECURITIZADORA S/A,2,0,0,0.0
2019,2019,21.728.500/0001-14,PACIFIC RDSL PARTICIPAÇÕES S.A.,0,2,0,0.0
2019,2019,21.948.105/0001-47,BTGI QUARTZO PARTICIPAÇÕES S/A,0,1,1,0.0
2019,2019,21.976.484/0001-89,RUGE SECURITIZADORA DE CRÉDITOS FINANCEIROS S.A.,1,1,0,0.0
2019,2019,21.976.510/0001-79,BTGI SAFIRA PARTICIPAÇÕES S/A,0,1,1,0.0
2019,2019,21.987.030/0001-03,FINSBURY PARTICIPAÇÕES S.A.,1,1,0,100.0
2019,2019,22.163.297/0001-49,CONCESSIONÁRIA PONTE RIO-NITERÓI S.A. - ECOPONTE,0,1,0,0.0
2019,2019,22.261.473/0001-85,COMPANHIA DE GÁS DE MINAS GERAIS - GASMIG,18,2,0,0.043003
2019,2019,22.266.175/0001-88,FERTILIZANTES HERINGER S.A.,1829,51,0,29.015504
2019,2019,22.495.265/0001-40,SENECA COMPANHIA SECURITIZADORA,2,0,0,0.0
2019,2019,22.543.331/0001-00,CAIXA SEGURIDADE PARTICIPAÇÕES S.A.,0,1,0,100.0
2019,2019,22.677.520/0001-76,CIA TECIDOS NORTE DE MINAS COTEMINAS,2454,1501,2,49.908339
2019,2019,22.770.366/0001-82,TEC TOY S.A.,2419,28,3,4.171759
2019,2019,22.983.283/0001-71,COMPANHIA CARIOCA DE SECURITIZAÇÃO S.A. - RIO SECURITIZAÇÃO,0,2,0,100.0
2019,2019,23.373.000/0001-32,"VAMOS LOCAÇÃO DE CAMINHÕES, MÁQUINAS E EQUIPAMENTOS S.A.",0,2,0,0.0
2019,2019,24.241.659/0001-06,VENTURE CAPITAL PARTICIPAÇÕES E INVESTIMENTOS S/A,2,0,0,0.0
2019,2019,24.396.489/0001-20,BRK AMBIENTAL PARTICIPAÇÕES S.A.,0,2,2,30.0
2019,2019,24.624.490/0001-65,ARGO TRANSMISSÃO DE ENERGIA S/A,0,1,0,100.0
2019,2019,24.624.551/0001-94,ARGO ENERGIA EMPREENDIMENTOS E PARTICIPAÇÕES S/A,0,2,1,0.0
2019,2019,24.962.466/0001-36,RUMO MALHA NORTE S.A.,1,5,0,100.0
2019,2019,25.005.683/0001-09,VERT COMPANHIA SECURITIZADORA,2,1,0,0.0
2019,2019,25.089.509/0001-83,COMPANHIA DE SANEAMENTO DO TOCANTINS - SANEATINS,0,2,0,0.0
2019,2019,26.609.050/0001-64,TRAVESSIA SECURITIZADORA S.A.,1,1,0,0.0
2019,2019,26.664.057/0001-89,ENTREVIAS CONCESSIONÁRIA DE RODOVIAS S.A.,0,1,0,100.0
2019,2019,26.845.702/0001-60,BELÉM TRANSMISSORA DE ENERGIA S.A,0,1,0,0.0
2019,2019,27.093.558/0001-15,"MILLS LOCAÇÃO, SERVIÇOS E LOGÍSTICA S.A.",1000,102,154,45.7
2019,2019,27.137.879/0001-74,CIA SEC DE CRÉDITOS FINANCEIROS CARTÕES CONSIGNADOS I,2,1,0,0.0
2019,2019,27.956.690/0001-03,AUZZA SECURITIZADORA S. A.,1,1,0,0.0
2019,2019,27.967.244/0001-02,TAPAJÓS TRANSMISSORA DE ENERGIA S.A.,0,1,0,0.0
2019,2019,28.127.603/0001-78,BANESTES S.A. - BCO EST ESPIRITO SANTO,8682,65,12,4.204555
2019,2019,28.152.650/0001-71,EDP ESPIRITO SANTO DISTRIBUIÇÃO DE ENERGIA S.A.,0,1,0,100.0
2019,2019,28.195.667/0001-06,BCO ABC BRASIL S.A.,11642,53,392,33.55
2019,2019,28.201.130/0001-01,ENERGISA TRANSMISSÃO DE ENERGIA S/A,0,2,0,0.0
2019,2019,28.442.718/0001-57,RIOLOAN 2 COMPANHIA SECURITIZADORA DE CRÉDITOS FINANCEIROS,0,2,0,0.0
2019,2019,28.925.264/0001-75,COMPANHIA ENERGÉTICA JAGUARA,0,2,0,0.0
2019,2019,28.942.127/0001-49,COMPANHIA ENERGÉTICA MIRANDA,0,2,0,0.0
2019,2019,29.088.092/0001-95,ROMAXIS SECURITIZADORA S.A.,2,1,0,0.0
2019,2019,29.780.061/0001-09,SAO CARLOS EMPREEND E PARTICIPACOES S.A.,3546,118,82,43.955851
2019,2019,29.845.329/0001-35,COPISEC SECURITIZADORA DE CRÉDITOS FINANCEIROS S.A.,1,1,0,0.0
2019,2019,29.894.663/0001-89,CONSIGNADOS I COMPANHIA SECURITIZADORA CRÉDITOS FINANCEIROS,0,2,0,0.0
2019,2019,29.950.060/0001-57,NORTEC QUÍMICA S.A.,3,1,0,0.0
2019,2019,29.978.814/0001-87,SUL AMERICA S.A.,3752,30,1015,72.052
2019,2019,30.219.233/0001-40,COMPANHIA SECURITIZADORA DE CRÉDITOS FINANCEIROS VERT-REBEL,0,2,0,0.0
2019,2019,30.306.294/0001-45,BCO BTG PACTUAL S.A.,12248,609,659,22.8765
2019,2019,30.311.067/0001-08,ESTTEIO COMPANHIA SECURITIZADORA DE CRÉDITOS,4,0,0,0.0
2019,2019,30.418.658/0001-89,COMPANHIA SECURITIZADORA DE CRÉD. FINANCEIROS VERT-NEXOOS,0,2,0,0.0
2019,2019,30.540.991/0001-66,HAGA S.A. INDUSTRIA E COMERCIO,725,24,0,75.74263
2019,2019,30.702.767/0001-23,RHC SECURITIZADORA DE CRÉDITOS S/A,2,0,0,0.0
2019,2019,30.788.149/0001-48,GUARDIAN COMPANHIA SECURITIZADORA,3,0,0,0.0
2019,2019,31.001.230/0001-07,CELEO REDES TRANSMISSÃO DE ENERGIA S.A.,0,1,0,0.0
2019,2019,31.468.139/0001-98,CASA DE PEDRA SECURITIZADORA DE CREDITO S/A,1,1,0,0.0
2019,2019,31.594.055/0001-09,CONTAGEM SECURITIZADORA DE CRÉDITOS S.A.,1,1,0,0.0
2019,2019,31.907.982/0001-23,FILADÉLFIA SECURITIZADORA S/A,4,0,0,0.0
2019,2019,31.910.308/0001-06,SLOT URBANISMO S/A,4,0,0,0.0
2019,2019,32.372.085/0001-25,COBUCCIO SECURITIZADORA DE CRÉDITOS S.A.,2,0,0,0.0
2019,2019,32.681.371/0001-72,VIX LOGÍSTICA S.A.,1,2,1,0.0
2019,2019,32.785.497/0001-97,NATURA &CO HOLDING S.A.,42309,304,1337,57.373409
2019,2019,33.000.167/0001-01,PETROLEO BRASILEIRO S.A. PETROBRAS,373367,4704,2603,57.266
2019,2019,33.014.556/0001-96,LOJAS AMERICANAS S.A.,29464,1045,677,55.356014
2019,2019,33.035.536/0001-00,JOAO FORTES ENGENHARIA S.A. - EM RECUPERAÇÃO JUDICIAL,1348,30,2,4.686292
2019,2019,33.040.601/0001-87,"MERCANTIL FINANCEIRA S.A. - SOC. CRÉDITO, FINANC E INVESTIME",639,107,1,14.395419
2019,2019,33.041.260/0652-90,GRUPO CASAS BAHIA S.A.,122236,1690,1060,88.2044
2019,2019,33.042.730/0001-04,CIA SIDERURGICA NACIONAL,31529,701,701,46.297
2019,2019,33.050.071/0001-58,AMPLA ENERGIA E SERVICOS S.A.,781,56,8,0.265812
2019,2019,33.050.196/0001-88,CIA PAULISTA DE FORCA E LUZ,0,1,0,0.0
2019,2019,33.102.476/0001-92,MONTEIRO ARANHA S.A.,255,10,9,25.278599
2019,2019,33.111.246/0001-90,TECNOSOLO ENGENHARIA S.A. - EMPRESA FALIDA,0,0,0,0.0
2019,2019,33.113.309/0001-47,VALID SOLUÇÕES S.A.,9027,49,401,96.66
2019,2019,33.200.049/0001-47,HOTEIS OTHON S.A. - EM RECUPERAÇÃO JUDICIAL,776,60,16,13.949639
2019,2019,33.228.024/0001-51,WLM PART. E COMÉRCIO DE MÁQUINAS E VEÍCULOS S.A.,3685,38,0,15.107872
2019,2019,33.256.439/0001-39,ULTRAPAR PARTICIPACOES S.A.,33917,994,1439,97.444131
2019,2019,33.352.394/0001-04,CIA ESTADUAL DE ÁGUAS E ESGOTOS - CEDAE,691,5,0,0.0004
2019,2019,33.376.989/0001-91,IRB - BRASIL RESSEGUROS S.A.,27126,236,1635,98.651
2019,2019,33.386.210/0001-19,SONDOTECNICA ENGENHARIA SOLOS S.A.,2,1,0,35.97
2019,2019,33.412.081/0001-96,REFINARIA DE PETROLEOS MANGUINHOS S.A.,3650,34,9,34.976628
2019,2019,33.467.572/0001-34,TEKNO S.A. - INDUSTRIA E COMERCIO,429,2,8,10.517503
2019,2019,33.541.368/0001-16,CIA HIDRO ELÉTRICA DO SÃO FRANCISCO,200,87,18,0.061701
2019,2019,33.592.510/0001-54,VALE S.A.,136372,1507,1374,62.3
2019,2019,33.611.500/0001-19,GERDAU S.A.,95576,3042,599,60.8
2019,2019,33.679.797/0001-54,PJBANK SECURITIZADORA S.A.,3,0,0,0.0
2019,2019,33.839.910/0001-11,VIVARA PARTICIPAÇÕES S.A.,47956,161,394,39.529893
2019,2019,33.938.119/0001-69,CIA DISTRIB DE GAS DO RIO DE JANEIRO-CEG,51,20,8,0.18
2019,2019,33.958.695/0001-78,UNIPAR CARBOCLORO S.A.,18576,118,302,55.186161
2019,2019,34.169.557/0001-72,BCO MERCANTIL DE INVESTIMENTOS S.A.,1354,359,1,8.48
2019,2019,34.265.561/0001-34,BMG LEASING S.A. - ARREND. MERCANTIL,6,1,0,0.0
2019,2019,34.274.233/0001-02,VIBRA ENERGIA S/A,24477,261,1768,62.5
2019,2019,34.591.574/0001-01,UP ENGENHARIA E URBANISMO S.A.,2,0,0,0.0
2019,2019,35.791.391/0001-94,QUALITY SOFTWARE S.A.,6,1,1,100.0
2019,2019,36.542.025/0001-64,BRQ SOLUCOES EM INFORMATICA S.A.,14,2,0,23.34
2019,2019,39.115.514/0001-28,RUMO MALHA OESTE S.A.,0,1,0,0.0
2019,2019,42.150.391/0001-70,BRASKEM S.A.,17219,3122,333,34.9
2019,2019,42.278.291/0001-24,LOG-IN LOGISTICA INTERMODAL S.A.,20144,477,171,96.028201
2019,2019,42.278.473/0001-03,WIZ CO PARTICIPAÇÕES E CORRETAGEM DE SEGUROS S.A.,25418,526,118,48.022594
2019,2019,42.331.462/0001-31,EMBPAR PARTICIPAÇÕES S/A,424,17,0,15.16677
2019,2019,42.771.949/0001-35,ALLIANÇA SAÚDE E PARTICIPAÇÕES S.A.,5512,52,141,39.49
2019,2019,43.185.362/0001-07,IGB ELETRONICA S.A - EM RECUPERACAO JUDICIAL,1587,14,0,48.0
2019,2019,43.470.988/0001-65,EVEN CONSTRUTORA E INCORPORADORA S.A.,3289,27,240,94.5992
2019,2019,43.776.517/0001-80,CIA SANEAMENTO BASICO EST SAO PAULO,7562,75,1356,49.740697
2019,2019,45.242.914/0001-05,C&A MODAS S.A.,0,3,0,34.502
2019,2019,45.453.214/0001-51,PROFARMA DISTRIB PROD FARMACEUTICOS S.A.,4041,35,63,70.671042
2019,2019,45.987.245/0001-92,BIOMA EDUCAÇÃO S.A.,1099,40,20,35.937629
2019,2019,46.119.855/0001-37,SOCIEDADE ABASTECIMENTO DE ÁGUA E SANEAMENTO S.A - SANASA,8,4,0,0.0
2019,2019,47.193.149/0001-06,SANTANDER LEASING S.A. ARRENDAMENTO MERCANTIL,131,7,2,0.0
2019,2019,47.508.411/0001-56,CIA BRASILEIRA DE DISTRIBUICAO,9519,228,1392,58.41
2019,2019,47.509.120/0001-82,BRADESCO LEASING S.A. ARREND MERCANTIL,0,1,0,0.0
2019,2019,47.960.950/0001-21,MAGAZINE LUIZA S.A.,31304,1358,454,40.734976
2019,2019,49.263.189/0001-02,HELBOR EMPREENDIMENTOS S.A.,9624,138,190,48.757601
2019,2019,49.669.856/0001-43,VESTE S.A. ESTILO,5017,126,0,55.7
2019,2019,50.564.053/0001-03,BOMBRIL S.A. - EM RECUPERAÇÃO JUDICIAL,4067,44,18,27.251327
2019,2019,50.746.577/0001-15,COSAN S.A.,8554,1136,15,38.96
2019,2019,50.926.955/0001-42,VULCABRAS S.A.,17791,106,255,30.39
2019,2019,51.128.999/0001-90,NUTRIPLANT INDUSTRIA E COMERCIO S.A.,192,5,2,25.024229
2019,2019,51.218.147/0001-93,IGUATEMI EMPRESA DE SHOPPING CENTERS S.A,2384,657,0,49.21
2019,2019,51.466.860/0001-56,SAO MARTINHO S.A.,2360,37,526,41.529115
2019,2019,51.928.174/0001-50,PLASCAR PARTICIPACOES INDUSTRIAIS S.A.,1145,22,0,40.0
2019,2019,52.548.435/0001-79,JSL S.A.,1,1,14,25.78
2019,2019,53.113.791/0001-22,TOTVS S.A.,5265,179,551,81.180711
2019,2019,54.526.082/0001-31,ITAUTEC S.A. - GRUPO ITAUTEC,0,1,0,0.0
2019,2019,56.444.250/0001-75,HAUSCENTER SA,4,0,0,100.0
2019,2019,56.643.018/0001-66,EUCATEX S.A. INDUSTRIA E COMERCIO,1129,18,100,74.08
2019,2019,56.720.428/0001-63,ROMI S.A.,9288,68,106,46.860865
2019,2019,56.992.423/0001-90,BICICLETAS MONARK S.A.,394,21,0,30.230676
2019,2019,58.119.199/0001-51,ODONTOPREV S.A.,38651,472,347,49.604
2019,2019,58.430.828/0001-60,BLAU FARMACÊUTICA S.A.,1,1,0,0.0
2019,2019,59.105.999/0001-86,WHIRLPOOL S.A.,957,23,10,1.91
2019,2019,59.285.411/0001-13,BCO PAN S.A.,38414,144,259,26.193304
2019,2019,59.789.545/0001-71,POLPAR S.A.,6,2,0,0.0
2019,2019,60.398.369/0004-79,PARANAPANEMA S.A. - EM RECUPERAÇÃO JUDICIAL,17660,209,38,99.9965
2019,2019,60.444.437/0001-46,LIGHT SERVICOS DE ELETRICIDADE S.A.,0,1,0,0.0
2019,2019,60.476.884/0001-87,MAHLE METAL LEVE S.A.,8660,183,182,30.0
2019,2019,60.500.139/0001-26,SARAIVA LIVREIROS S.A. - EM RECUPERAÇÃO JUDICIAL,2844,16,25,73.824
2019,2019,60.543.816/0001-93,IGUATEMI S.A.,531,42,36,100.0
2019,2019,60.637.238/0001-54,BLUE TECH SOLUTIONS EQI S.A.,1809,30,11,82.915033
2019,2019,60.651.809/0001-05,SUZANO HOLDING S.A.,25,2,0,0.0
2019,2019,60.730.348/0001-66,CIA MELHORAMENTOS DE SAO PAULO,268,24,2,11.8
2019,2019,60.746.948/0001-12,BCO BRADESCO S.A.,498544,35389,1324,62.171492
2019,2019,60.770.336/0001-65,BCO ALFA DE INVESTIMENTO S.A.,16501,2562,10,22.600565
2019,2019,60.840.055/0001-31,FLEURY S.A.,85868,560,289,96.319
2019,2019,60.851.615/0001-53,BARDELLA S.A. INDUSTRIAS MECANICAS EM RECUPERAÇÃO JUDICIAL,453,15,23,100.0
2019,2019,60.872.504/0001-23,ITAU UNIBANCO HOLDING S.A.,378819,12572,1222,52.45
2019,2019,60.884.319/0001-59,NORDON INDUSTRIAS METALURGICAS S.A.,333,10,0,1.0741
2019,2019,60.894.730/0001-05,USINAS SID DE MINAS GERAIS S.A.-USIMINAS,63659,648,441,53.857
2019,2019,60.933.603/0001-78,CESP - CIA ENERGETICA DE SAO PAULO,13117,230,575,59.993
2019,2019,61.022.042/0001-18,CONSTRUTORA ADOLPHO LINDENBERG S.A.,234,10,0,13.878
2019,2019,61.024.352/0001-71,BCO INDUSVAL S.A.,1507,25,14,5.284781
2019,2019,61.065.298/0001-02,MANGELS INDUSTRIAL S.A.,1071,14,11,43.81
2019,2019,61.065.751/0001-80,ROSSI RESIDENCIAL S.A. - EM RECUPERAÇÃO JUDICIAL,4792,88,39,79.713971
2019,2019,61.067.161/0001-97,NADIR FIGUEIREDO IND E COM S.A.,363,56,3,2.2572
2019,2019,61.079.117/0001-05,ALPARGATAS S.A.,9442,537,163,33.737652
2019,2019,61.080.313/0001-91,COBRASMA S.A.,2539,36,0,77.635221
2019,2019,61.082.004/0001-50,MANUFATURA DE BRINQUEDOS ESTRELA S.A.,1116,30,0,100.0
2019,2019,61.088.894/0001-08,CAMBUCI S.A.,2479,21,13,100.0
2019,2019,61.092.037/0001-81,ETERNIT S.A.,16155,77,27,98.9845
2019,2019,61.101.895/0001-45,SANTHER FAB DE PAPEL STA THEREZINHA S.A.,0,1,0,0.0
2019,2019,61.156.113/0001-75,IOCHPE MAXION S.A.,8875,288,464,91.487583
2019,2019,61.156.931/0001-78,ALIPERTI S.A.,4,4,0,49.29
2019,2019,61.186.680/0001-74,BANCO BMG S/A,30170,345,0,17.66
2019,2019,61.189.288/0001-89,MARISA LOJAS S.A.,10713,44,326,41.799244
2019,2019,61.351.532/0001-68,AZEVEDO E TRAVASSOS S.A.,3927,22,5,70.86
2019,2019,61.374.161/0001-30,BAUMER S.A.,227,17,0,26.53
2019,2019,61.486.650/0001-83,DIAGNOSTICOS DA AMERICA S.A.,331,15,7,0.84628
2019,2019,61.532.644/0001-15,ITAÚSA S.A.,218111,3011,0,66.05
2019,2019,61.584.140/0001-49,REDE ENERGIA PARTICIPAÇÕES S.A.,5606,1587,5,0.42
2019,2019,61.585.865/0001-51,RAIA DROGASIL S.A.,15153,135,1159,64.637653
2019,2019,61.695.227/0001-93,ELETROPAULO METROP. ELET. SAO PAULO S.A.,0,1,0,0.0
2019,2019,61.856.571/0001-17,CIA GAS DE SAO PAULO - COMGAS,2366,102,91,4.841027
2019,2019,62.002.886/0001-60,SAO PAULO TURISMO S.A.,2660,888,0,3.68457
2019,2019,62.144.175/0001-20,BCO PINE S.A,12973,63,35,35.811383
2019,2019,62.232.889/0001-90,BCO DAYCOVAL S.A.,5,0,0,0.0
2019,2019,62.307.848/0001-15,BANCO RCI BRASIL S.A.,0,2,0,0.0
2019,2019,64.904.295/0001-03,CAMIL ALIMENTOS S.A.,3094,16,95,37.47235
2019,2019,65.654.303/0001-73,DIBENS LEASING S.A. - ARREND.MERCANTIL,0,1,0,0.0
2019,2019,67.010.660/0001-24,RNI NEGÓCIOS IMOBILIÁRIOS S.A.,457,8,43,34.42
2019,2019,67.571.414/0001-41,VIVER INCORPORADORA E CONSTRUTORA S.A.,13469,259,0,100.0
2019,2019,67.620.377/0001-14,MINERVA S.A.,10930,65,243,53.334
2019,2019,69.720.910/0001-45,CCB BRASIL ARRENDAMENTO MERCANTIL S.A.,0,2,1,99.999996
2019,2019,71.208.516/0001-74,ALGAR TELECOM S/A,532,282,0,27.76483
2019,2019,71.476.527/0001-35,CONSTRUTORA TENDA S.A.,7959,79,437,92.3
2019,2019,71.673.990/0001-77,NATURA COSMÉTICOS S.A.,15185,69,311,0.0
2019,2019,73.178.600/0001-18,CYRELA BRAZIL REALTY S.A.EMPREEND E PART,7535,490,409,70.334
2019,2019,73.903.718/0001-61,SNB PARTICIPACOES SA,1,1,0,0.0
2019,2019,74.409.467/0001-26,FENICIAPAR S/A,5,4,0,0.011303
2019,2019,75.315.333/0001-09,ATACADÃO S.A.,3300,202,780,19.392
2019,2019,75.609.123/0001-23,UNIDAS LOCAÇÕES E SERVIÇOS S.A.,0,1,1,100.0
2019,2019,76.483.817/0001-20,CIA PARANAENSE DE ENERGIA - COPEL,14003,14831,347,68.928584
2019,2019,76.484.013/0001-45,CIA SANEAMENTO DO PARANA - SANEPAR,86200,721,826,79.966621
2019,2019,76.535.764/0001-43,OI S.A. - EM RECUPERAÇÃO JUDICIAL,910851,212429,1151,99.969
2019,2019,76.627.504/0001-06,INEPAR S.A. INDUSTRIA E CONSTRUCOES EM RECUPERACAO JUDICIAL,0,0,0,0.0
2019,2019,78.876.950/0001-71,CIA HERING,22707,181,616,77.70859
2019,2019,80.227.184/0001-66,METALGRAFICA IGUACU S.A.,1130,19,0,17.844305
2019,2019,81.243.735/0001-48,POSITIVO TECNOLOGIA S.A.,8120,51,41,55.441818
2019,2019,82.508.433/0001-17,CIA CATARINENSE DE AGUAS E SANEAM.-CASAN,75,20,0,0.003382
2019,2019,82.636.986/0001-55,TEKA-TECELAGEM KUEHNRICH S.A. - EM RECUPERAÇÃO JUDICIAL,0,0,0,100.0
2019,2019,82.640.558/0001-04,KARSTEN S.A.,751,208,43,14.3
2019,2019,82.643.537/0001-34,ELECTRO ACO ALTONA S.A.,1411,17,13,100.0
2019,2019,82.982.075/0001-80,TEXTIL RENAUXVIEW S.A.,606,26,13,100.0
2019,2019,83.475.913/0001-91,PBG S/A,28781,139,82,46.05
2019,2019,83.878.892/0001-55,CENTRAIS ELET DE SANTA CATARINA S.A.,5139,520,450,75.46
2019,2019,84.429.695/0001-11,WEG S.A.,219109,2421,978,35.315
2019,2019,84.683.374/0001-49,TUPY S.A.,10931,237,174,45.740504
2019,2019,84.683.408/0001-03,DOHLER S.A.,305,27,0,12.910201
2019,2019,84.683.671/0001-94,WETZEL S.A.,0,0,0,0.0
2019,2019,84.693.183/0001-68,SCHULZ S.A.,24996,46,99,56.568708
2019,2019,85.041.333/0001-11,PORTO PONTA DO FELIX S/A,0,4,0,100.0
2019,2019,85.778.074/0001-06,METALURGICA RIOSULENSE S.A.,90,12,6,23.996226
2019,2019,86.375.425/0001-09,METISA METALURGICA TIMBOENSE S.A.,13,3,0,36.16
2019,2019,86.550.951/0001-50,POMIFRUTAS S/A EM RECUPERACAO JUDICIAL,1426,13,0,30.599999
2019,2019,87.043.832/0001-73,SEIVA S.A. - FLORESTAS E INDÚSTRIAS,104,1095,19,100.0
2019,2019,87.456.562/0001-22,JOSAPAR-JOAQUIM OLIVEIRA S.A. - PARTICIP,81,10,2,20.082229
2019,2019,87.762.563/0001-03,CIA HABITASUL DE PARTICIPACOES,5,1,0,63.97465
2019,2019,88.610.126/0001-29,FRASLE MOBILITY S.A.,7839,73,42,47.142103
2019,2019,88.610.191/0001-54,MUNDIAL S.A. - PRODUTOS DE CONSUMO,3268,147,19,67.183723
2019,2019,88.611.835/0001-29,MARCOPOLO S.A.,51978,497,219,78.31
2019,2019,88.613.658/0001-10,PETTENATI S.A. INDUSTRIA TEXTIL,1286,56,0,66.497367
2019,2019,89.086.144/0001-16,RANDONCORP S.A.,14084,213,529,57.2
2019,2019,89.096.457/0001-55,SLC AGRICOLA S.A.,7260270,373970,77594808,44.64
2019,2019,89.463.822/0001-12,LUPATECH S.A,7146,65,25,100.0
2019,2019,89.637.490/0001-45,KLABIN S.A.,18816,1250,35,55.66
2019,2019,89.723.993/0001-33,CONSTRUTORA SULTEPA S.A. - EM RECUPERAÇÃO JUDICIAL,397,7,12,47.580715
2019,2019,89.850.341/0001-60,GRENDENE S.A.,47234,394,133,30.091923
2019,2019,90.076.886/0001-40,MINUPAR PARTICIPACOES S.A.,1079,47,0,47.704722
2019,2019,90.400.888/0001-42,BCO SANTANDER (BRASIL) S.A.,149673,16198,1108,10.03
2019,2019,90.441.460/0001-48,UNICASA INDÚSTRIA DE MÓVEIS S.A.,2144,19,31,42.481
2019,2019,91.333.666/0001-17,RECRUSUL S.A.,2154,33,23,100.0
2019,2019,91.495.499/0001-00,STARA S.A. - INDÚSTRIA DE IMPLEMENTOS AGRÍCOLAS,0,3,0,10.582941
2019,2019,91.669.747/0001-92,"DM FINANCEIRA S.A. - CRÉDITO, FINANCIAMENTO E INVESTIMENTO",254,21,0,33.16
2019,2019,91.983.056/0001-69,KEPLER WEBER S.A.,3973,58,611,99.941703
2019,2019,92.012.467/0001-70,GRAZZIOTIN S.A.,3639,132,0,55.1
2019,2019,92.660.570/0001-26,TREVISA INVESTIMENTOS S.A.,97,5,4,30.207852
2019,2019,92.665.611/0001-77,DIMED S.A. DISTRIBUIDORA DE MEDICAMENTOS,584,16,70,32.871
2019,2019,92.690.783/0001-09,METALURGICA GERDAU S.A.,61456,463,468,67.8
2019,2019,92.693.019/0001-89,PANATLANTICA S.A.,610,92,8,4.572083
2019,2019,92.702.067/0001-96,BCO ESTADO DO RIO GRANDE DO SUL S.A.,57406,3977,799,50.61
2019,2019,92.715.812/0001-31,CPFL TRANSMISSÃO S.A.,192,363,555,34.08
2019,2019,92.721.232/0001-57,BANRISUL ARMAZENS GERAIS SA,224,46,1,0.0
2019,2019,92.749.225/0001-63,HERCULES S.A. FABRICA DE TALHERES,498,43,1,47.7942
2019,2019,92.754.738/0001-62,LOJAS RENNER S.A.,22406,332,1685,98.71
2019,2019,92.781.335/0001-02,TAURUS ARMAS S.A.,17371,34,103,54.282441
2019,2019,92.791.243/0001-03,IRANI PAPEL E EMBALAGEM S.A.,763,39,0,9.01
2019,2019,92.802.784/0001-90,CIA RIOGRANDENSE DE SANEAMENTO,0,9,0,0.0
2019,2019,92.929.520/0001-00,SPRINGER S.A.,948,50,18,12.557982
2019,2019,92.934.215/0001-06,BANRISUL SOLUÇÕES EM PAGAMENTOS S.A. - INSTITUIÇÃO DE PAGAME,0,2,0,0.0
2019,2019,93.828.986/0001-73,CEMEPE INVESTIMENTOS S.A.,435,24,0,100.0
2019,2019,95.426.862/0001-97,EXCELSIOR ALIMENTOS S.A.,229,4,12,28.888776
2019,2019,97.191.902/0001-94,CONSERVAS ODERICH S.A.,429,10,0,7.15
2019,2019,97.837.181/0001-47,DEXCO S.A.,7059,554,0,39.553194
2020,2020,00.000.000/0001-91,BCO BRASIL S.A.,699767,14067,1548,44.782
2020,2020,00.000.208/0001-00,BRB BANCO DE BRASILIA S.A.,12380,32,0,3.15
2020,2020,00.001.180/0001-26,CENTRAIS ELET BRAS S.A. - ELETROBRAS,122540,9677,953,38.316757
2020,2020,00.070.698/0001-11,COMPANHIA ENERGÉTICA DE BRASÍLIA - CEB,1023,73,11,19.846212
2020,2020,00.192.769/0001-59,NEUMARKT TRADE AND FINANCIAL CENTER S/A,0,1,0,0.0
2020,2020,00.272.185/0001-93,CIMS S.A.,0,2,0,0.0
2020,2020,00.336.701/0001-04,TELEC BRASILEIRAS S.A. TELEBRAS,7092,1549,75,4.25
2020,2020,00.359.742/0001-08,FICTOR ALIMENTOS S.A.,3582,20,0,30.410372
2020,2020,00.383.281/0001-09,BNDES PARTICIPACOES S.A. - BNDESPAR,0,1,0,0.0
2020,2020,00.389.481/0001-79,LM TRANSPORTES INTERESTADUAIS SERVIÇOS E COMÉRCIO S.A.,2,0,0,0.0
2020,2020,00.416.968/0001-01,BANCO INTER S.A.,121263,184,860,63.712233
2020,2020,00.545.378/0001-70,SERRA AZUL WATER PARK SA,0,0,2,100.0
2020,2020,00.622.416/0001-41,STATKRAFT ENERGIAS RENOVAVEIS S.A.,0,2,0,0.0
2020,2020,00.644.907/0001-93,INVESTCO S.A.,13,32,0,100.0
2020,2020,00.743.065/0001-27,LITEL PARTICIPACOES S.A.,0,3,3,100.0
2020,2020,00.776.574/0001-56,AMERICANAS S.A. - EM RECUPERAÇÃO JUDICIAL,43475,1207,375,36.345864
2020,2020,00.861.626/0001-92,CONC RODOVIA PRES. DUTRA S.A.,0,2,0,0.0
2020,2020,00.864.214/0001-06,ENERGISA S.A.,9150,452,993,68.91
2020,2020,00.897.864/0001-58,SANTA CATARINA PART INVEST SA,0,2,0,100.0
2020,2020,00.924.429/0001-75,FERROVIA CENTRO-ATLANTICA S.A.,0,7,0,1.9e-05
2020,2020,00.938.574/0001-05,CONC RIO-TERESOPOLIS S.A.,0,7,1,100.0
2020,2020,00.974.211/0001-25,LINHA AMARELA S.A. - LAMSA,0,1,0,0.0
2020,2020,00.979.969/0001-56,CAIXA ADM DIV PUB ESTADUAL SA,5,1,0,0.0
2020,2020,01.027.058/0001-91,CIELO S.A. -  INSTITUIÇÃO DE PAGAMENTO,185348,1244,333,40.711
2020,2020,01.083.200/0001-18,NEOENERGIA S.A.,25665,689,548,18.63
2020,2020,01.104.937/0001-70,ELETROBRÁS PARTICIPAÇÕES S.A. - ELETROPAR,28263,225,0,16.29
2020,2020,01.107.327/0001-20,BBM LOGÍSTICA S.A.,2,0,1,0.0
2020,2020,01.258.944/0001-26,RUMO MALHA SUL S.A.,0,1,0,0.0
2020,2020,01.319.044/0001-41,WTC AMAZONAS SUITE HOTEL S.A.,4,0,0,100.0
2020,2020,01.417.222/0001-77,MRS LOGISTICA S.A.,450,15,0,1.841552
2020,2020,01.543.032/0001-04,EQUATORIAL GOIÁS DISTRIBUIDORA DE ENERGIA S.A.,20,1,1,0.036
2020,2020,01.545.826/0001-07,GAFISA S.A.,30600,174,100,98.506743
2020,2020,01.548.981/0001-79,INVESTIMENTOS BEMGE S.A.,1254,124,2,1.80081
2020,2020,01.599.101/0001-93,SEQUOIA LOGÍSTICA E TRANSPORTES S.A.,1502,15,93,59.612
2020,2020,01.616.929/0001-02,SANEAMENTO DE GOIAS SA,1,60,3,0.0
2020,2020,01.838.723/0001-27,BRF S.A.,59091,1871,34,99.912188
2020,2020,01.851.771/0001-55,524 PARTICIPACOES S.A.,0,1,1,0.0
2020,2020,01.896.779/0001-38,CSU DIGITAL S.A.,16997,218,107,43.59
2020,2020,01.917.818/0001-36,LIGHT ENERGIA S.A.,0,1,0,0.0
2020,2020,01.938.783/0001-11,CIA PARTICIPACOES ALIANCA DA BAHIA,997,29,3,34.29
2020,2020,01.957.772/0001-89,SUL 116 PARTICIPACOES S.A.,0,4,1,0.0
2020,2020,01.971.614/0001-83,EMPRESA NAC COM REDITO PART S.A.ENCORPAR,1729,1290,3,12.69
2020,2020,01.989.044/0001-59,WTC RIO EMPREEND. E PARTICIPAÇÕES S.A.,3,0,0,100.0
2020,2020,02.016.440/0001-62,RGE SUL DISTRIBUIDORA DE ENERGIA S.A.,0,1,0,0.0
2020,2020,02.062.747/0001-08,SUDESTE S.A.,0,1,1,9e-06
2020,2020,02.084.220/0001-76,NUMERAL 80 PARTICIPAÇÕES S.A.,0,1,0,0.0
2020,2020,02.105.040/0001-23,VIRGO II COMPANHIA DE SECURITIZACAO,0,2,0,100.0
2020,2020,02.149.205/0001-69,PORTO SEGURO S.A.,32713,107,841,28.963529
2020,2020,02.162.616/0001-94,UPTICK PARTICIPACOES S.A. - EM LIQUIDAÇÃO,1,1,0,0.0
2020,2020,02.193.750/0001-52,DEXXOS PARTICIPAÇÕES S.A.,5583,545,67,62.819588
2020,2020,02.201.787/0001-85,CEL PARTICIPAÇÕES S.A. - CELPAR,1,3,0,100.0
2020,2020,02.217.319/0001-07,YBYRÁ CAPITAL S.A.,1,0,0,0.0
2020,2020,02.221.531/0001-30,RDN CONCESSÕES E PARTICIPAÇÕES S.A.,0,1,0,0.0
2020,2020,02.222.736/0001-30,EMPRESA CONC RODOV DO NORTE S.A.ECONORTE,0,1,0,100.0
2020,2020,02.258.422/0001-97,INEPAR EQUIPAMENTOS E MONTAGENS S/A - EM RECUPERACAO JUDICIA,0,1,0,0.0
2020,2020,02.281.836/0001-37,TRANSNORDESTINA LOGISTICA SA,0,6,0,0.0
2020,2020,02.286.479/0001-08,LOCALIZA FLEET S.A.,0,1,0,0.0
2020,2020,02.291.077/0001-93,PRODUTORES ENERGET.DE MANSO S.A.- PROMAN,0,1,5,45.0
2020,2020,02.302.100/0001-06,EDP SÃO PAULO DISTRIBUIÇÃO DE ENERGIA S.A.,0,1,0,100.0
2020,2020,02.302.101/0001-42,EMAE - EMPRESA METROP. DE AGUAS E ENERGIA S.A.,30339,413,10,60.060878
2020,2020,02.318.346/0001-68,OPPORTUNITY ENERGIA E PARTICIPACOES S.A. - EM LIQUIDAÇÃO,0,1,1,0.002
2020,2020,02.328.280/0001-97,ELEKTRO REDES S.A.,920,7,14,0.321969
2020,2020,02.338.534/0001-58,LONGDIS S.A.,6,3,2,0.4949
2020,2020,02.351.144/0001-18,TEGMA GESTAO LOGISTICA S.A.,14409,81,248,48.485
2020,2020,02.351.877/0001-52,LWSA S/A,58302,844,716,73.047254
2020,2020,02.357.251/0001-53,LIFEMED INDUSTRIAL DE EQUIP. E ART. MEDICOS E HOSP. S.A,0,5,0,0.0
2020,2020,02.365.069/0001-44,PADTEC HOLDING S.A.,4028,25,29,99.290629
2020,2020,02.382.073/0001-10,PROLAGOS S/A - CONC.DE SERVICOS PÚBLICOS DE ÁGUA E ESGOTO,0,2,0,0.0
2020,2020,02.387.241/0001-60,RUMO S.A.,65595,1587,41,65.57
2020,2020,02.397.080/0001-96,ITAPEBI GERACAO DE ENERGIA S.A.,0,2,0,0.0
2020,2020,02.415.408/0001-50,CONC ROD.OESTE SP VIAOESTE S.A,0,1,0,0.0
2020,2020,02.421.421/0001-11,TIM S.A.,1270233,229942,849,33.397411
2020,2020,02.429.144/0001-93,CPFL ENERGIA S.A.,20455,4806,837,16.291
2020,2020,02.451.848/0001-62,CONC SIST ANHANG-BANDEIRANT S.A. AUTOBAN,0,1,0,0.0
2020,2020,02.474.103/0001-19,ENGIE BRASIL ENERGIA S.A.,132642,7889,1212,31.23
2020,2020,02.502.844/0001-66,RUMO MALHA PAULISTA S.A.,0,1,0,0.0
2020,2020,02.509.186/0001-34,TRIÂNGULO DO SOL AUTO-ESTRADAS S.A.,0,1,0,100.0
2020,2020,02.509.491/0001-26,CONC ECOVIAS IMIGRANTES S.A.,0,1,0,0.0
2020,2020,02.558.115/0001-21,TIM PARTICIPACOES S.A.,1253361,231889,667,33.388388
2020,2020,02.558.157/0001-62,TELEFÔNICA BRASIL S.A,1847020,461128,3246,26.269888
2020,2020,02.591.787/0001-39,CAPITALPART PARTICIPACOES S.A.,22,0,0,0.651364
2020,2020,02.643.896/0001-52,REAL AI PIC SEC DE CREDITOS IMOBILIARIO S.A.,0,1,0,0.0
2020,2020,02.664.042/0001-52,TERMINAL GARAGEM MENEZES CORTES S.A.,0,2,0,0.0
2020,2020,02.682.287/0001-02,"PAN FINANCEIRA S.A. - CRÉDITO, FINANCIAMENTO E INVESTIMENTO",0,2,0,100.0
2020,2020,02.724.983/0001-34,SANESALTO SANEAMENTO S.A.,0,1,0,0.0
2020,2020,02.736.470/0001-43,CONFIANZA SECURITIZADORA SA,3,1,0,0.0
2020,2020,02.762.113/0001-50,BRAZILIAN FINANCE E REAL ESTATE S.A.,0,1,0,0.0
2020,2020,02.762.115/0001-49,MASSA FALIDA DA MMX MINERACAO E METALICOS S.A.,12244,149,63,42.58
2020,2020,02.762.121/0001-04,SANTOS BRASIL PARTICIPACOES S.A.,88170,253,332,99.480199
2020,2020,02.762.124/0001-30,BETAPART PARTICIPACOES S.A.,4,0,0,100.0
2020,2020,02.773.542/0001-22,OPEA SECURITIZADORA S.A.,0,1,0,1e-06
2020,2020,02.783.423/0001-50,ALTERE SECURITIZADORA S.A.,2,0,0,100.0
2020,2020,02.796.775/0001-40,GAMA PARTICIPACOES S.A.,0,2,1,0.0
2020,2020,02.800.026/0001-40,COGNA EDUCAÇÃO S.A.,165446,2403,2403,98.475368
2020,2020,02.846.056/0001-97,MOTIVA INFRAESTRUTURA DE MOBILIDADE S.A.,21749,149,1221,55.232354
2020,2020,02.860.694/0001-62,T4F ENTRETENIMENTO S.A.,11732,142,49,52.087777
2020,2020,02.916.265/0001-60,JBS S.A.,98272,1903,990,55.274825
2020,2020,02.919.555/0001-67,ARTERIS S.A.,0,4,0,0.0
2020,2020,02.932.074/0001-91,HYPERA S.A.,47067,790,763,64.872394
2020,2020,02.950.811/0001-89,PDG REALTY S.A. EMPREEND E PARTICIPACOES,8746,149,19,100.0
2020,2020,02.992.449/0001-09,PROMPT PARTICIPACOES S.A.,0,1,2,0.0
2020,2020,02.998.301/0001-81,RIO PARANAPANEMA ENERGIA S.A.,11227,234,21,3.81
2020,2020,02.998.611/0001-04,ISA ENERGIA BRASIL,127479,653,1504,64.181008
2020,2020,03.014.553/0001-91,TPI - TRIUNFO PARTICIP. E INVEST. S.A.,10802,78,1,42.08041
2020,2020,03.025.305/0001-46,RODOVIAS DAS COLINAS S.A.,0,1,0,100.0
2020,2020,03.207.703/0001-83,CONCESSIONARIA DE RODOVIAS DO INTERIOR PAULISTA S/A,0,2,0,0.0
2020,2020,03.220.438/0001-73,EQUATORIAL S.A.,9886,1493,1453,100.0
2020,2020,03.303.999/0001-36,DTCOM - DIRECT TO COMPANY S.A.,243,6,12,2.39
2020,2020,03.378.521/0001-75,LIGHT S.A. - EM RECUPERAÇÃO JUDICIAL,26009,10263,971,100.0
2020,2020,03.467.321/0001-99,ENERGISA MATO GROSSO-DISTRIBUIDORA DE ENERGIA S/A,220,60,8,2.49
2020,2020,03.538.833/0001-07,XX DE NOVEMBRO INVESTIMENTOS E PARTICIPAÇÕES S.A.,1,0,1,0.0
2020,2020,03.758.318/0001-24,INVESTIMENTOS E PARTICIP. EM INFRA S.A. - INVEPAR,0,1,3,50.0
2020,2020,03.767.538/0001-14,BRAZILIAN SECURITIES CIA SECURITIZACAO,0,1,0,0.0
2020,2020,03.795.050/0001-09,TERMOPERNAMBUCO S.A.,0,1,0,0.0
2020,2020,03.818.379/0001-30,SABER SERVIÇOS EDUCACIONAIS S.A.,0,3,0,0.0
2020,2020,03.847.461/0001-92,BRADESPAR S.A.,96710,10947,479,71.6915
2020,2020,03.853.896/0001-40,MARFRIG GLOBAL FOODS S.A.,26550,108,412,51.85
2020,2020,03.953.509/0001-47,CPFL GERACAO DE ENERGIA S.A.,0,1,0,0.0
2020,2020,03.983.431/0001-03,EDP - ENERGIAS DO BRASIL S.A.,237085,0,1572,38.146053
2020,2020,04.030.182/0001-02,CABINDA PARTICIPACOES S.A.,1,1,0,0.0
2020,2020,04.031.213/0001-31,CACONDE PARTICIPACOES S.A.,1,1,0,0.0
2020,2020,04.032.433/0001-80,CONTAX PARTICIPAÇÕES S.A. - EM RECUPERAÇÃO JUDICIAL,2944,19,37,17.57
2020,2020,04.038.763/0001-82,CAIANDA PARTICIPACOES S.A.,1,1,0,100.0
2020,2020,04.065.791/0001-99,SINQIA S.A.,109354,632,155,83.21
2020,2020,04.089.570/0001-50,ÁGUAS GUARIROBA S.A,0,2,0,0.0
2020,2020,04.128.563/0001-10,AES TIETE ENERGIA SA,116741,551,438,0.0
2020,2020,04.149.454/0001-80,ECORODOVIAS INFRAESTRUTURA E LOGÍSTICA S.A.,25884,139,429,30.626
2020,2020,04.172.213/0001-51,CIA PIRATININGA DE FORCA E LUZ,0,1,0,0.0
2020,2020,04.200.649/0001-07,COMPANHIA PROVINCIA DE SECURITIZACAO,2,0,0,100.0
2020,2020,04.233.319/0001-18,NCF PARTICIPAÇÕES S/A,0,3,0,0.0
2020,2020,04.370.282/0001-70,COPEL GERAÇÃO E TRANSMISSÃO S.A.,0,1,0,0.0
2020,2020,04.423.567/0001-21,ENEVA S.A,30348,860,0,99.770671
2020,2020,04.437.534/0001-30,LOCAMÉRICA RENT-A-CAR S.A.,0,1,0,0.0
2020,2020,04.739.720/0001-24,USINA TERMELÉTRICA PAMPA SUL S.A.,0,2,0,0.0
2020,2020,04.752.991/0001-10,BIOMM S.A.,2354,94,17,29.2392
2020,2020,04.821.041/0001-08,METALFRIO SOLUTIONS S.A.,349,12,1,46.15
2020,2020,04.895.728/0001-80,EQUATORIAL PARÁ DISTRIBUIDORA DE ENERGIA S.A.,1734,554,17,3.5
2020,2020,04.902.979/0001-44,BCO AMAZONIA S.A.,14528,509,22,4.200942
2020,2020,04.912.242/0001-02,PORTUENSE FERRAGENS S/A,218,1,0,100.0
2020,2020,04.913.711/0001-08,BCO ESTADO DO PARA S.A.,201,122,1,0.0216
2020,2020,04.972.092/0001-22,GRUPO FARTURA DE HORTIFRUT S.A.,4,0,1,0.0
2020,2020,04.986.320/0001-13,SER EDUCACIONAL S.A.,7888,135,176,42.22
2020,2020,04.992.714/0001-84,NOVA TRANSPORTADORA DO SUDESTE S.A. - NTS,0,3,0,0.0
2020,2020,05.197.443/0001-38,HAPVIDA PARTICIPAÇÕES E INVESTIMENTOS S.A.,19562,269,1669,29.21338
2020,2020,05.336.882/0001-84,CACHOEIRA PAULISTA TRANSMISSORA ENERGIA S.A.,0,1,0,100.0
2020,2020,05.495.546/0001-84,LITELA PARTICIPAÇÕES S.A. - EM LIQUIDAÇÃO,0,3,3,100.0
2020,2020,05.721.735/0001-28,WILSON SONS LTD.,570,5,115,42.39
2020,2020,05.730.375/0001-20,SMILES FIDELIDADE S.A.,39661,528,385,47.398277
2020,2020,05.799.312/0001-20,TERRA SANTA AGRO S.A.,6088,49,61,32.977
2020,2020,05.878.397/0001-32,ALLOS S.A.,9375,18,559,47.926957
2020,2020,05.889.284/0001-32,CSA-COMPANHIA SECURITIZADORA DE ATIVOS,3,2,0,0.0
2020,2020,06.016.348/0001-53,VENTOS DO SUL ENERGIA S.A.,0,3,0,0.0
2020,2020,06.047.087/0001-39,REDE D'OR SÃO LUIZ S.A.,59,9,0,44.229
2020,2020,06.057.223/0001-71,SENDAS DISTRIBUIDORA S.A.,0,7,0,58.56
2020,2020,06.137.677/0001-52,BRPR 56 SECURITIZADORA CRED IMOB S.A.,0,1,0,100.0
2020,2020,06.164.253/0001-87,GOL LINHAS AEREAS INTELIGENTES S.A.,89470,345,394,4.435814
2020,2020,06.272.793/0001-84,EQUATORIAL MARANHÃO DISTRIBUIDORA DE ENERGIA S.A.,1466,27,18,34.89
2020,2020,06.347.409/0001-65,SBF COMÉRCIO DE PRODUTOS ESPORTIVOS S.A.,0,2,0,0.0
2020,2020,06.626.253/0001-51,EMPREENDIMENTOS PAGUE MENOS S.A.,28630,87,72,35.9
2020,2020,06.948.969/0001-75,LINX S.A.,11835,0,319,78.12
2020,2020,06.977.745/0001-91,BR MALLS PARTICIPACOES S.A.,43184,199,1046,96.631
2020,2020,06.977.751/0001-49,BR PROPERTIES S.A.,5006,44,428,40.449
2020,2020,06.981.176/0001-58,CEMIG GERACAO E TRANSMISSAO S.A.,0,1,0,0.0
2020,2020,06.981.180/0001-16,CEMIG DISTRIBUICAO S.A.,0,1,0,0.0
2020,2020,06.981.381/0001-13,CTC - CENTRO DE TECNOLOGIA CANAVIEIRA S.A.,0,89,1,14.158
2020,2020,07.040.108/0001-57,CAGECE - CIA DE AGUA E ESGOTO DO CEARA,4,5,0,11.586
2020,2020,07.043.628/0001-13,CLARO TELECOM PARTICIPAÇÕES S.A.,0,2,0,0.0
2020,2020,07.047.251/0001-70,CIA ENERGETICA DO CEARA - COELCE,2138,195,121,25.948939
2020,2020,07.119.838/0001-48,SECME - COMPANHIA SECURITIZADORA DE CRÉDITOS IMOBILIÁRIOS,0,2,0,0.0
2020,2020,07.206.816/0001-15,M.DIAS BRANCO S.A. IND COM DE ALIMENTOS,62395,150,519,24.681352
2020,2020,07.237.373/0001-20,BCO NORDESTE DO BRASIL S.A.,8623,1105,13,0.71
2020,2020,07.253.321/0001-47,CARBOMIL SA MINER. E INDUSTRIA,5,1,0,100.0
2020,2020,07.275.159/0001-68,PETROLEO LUB DO NORDESTE SA,177,365,0,84.33
2020,2020,07.282.377/0001-20,ENERGISA SUL-SUDESTE - DISTRIBUIDORA DE ENERGIA S/A,22,9,0,0.75
2020,2020,07.334.600/0001-35,MARINA DE IRACEMA PARK SA,8,2,0,0.0
2020,2020,07.401.436/0001-31,ELDORADO BRASIL CELULOSE S.A.,0,2,0,100.0
2020,2020,07.415.333/0001-20,SIMPAR S.A.,19987,140,389,35.33
2020,2020,07.437.016/0001-05,CINESYSTEM S.A.,3,3,0,0.0
2020,2020,07.526.557/0001-00,AMBEV S.A.,328334,2072,670,27.69
2020,2020,07.587.384/0001-30,PLANETA SECURITIZADORA S.A.,1,1,0,0.0
2020,2020,07.594.978/0001-78,SMARTFIT ESCOLA DE GINÁSTICA E DANÇA S.A.,12,14,0,0.0
2020,2020,07.628.528/0001-59,BRASILAGRO - CIA BRAS DE PROP AGRICOLAS,12107,77,167,62.777018
2020,2020,07.659.538/0001-51,DINAMICA ENERGIA S.A.,3,1,0,100.0
2020,2020,07.689.002/0001-89,EMBRAER S.A.,67692,14965,211,99.416
2020,2020,07.718.269/0001-57,SPRINGS GLOBAL PARTICIPACOES S.A.,4912,33,62,46.821594
2020,2020,07.816.890/0001-53,MULTIPLAN - EMPREEND IMOBILIARIOS S.A.,10672,1230,0,40.92
2020,2020,07.820.907/0001-46,FICA EMPREENDIMENTOS IMOBILIÁRIOS S.A.,319,5,31,98.287727
2020,2020,07.857.093/0001-14,AURA MINERALS INC.,53,29,1,43.33
2020,2020,07.857.850/0001-50,"GP INVESTMENTS, LTD.",601,4,71,100.0
2020,2020,07.859.510/0001-68,JHSF MALLS S.A.,0,3,0,0.0
2020,2020,07.859.971/0001-30,TRANSMISSORA ALIANÇA DE ENERGIA ELÉTRICA S.A.,143521,408,933,63.445266
2020,2020,07.882.930/0001-65,MITRE REALTY EMPREENDIMENTOS E PARTICIPAÇÕES S.A.,6666,76,151,51.089
2020,2020,07.950.674/0001-04,CCX CARVÃO DA COLÔMBIA S.A. - EM LIQUIDAÇÃO,1298,6,0,43.7799
2020,2020,08.065.557/0001-12,TECNISA S.A.,47887,198,162,73.03849
2020,2020,08.070.508/0001-78,RAIZEN ENERGIA S.A.,0,3,0,100.0
2020,2020,08.078.847/0001-09,LPS BRASIL - CONSULTORIA DE IMOVEIS S.A.,28379,226,57,77.852052
2020,2020,08.159.965/0001-33,IGUA SANEAMENTO S.A.,0,1,3,0.0
2020,2020,08.294.224/0001-65,JHSF PARTICIPACOES S.A.,121364,901,118,41.91907
2020,2020,08.312.229/0001-73,EZ TEC EMPREEND. E PARTICIPACOES S.A.,46550,618,197,42.183355
2020,2020,08.324.196/0001-81,CIA ENERGETICA DO RIO GDE NORTE - COSERN,5769,429,7,1.132181
2020,2020,08.343.492/0001-20,MRV ENGENHARIA E PARTICIPACOES S.A.,43772,1004,838,60.8809
2020,2020,08.364.948/0001-38,ALUPAR INVESTIMENTO S/A,29439,623,0,47.79
2020,2020,08.402.943/0001-52,GUARARAPES CONFECCOES S.A.,19780,504,0,16.415216
2020,2020,08.424.178/0001-71,TECBLU TECELAGEM BLUMENAU S.A.,3,4,0,100.0
2020,2020,08.439.659/0001-50,CPFL ENERGIAS RENOVÁVEIS S.A.,339,3,2,0.0
2020,2020,08.467.115/0001-00,CIA ESTADUAL DE DISTRIB ENER ELET-CEEE-D,102,212,0,34.08
2020,2020,08.493.364/0001-62,CIA MINEIRA DE AÇUCAR E ALCOOL PARTICIPAÇÕES,0,3,0,100.0
2020,2020,08.534.605/0001-74,RENOVA ENERGIA S.A.,5266,39,0,18.113881
2020,2020,08.560.444/0001-93,CIA CELG DE PARTICIPACOES - CELGPAR,258,92,0,0.1
2020,2020,08.574.411/0001-00,PRÁTICA PRODUTOS S.A.,0,2,0,10.011123
2020,2020,08.613.550/0001-98,NEXPE PARTICIPAÇÕES S.A,11174,34,81,98.985
2020,2020,08.653.753/0001-08,BRC SECURITIZADORA S.A.,0,1,0,0.0
2020,2020,08.764.621/0001-53,GENERAL SHOPPING E OUTLETS DO BRASIL BRASIL S.A.,2867,8,25,97.225277
2020,2020,08.769.451/0001-08,VIRGO COMPANHIA DE SECURITIZAÇÃO,0,1,0,0.0
2020,2020,08.773.135/0001-00,2W ECOBANK S.A. - EM RECUPERAÇÃO JUDICIAL,8,2,0,2.0
2020,2020,08.773.191/0001-36,BRASILIANA PARTICIPAÇÕES S/A,0,2,0,0.0
2020,2020,08.795.211/0001-70,MAESTRO LOCADORA DE VEICULOS S.A.,3,1,3,0.0
2020,2020,08.797.760/0001-83,CURY CONSTRUTORA E INCORPORADORA S.A.,1360,2,217,35.81856
2020,2020,08.801.621/0001-86,SYN PROP & TECH S.A.,8252,204,38,38.905
2020,2020,08.807.432/0001-10,YDUQS PARTICIPACOES S.A.,24581,186,973,97.2159
2020,2020,08.810.422/0001-34,GUARARAPES PAINÉIS S.A.,3,1,1,0.0
2020,2020,08.811.643/0001-27,TRISUL S.A.,21238,258,176,42.14
2020,2020,08.822.767/0001-08,CONCESSIONÁRIA DA RODOVIA MG-050 S.A.,0,1,0,100.0
2020,2020,08.827.501/0001-58,AEGEA SANEAMENTO E PARTICIPAÇÕES S.A.,0,4,0,28.37
2020,2020,08.873.873/0001-10,ECORODOVIAS CONCESSÕES E SERVIÇOS S.A.,0,1,0,0.0
2020,2020,08.902.291/0001-15,CSN MINERAÇÃO S.A.,0,4,0,21.4641
2020,2020,08.926.302/0001-05,DOMMO ENERGIA S.A.,52218,431,131,99.97671
2020,2020,08.935.054/0001-50,MULTINER S/A,0,2,1,100.0
2020,2020,08.937.002/0001-13,VISION SECURITIZADORA S.A.,2,1,0,100.0
2020,2020,09.041.168/0001-10,LOG COMMERCIAL PROPERTIES E PARTICIPAÇÕES,22051,272,223,58.4734
2020,2020,09.042.817/0001-05,BEMOBI MOBILE TECH S.A.,13013,173,173,96.899
2020,2020,09.053.134/0001-45,ELFA MEDICAMENTOS S.A.,18,0,3,14.113
2020,2020,09.054.385/0001-44,INBRANDS S.A.,12,3,0,0.907
2020,2020,09.074.183/0001-64,TRANSBRASILIANA CONCESSIONÁRIA DE RODOVIA S.A,0,1,0,100.0
2020,2020,09.083.175/0001-84,MOSAICO TECNOLOGIA AO CONSUMIDOR S.A.,13,1,0,43.8
2020,2020,09.095.183/0001-40,ENERGISA PARAÍBA - DISTRIBUIDORA DE ENERGIA S/A,0,1,0,100.0
2020,2020,09.112.685/0001-32,OSX BRASIL S.A. - EM RECUPERAÇÃO JUDICIAL,2803,28,32,33.99
2020,2020,09.114.805/0001-30,OCEANPACT SERVIÇOS MARITIMOS S.A.,28,0,1,47.991768
2020,2020,09.116.278/0001-01,CONPEL CIA NORDESTINA PAPEL - EM RECUPERAÇÃO JUDICIAL,0,1,0,100.0
2020,2020,09.146.451/0001-06,KALLAS INCORPORAÇÕES E CONSTRUÇÕES S.A.,3,1,0,100.0
2020,2020,09.149.503/0001-06,SERENA GERAÇÃO S.A.,6332,86,663,62.384542
2020,2020,09.257.877/0001-37,FERROVIA NORTE SUL S/A,0,1,0,0.0
2020,2020,09.288.252/0001-32,ANIMA HOLDING S.A.,12423,448,447,71.417389
2020,2020,09.295.063/0001-97,TECHNOS S.A.,11570,50,55,82.672527
2020,2020,09.304.427/0001-58,HABITASEC SECURITIZADORA SA,3,0,0,100.0
2020,2020,09.305.994/0001-29,AZUL S.A.,189318,1455,56,50.216281
2020,2020,09.313.969/0001-97,AUTOPISTA LITORAL SUL,0,1,0,100.0
2020,2020,09.324.949/0001-11,AUTOPISTA FLUMINENSE SA,0,1,0,0.0
2020,2020,09.325.109/0001-73,AUTOPISTA PLANALTO SUL SA,0,1,0,99.999999
2020,2020,09.326.342/0001-70,AUTOPISTA FERNÃO DIAS SA,0,1,0,0.0
2020,2020,09.336.431/0001-06,AUTOPISTA REGIS BITTENCOURT SA,0,1,0,0.0
2020,2020,09.346.601/0001-25,"B3 S.A. - BRASIL, BOLSA, BALCÃO",247957,3591,1629,99.241444
2020,2020,09.347.516/0001-81,ELETROMIDIA S.A.,8,3,0,36.8716
2020,2020,09.391.823/0001-60,SANTO ANTONIO ENERGIA S.A.,0,1,0,0.0
2020,2020,09.414.761/0001-64,K-INFRA RODOVIA DO AÇO S.A.,0,1,0,0.0
2020,2020,09.439.783/0001-89,ÁQUILLA SECURITIZADORA S.A.,2,0,0,100.0
2020,2020,09.611.768/0001-76,INC EMPREENDIMENTOS IMOBILIÁRIOS S.A.,5,0,0,0.0
2020,2020,09.625.321/0001-56,NORTE BRASIL TRANSMISSORA DE ENERGIA S.A.,0,2,0,0.0
2020,2020,09.813.204/0001-16,W2W E-COMMERCE DE VINHOS S.A.,6,2,0,0.0
2020,2020,10.139.870/0001-08,NEOGRID PARTICIPAÇÕES S.A.,18,1,0,45.294
2020,2020,10.215.988/0001-60,COMPANHIA DE LOCAÇÃO DAS AMÉRICAS,32189,952,509,63.64151
2020,2020,10.234.027/0001-00,LINHAS DE MACAPÁ TRANSMISSORA DE ENERGIA S/A,0,2,0,0.0
2020,2020,10.240.186/0001-00,LINHAS DE XINGU TRANSMISSORA DE ENERGIA S/A,0,2,0,0.0
2020,2020,10.285.590/0001-08,GRUPO DE MODA SOMA S.A.,6143,25,243,37.86
2020,2020,10.324.624/0001-18,CONCESSÃO METROVIÁRIA DO RIO DE JANEIRO S.A.,0,1,0,0.0
2020,2020,10.338.320/0001-00,AFLUENTE TRANSMISSÃO DE ENERGIA ELÉTRICA S/A,1986,276,3,100.0
2020,2020,10.488.244/0001-19,INFRASEC SECURITIZADORA S.A.,0,2,0,100.0
2020,2020,10.502.676/0001-37,TERMELÉTRICA PERNAMBUCO III S.A.,0,1,0,0.0
2020,2020,10.531.501/0001-58,CONC AUTO RAPOSO TAVARES S.A.,0,1,0,100.0
2020,2020,10.571.175/0001-02,URBA DESENVOLVIMENTO URBANO S.A.,7,2,0,0.0
2020,2020,10.608.405/0001-60,BARI SECURITIZADORA S.A.,1,1,0,100.0
2020,2020,10.629.105/0001-68,PRIO S.A.,50944,359,417,91.903912
2020,2020,10.635.691/0001-53,VIARONDON CONCESSIONÁRIA DE RODOVIA S.A.,0,1,0,100.0
2020,2020,10.647.979/0001-48,CONC ROTA DAS BANDEIRAS S.A.,0,2,0,0.0
2020,2020,10.670.314/0001-55,VIABAHIA CONCESSIONÁRIA DE RODOVIAS SA,0,2,0,0.0
2020,2020,10.753.164/0001-43,ECO SECURITIZADORA DIREITOS CRED AGRONEGÓCIO S.A.,1,0,0,0.0
2020,2020,10.760.260/0001-19,CVC BRASIL OPERADORA E AGÊNCIA DE VIAGENS S.A.,157227,947,118,99.858194
2020,2020,10.807.374/0001-77,BOA SAFRA SEMENTES S.A.,2,0,0,0.0
2020,2020,10.835.932/0001-08,CIA ENERGETICA DE PERNAMBUCO - CELPE,1178,253,9,10.35
2020,2020,10.841.050/0001-55,CONC ROD AYRTON SENNA E CARV PINTO S.A.-ECOPISTAS,0,1,0,0.0
2020,2020,10.851.805/0001-00,FLEX GESTÃO DE RELACIONAMENTOS S.A.-EM RECUPERAÇÃO JUDICIAL,0,1,1,0.0
2020,2020,11.257.352/0001-43,BSI CAPITAL SECURITIZADORA S.A.,1,1,0,0.0
2020,2020,11.274.829/0001-07,COMPANHIA PAULISTA DE SECURITIZAÇÃO,0,2,0,0.0
2020,2020,11.284.204/0001-18,YOU INC INCORPORADORA E PARTICIPAÇÃO S.A,3,2,0,23.544
2020,2020,11.421.994/0001-36,ORIZON VALORIZAÇÃO DE RESÍDUOS S.A.,7,3,1,47.44
2020,2020,11.669.021/0001-10,ENAUTA PARTICIPAÇÕES S.A.,30183,34,436,28.57
2020,2020,11.716.471/0001-17,TRX SECURITIZADORA S.A.,2,3,0,100.0
2020,2020,11.721.921/0001-60,ALPER CONSULTORIA E CORRETORA DE SEGUROS S.A.,4360,33,66,94.592416
2020,2020,11.725.176/0001-27,BOA VISTA SERVIÇOS S.A.,1509,14,182,98.93
2020,2020,11.992.680/0001-93,QUALICORP CONSULTORIA E CORRETORA DE SEGUROS S.A.,55831,682,343,99.883883
2020,2020,12.049.631/0001-84,MOURA DUBEUX ENGENHARIA S/A,3892,174,0,67.365
2020,2020,12.091.809/0001-55,BRAVA ENERGIA S.A.,4225,17,109,97.4
2020,2020,12.108.897/0001-50,D1000 VAREJO FARMA PARTICIPAÇÕES S.A.,0,1,0,46.512
2020,2020,12.130.744/0001-00,TRUE SECURITIZADORA S.A.,0,2,0,0.0
2020,2020,12.139.922/0001-63,OCTANTE SECURITIZADORA S.A.,1,1,0,0.0
2020,2020,12.181.987/0001-77,MELNICK DESENVOLVIMENTO IMOBILIÁRIO S.A.,0,2,0,36.647
2020,2020,12.261.588/0001-16,POLO CAPITAL SECURITIZADORA S.A,3,0,0,0.0
2020,2020,12.300.288/0001-07,NORTE ENERGIA S.A.,0,10,0,0.0
2020,2020,12.320.349/0001-90,ORE  SECURITIZADORA SA,1,1,0,100.0
2020,2020,12.489.315/0001-23,FERREIRA GOMES ENERGIA S.A.,0,2,0,0.0
2020,2020,12.528.708/0001-07,AERIS IND. E COM. DE EQUIP. PARA GER. DE ENG. S.A.,87809,244,273,28.459279
2020,2020,12.648.266/0001-24,AMBIPAR PARTICIPAÇÕES E EMPREENDIMENTOS S.A.,5466,91,189,38.723
2020,2020,12.648.327/0001-53,HIDROVIAS DO BRASIL S.A.,0,0,11,42.823645
2020,2020,12.827.269/0001-25,HRH ILHA DO SOL EMPREENDIMENTOS IMOBILIÁRIOS SPE S/A,0,2,0,0.0
2020,2020,12.919.786/0001-24,TCP TERMINAL DE CONTEINERES DE PARANAGUA SA,0,1,0,0.0
2020,2020,12.979.898/0001-70,FORTE SECURITIZADORA S.A.,3,1,0,100.0
2020,2020,13.009.717/0001-46,BCO ESTADO DE SERGIPE S.A. - BANESE,3167,336,14,10.13
2020,2020,13.017.462/0001-63,ENERGISA SERGIPE - DISTRIBUIDORA DE ENERGIA S/A,0,1,0,100.0
2020,2020,13.217.485/0001-11,GRUPO SBF S.A.,56777,273,353,36.674
2020,2020,13.349.677/0001-81,REIT SECURITIZADORA S/A,2,1,0,0.0
2020,2020,13.444.994/0001-87,MLOG S.A.,51,60,3,46.91
2020,2020,13.457.942/0001-45,RIVA INCORPORADORA S.A,0,2,0,0.0
2020,2020,13.483.537/0001-00,BRASIL SECURITIZADORA S/A,0,2,0,0.0
2020,2020,13.574.594/0001-96,ZAMP SA,27758,127,378,98.870664
2020,2020,13.584.310/0001-42,SUGOI S.A.,0,1,0,100.0
2020,2020,14.110.585/0001-07,MÉLIUZ S.A.,3,1,0,58.9587
2020,2020,14.191.427/0001-29,GRANBIO INVESTIMENTOS S.A.,0,2,0,13.96
2020,2020,14.308.514/0001-13,PARTICIPAÇÕES INDUST. DO NORDESTE S.A.,86,10,0,24.789692
2020,2020,14.333.683/0001-03,FONTAINE VILLE PARTICIPAÇÕES S/A,0,1,0,0.0
2020,2020,14.388.334/0001-99,PARANA BCO S.A.,19,1,0,0.0
2020,2020,14.776.142/0001-50,WESTWING COMÉRCIO VAREJISTA S.A.,2,2,0,72.562358
2020,2020,14.785.152/0001-51,HBR REALTY EMPREENDIMENTOS IMOBILIÁRIOS S.A.,1,2,3,23.78
2020,2020,14.807.945/0001-24,SANSUY S.A. INDUSTRIA DE PLASTICOS,784,56,0,100.0
2020,2020,14.876.090/0001-93,GAIA IMPACTO SECURITIZADORA S.A.,1,1,0,0.0
2020,2020,14.882.295/0001-81,CBO HOLDING S.A.,0,3,0,20.0
2020,2020,14.998.371/0001-19,J. MACEDO S.A.,30,6,0,100.0
2020,2020,15.073.274/0001-88,PPLA PARTICIPATIONS LTD.,0,0,8,100.0
2020,2020,15.101.405/0001-93,CORREA RIBEIRO S.A. COMERCIO E INDUSTRIA,276,19,2,72.66
2020,2020,15.115.504/0001-24,TRONOX PIGMENTOS DO BRASIL S.A.,4127,174,50,100.0
2020,2020,15.139.629/0001-94,CIA ELETRICIDADE EST. DA BAHIA - COELBA,2224,301,15,1.059712
2020,2020,15.141.799/0001-03,CIA FERRO LIGAS DA BAHIA - FERBASA,20483,297,51,45.80841
2020,2020,15.144.017/0001-90,CIA SEGUROS ALIANCA DA BAHIA,888,23,3,48.88
2020,2020,15.229.110/0001-05,CAPITALE SECURITIZADORA DE CRÉDITO S/A,2,0,0,0.0
2020,2020,15.377.572/0001-61,NASA SECURITIZADORA S.A.,1,1,0,0.0
2020,2020,15.413.826/0001-50,ENERGISA MATO GROSSO DO SUL - DIST DE ENERGIA S.A.,1,2,0,0.07
2020,2020,15.484.093/0001-44,ECO101 CONCESSIONÁRIA DE RODOVIAS S.A.,0,1,0,0.0
2020,2020,15.494.541/0001-90,SALUS INFRAESTRUTURA PORTUARIA SA,0,2,0,100.0
2020,2020,15.527.906/0001-36,BIOSEV S.A.,2219,35,25,5.993888
2020,2020,15.578.569/0001-06,CONC DO AEROPORTO INTERNACIONAL DE GUARULHOS S.A.,0,2,0,100.0
2020,2020,15.675.715/0001-11,HOUSI S.A.,0,1,0,0.0
2020,2020,15.688.041/0001-90,MBK SECURITIZADORA SA,1,1,0,100.0
2020,2020,16.233.389/0001-55,CVLB BRASIL S.A,8,2,0,0.0
2020,2020,16.234.171/0001-15,METANOR SA METANOL DO NE,115,135,250,100.0
2020,2020,16.404.287/0001-55,SUZANO S.A.,66270,618,1538,53.25
2020,2020,16.590.234/0001-76,AZZAS 2154 S.A.,30457,86,248,49.580373
2020,2020,16.614.075/0001-00,DIRECIONAL ENGENHARIA S.A.,32833,256,271,50.261117
2020,2020,16.670.085/0001-55,LOCALIZA RENT A CAR S.A.,35748,1253,924,78.061348
2020,2020,16.811.931/0001-00,ALPHAVILLE S.A.,353,6,46,20.605
2020,2020,16.922.038/0001-51,ENJOEI S.A.,19433,400,400,79.630527
2020,2020,17.155.730/0001-64,CIA ENERGETICA DE MINAS GERAIS - CEMIG,201266,2118,1724,82.19
2020,2020,17.161.241/0001-15,MINASMAQUINAS S.A.,983,173,0,12.22
2020,2020,17.162.082/0001-73,MENDES JUNIOR ENGENHARIA S.A.,3531,41,21,3.21344
2020,2020,17.167.396/0001-69,ALFA HOLDINGS S.A.,11934,1458,6,24.683219
2020,2020,17.167.412/0001-13,FINANCEIRA ALFA S.A.- CRED FINANC E INVS,4007,360,17,24.252388
2020,2020,17.184.037/0001-10,BCO MERCANTIL DO BRASIL S.A.,7078,725,22,48.233637
2020,2020,17.193.806/0001-46,CONSORCIO ALFA DE ADMINISTRACAO S.A.,15072,1490,8,20.443134
2020,2020,17.234.244/0001-31,FTL - FERROVIA TRANSNORDESTINA LOGÍSTICA S.A.,0,2,0,100.0
2020,2020,17.245.234/0001-00,CIA FIACAO TECIDOS CEDRO CACHOEIRA,2237,28,4,54.76
2020,2020,17.281.106/0001-03,CIA SANEAMENTO DE MINAS GERAIS-COPASA MG,13632,765,89,49.557669
2020,2020,17.314.329/0001-20,INTERNATIONAL MEAL COMPANY ALIMENTACAO S.A.,49856,196,241,92.342587
2020,2020,17.344.597/0001-94,BB SEGURIDADE PARTICIPAÇÕES S.A.,127446,2237,1330,33.579
2020,2020,17.346.997/0001-39,COSAN LOGISTICA S.A.,11947,236,2,26.382424
2020,2020,18.328.118/0001-09,PET CENTER COMÉRCIO E PARTICIPAÇÕES S.A.,1,1,1,66.488
2020,2020,18.494.485/0001-82,PORTO SUDESTE V.M. S.A.,0,1,0,0.0
2020,2020,18.572.225/0001-88,CONCEBRA - CONCESSIONARIA DAS RODOVIAS CENTRAIS DO BRASIL,0,1,0,100.0
2020,2020,18.593.815/0001-97,PRINER SERVIÇOS INDUSTRIAIS S.A.,18933,169,47,98.35
2020,2020,19.133.012/0001-12,RENOVA COMPANHIA SECURITIZADORA DE CRÉDITOS FINANCEIROS S.A.,1,1,0,0.0
2020,2020,19.208.022/0001-70,ECO050 CONCESSIONÁRIA DE RODOVIAS S.A.,0,1,0,0.0
2020,2020,19.276.528/0001-16,BCBF PARTICIPAÇÕES S.A.,0,1,0,0.0
2020,2020,19.296.342/0001-29,MGI - MINAS GERAIS PARTICIPAÇÕES S.A.,0,3,0,0.0
2020,2020,19.378.769/0001-76,INSTITUTO HERMES PARDINI S.A.,5595,49,250,33.334
2020,2020,19.521.322/0001-04,CONCESSIONÁRIA ROTA DO OESTE S.A.,0,1,0,0.0
2020,2020,19.526.748/0001-50,COMPANHIA INDUSTRIAL CATAGUASES,152,6,0,30.4782
2020,2020,19.527.586/0001-75,COMPANHIA ENERGÉTICA SINOP S/A,0,3,0,0.0
2020,2020,19.527.639/0001-58,ENERGISA MINAS RIO - DISTRIBUIDORA DE ENERGIA S/A,0,1,0,0.0
2020,2020,19.642.306/0001-70,CONCESSIONÁRIA DE RODOVIA SUL-MATOGROSSENSE S.A.,0,1,0,0.0
2020,2020,19.688.956/0001-56,BIOTOSCANA INVESTMENTS S.A.,3144,28,77,48.381149
2020,2020,19.726.048/0001-00,CONCESSIONÁRIA BR-040 S.A.,0,1,0,0.0
2020,2020,19.851.496/0001-35,LOGOS COMPANHIA SECURITIZADORA S/A,1,1,0,0.0
2020,2020,19.853.511/0001-84,NOTRE DAME INTERMÉDICA PARTICIPAÇÕES S.A.,18417,1800,0,96.487442
2020,2020,20.247.322/0001-47,ALLIED TECNOLOGIA S.A.,3,0,2,0.0
2020,2020,20.258.278/0001-70,OUROFINO S.A.,3331,111,10,43.71
2020,2020,20.451.953/0001-83,BLUM COMPANHIA DE SECURITIZAÇÃO DE CRÉDITOS S.A,0,1,0,100.0
2020,2020,20.646.442/0001-17,GAIA CRED SECURITIZADORA DE CRÉDITOS FINANCEIROS S/A.,1,1,0,0.0
2020,2020,21.240.146/0001-84,AGROGALAXY PARTICIPAÇÕES S.A. - EM RECUPERAÇÃO JUDICIAL,17,3,8,0.0
2020,2020,21.254.073/0001-80,COMPANHIA ITAUNENSE ENERGIA E PARTICIPAÇÕES,800,5,0,100.0
2020,2020,21.255.567/0001-89,CIA TECIDOS SANTANENSE EM RECUPERAÇÃO JUDICIAL,6100,1,1,19.73
2020,2020,21.262.638/0001-70,ENCALSO PARTICIPAÇÕES EM CONCESSÕES S/A,0,4,0,0.0
2020,2020,21.314.559/0001-66,MOVIDA PARTICIPACOES SA,73096,983,462,44.2
2020,2020,21.389.501/0001-81,COMPASS GÁS E ENERGIA S.A.,2,1,0,0.0
2020,2020,21.414.457/0001-12,LEADS CIA. SECURITIZADORA,1,1,0,0.0
2020,2020,21.610.416/0001-00,FORTUNATO SECURITIZADORA S/A,2,0,0,0.0
2020,2020,21.948.105/0001-47,BTGI QUARTZO PARTICIPAÇÕES S/A,0,1,1,0.0
2020,2020,21.976.484/0001-89,RUGE SECURITIZADORA DE CRÉDITOS FINANCEIROS S.A.,1,1,0,0.0
2020,2020,21.976.510/0001-79,BTGI SAFIRA PARTICIPAÇÕES S/A,0,1,1,0.0
2020,2020,22.163.297/0001-49,CONCESSIONÁRIA PONTE RIO-NITERÓI S.A. - ECOPONTE,0,1,0,0.0
2020,2020,22.261.473/0001-85,COMPANHIA DE GÁS DE MINAS GERAIS - GASMIG,18,2,0,0.043003
2020,2020,22.266.175/0001-88,FERTILIZANTES HERINGER S.A.,1829,51,0,29.015504
2020,2020,22.495.265/0001-40,SENECA COMPANHIA SECURITIZADORA,2,0,0,0.0
2020,2020,22.543.331/0001-00,CAIXA SEGURIDADE PARTICIPAÇÕES S.A.,0,1,0,0.0
2020,2020,22.677.520/0001-76,CIA TECIDOS NORTE DE MINAS COTEMINAS,2454,1501,2,49.908339
2020,2020,22.983.283/0001-71,COMPANHIA CARIOCA DE SECURITIZAÇÃO S.A. - RIO SECURITIZAÇÃO,0,2,0,100.0
2020,2020,23.096.269/0001-19,RIO PARANA ENERGIA S.A.,0,2,0,33.33
2020,2020,23.236.821/0001-27,PATRIMAR ENGENHARIA S.A.,4,1,0,0.0
2020,2020,23.373.000/0001-32,"VAMOS LOCAÇÃO DE CAMINHÕES, MÁQUINAS E EQUIPAMENTOS S.A.",0,2,0,20.02
2020,2020,23.438.929/0001-00,ALARES INTERNET PARTICIPAÇÕES S/A,10,1,1,0.0
2020,2020,24.230.275/0001-80,PLANO & PLANO DESENVOLVIMENTO IMOBILIÁRIO S.A.,3031,99,0,35.94
2020,2020,24.241.659/0001-06,VENTURE CAPITAL PARTICIPAÇÕES E INVESTIMENTOS S/A,3,0,0,0.0
2020,2020,24.396.489/0001-20,BRK AMBIENTAL PARTICIPAÇÕES S.A.,0,2,2,30.0
2020,2020,24.624.490/0001-65,ARGO TRANSMISSÃO DE ENERGIA S/A,0,1,0,100.0
2020,2020,24.624.551/0001-94,ARGO ENERGIA EMPREENDIMENTOS E PARTICIPAÇÕES S/A,0,2,1,0.0
2020,2020,24.962.466/0001-36,RUMO MALHA NORTE S.A.,1,5,0,100.0
2020,2020,24.990.777/0001-09,GRUPO MATEUS S.A.,4,0,0,21.0
2020,2020,25.005.683/0001-09,VERT COMPANHIA SECURITIZADORA,2,1,0,0.0
2020,2020,25.089.509/0001-83,COMPANHIA DE SANEAMENTO DO TOCANTINS - SANEATINS,0,2,0,0.0
2020,2020,26.462.693/0001-28,LAVVI EMPREENDIMENTOS IMOBILIÁRIOS S.A.,28148713,93452280,93027659,43.396
2020,2020,26.609.050/0001-64,TRAVESSIA SECURITIZADORA S.A.,1,1,0,0.0
2020,2020,26.659.061/0001-59,MPM CORPÓREOS S.A.,14141,477,477,66.146123
2020,2020,26.664.057/0001-89,ENTREVIAS CONCESSIONÁRIA DE RODOVIAS S.A.,0,1,0,100.0
2020,2020,26.735.020/0001-02,FOCUS ENERGIA HOLDING PARTICIPAÇÕES S.A.,5733,35,106,47.859
2020,2020,26.845.702/0001-60,BELÉM TRANSMISSORA DE ENERGIA S.A,0,1,0,0.0
2020,2020,27.093.558/0001-15,"MILLS LOCAÇÃO, SERVIÇOS E LOGÍSTICA S.A.",18087,148,185,45.683247
2020,2020,27.137.879/0001-74,CIA SEC DE CRÉDITOS FINANCEIROS CARTÕES CONSIGNADOS I,2,1,0,0.0
2020,2020,27.157.474/0001-06,ÁGUAS DE TERESINA SANEAMENTO SPE S.A.,0,1,0,0.0
2020,2020,27.956.690/0001-03,AUZZA SECURITIZADORA S. A.,3,1,0,0.0
2020,2020,27.967.244/0001-02,TAPAJÓS TRANSMISSORA DE ENERGIA S.A.,0,1,0,0.0
2020,2020,28.019.100/0001-89,VIAPAULISTA S.A.,0,1,0,0.0
2020,2020,28.127.603/0001-78,BANESTES S.A. - BCO EST ESPIRITO SANTO,21034,55,9,4.636193
2020,2020,28.152.650/0001-71,EDP ESPIRITO SANTO DISTRIBUIÇÃO DE ENERGIA S.A.,0,1,0,100.0
2020,2020,28.195.667/0001-06,BCO ABC BRASIL S.A.,55327,523,251,30.771193
2020,2020,28.201.130/0001-01,ENERGISA TRANSMISSÃO DE ENERGIA S/A,0,2,0,100.0
2020,2020,28.442.718/0001-57,RIOLOAN 2 COMPANHIA SECURITIZADORA DE CRÉDITOS FINANCEIROS,0,1,0,0.0
2020,2020,28.925.264/0001-75,COMPANHIA ENERGÉTICA JAGUARA,0,2,0,0.0
2020,2020,28.942.127/0001-49,COMPANHIA ENERGÉTICA MIRANDA,0,2,0,0.0
2020,2020,29.088.092/0001-95,ROMAXIS SECURITIZADORA S.A.,1,1,0,0.0
2020,2020,29.780.061/0001-09,SAO CARLOS EMPREEND E PARTICIPACOES S.A.,4786,274,55,39.45
2020,2020,29.845.329/0001-35,COPISEC SECURITIZADORA DE CRÉDITOS FINANCEIROS S.A.,1,1,0,0.0
2020,2020,29.894.663/0001-89,CONSIGNADOS I COMPANHIA SECURITIZADORA CRÉDITOS FINANCEIROS,0,2,0,0.0
2020,2020,29.950.060/0001-57,NORTEC QUÍMICA S.A.,3,1,0,0.0
2020,2020,29.978.814/0001-87,SUL AMERICA S.A.,67533,344,1203,66.823938
2020,2020,30.219.233/0001-40,COMPANHIA SECURITIZADORA DE CRÉDITOS FINANCEIROS VERT-REBEL,0,2,0,0.0
2020,2020,30.306.294/0001-45,BCO BTG PACTUAL S.A.,70579,2255,693,28.28
2020,2020,30.418.658/0001-89,COMPANHIA SECURITIZADORA DE CRÉD. FINANCEIROS VERT-NEXOOS,0,2,0,0.0
2020,2020,30.540.991/0001-66,HAGA S.A. INDUSTRIA E COMERCIO,3096,23,0,75.74263
2020,2020,30.545.324/0001-76,COMPANHIA SECURITIZADORA DE CRÉDITOS FINANCEIROS VERT-RECARG,0,2,0,0.0
2020,2020,30.702.767/0001-23,RHC SECURITIZADORA DE CRÉDITOS S/A,2,0,0,0.0
2020,2020,30.788.149/0001-48,GUARDIAN COMPANHIA SECURITIZADORA,3,0,0,0.0
2020,2020,31.001.230/0001-07,CELEO REDES TRANSMISSÃO DE ENERGIA S.A.,0,1,0,0.0
2020,2020,31.468.139/0001-98,CASA DE PEDRA SECURITIZADORA DE CREDITO S/A,1,1,0,0.0
2020,2020,31.553.627/0001-01,GRUPO TOKY S.A.,4296,126,45,41.74
2020,2020,31.594.055/0001-09,CONTAGEM SECURITIZADORA DE CRÉDITOS S.A.,1,1,0,0.0
2020,2020,31.907.982/0001-23,FILADÉLFIA SECURITIZADORA S/A,2,0,0,0.0
2020,2020,32.161.500/0001-00,CONCESSIONÁRIA DAS RODOVIAS INTEGRADAS DO SUL S.A.,0,1,0,0.0
2020,2020,32.372.085/0001-25,COBUCCIO SECURITIZADORA DE CRÉDITOS S.A.,2,0,0,0.0
2020,2020,32.681.371/0001-72,VIX LOGÍSTICA S.A.,1,2,1,0.0
2020,2020,32.770.457/0001-71,CIA. SECURITIZADORA DE CREDITOS FINANCEIROS VERT-GYRA,0,2,0,0.0
2020,2020,32.785.497/0001-97,NATURA &CO HOLDING S.A.,43620,318,1468,61.177
2020,2020,33.000.167/0001-01,PETROLEO BRASILEIRO S.A. PETROBRAS,760785,7212,2712,63.249
2020,2020,33.014.556/0001-96,LOJAS AMERICANAS S.A.,115723,2012,988,57.741311
2020,2020,33.035.536/0001-00,JOAO FORTES ENGENHARIA S.A. - EM RECUPERAÇÃO JUDICIAL,4365,33,2,6.2331
2020,2020,33.040.601/0001-87,"MERCANTIL FINANCEIRA S.A. - SOC. CRÉDITO, FINANC E INVESTIME",782,110,1,14.053664
2020,2020,33.041.260/0652-90,GRUPO CASAS BAHIA S.A.,495369,4709,1685,99.884465
2020,2020,33.042.730/0001-04,CIA SIDERURGICA NACIONAL,76281,1437,1437,46.298
2020,2020,33.050.071/0001-58,AMPLA ENERGIA E SERVICOS S.A.,889,44,6,0.265812
2020,2020,33.050.196/0001-88,CIA PAULISTA DE FORCA E LUZ,0,1,0,0.0
2020,2020,33.102.476/0001-92,MONTEIRO ARANHA S.A.,262,9,10,2.21
2020,2020,33.111.246/0001-90,TECNOSOLO ENGENHARIA S.A. - EMPRESA FALIDA,0,0,0,0.0
2020,2020,33.113.309/0001-47,VALID SOLUÇÕES S.A.,20134,402,76,95.737822
2020,2020,33.200.049/0001-47,HOTEIS OTHON S.A. - EM RECUPERAÇÃO JUDICIAL,776,60,16,13.949639
2020,2020,33.228.024/0001-51,WLM PART. E COMÉRCIO DE MÁQUINAS E VEÍCULOS S.A.,3678,20,13,15.107249
2020,2020,33.256.439/0001-39,ULTRAPAR PARTICIPACOES S.A.,33534,805,1483,97.39128
2020,2020,33.352.394/0001-04,CIA ESTADUAL DE ÁGUAS E ESGOTOS - CEDAE,691,5,0,0.0004
2020,2020,33.376.989/0001-91,IRB - BRASIL RESSEGUROS S.A.,289488,1479,1164,99.006
2020,2020,33.386.210/0001-19,SONDOTECNICA ENGENHARIA SOLOS S.A.,2,1,0,35.96
2020,2020,33.412.081/0001-96,REFINARIA DE PETROLEOS MANGUINHOS S.A.,3488,23,8,34.914401
2020,2020,33.467.572/0001-34,TEKNO S.A. - INDUSTRIA E COMERCIO,429,3,8,10.292861
2020,2020,33.541.368/0001-16,CIA HIDRO ELÉTRICA DO SÃO FRANCISCO,200,87,18,0.061701
2020,2020,33.592.510/0001-54,VALE S.A.,201979,2259,1921,97.09
2020,2020,33.611.500/0001-19,GERDAU S.A.,106294,3049,656,58.73
2020,2020,33.679.797/0001-54,PJBANK SECURITIZADORA S.A.,0,1,0,0.0
2020,2020,33.839.910/0001-11,VIVARA PARTICIPAÇÕES S.A.,54596,132,298,39.529893
2020,2020,33.938.119/0001-69,CIA DISTRIB DE GAS DO RIO DE JANEIRO-CEG,70,6,86,0.18
2020,2020,33.958.695/0001-78,UNIPAR CARBOCLORO S.A.,33894,249,158,55.71624
2020,2020,34.169.557/0001-72,BCO MERCANTIL DE INVESTIMENTOS S.A.,1930,353,1,8.47
2020,2020,34.274.233/0001-02,VIBRA ENERGIA S/A,54944,350,1543,99.996405
2020,2020,34.469.625/0001-19,COMPANHIA SECURITIZADORA DE CRÉDITOS FINANCEIROS VERT-PROVI,2,0,0,100.0
2020,2020,34.591.574/0001-01,UP ENGENHARIA E URBANISMO S.A.,2,0,0,0.0
2020,2020,35.082.277/0001-95,BASE SECURITIZADORA DE CRÉDITOS IMOBILIÁRIOS S.A,2,0,0,0.0
2020,2020,35.502.310/0001-99,CS BRASIL PARTICIPAÇÕES E LOCAÇÕES S.A.,0,1,0,0.0
2020,2020,35.727.157/0001-06,EZ INC INCORPORAÇÕES S.A.,4,1,0,2.08395
2020,2020,35.791.391/0001-94,QUALITY SOFTWARE S.A.,6,1,1,0.0
2020,2020,36.243.187/0001-00,TRUE COMPANHIA SECURITIZADORA DE CRÉDITOS FINANCEIROS II,0,2,0,0.0
2020,2020,36.542.025/0001-64,BRQ SOLUCOES EM INFORMATICA S.A.,15,2,0,0.0
2020,2020,37.368.315/0001-04,COMPANHIA SECURITIZADORA DE CRÉDITOS FINANCEIROS - VERT 5,0,2,0,0.0
2020,2020,37.592.100/0001-64,MISSISSIPI SECURITIZADORA S/A,2,0,0,0.0
2020,2020,37.663.076/0001-07,AUREN PARTICIPAÇÕES S.A.,0,1,0,37.5
2020,2020,38.042.694/0001-00,TRAVESSIA SECURITIZADORA DE CRÉDITOS FINANCEIROS S.A.,1,1,0,0.0
2020,2020,39.115.514/0001-28,RUMO MALHA OESTE S.A.,0,1,0,0.0
2020,2020,39.393.829/0001-37,HLASA PARTICIPAÇÕES S.A.,0,1,0,0.0
2020,2020,40.997.635/0001-20,PORTO DE VITORIA COMPANHIA SECURITIZADORA DE CREDITOS FINANC,1,1,0,0.0
2020,2020,42.150.391/0001-70,BRASKEM S.A.,59835,3373,368,34.877
2020,2020,42.278.291/0001-24,LOG-IN LOGISTICA INTERMODAL S.A.,19558,421,151,94.900665
2020,2020,42.278.473/0001-03,WIZ CO PARTICIPAÇÕES E CORRETAGEM DE SEGUROS S.A.,57158,953,155,48.603039
2020,2020,42.331.462/0001-31,EMBPAR PARTICIPAÇÕES S/A,701,14,0,12.168229
2020,2020,42.771.949/0001-35,ALLIANÇA SAÚDE E PARTICIPAÇÕES S.A.,5512,52,141,39.49
2020,2020,43.185.362/0001-07,IGB ELETRONICA S.A - EM RECUPERACAO JUDICIAL,1834,19,0,48.0
2020,2020,43.283.811/0001-50,KALUNGA S.A,2,0,0,0.0
2020,2020,43.470.988/0001-65,EVEN CONSTRUTORA E INCORPORADORA S.A.,13410,53,430,95.381734
2020,2020,43.776.517/0001-80,CIA SANEAMENTO BASICO EST SAO PAULO,24181,1563,1465,49.74356
2020,2020,45.242.914/0001-05,C&A MODAS S.A.,25240,107,262,34.516249
2020,2020,45.365.558/0001-09,VITTIA S.A.,3,3,0,0.0
2020,2020,45.453.214/0001-51,PROFARMA DISTRIB PROD FARMACEUTICOS S.A.,15609,61,96,70.671042
2020,2020,45.987.245/0001-92,BIOMA EDUCAÇÃO S.A.,1154,52,21,61.521347
2020,2020,46.119.855/0001-37,SOCIEDADE ABASTECIMENTO DE ÁGUA E SANEAMENTO S.A - SANASA,9,4,0,0.0
2020,2020,47.193.149/0001-06,SANTANDER LEASING S.A. ARRENDAMENTO MERCANTIL,131,7,2,0.0
2020,2020,47.508.411/0001-56,CIA BRASILEIRA DE DISTRIBUICAO,22372,252,1192,58.479
2020,2020,47.509.120/0001-82,BRADESCO LEASING S.A. ARREND MERCANTIL,0,1,0,0.0
2020,2020,47.960.950/0001-21,MAGAZINE LUIZA S.A.,388643,1671,913,41.067634
2020,2020,49.263.189/0001-02,HELBOR EMPREENDIMENTOS S.A.,56723,396,38,48.756814
2020,2020,49.669.856/0001-43,VESTE S.A. ESTILO,5017,126,0,55.7
2020,2020,50.564.053/0001-03,BOMBRIL S.A. - EM RECUPERAÇÃO JUDICIAL,5644,39,26,27.251327
2020,2020,50.746.577/0001-15,COSAN S.A.,77611,1915,1517,62.390261
2020,2020,50.926.955/0001-42,VULCABRAS S.A.,29488,145,181,30.39
2020,2020,51.128.999/0001-90,NUTRIPLANT INDUSTRIA E COMERCIO S.A.,186,5,1,25.115676
2020,2020,51.218.147/0001-93,IGUATEMI EMPRESA DE SHOPPING CENTERS S.A,39517,1044,0,48.794419
2020,2020,51.466.860/0001-56,SAO MARTINHO S.A.,2360,37,526,41.529115
2020,2020,51.928.174/0001-50,PLASCAR PARTICIPACOES INDUSTRIAIS S.A.,1515,18,0,40.0
2020,2020,52.548.435/0001-79,JSL S.A.,0,1,0,22.64
2020,2020,53.113.791/0001-22,TOTVS S.A.,65401,480,1191,83.22369
2020,2020,56.444.250/0001-75,HAUSCENTER SA,3,1,0,100.0
2020,2020,56.643.018/0001-66,EUCATEX S.A. INDUSTRIA E COMERCIO,4312,23,113,74.37
2020,2020,56.720.428/0001-63,ROMI S.A.,27042,97,184,50.8
2020,2020,56.992.423/0001-90,BICICLETAS MONARK S.A.,456,22,1,30.230896
2020,2020,58.119.199/0001-51,ODONTOPREV S.A.,38651,472,347,49.576
2020,2020,58.430.828/0001-60,BLAU FARMACÊUTICA S.A.,1,1,0,0.0
2020,2020,59.105.999/0001-86,WHIRLPOOL S.A.,957,23,10,1.91
2020,2020,59.285.411/0001-13,BCO PAN S.A.,61727,258,282,28.307733
2020,2020,59.418.806/0001-47,TRACK & FIELD CO S.A.,5,0,0,6.061
2020,2020,59.789.545/0001-71,POLPAR S.A.,5,2,0,0.0
2020,2020,60.398.369/0004-79,PARANAPANEMA S.A. - EM RECUPERAÇÃO JUDICIAL,23053,205,37,99.9965
2020,2020,60.444.437/0001-46,LIGHT SERVICOS DE ELETRICIDADE S.A.,0,1,0,0.0
2020,2020,60.476.884/0001-87,MAHLE METAL LEVE S.A.,66425,306,120,30.0
2020,2020,60.500.139/0001-26,SARAIVA LIVREIROS S.A. - EM RECUPERAÇÃO JUDICIAL,13825,32,24,69.5699
2020,2020,60.537.263/0001-66,"ALLPARK EMPREENDIMENTOS, PARTICIPAÇÕES E SERVIÇOS S.A.",3037,23,61,52.522
2020,2020,60.543.816/0001-93,IGUATEMI S.A.,20197,184,119,100.0
2020,2020,60.637.238/0001-54,BLUE TECH SOLUTIONS EQI S.A.,2915,47,19,82.999999
2020,2020,60.651.809/0001-05,SUZANO HOLDING S.A.,23,2,0,0.0
2020,2020,60.730.348/0001-66,CIA MELHORAMENTOS DE SAO PAULO,261,19,3,11.8
2020,2020,60.746.948/0001-12,BCO BRADESCO S.A.,729406,36245,1393,62.849655
2020,2020,60.770.336/0001-65,BCO ALFA DE INVESTIMENTO S.A.,17919,1409,13,22.525171
2020,2020,60.840.055/0001-31,FLEURY S.A.,209571,283,749,100.0
2020,2020,60.851.615/0001-53,BARDELLA S.A. INDUSTRIAS MECANICAS EM RECUPERAÇÃO JUDICIAL,1024,18,17,76.88
2020,2020,60.872.504/0001-23,ITAU UNIBANCO HOLDING S.A.,491554,11554,1222,52.684872
2020,2020,60.884.319/0001-59,NORDON INDUSTRIAS METALURGICAS S.A.,333,10,0,1.0741
2020,2020,60.894.730/0001-05,USINAS SID DE MINAS GERAIS S.A.-USIMINAS,104141,883,404,53.85
2020,2020,60.933.603/0001-78,CESP - CIA ENERGETICA DE SAO PAULO,15525,122,922,59.993
2020,2020,61.022.042/0001-18,CONSTRUTORA ADOLPHO LINDENBERG S.A.,234,10,0,14.04
2020,2020,61.024.352/0001-71,BCO INDUSVAL S.A.,0,1,0,0.0
2020,2020,61.065.298/0001-02,MANGELS INDUSTRIAL S.A.,1071,14,11,43.81
2020,2020,61.065.751/0001-80,ROSSI RESIDENCIAL S.A. - EM RECUPERAÇÃO JUDICIAL,4260,94,51,79.73146
2020,2020,61.079.117/0001-05,ALPARGATAS S.A.,16232,690,166,30.636364
2020,2020,61.080.313/0001-91,COBRASMA S.A.,2539,36,0,77.635221
2020,2020,61.082.004/0001-50,MANUFATURA DE BRINQUEDOS ESTRELA S.A.,1116,30,0,100.0
2020,2020,61.088.894/0001-08,CAMBUCI S.A.,6810,45,23,100.0
2020,2020,61.092.037/0001-81,ETERNIT S.A.,16155,77,27,99.320085
2020,2020,61.101.895/0001-45,SANTHER FAB DE PAPEL STA THEREZINHA S.A.,0,1,0,100.0
2020,2020,61.156.113/0001-75,IOCHPE MAXION S.A.,47057,373,244,92.028358
2020,2020,61.156.931/0001-78,ALIPERTI S.A.,4,4,0,49.29
2020,2020,61.186.680/0001-74,BANCO BMG S/A,30170,345,0,17.4
2020,2020,61.189.288/0001-89,MARISA LOJAS S.A.,33874,96,239,42.60247
2020,2020,61.351.532/0001-68,AZEVEDO E TRAVASSOS S.A.,6907,21,27,69.961778
2020,2020,61.374.161/0001-30,BAUMER S.A.,569,17,0,25.96
2020,2020,61.486.650/0001-83,DIAGNOSTICOS DA AMERICA S.A.,473,12,7,0.594218
2020,2020,61.532.644/0001-15,ITAÚSA S.A.,713795,4065,0,66.306174
2020,2020,61.584.140/0001-49,REDE ENERGIA PARTICIPAÇÕES S.A.,5606,1587,5,0.42
2020,2020,61.585.865/0001-51,RAIA DROGASIL S.A.,42777,1756,0,64.932845
2020,2020,61.695.227/0001-93,ELETROPAULO METROP. ELET. SAO PAULO S.A.,0,1,0,0.0
2020,2020,61.856.571/0001-17,CIA GAS DE SAO PAULO - COMGAS,2366,102,91,0.86
2020,2020,62.002.886/0001-60,SAO PAULO TURISMO S.A.,2693,879,0,3.250626
2020,2020,62.144.175/0001-20,BCO PINE S.A,18283,75,28,36.16917
2020,2020,62.232.889/0001-90,BCO DAYCOVAL S.A.,5,0,0,0.0
2020,2020,62.307.848/0001-15,BANCO RCI BRASIL S.A.,0,2,0,0.0
2020,2020,62.984.091/0001-02,CRUZEIRO DO SUL EDUCACIONAL S.A.,0,3,0,20.364
2020,2020,64.904.295/0001-03,CAMIL ALIMENTOS S.A.,30386,145,115,32.723188
2020,2020,65.654.303/0001-73,DIBENS LEASING S.A. - ARREND.MERCANTIL,0,1,0,0.0
2020,2020,67.010.660/0001-24,RNI NEGÓCIOS IMOBILIÁRIOS S.A.,1679,24,41,34.348055
2020,2020,67.571.414/0001-41,VIVER INCORPORADORA E CONSTRUTORA S.A.,13469,259,0,100.0
2020,2020,67.620.377/0001-14,MINERVA S.A.,33870,284,552,44.16
2020,2020,69.720.910/0001-45,CCB BRASIL ARRENDAMENTO MERCANTIL S.A.,0,2,1,99.999996
2020,2020,71.208.516/0001-74,ALGAR TELECOM S/A,531,286,0,27.76483
2020,2020,71.476.527/0001-35,CONSTRUTORA TENDA S.A.,12815,610,0,92.39
2020,2020,71.673.990/0001-77,NATURA COSMÉTICOS S.A.,0,1,0,0.0
2020,2020,73.178.600/0001-18,CYRELA BRAZIL REALTY S.A.EMPREEND E PART,7535,490,409,70.334
2020,2020,73.903.718/0001-61,SNB PARTICIPACOES SA,1,1,0,0.0
2020,2020,75.315.333/0001-09,ATACADÃO S.A.,10771,443,645,19.735767
2020,2020,75.609.123/0001-23,UNIDAS LOCAÇÕES E SERVIÇOS S.A.,0,1,1,0.0
2020,2020,76.483.817/0001-20,CIA PARANAENSE DE ENERGIA - COPEL,28295,1088,355,68.928584
2020,2020,76.484.013/0001-45,CIA SANEAMENTO DO PARANA - SANEPAR,86200,721,826,79.966621
2020,2020,76.535.764/0001-43,OI S.A. - EM RECUPERAÇÃO JUDICIAL,1329833,213258,1313,99.969
2020,2020,76.627.504/0001-06,INEPAR S.A. INDUSTRIA E CONSTRUCOES EM RECUPERACAO JUDICIAL,0,0,0,0.0
2020,2020,78.876.950/0001-71,CIA HERING,61793,901,516,77.63696
2020,2020,79.430.682/0001-22,FARMÁCIA E DROGARIA NISSEI S.A.,3,0,0,0.0
2020,2020,80.227.184/0001-66,METALGRAFICA IGUACU S.A.,1130,19,0,17.844305
2020,2020,81.243.735/0001-48,POSITIVO TECNOLOGIA S.A.,39701,251,96,55.441818
2020,2020,82.508.433/0001-17,CIA CATARINENSE DE AGUAS E SANEAM.-CASAN,80,20,0,0.010391
2020,2020,82.636.986/0001-55,TEKA-TECELAGEM KUEHNRICH S.A. - EM RECUPERAÇÃO JUDICIAL,0,0,0,100.0
2020,2020,82.640.558/0001-04,KARSTEN S.A.,1163,202,43,14.4
2020,2020,82.643.537/0001-34,ELECTRO ACO ALTONA S.A.,4364,28,13,100.0
2020,2020,82.901.000/0001-27,INTELBRAS S.A. IND. DE TELECOMUNICAÇÃO ELETRÔNICA BRASILEIRA,15598,201,306,25.275
2020,2020,82.982.075/0001-80,TEXTIL RENAUXVIEW S.A.,606,26,13,100.0
2020,2020,83.475.913/0001-91,PBG S/A,31406,180,83,45.2
2020,2020,83.878.892/0001-55,CENTRAIS ELET DE SANTA CATARINA S.A.,5139,520,450,75.46
2020,2020,84.429.695/0001-11,WEG S.A.,345714,3338,1844,35.376377
2020,2020,84.683.374/0001-49,TUPY S.A.,35427,431,371,46.34648
2020,2020,84.683.408/0001-03,DOHLER S.A.,356,24,0,12.770305
2020,2020,84.683.671/0001-94,WETZEL S.A.,1559,20,8,49.703475
2020,2020,84.693.183/0001-68,SCHULZ S.A.,22883,60,137,56.571842
2020,2020,85.041.333/0001-11,PORTO PONTA DO FELIX S/A,0,4,0,100.0
2020,2020,85.778.074/0001-06,METALURGICA RIOSULENSE S.A.,117,11,6,23.996226
2020,2020,86.375.425/0001-09,METISA METALURGICA TIMBOENSE S.A.,6,2,0,36.02
2020,2020,86.550.951/0001-50,POMIFRUTAS S/A EM RECUPERACAO JUDICIAL,1426,13,0,30.599999
2020,2020,87.043.832/0001-73,SEIVA S.A. - FLORESTAS E INDÚSTRIAS,104,1095,19,100.0
2020,2020,87.456.562/0001-22,JOSAPAR-JOAQUIM OLIVEIRA S.A. - PARTICIP,95,12,5,20.082229
2020,2020,87.762.563/0001-03,CIA HABITASUL DE PARTICIPACOES,3,1,0,64.311
2020,2020,88.610.126/0001-29,FRASLE MOBILITY S.A.,13754,45,99,47.189801
2020,2020,88.610.191/0001-54,MUNDIAL S.A. - PRODUTOS DE CONSUMO,3076,145,13,67.306371
2020,2020,88.611.835/0001-29,MARCOPOLO S.A.,85079,521,190,78.27
2020,2020,88.613.658/0001-10,PETTENATI S.A. INDUSTRIA TEXTIL,1286,56,0,66.540306
2020,2020,89.086.144/0001-16,RANDONCORP S.A.,14084,213,529,57.5
2020,2020,89.096.457/0001-55,SLC AGRICOLA S.A.,16798760,433718,25735593,45.2
2020,2020,89.463.822/0001-12,LUPATECH S.A,11879,79,30,100.0
2020,2020,89.637.490/0001-45,KLABIN S.A.,151816,1525,35,74.3
2020,2020,89.723.993/0001-33,CONSTRUTORA SULTEPA S.A. - EM RECUPERAÇÃO JUDICIAL,397,7,12,47.580715
2020,2020,89.850.341/0001-60,GRENDENE S.A.,108217,410,124,29.749133
2020,2020,90.076.886/0001-40,MINUPAR PARTICIPACOES S.A.,1375,54,0,47.703299
2020,2020,90.400.888/0001-42,BCO SANTANDER (BRASIL) S.A.,185850,16337,1041,9.856452
2020,2020,90.441.460/0001-48,UNICASA INDÚSTRIA DE MÓVEIS S.A.,3674,18,44,44.4
2020,2020,91.333.666/0001-17,RECRUSUL S.A.,2154,33,23,100.0
2020,2020,91.495.499/0001-00,STARA S.A. - INDÚSTRIA DE IMPLEMENTOS AGRÍCOLAS,0,3,0,0.0
2020,2020,91.669.747/0001-92,"DM FINANCEIRA S.A. - CRÉDITO, FINANCIAMENTO E INVESTIMENTO",254,21,0,33.16
2020,2020,91.983.056/0001-69,KEPLER WEBER S.A.,6422,67,170,99.923833
2020,2020,92.012.467/0001-70,GRAZZIOTIN S.A.,6719,130,0,58.201
2020,2020,92.660.570/0001-26,TREVISA INVESTIMENTOS S.A.,139,5,9,30.207852
2020,2020,92.665.611/0001-77,DIMED S.A. DISTRIBUIDORA DE MEDICAMENTOS,13293,242,45,48.379
2020,2020,92.690.783/0001-09,METALURGICA GERDAU S.A.,97830,596,494,72.17
2020,2020,92.693.019/0001-89,PANATLANTICA S.A.,610,92,8,4.572083
2020,2020,92.702.067/0001-96,BCO ESTADO DO RIO GRANDE DO SUL S.A.,57406,3977,799,50.61
2020,2020,92.715.812/0001-31,CPFL TRANSMISSÃO S.A.,136,227,0,34.08
2020,2020,92.721.232/0001-57,BANRISUL ARMAZENS GERAIS SA,224,46,1,0.0
2020,2020,92.749.225/0001-63,HERCULES S.A. FABRICA DE TALHERES,660,40,1,47.7942
2020,2020,92.754.738/0001-62,LOJAS RENNER S.A.,81453,684,2030,98.72
2020,2020,92.781.335/0001-02,TAURUS ARMAS S.A.,26857,303,10,58.986951
2020,2020,92.791.243/0001-03,IRANI PAPEL E EMBALAGEM S.A.,2938,49,0,33.39
2020,2020,92.802.784/0001-90,CIA RIOGRANDENSE DE SANEAMENTO,0,9,0,0.0
2020,2020,92.929.520/0001-00,SPRINGER S.A.,948,50,18,12.557982
2020,2020,92.934.215/0001-06,BANRISUL SOLUÇÕES EM PAGAMENTOS S.A. - INSTITUIÇÃO DE PAGAME,0,2,0,0.0
2020,2020,93.828.986/0001-73,CEMEPE INVESTIMENTOS S.A.,575,28,0,100.0
2020,2020,95.426.862/0001-97,EXCELSIOR ALIMENTOS S.A.,389,5,6,0.288888
2020,2020,96.298.013/0001-68,PACAEMBU CONSTRUTORA S.A.,5,0,0,0.0
2020,2020,96.418.264/0218-02,LOJAS QUERO QUERO S.A.,15923,125,349,94.899
2020,2020,97.191.902/0001-94,CONSERVAS ODERICH S.A.,429,10,0,7.15
2020,2020,97.837.181/0001-47,DEXCO S.A.,19060,718,0,39.580743
2021,2021,00.000.000/0001-91,BCO BRASIL S.A.,828921,15206,1159,49.575
2021,2021,00.000.208/0001-00,BRB BANCO DE BRASILIA S.A.,2646,34,0,11.56
2021,2021,00.001.180/0001-26,CENTRAIS ELET BRAS S.A. - ELETROBRAS,122540,9677,953,38.317
2021,2021,00.070.698/0001-11,COMPANHIA ENERGÉTICA DE BRASÍLIA - CEB,1023,73,11,19.85061
2021,2021,00.080.671/0001-00,CARAMURU ALIMENTOS S.A.,8,4,0,0.0
2021,2021,00.192.769/0001-59,NEUMARKT TRADE AND FINANCIAL CENTER S/A,0,1,0,0.0
2021,2021,00.194.724/0001-13,AUREN OPERAÇÕES S.A.,0,1,0,0.0
2021,2021,00.242.184/0001-04,"ARMAC LOCAÇÃO, LOGÍSTICA E SERVIÇOS S.A.",4,0,1,49.200455
2021,2021,00.272.185/0001-93,CIMS S.A.,0,2,0,0.0
2021,2021,00.336.701/0001-04,TELEC BRASILEIRAS S.A. TELEBRAS,7543,1532,75,4.5629
2021,2021,00.359.742/0001-08,FICTOR ALIMENTOS S.A.,5707,26,0,30.410372
2021,2021,00.383.281/0001-09,BNDES PARTICIPACOES S.A. - BNDESPAR,0,1,0,0.0
2021,2021,00.389.481/0001-79,LM TRANSPORTES INTERESTADUAIS SERVIÇOS E COMÉRCIO S.A.,2,1,0,0.0
2021,2021,00.416.968/0001-01,BANCO INTER S.A.,176796,495,1386,68.003457
2021,2021,00.545.378/0001-70,SERRA AZUL WATER PARK SA,0,0,2,100.0
2021,2021,00.622.416/0001-41,STATKRAFT ENERGIAS RENOVAVEIS S.A.,0,2,0,0.0
2021,2021,00.644.907/0001-93,INVESTCO S.A.,30,15,0,100.0
2021,2021,00.743.065/0001-27,LITEL PARTICIPACOES S.A.,0,3,1,100.0
2021,2021,00.776.574/0001-56,AMERICANAS S.A. - EM RECUPERAÇÃO JUDICIAL,146366,2089,563,65.71218
2021,2021,00.864.214/0001-06,ENERGISA S.A.,20735,528,1108,68.719563
2021,2021,00.897.864/0001-58,SANTA CATARINA PART INVEST SA,0,2,0,100.0
2021,2021,00.924.429/0001-75,FERROVIA CENTRO-ATLANTICA S.A.,1,6,0,1.8e-05
2021,2021,00.938.574/0001-05,CONC RIO-TERESOPOLIS S.A.,0,7,1,100.0
2021,2021,00.974.211/0001-25,LINHA AMARELA S.A. - LAMSA,0,1,0,0.0
2021,2021,00.979.969/0001-56,CAIXA ADM DIV PUB ESTADUAL SA,5,1,0,0.0
2021,2021,01.027.058/0001-91,CIELO S.A. -  INSTITUIÇÃO DE PAGAMENTO,181358,1313,333,42.121
2021,2021,01.083.200/0001-18,NEOENERGIA S.A.,51040,840,515,18.627082
2021,2021,01.104.937/0001-70,ELETROBRÁS PARTICIPAÇÕES S.A. - ELETROPAR,28263,225,0,16.29
2021,2021,01.107.327/0001-20,BBM LOGÍSTICA S.A.,2,0,1,0.0
2021,2021,01.258.944/0001-26,RUMO MALHA SUL S.A.,0,1,0,0.0
2021,2021,01.319.044/0001-41,WTC AMAZONAS SUITE HOTEL S.A.,2,0,0,100.0
2021,2021,01.417.222/0001-77,MRS LOGISTICA S.A.,494,14,0,1.841552
2021,2021,01.468.594/0001-22,LG INFORMÁTICA S.A.,4,1,0,0.0
2021,2021,01.543.032/0001-04,EQUATORIAL GOIÁS DISTRIBUIDORA DE ENERGIA S.A.,20,1,1,0.036
2021,2021,01.545.826/0001-07,GAFISA S.A.,30600,174,100,98.506743
2021,2021,01.548.981/0001-79,INVESTIMENTOS BEMGE S.A.,1250,125,3,1.80081
2021,2021,01.599.101/0001-93,SEQUOIA LOGÍSTICA E TRANSPORTES S.A.,8552,51,300,88.099
2021,2021,01.616.929/0001-02,SANEAMENTO DE GOIAS SA,1,60,3,0.0
2021,2021,01.838.723/0001-27,BRF S.A.,62810,1627,1732,99.327
2021,2021,01.851.771/0001-55,524 PARTICIPACOES S.A.,0,1,1,0.0
2021,2021,01.896.779/0001-38,CSU DIGITAL S.A.,22531,219,112,44.2
2021,2021,01.917.818/0001-36,LIGHT ENERGIA S.A.,0,1,0,0.0
2021,2021,01.938.783/0001-11,CIA PARTICIPACOES ALIANCA DA BAHIA,1537,26,3,34.29
2021,2021,01.957.772/0001-89,SUL 116 PARTICIPACOES S.A.,0,4,1,0.0
2021,2021,01.971.614/0001-83,EMPRESA NAC COM REDITO PART S.A.ENCORPAR,2453,1501,2,1.35
2021,2021,01.989.044/0001-59,WTC RIO EMPREEND. E PARTICIPAÇÕES S.A.,2,0,0,100.0
2021,2021,02.016.440/0001-62,RGE SUL DISTRIBUIDORA DE ENERGIA S.A.,0,1,0,0.0
2021,2021,02.062.747/0001-08,SUDESTE S.A.,0,1,1,9e-06
2021,2021,02.105.040/0001-23,VIRGO II COMPANHIA DE SECURITIZACAO,0,2,0,100.0
2021,2021,02.149.205/0001-69,PORTO SEGURO S.A.,76856,413,666,28.126837
2021,2021,02.162.616/0001-94,UPTICK PARTICIPACOES S.A. - EM LIQUIDAÇÃO,1,1,0,0.0
2021,2021,02.193.750/0001-52,DEXXOS PARTICIPAÇÕES S.A.,8374,503,116,62.836
2021,2021,02.201.787/0001-85,CEL PARTICIPAÇÕES S.A. - CELPAR,4,4,0,100.0
2021,2021,02.217.319/0001-07,YBYRÁ CAPITAL S.A.,1,0,0,100.0
2021,2021,02.221.531/0001-30,RDN CONCESSÕES E PARTICIPAÇÕES S.A.,0,1,0,0.0
2021,2021,02.255.187/0001-08,UNIFIQUE TELECOMUNICAÇÕES S.A.,6,1,0,27.92
2021,2021,02.258.422/0001-97,INEPAR EQUIPAMENTOS E MONTAGENS S/A - EM RECUPERACAO JUDICIA,0,1,0,0.0
2021,2021,02.281.836/0001-37,TRANSNORDESTINA LOGISTICA SA,0,6,0,0.0
2021,2021,02.286.479/0001-08,LOCALIZA FLEET S.A.,0,1,0,0.0
2021,2021,02.291.077/0001-93,PRODUTORES ENERGET.DE MANSO S.A.- PROMAN,0,1,5,45.0
2021,2021,02.302.100/0001-06,EDP SÃO PAULO DISTRIBUIÇÃO DE ENERGIA S.A.,0,1,0,100.0
2021,2021,02.302.101/0001-42,EMAE - EMPRESA METROP. DE AGUAS E ENERGIA S.A.,30832,246,9,60.060878
2021,2021,02.318.346/0001-68,OPPORTUNITY ENERGIA E PARTICIPACOES S.A. - EM LIQUIDAÇÃO,0,1,1,0.002
2021,2021,02.328.280/0001-97,ELEKTRO REDES S.A.,1130,24,8,0.321969
2021,2021,02.338.534/0001-58,LONGDIS S.A.,6,3,2,0.4949
2021,2021,02.351.144/0001-18,TEGMA GESTAO LOGISTICA S.A.,16618,117,174,48.485
2021,2021,02.351.877/0001-52,LWSA S/A,60372,1000,729,70.981302
2021,2021,02.357.251/0001-53,LIFEMED INDUSTRIAL DE EQUIP. E ART. MEDICOS E HOSP. S.A,0,4,0,0.0
2021,2021,02.365.069/0001-44,PADTEC HOLDING S.A.,4842,25,32,44.48
2021,2021,02.382.073/0001-10,PROLAGOS S/A - CONC.DE SERVICOS PÚBLICOS DE ÁGUA E ESGOTO,0,2,0,0.0
2021,2021,02.387.241/0001-60,RUMO S.A.,80106,2276,46,65.57
2021,2021,02.397.080/0001-96,ITAPEBI GERACAO DE ENERGIA S.A.,0,2,0,0.0
2021,2021,02.415.408/0001-50,CONC ROD.OESTE SP VIAOESTE S.A,0,1,0,0.0
2021,2021,02.421.421/0001-11,TIM S.A.,1259476,229157,83,33.402927
2021,2021,02.429.144/0001-93,CPFL ENERGIA S.A.,26667,4825,1100,16.29
2021,2021,02.451.848/0001-62,CONC SIST ANHANG-BANDEIRANT S.A. AUTOBAN,0,1,0,0.0
2021,2021,02.474.103/0001-19,ENGIE BRASIL ENERGIA S.A.,232303,8121,980,31.279403
2021,2021,02.502.844/0001-66,RUMO MALHA PAULISTA S.A.,0,1,0,0.0
2021,2021,02.509.186/0001-34,TRIÂNGULO DO SOL AUTO-ESTRADAS S.A.,0,1,0,100.0
2021,2021,02.509.491/0001-26,CONC ECOVIAS IMIGRANTES S.A.,0,1,0,0.0
2021,2021,02.558.157/0001-62,TELEFÔNICA BRASIL S.A,1460877,254123,4700,25.662152
2021,2021,02.560.878/0001-07,HOSPITAL ANCHIETA S.A.,0,1,0,0.0
2021,2021,02.591.787/0001-39,CAPITALPART PARTICIPACOES S.A.,22,20,0,0.651364
2021,2021,02.635.522/0001-95,JALLES MACHADO S.A.,10827,147,201,33.024
2021,2021,02.643.896/0001-52,REAL AI PIC SEC DE CREDITOS IMOBILIARIO S.A.,0,1,0,0.0
2021,2021,02.664.042/0001-52,TERMINAL GARAGEM MENEZES CORTES S.A.,0,2,0,0.0
2021,2021,02.682.287/0001-02,"PAN FINANCEIRA S.A. - CRÉDITO, FINANCIAMENTO E INVESTIMENTO",0,2,0,100.0
2021,2021,02.724.983/0001-34,SANESALTO SANEAMENTO S.A.,0,1,0,0.0
2021,2021,02.736.470/0001-43,CONFIANZA SECURITIZADORA SA,0,1,0,0.0
2021,2021,02.762.113/0001-50,BRAZILIAN FINANCE E REAL ESTATE S.A.,0,1,0,0.0
2021,2021,02.762.121/0001-04,SANTOS BRASIL PARTICIPACOES S.A.,70389,222,474,99.454774
2021,2021,02.762.124/0001-30,BETAPART PARTICIPACOES S.A.,4,0,0,100.0
2021,2021,02.773.542/0001-22,OPEA SECURITIZADORA S.A.,0,1,0,1e-06
2021,2021,02.783.423/0001-50,ALTERE SECURITIZADORA S.A.,2,0,0,100.0
2021,2021,02.796.775/0001-40,GAMA PARTICIPACOES S.A.,0,2,1,0.0
2021,2021,02.800.026/0001-40,COGNA EDUCAÇÃO S.A.,303409,2316,329,97.415572
2021,2021,02.846.056/0001-97,MOTIVA INFRAESTRUTURA DE MOBILIDADE S.A.,53645,397,1164,55.232354
2021,2021,02.860.694/0001-62,T4F ENTRETENIMENTO S.A.,15052,143,23,51.155013
2021,2021,02.916.265/0001-60,JBS S.A.,95449,1732,1007,51.168933
2021,2021,02.919.555/0001-67,ARTERIS S.A.,0,4,0,0.0
2021,2021,02.932.074/0001-91,HYPERA S.A.,60760,882,673,64.768
2021,2021,02.950.811/0001-89,PDG REALTY S.A. EMPREEND E PARTICIPACOES,9534,108,51,100.0
2021,2021,02.992.449/0001-09,PROMPT PARTICIPACOES S.A.,0,1,2,0.0
2021,2021,02.998.301/0001-81,RIO PARANAPANEMA ENERGIA S.A.,11170,229,26,3.81
2021,2021,02.998.611/0001-04,ISA ENERGIA BRASIL,168627,759,1524,64.181008
2021,2021,03.014.553/0001-91,TPI - TRIUNFO PARTICIP. E INVEST. S.A.,12683,101,1,42.180246
2021,2021,03.025.305/0001-46,RODOVIAS DAS COLINAS S.A.,0,1,0,100.0
2021,2021,03.207.703/0001-83,CONCESSIONARIA DE RODOVIAS DO INTERIOR PAULISTA S/A,0,2,0,0.0
2021,2021,03.220.438/0001-73,EQUATORIAL S.A.,62078,2174,1721,97.482485
2021,2021,03.303.999/0001-36,DTCOM - DIRECT TO COMPANY S.A.,579,6,0,2.033
2021,2021,03.342.704/0001-30,PETRORECÔNCAVO S.A.,3671,19,296,93.295
2021,2021,03.378.521/0001-75,LIGHT S.A. - EM RECUPERAÇÃO JUDICIAL,26265,10263,872,100.0
2021,2021,03.467.321/0001-99,ENERGISA MATO GROSSO-DISTRIBUIDORA DE ENERGIA S/A,250,59,14,2.49
2021,2021,03.494.776/0001-01,AMMO VAREJO S.A.,0,1,0,0.0
2021,2021,03.538.833/0001-07,XX DE NOVEMBRO INVESTIMENTOS E PARTICIPAÇÕES S.A.,1,0,1,0.0
2021,2021,03.758.318/0001-24,INVESTIMENTOS E PARTICIP. EM INFRA S.A. - INVEPAR,0,1,3,50.0
2021,2021,03.767.538/0001-14,BRAZILIAN SECURITIES CIA SECURITIZACAO,0,1,0,0.0
2021,2021,03.795.050/0001-09,TERMOPERNAMBUCO S.A.,0,1,0,0.0
2021,2021,03.802.115/0001-98,CLEAR SALE S.A.,10504,201,218,28.278807
2021,2021,03.818.379/0001-30,SABER SERVIÇOS EDUCACIONAIS S.A.,0,3,0,0.0
2021,2021,03.847.461/0001-92,BRADESPAR S.A.,117571,10662,471,71.6853
2021,2021,03.853.896/0001-40,MARFRIG GLOBAL FOODS S.A.,67332,594,827,48.922592
2021,2021,03.953.509/0001-47,CPFL GERACAO DE ENERGIA S.A.,0,1,0,0.0
2021,2021,03.983.431/0001-03,EDP - ENERGIAS DO BRASIL S.A.,270222,0,1658,38.054092
2021,2021,04.030.182/0001-02,CABINDA PARTICIPACOES S.A.,1,1,0,100.0
2021,2021,04.031.213/0001-31,CACONDE PARTICIPACOES S.A.,1,1,0,0.0
2021,2021,04.032.433/0001-80,CONTAX PARTICIPAÇÕES S.A. - EM RECUPERAÇÃO JUDICIAL,3704,37,27,26.889
2021,2021,04.038.763/0001-82,CAIANDA PARTICIPACOES S.A.,1,1,0,100.0
2021,2021,04.065.791/0001-99,SINQIA S.A.,109055,345,198,82.75
2021,2021,04.069.709/0001-02,BIONEXO S.A.,1,1,3,61.1
2021,2021,04.089.570/0001-50,ÁGUAS GUARIROBA S.A,0,2,0,0.0
2021,2021,04.128.563/0001-10,AES TIETE ENERGIA SA,0,1,0,0.0
2021,2021,04.149.454/0001-80,ECORODOVIAS INFRAESTRUTURA E LOGÍSTICA S.A.,36168,492,184,48.024
2021,2021,04.172.213/0001-51,CIA PIRATININGA DE FORCA E LUZ,0,1,0,0.0
2021,2021,04.200.649/0001-07,COMPANHIA PROVINCIA DE SECURITIZACAO,2,0,0,100.0
2021,2021,04.233.319/0001-18,NCF PARTICIPAÇÕES S/A,0,3,0,0.0
2021,2021,04.368.865/0001-66,LIGGA TELECOMUNICAÇÕES S.A.,0,1,0,100.0
2021,2021,04.370.282/0001-70,COPEL GERAÇÃO E TRANSMISSÃO S.A.,0,1,0,0.0
2021,2021,04.423.567/0001-21,ENEVA S.A,47955,1306,0,99.30041
2021,2021,04.437.534/0001-30,LOCAMÉRICA RENT-A-CAR S.A.,0,1,0,0.0
2021,2021,04.739.720/0001-24,USINA TERMELÉTRICA PAMPA SUL S.A.,0,2,0,0.0
2021,2021,04.752.991/0001-10,BIOMM S.A.,2063,106,0,45.252022
2021,2021,04.821.041/0001-08,METALFRIO SOLUTIONS S.A.,424,15,1,46.15
2021,2021,04.895.728/0001-80,EQUATORIAL PARÁ DISTRIBUIDORA DE ENERGIA S.A.,1734,554,17,3.5
2021,2021,04.902.979/0001-44,BCO AMAZONIA S.A.,12024,57,3,4.2
2021,2021,04.912.242/0001-02,PORTUENSE FERRAGENS S/A,218,1,0,100.0
2021,2021,04.913.711/0001-08,BCO ESTADO DO PARA S.A.,210,117,2,0.02138
2021,2021,04.972.092/0001-22,GRUPO FARTURA DE HORTIFRUT S.A.,4,0,1,0.0
2021,2021,04.986.320/0001-13,SER EDUCACIONAL S.A.,19393,227,133,42.21
2021,2021,04.992.714/0001-84,NOVA TRANSPORTADORA DO SUDESTE S.A. - NTS,0,3,0,0.0
2021,2021,05.197.443/0001-38,HAPVIDA PARTICIPAÇÕES E INVESTIMENTOS S.A.,35931,205,1606,62.369874
2021,2021,05.303.439/0001-07,UNIGEL PARTICIPAÇÕES S.A.,1,1,0,0.0
2021,2021,05.336.882/0001-84,CACHOEIRA PAULISTA TRANSMISSORA ENERGIA S.A.,0,1,0,100.0
2021,2021,05.347.060/0001-07,INTERPLAYERS SOLUÇÕES INTEGRADAS S.A.,0,1,1,0.0
2021,2021,05.721.735/0001-28,WILSON SONS LTD.,801,5,86,43.12
2021,2021,05.730.375/0001-20,SMILES FIDELIDADE S.A.,0,1,0,0.0
2021,2021,05.799.312/0001-20,TERRA SANTA AGRO S.A.,0,1,1,0.0
2021,2021,05.878.397/0001-32,ALLOS S.A.,38078,134,803,47.506845
2021,2021,05.889.284/0001-32,CSA-COMPANHIA SECURITIZADORA DE ATIVOS,3,2,0,0.0
2021,2021,05.917.486/0001-40,LIVETECH DA BAHIA INDÚSTRIA E COMÉRCIO S.A.,2,0,1,30.2366
2021,2021,06.016.348/0001-53,VENTOS DO SUL ENERGIA S.A.,0,3,0,0.0
2021,2021,06.047.087/0001-39,REDE D'OR SÃO LUIZ S.A.,54151,2031,0,46.255
2021,2021,06.057.223/0001-71,SENDAS DISTRIBUIDORA S.A.,25453,278,1142,58.998109
2021,2021,06.164.253/0001-87,GOL LINHAS AEREAS INTELIGENTES S.A.,95452,324,439,5.258516
2021,2021,06.272.793/0001-84,EQUATORIAL MARANHÃO DISTRIBUIDORA DE ENERGIA S.A.,1466,27,18,34.89
2021,2021,06.347.409/0001-65,SBF COMÉRCIO DE PRODUTOS ESPORTIVOS S.A.,0,2,0,0.0
2021,2021,06.626.253/0001-51,EMPREENDIMENTOS PAGUE MENOS S.A.,29365,97,71,35.568
2021,2021,06.948.969/0001-75,LINX S.A.,0,1,0,0.0
2021,2021,06.977.745/0001-91,BR MALLS PARTICIPACOES S.A.,64217,382,964,100.0
2021,2021,06.977.751/0001-49,BR PROPERTIES S.A.,13257,90,368,39.560335
2021,2021,06.981.176/0001-58,CEMIG GERACAO E TRANSMISSAO S.A.,0,1,0,0.0
2021,2021,06.981.180/0001-16,CEMIG DISTRIBUICAO S.A.,0,1,0,0.0
2021,2021,06.981.381/0001-13,CTC - CENTRO DE TECNOLOGIA CANAVIEIRA S.A.,0,89,1,0.0
2021,2021,07.040.108/0001-57,CAGECE - CIA DE AGUA E ESGOTO DO CEARA,4,5,0,11.636
2021,2021,07.043.628/0001-13,CLARO TELECOM PARTICIPAÇÕES S.A.,0,2,0,0.0
2021,2021,07.047.251/0001-70,CIA ENERGETICA DO CEARA - COELCE,2138,195,121,25.948939
2021,2021,07.119.838/0001-48,SECME - COMPANHIA SECURITIZADORA DE CRÉDITOS IMOBILIÁRIOS,0,2,0,0.0
2021,2021,07.206.816/0001-15,M.DIAS BRANCO S.A. IND COM DE ALIMENTOS,101893,286,447,24.533694
2021,2021,07.237.373/0001-20,BCO NORDESTE DO BRASIL S.A.,8800,1108,14,0.71
2021,2021,07.253.321/0001-47,CARBOMIL SA MINER. E INDUSTRIA,5,1,0,100.0
2021,2021,07.275.159/0001-68,PETROLEO LUB DO NORDESTE SA,177,365,0,84.33
2021,2021,07.282.377/0001-20,ENERGISA SUL-SUDESTE - DISTRIBUIDORA DE ENERGIA S/A,21,10,0,0.75
2021,2021,07.334.600/0001-35,MARINA DE IRACEMA PARK SA,8,2,0,0.0
2021,2021,07.401.436/0001-31,ELDORADO BRASIL CELULOSE S.A.,0,2,0,100.0
2021,2021,07.415.333/0001-20,SIMPAR S.A.,24051,233,11,26.97
2021,2021,07.437.016/0001-05,CINESYSTEM S.A.,3,3,0,0.0
2021,2021,07.526.557/0001-00,AMBEV S.A.,362659,2002,695,27.85
2021,2021,07.587.384/0001-30,PLANETA SECURITIZADORA S.A.,1,1,0,0.0
2021,2021,07.594.978/0001-78,SMARTFIT ESCOLA DE GINÁSTICA E DANÇA S.A.,12,14,0,42.68
2021,2021,07.628.528/0001-59,BRASILAGRO - CIA BRAS DE PROP AGRICOLAS,16997,101,180,63.056
2021,2021,07.636.657/0001-99,AÇO VERDE DO BRASIL S.A,4,1,0,0.0
2021,2021,07.659.538/0001-51,DINAMICA ENERGIA S.A.,3,1,0,100.0
2021,2021,07.689.002/0001-89,EMBRAER S.A.,95983,14777,273,99.2085
2021,2021,07.704.246/0001-93,DATORA PARTICIPAÇÕES E SERVIÇOS S.A.,8,1,0,0.0
2021,2021,07.718.269/0001-57,SPRINGS GLOBAL PARTICIPACOES S.A.,1885,49,33,47.084574
2021,2021,07.802.794/0001-56,ESSENTIA PCHS S.A.,0,2,0,0.0
2021,2021,07.816.890/0001-53,MULTIPLAN - EMPREEND IMOBILIARIOS S.A.,38417,1381,0,44.63
2021,2021,07.820.907/0001-46,FICA EMPREENDIMENTOS IMOBILIÁRIOS S.A.,366,4,24,98.287727
2021,2021,07.823.262/0001-03,FOZ DO RIO CLARO ENERGIA S.A.,0,2,0,0.0
2021,2021,07.857.093/0001-14,AURA MINERALS INC.,46,32,1,42.59
2021,2021,07.857.850/0001-50,"GP INVESTMENTS, LTD.",2337,8,79,57.878421
2021,2021,07.859.510/0001-68,JHSF MALLS S.A.,0,3,0,0.0
2021,2021,07.859.971/0001-30,TRANSMISSORA ALIANÇA DE ENERGIA ELÉTRICA S.A.,392926,445,1175,63.445266
2021,2021,07.882.930/0001-65,MITRE REALTY EMPREENDIMENTOS E PARTICIPAÇÕES S.A.,21152,156,182,51.085
2021,2021,07.976.147/0001-60,MOVIDA LOCAÇÃO DE VEÍCULOS S.A.,0,2,0,0.0
2021,2021,08.065.557/0001-12,TECNISA S.A.,40898,141,112,64.9983
2021,2021,08.070.508/0001-78,RAIZEN ENERGIA S.A.,0,3,0,0.0
2021,2021,08.078.847/0001-09,LPS BRASIL - CONSULTORIA DE IMOVEIS S.A.,22940,181,35,74.343799
2021,2021,08.159.965/0001-33,IGUA SANEAMENTO S.A.,0,1,5,100.0
2021,2021,08.170.849/0001-15,DESKTOP S.A.,5874,278,0,34.975782
2021,2021,08.213.823/0001-07,AURA ALMAS MINERAÇÃO S.A.,0,2,0,0.0
2021,2021,08.294.224/0001-65,JHSF PARTICIPACOES S.A.,121364,901,118,44.57946
2021,2021,08.312.229/0001-73,EZ TEC EMPREEND. E PARTICIPACOES S.A.,85810,613,376,42.680086
2021,2021,08.324.196/0001-81,CIA ENERGETICA DO RIO GDE NORTE - COSERN,6015,412,9,6.95
2021,2021,08.343.492/0001-20,MRV ENGENHARIA E PARTICIPACOES S.A.,54182,997,853,60.974181
2021,2021,08.364.948/0001-38,ALUPAR INVESTIMENTO S/A,80221,807,0,47.84
2021,2021,08.397.078/0001-01,GSH CORP PARTICIPAÇÕES S.A.,12,2,1,0.0
2021,2021,08.402.943/0001-52,GUARARAPES CONFECCOES S.A.,17911,487,0,16.413193
2021,2021,08.424.178/0001-71,TECBLU TECELAGEM BLUMENAU S.A.,3,4,0,100.0
2021,2021,08.439.659/0001-50,CPFL ENERGIAS RENOVÁVEIS S.A.,0,2,0,0.0
2021,2021,08.467.115/0001-00,CIA ESTADUAL DE DISTRIB ENER ELET-CEEE-D,376,210,0,4.883545
2021,2021,08.493.364/0001-62,CIA MINEIRA DE AÇUCAR E ALCOOL PARTICIPAÇÕES,0,5,0,100.0
2021,2021,08.534.605/0001-74,RENOVA ENERGIA S.A.,5266,42,6387,34.4094
2021,2021,08.560.444/0001-93,CIA CELG DE PARTICIPACOES - CELGPAR,376,93,0,0.1
2021,2021,08.574.411/0001-00,PRÁTICA PRODUTOS S.A.,0,2,0,10.011123
2021,2021,08.613.550/0001-98,NEXPE PARTICIPAÇÕES S.A,2,0,8,39.11
2021,2021,08.764.621/0001-53,GENERAL SHOPPING E OUTLETS DO BRASIL BRASIL S.A.,1950,4,21,74.053865
2021,2021,08.769.451/0001-08,VIRGO COMPANHIA DE SECURITIZAÇÃO,0,1,0,0.0
2021,2021,08.773.135/0001-00,2W ECOBANK S.A. - EM RECUPERAÇÃO JUDICIAL,23,2,0,1.75
2021,2021,08.773.191/0001-36,BRASILIANA PARTICIPAÇÕES S/A,0,2,0,0.0
2021,2021,08.795.211/0001-70,MAESTRO LOCADORA DE VEICULOS S.A.,3,1,3,0.0
2021,2021,08.797.760/0001-83,CURY CONSTRUTORA E INCORPORADORA S.A.,15233,212,55,35.8
2021,2021,08.801.621/0001-86,SYN PROP & TECH S.A.,9363,108,120,39.084
2021,2021,08.807.432/0001-10,YDUQS PARTICIPACOES S.A.,40062,455,713,97.329
2021,2021,08.810.422/0001-34,GUARARAPES PAINÉIS S.A.,3,1,1,0.0
2021,2021,08.811.643/0001-27,TRISUL S.A.,54410,456,170,38.233
2021,2021,08.822.767/0001-08,CONCESSIONÁRIA DA RODOVIA MG-050 S.A.,0,1,0,100.0
2021,2021,08.827.501/0001-58,AEGEA SANEAMENTO E PARTICIPAÇÕES S.A.,0,5,0,47.22782
2021,2021,08.873.873/0001-10,ECORODOVIAS CONCESSÕES E SERVIÇOS S.A.,0,1,0,0.0
2021,2021,08.902.291/0001-15,CSN MINERAÇÃO S.A.,85359,2103,2103,20.041925
2021,2021,08.926.302/0001-05,DOMMO ENERGIA S.A.,63195,429,105,99.985498
2021,2021,08.935.054/0001-50,MULTINER S/A,0,2,1,100.0
2021,2021,08.937.002/0001-13,VISION SECURITIZADORA S.A.,2,1,0,100.0
2021,2021,09.041.168/0001-10,LOG COMMERCIAL PROPERTIES E PARTICIPAÇÕES,21084,266,167,57.94
2021,2021,09.042.817/0001-05,BEMOBI MOBILE TECH S.A.,13013,173,173,95.557
2021,2021,09.053.134/0001-45,ELFA MEDICAMENTOS S.A.,18,0,5,18.249
2021,2021,09.054.385/0001-44,INBRANDS S.A.,12,3,0,0.907
2021,2021,09.074.183/0001-64,TRANSBRASILIANA CONCESSIONÁRIA DE RODOVIA S.A,0,1,0,100.0
2021,2021,09.083.175/0001-84,MOSAICO TECNOLOGIA AO CONSUMIDOR S.A.,52422,518,343,53.6
2021,2021,09.095.183/0001-40,ENERGISA PARAÍBA - DISTRIBUIDORA DE ENERGIA S/A,0,1,0,0.0
2021,2021,09.112.685/0001-32,OSX BRASIL S.A. - EM RECUPERAÇÃO JUDICIAL,5219,15,4,50.576454
2021,2021,09.114.805/0001-30,OCEANPACT SERVIÇOS MARITIMOS S.A.,3917,179,32,61.621375
2021,2021,09.116.278/0001-01,CONPEL CIA NORDESTINA PAPEL - EM RECUPERAÇÃO JUDICIAL,0,1,0,100.0
2021,2021,09.146.451/0001-06,KALLAS INCORPORAÇÕES E CONSTRUÇÕES S.A.,2,1,0,0.0
2021,2021,09.149.503/0001-06,SERENA GERAÇÃO S.A.,0,1,0,0.0
2021,2021,09.229.201/0001-30,GPS PARTICIPAÇÕES E EMPREENDIMENTOS S.A.,43,2,2,57.71
2021,2021,09.257.877/0001-37,FERROVIA NORTE SUL S/A,0,1,0,0.0
2021,2021,09.267.996/0001-70,YUNY INCORPORADORA HOLDING S.A.,2,0,0,0.0
2021,2021,09.288.252/0001-32,ANIMA HOLDING S.A.,19378,275,392,67.549307
2021,2021,09.295.063/0001-97,TECHNOS S.A.,13814,77,44,62.217252
2021,2021,09.304.427/0001-58,HABITASEC SECURITIZADORA SA,3,0,0,100.0
2021,2021,09.305.994/0001-29,AZUL S.A.,121168,1036,221,50.14011
2021,2021,09.313.969/0001-97,AUTOPISTA LITORAL SUL,0,1,0,0.0
2021,2021,09.324.949/0001-11,AUTOPISTA FLUMINENSE SA,0,1,0,0.0
2021,2021,09.325.109/0001-73,AUTOPISTA PLANALTO SUL SA,0,1,0,99.999999
2021,2021,09.326.342/0001-70,AUTOPISTA FERNÃO DIAS SA,0,1,0,0.0
2021,2021,09.336.431/0001-06,AUTOPISTA REGIS BITTENCOURT SA,0,1,0,0.0
2021,2021,09.346.601/0001-25,"B3 S.A. - BRASIL, BOLSA, BALCÃO",386804,3629,1488,98.173886
2021,2021,09.347.516/0001-81,ELETROMIDIA S.A.,1583,13,96,34.438781
2021,2021,09.359.927/0001-97,ASA BRANCA HOLDING S.A.,0,1,0,0.0
2021,2021,09.391.823/0001-60,SANTO ANTONIO ENERGIA S.A.,0,1,0,0.0
2021,2021,09.414.761/0001-64,K-INFRA RODOVIA DO AÇO S.A.,0,1,0,0.0
2021,2021,09.527.023/0001-23,ENVIRONMENTAL ESG PARTICIPAÇÕES S.A.,0,1,0,0.0
2021,2021,09.584.854/0001-37,MANAUS TRANSMISSORA DE ENERGIA S.A,0,1,0,0.0
2021,2021,09.611.768/0001-76,INC EMPREENDIMENTOS IMOBILIÁRIOS S.A.,5,0,0,0.0
2021,2021,09.625.321/0001-56,NORTE BRASIL TRANSMISSORA DE ENERGIA S.A.,0,5,0,0.0
2021,2021,09.813.204/0001-16,W2W E-COMMERCE DE VINHOS S.A.,6,2,0,0.0
2021,2021,10.139.870/0001-08,NEOGRID PARTICIPAÇÕES S.A.,73836,617,138,45.982718
2021,2021,10.215.988/0001-60,COMPANHIA DE LOCAÇÃO DAS AMÉRICAS,31505,1020,732,63.791
2021,2021,10.234.027/0001-00,LINHAS DE MACAPÁ TRANSMISSORA DE ENERGIA S/A,0,2,0,0.0
2021,2021,10.240.186/0001-00,LINHAS DE XINGU TRANSMISSORA DE ENERGIA S/A,0,2,0,0.0
2021,2021,10.285.590/0001-08,GRUPO DE MODA SOMA S.A.,44571,1027,568,62.35337
2021,2021,10.324.624/0001-18,CONCESSÃO METROVIÁRIA DO RIO DE JANEIRO S.A.,0,1,0,0.0
2021,2021,10.338.320/0001-00,AFLUENTE TRANSMISSÃO DE ENERGIA ELÉTRICA S/A,3222,273,7,1.37
2021,2021,10.440.482/0001-54,GETNET ADQ E SERV PARA MEIOS DE PAGTO S.A. - INST PAGTO,230961,16492,1075,10.08735
2021,2021,10.464.223/0001-63,PRIVALIA BRASIL S.A.,3,1,0,0.0
2021,2021,10.488.244/0001-19,INFRASEC SECURITIZADORA S.A.,0,2,0,100.0
2021,2021,10.502.676/0001-37,TERMELÉTRICA PERNAMBUCO III S.A.,0,1,0,0.0
2021,2021,10.531.501/0001-58,CONC AUTO RAPOSO TAVARES S.A.,0,1,0,100.0
2021,2021,10.571.175/0001-02,URBA DESENVOLVIMENTO URBANO S.A.,7,2,0,0.0
2021,2021,10.608.405/0001-60,BARI SECURITIZADORA S.A.,1,1,0,100.0
2021,2021,10.629.105/0001-68,PRIO S.A.,72118,438,876,95.54
2021,2021,10.635.691/0001-53,VIARONDON CONCESSIONÁRIA DE RODOVIA S.A.,0,1,0,100.0
2021,2021,10.647.979/0001-48,CONC ROTA DAS BANDEIRAS S.A.,0,2,0,0.0
2021,2021,10.670.314/0001-55,VIABAHIA CONCESSIONÁRIA DE RODOVIAS SA,0,2,0,0.0
2021,2021,10.678.505/0001-63,CONC RODOVIAS DO TIETÊ S.A.- EM RECUPERAÇÃO JUDICIAL,0,2,0,0.0
2021,2021,10.739.356/0001-03,BRBI BR PARTNERS S.A,19539,79,90,54.5
2021,2021,10.753.164/0001-43,ECO SECURITIZADORA DIREITOS CRED AGRONEGÓCIO S.A.,1,0,0,0.0
2021,2021,10.760.260/0001-19,CVC BRASIL OPERADORA E AGÊNCIA DE VIAGENS S.A.,165299,774,430,99.526693
2021,2021,10.807.374/0001-77,BOA SAFRA SEMENTES S.A.,31626,458,88,39.7
2021,2021,10.835.932/0001-08,CIA ENERGETICA DE PERNAMBUCO - CELPE,1345,221,31,10.35
2021,2021,10.841.050/0001-55,CONC ROD AYRTON SENNA E CARV PINTO S.A.-ECOPISTAS,0,1,0,0.0
2021,2021,10.851.805/0001-00,FLEX GESTÃO DE RELACIONAMENTOS S.A.-EM RECUPERAÇÃO JUDICIAL,0,1,1,0.0
2021,2021,11.257.352/0001-43,BSI CAPITAL SECURITIZADORA S.A.,1,1,0,0.0
2021,2021,11.274.829/0001-07,COMPANHIA PAULISTA DE SECURITIZAÇÃO,0,2,0,0.0
2021,2021,11.284.204/0001-18,YOU INC INCORPORADORA E PARTICIPAÇÃO S.A,3,2,0,23.544
2021,2021,11.421.994/0001-36,ORIZON VALORIZAÇÃO DE RESÍDUOS S.A.,8985,28,339,46.88
2021,2021,11.669.021/0001-10,ENAUTA PARTICIPAÇÕES S.A.,58360,496,377,28.83
2021,2021,11.716.471/0001-17,TRX SECURITIZADORA S.A.,1,1,0,100.0
2021,2021,11.721.921/0001-60,ALPER CONSULTORIA E CORRETORA DE SEGUROS S.A.,3546,128,36,97.808846
2021,2021,11.725.176/0001-27,BOA VISTA SERVIÇOS S.A.,1977,0,198,99.981
2021,2021,11.992.680/0001-93,QUALICORP CONSULTORIA E CORRETORA DE SEGUROS S.A.,55352,482,208,97.544121
2021,2021,12.049.631/0001-84,MOURA DUBEUX ENGENHARIA S/A,5607,131,51,67.1
2021,2021,12.091.809/0001-55,BRAVA ENERGIA S.A.,46415,737,1167,98.9
2021,2021,12.104.241/0004-02,ONCOCLÍNICAS DO BRASIL SERVIÇOS MÉDICOS S.A.,29,2,0,27.268
2021,2021,12.108.897/0001-50,D1000 VAREJO FARMA PARTICIPAÇÕES S.A.,19890,239,40,46.512
2021,2021,12.130.744/0001-00,TRUE SECURITIZADORA S.A.,0,2,0,0.0
2021,2021,12.139.922/0001-63,OCTANTE SECURITIZADORA S.A.,1,1,0,0.0
2021,2021,12.181.987/0001-77,MELNICK DESENVOLVIMENTO IMOBILIÁRIO S.A.,7714,125,31,36.619
2021,2021,12.261.588/0001-16,POLO CAPITAL SECURITIZADORA S.A,3,0,0,0.0
2021,2021,12.300.288/0001-07,NORTE ENERGIA S.A.,0,10,2,0.0
2021,2021,12.320.349/0001-90,ORE  SECURITIZADORA SA,1,1,0,100.0
2021,2021,12.420.164/0001-57,CM HOSPITALAR S.A,190,6,112,40.43
2021,2021,12.489.315/0001-23,FERREIRA GOMES ENERGIA S.A.,0,2,0,0.0
2021,2021,12.528.708/0001-07,AERIS IND. E COM. DE EQUIP. PARA GER. DE ENG. S.A.,86676,279,270,28.459279
2021,2021,12.592.831/0001-89,MNLT S.A.,0,1,0,0.0
2021,2021,12.648.266/0001-24,AMBIPAR PARTICIPAÇÕES E EMPREENDIMENTOS S.A.,26391,242,305,38.82
2021,2021,12.648.327/0001-53,HIDROVIAS DO BRASIL S.A.,9918,150,332,99.964087
2021,2021,12.919.786/0001-24,TCP TERMINAL DE CONTEINERES DE PARANAGUA SA,0,1,0,0.0
2021,2021,12.979.898/0001-70,FORTE SECURITIZADORA S.A.,3,1,0,100.0
2021,2021,13.009.717/0001-46,BCO ESTADO DE SERGIPE S.A. - BANESE,3025,326,18,10.13
2021,2021,13.017.462/0001-63,ENERGISA SERGIPE - DISTRIBUIDORA DE ENERGIA S/A,0,1,0,0.0
2021,2021,13.217.485/0001-11,GRUPO SBF S.A.,47411,193,488,39.29
2021,2021,13.270.520/0001-66,KORA SAÚDE PARTICIPAÇÕES S.A.,905,13,81,20.2
2021,2021,13.349.677/0001-81,REIT SECURITIZADORA S/A,2,1,0,0.0
2021,2021,13.444.994/0001-87,MLOG S.A.,56,49,38,46.91
2021,2021,13.457.942/0001-45,RIVA INCORPORADORA S.A,0,2,0,0.0
2021,2021,13.483.537/0001-00,BRASIL SECURITIZADORA S/A,0,2,0,0.0
2021,2021,13.574.594/0001-96,ZAMP SA,29857,137,392,98.992841
2021,2021,13.584.310/0001-42,SUGOI S.A.,2,0,0,100.0
2021,2021,13.783.221/0004-78,MADERO INDÚSTRIA E COMÉRCIO S.A.,7,1,0,0.0
2021,2021,14.110.585/0001-07,MÉLIUZ S.A.,33,0,7,68.2063
2021,2021,14.127.813/0001-51,ARANDU INVESTIMENTOS S.A.,38,1,10,85.412
2021,2021,14.191.427/0001-29,GRANBIO INVESTIMENTOS S.A.,0,2,0,13.96
2021,2021,14.308.514/0001-13,PARTICIPAÇÕES INDUST. DO NORDESTE S.A.,87,10,0,21.940544
2021,2021,14.333.683/0001-03,FONTAINE VILLE PARTICIPAÇÕES S/A,0,1,0,0.0
2021,2021,14.388.334/0001-99,PARANA BCO S.A.,18,1,0,0.0
2021,2021,14.776.142/0001-50,WESTWING COMÉRCIO VAREJISTA S.A.,7302,138,207,98.618648
2021,2021,14.785.152/0001-51,HBR REALTY EMPREENDIMENTOS IMOBILIÁRIOS S.A.,490,78,78,25.0
2021,2021,14.807.945/0001-24,SANSUY S.A. INDUSTRIA DE PLASTICOS,1962,59,0,100.0
2021,2021,14.876.090/0001-93,GAIA IMPACTO SECURITIZADORA S.A.,1,1,0,100.0
2021,2021,14.882.295/0001-81,CBO HOLDING S.A.,0,5,0,24.48
2021,2021,14.998.371/0001-19,J. MACEDO S.A.,30,6,0,100.0
2021,2021,15.073.274/0001-88,PPLA PARTICIPATIONS LTD.,0,0,8,100.0
2021,2021,15.090.690/0001-94,CONCESSIONARIA ECOVIAS DO ARAGUAIA S.A.,0,1,0,0.0
2021,2021,15.101.405/0001-93,CORREA RIBEIRO S.A. COMERCIO E INDUSTRIA,276,19,2,72.66
2021,2021,15.115.504/0001-24,TRONOX PIGMENTOS DO BRASIL S.A.,4127,174,50,100.0
2021,2021,15.139.629/0001-94,CIA ELETRICIDADE EST. DA BAHIA - COELBA,2377,160,141,1.05
2021,2021,15.141.799/0001-03,CIA FERRO LIGAS DA BAHIA - FERBASA,24036,318,72,45.831735
2021,2021,15.144.017/0001-90,CIA SEGUROS ALIANCA DA BAHIA,948,23,3,48.88
2021,2021,15.229.110/0001-05,CAPITALE SECURITIZADORA DE CRÉDITO S/A,2,0,0,0.0
2021,2021,15.377.572/0001-61,NASA SECURITIZADORA S.A.,1,1,0,0.0
2021,2021,15.413.826/0001-50,ENERGISA MATO GROSSO DO SUL - DIST DE ENERGIA S.A.,1,2,0,0.07
2021,2021,15.484.093/0001-44,ECO101 CONCESSIONÁRIA DE RODOVIAS S.A.,0,1,0,0.0
2021,2021,15.494.541/0001-90,SALUS INFRAESTRUTURA PORTUARIA SA,0,2,0,100.0
2021,2021,15.527.906/0001-36,BIOSEV S.A.,0,1,0,0.0
2021,2021,15.578.569/0001-06,CONC DO AEROPORTO INTERNACIONAL DE GUARULHOS S.A.,0,2,0,100.0
2021,2021,15.675.715/0001-11,HOUSI S.A.,0,1,0,0.0
2021,2021,15.688.041/0001-90,MBK SECURITIZADORA SA,1,1,0,100.0
2021,2021,16.233.389/0001-55,CVLB BRASIL S.A,8,2,0,9.71
2021,2021,16.234.171/0001-15,METANOR SA METANOL DO NE,115,135,250,100.0
2021,2021,16.404.287/0001-55,SUZANO S.A.,61186,656,2037,53.390048
2021,2021,16.590.234/0001-76,AZZAS 2154 S.A.,39012,351,570,54.861023
2021,2021,16.614.075/0001-00,DIRECIONAL ENGENHARIA S.A.,26296,183,307,54.662595
2021,2021,16.670.085/0001-55,LOCALIZA RENT A CAR S.A.,37072,1409,877,78.399013
2021,2021,16.676.520/0001-59,HOSPITAL MATER DEI S.A.,4817,60,238,21.205001
2021,2021,16.811.931/0001-00,ALPHAVILLE S.A.,353,6,46,20.086
2021,2021,16.922.038/0001-51,ENJOEI S.A.,19433,400,400,79.630527
2021,2021,17.155.730/0001-64,CIA ENERGETICA DE MINAS GERAIS - CEMIG,201266,2118,1724,82.19
2021,2021,17.159.229/0001-76,LABORATÓRIO TEUTO BRASILEIRO S.A.,6,0,0,0.0
2021,2021,17.161.241/0001-15,MINASMAQUINAS S.A.,983,173,0,12.22
2021,2021,17.162.082/0001-73,MENDES JUNIOR ENGENHARIA S.A.,3531,41,21,3.21344
2021,2021,17.167.396/0001-69,ALFA HOLDINGS S.A.,14355,2425,7,24.64921
2021,2021,17.167.412/0001-13,FINANCEIRA ALFA S.A.- CRED FINANC E INVS,4226,450,13,24.252388
2021,2021,17.184.037/0001-10,BCO MERCANTIL DO BRASIL S.A.,7511,808,15,47.22
2021,2021,17.193.806/0001-46,CONSORCIO ALFA DE ADMINISTRACAO S.A.,11864,1824,7,20.412176
2021,2021,17.234.244/0001-31,FTL - FERROVIA TRANSNORDESTINA LOGÍSTICA S.A.,0,2,0,100.0
2021,2021,17.245.234/0001-00,CIA FIACAO TECIDOS CEDRO CACHOEIRA,2211,28,4,58.35
2021,2021,17.281.106/0001-03,CIA SANEAMENTO DE MINAS GERAIS-COPASA MG,70572,895,130,49.557669
2021,2021,17.314.329/0001-20,INTERNATIONAL MEAL COMPANY ALIMENTACAO S.A.,44088,1,390,92.537021
2021,2021,17.344.597/0001-94,BB SEGURIDADE PARTICIPAÇÕES S.A.,326557,2855,1173,33.581
2021,2021,17.359.233/0001-88,TECIDOS E ARMARINHOS MIGUEL BARTOLOMEU S.A.,43,0,0,0.0
2021,2021,17.943.792/0001-30,FULWOOD S.A.,4,0,0,0.0
2021,2021,18.174.270/0001-84,DOTZ S.A.,1,0,1,31.42
2021,2021,18.328.118/0001-09,PET CENTER COMÉRCIO E PARTICIPAÇÕES S.A.,84573,314,1101,73.087
2021,2021,18.483.666/0001-03,HUMBERG AGRIBRASIL COMÉRCIO E EXPORTAÇÃO DE GRÃOS S.A.,1,1,0,5.6
2021,2021,18.494.485/0001-82,PORTO SUDESTE V.M. S.A.,0,1,0,0.0
2021,2021,18.572.225/0001-88,CONCEBRA - CONCESSIONARIA DAS RODOVIAS CENTRAIS DO BRASIL,0,1,0,100.0
2021,2021,18.593.815/0001-97,PRINER SERVIÇOS INDUSTRIAIS S.A.,15001,163,61,96.33
2021,2021,18.903.785/0001-78,HOLDING DO ARAGUAIA S.A.,0,2,0,35.0
2021,2021,19.208.022/0001-70,ECO050 CONCESSIONÁRIA DE RODOVIAS S.A.,0,1,0,0.0
2021,2021,19.276.528/0001-16,BCBF PARTICIPAÇÕES S.A.,0,1,0,0.0
2021,2021,19.296.342/0001-29,MGI - MINAS GERAIS PARTICIPAÇÕES S.A.,0,3,0,0.0
2021,2021,19.378.769/0001-76,INSTITUTO HERMES PARDINI S.A.,16772,151,210,31.775
2021,2021,19.403.252/0001-90,EMCCAMP RESIDENCIAL S.A.,7,0,0,0.0
2021,2021,19.521.322/0001-04,CONCESSIONÁRIA ROTA DO OESTE S.A.,0,1,0,0.0
2021,2021,19.526.748/0001-50,COMPANHIA INDUSTRIAL CATAGUASES,152,6,0,30.4782
2021,2021,19.527.586/0001-75,COMPANHIA ENERGÉTICA SINOP S/A,0,3,0,0.0
2021,2021,19.527.639/0001-58,ENERGISA MINAS RIO - DISTRIBUIDORA DE ENERGIA S/A,0,1,0,0.0
2021,2021,19.642.306/0001-70,CONCESSIONÁRIA DE RODOVIA SUL-MATOGROSSENSE S.A.,0,1,0,0.0
2021,2021,19.726.048/0001-00,CONCESSIONÁRIA BR-040 S.A.,0,1,0,0.0
2021,2021,19.796.586/0001-70,BRISANET PARTICIPAÇÕES S.A.,11,0,1,21.41
2021,2021,19.851.496/0001-35,LOGOS COMPANHIA SECURITIZADORA S/A,1,1,0,0.0
2021,2021,19.853.511/0001-84,NOTRE DAME INTERMÉDICA PARTICIPAÇÕES S.A.,0,1,0,0.0
2021,2021,20.247.322/0001-47,ALLIED TECNOLOGIA S.A.,6,0,2,34.621
2021,2021,20.258.278/0001-70,OUROFINO S.A.,7742,130,15,43.71
2021,2021,20.451.953/0001-83,BLUM COMPANHIA DE SECURITIZAÇÃO DE CRÉDITOS S.A,0,1,0,100.0
2021,2021,20.514.555/0001-69,ARGO VI TRANSMISSÃO DE ENERGIA S.A.,0,2,0,0.0
2021,2021,20.514.590/0001-88,ARGO V TRANSMISSÃO DE ENERGIA S.A.,0,2,0,0.0
2021,2021,20.553.221/0001-02,TROCAFONE S.A.,2,1,0,0.0
2021,2021,20.646.442/0001-17,GAIA CRED SECURITIZADORA DE CRÉDITOS FINANCEIROS S/A.,1,1,0,0.0
2021,2021,21.110.778/0001-23,OLIVEIRA TRUST S.A.,12,1,0,0.36
2021,2021,21.240.146/0001-84,AGROGALAXY PARTICIPAÇÕES S.A. - EM RECUPERAÇÃO JUDICIAL,2151,8,57,37.01
2021,2021,21.254.073/0001-80,COMPANHIA ITAUNENSE ENERGIA E PARTICIPAÇÕES,600,5,0,100.0
2021,2021,21.255.567/0001-89,CIA TECIDOS SANTANENSE EM RECUPERAÇÃO JUDICIAL,6054,12,1,37.06
2021,2021,21.262.638/0001-70,ENCALSO PARTICIPAÇÕES EM CONCESSÕES S/A,0,3,0,0.0
2021,2021,21.314.559/0001-66,MOVIDA PARTICIPACOES SA,0,421,313,44.6
2021,2021,21.389.501/0001-81,COMPASS GÁS E ENERGIA S.A.,1,2,18,11.999943
2021,2021,21.414.457/0001-12,LEADS CIA. SECURITIZADORA,0,1,0,0.0
2021,2021,21.610.416/0001-00,FORTUNATO SECURITIZADORA S/A,2,0,0,0.0
2021,2021,21.728.083/0001-00,TRANSMISSORA JOSÉ MARIA DE MACEDO DE ELETRICIDADE S.A.,0,2,0,0.0
2021,2021,21.948.105/0001-47,BTGI QUARTZO PARTICIPAÇÕES S/A,0,1,1,0.0
2021,2021,21.976.484/0001-89,RUGE SECURITIZADORA DE CRÉDITOS FINANCEIROS S.A.,1,1,0,0.0
2021,2021,21.976.510/0001-79,BTGI SAFIRA PARTICIPAÇÕES S/A,0,1,1,0.0
2021,2021,22.163.297/0001-49,CONCESSIONÁRIA PONTE RIO-NITERÓI S.A. - ECOPONTE,0,1,0,0.0
2021,2021,22.261.473/0001-85,COMPANHIA DE GÁS DE MINAS GERAIS - GASMIG,18,2,0,0.043003
2021,2021,22.266.175/0001-88,FERTILIZANTES HERINGER S.A.,1829,51,0,29.015504
2021,2021,22.495.265/0001-40,SENECA COMPANHIA SECURITIZADORA,2,0,0,0.0
2021,2021,22.543.331/0001-00,CAIXA SEGURIDADE PARTICIPAÇÕES S.A.,107950,1328,4,17.25
2021,2021,22.677.520/0001-76,CIA TECIDOS NORTE DE MINAS COTEMINAS,2454,1501,2,47.85
2021,2021,22.902.694/0001-95,SELF IT ACADEMIAS HOLDING S.A.,2,3,0,0.0
2021,2021,23.096.269/0001-19,RIO PARANA ENERGIA S.A.,0,2,0,33.33
2021,2021,23.236.821/0001-27,PATRIMAR ENGENHARIA S.A.,4,1,0,0.0
2021,2021,23.373.000/0001-32,"VAMOS LOCAÇÃO DE CAMINHÕES, MÁQUINAS E EQUIPAMENTOS S.A.",0,1,74,27.26
2021,2021,23.438.929/0001-00,ALARES INTERNET PARTICIPAÇÕES S/A,11,0,1,0.0
2021,2021,23.864.409/0001-51,HOLDING VERZANI E SANDRINI S.A.,4,0,2,0.0
2021,2021,24.230.275/0001-80,PLANO & PLANO DESENVOLVIMENTO IMOBILIÁRIO S.A.,6149,101,0,32.501
2021,2021,24.241.659/0001-06,VENTURE CAPITAL PARTICIPAÇÕES E INVESTIMENTOS S/A,3,0,0,0.0
2021,2021,24.396.489/0001-20,BRK AMBIENTAL PARTICIPAÇÕES S.A.,0,0,2,30.0
2021,2021,24.410.913/0001-44,NU HOLDINGS LTD.,4174,34,78,76.0
2021,2021,24.624.490/0001-65,ARGO TRANSMISSÃO DE ENERGIA S/A,0,1,0,100.0
2021,2021,24.624.551/0001-94,ARGO ENERGIA EMPREENDIMENTOS E PARTICIPAÇÕES S/A,0,2,1,0.0
2021,2021,24.921.465/0001-43,BLUEFIT ACADEMIAS DE GINÁSTICA E PARTICIPAÇÕES S.A.,4,1,4,0.0
2021,2021,24.962.466/0001-36,RUMO MALHA NORTE S.A.,1,5,0,100.0
2021,2021,24.990.777/0001-09,GRUPO MATEUS S.A.,66886,340,335,21.0
2021,2021,25.005.683/0001-09,VERT COMPANHIA SECURITIZADORA,2,1,0,0.0
2021,2021,25.089.509/0001-83,COMPANHIA DE SANEAMENTO DO TOCANTINS - SANEATINS,0,2,0,0.001
2021,2021,25.249.439/0001-83,HOSPITAL CARE CALEDONIA S.A.,9,0,3,0.0
2021,2021,25.369.840/0001-57,COMERC ENERGIA S.A.,80,6,0,100.0
2021,2021,26.345.998/0001-50,TC S.A.,9147,83,104,30.250978
2021,2021,26.462.693/0001-28,LAVVI EMPREENDIMENTOS IMOBILIÁRIOS S.A.,28148713,93452280,93027659,43.396
2021,2021,26.609.050/0001-64,TRAVESSIA SECURITIZADORA S.A.,1,1,0,0.0
2021,2021,26.659.061/0001-59,MPM CORPÓREOS S.A.,16107,434,434,66.099242
2021,2021,26.664.057/0001-89,ENTREVIAS CONCESSIONÁRIA DE RODOVIAS S.A.,0,1,0,100.0
2021,2021,26.735.020/0001-02,FOCUS ENERGIA HOLDING PARTICIPAÇÕES S.A.,5733,35,76,47.609446
2021,2021,26.845.702/0001-60,BELÉM TRANSMISSORA DE ENERGIA S.A,0,1,0,0.0
2021,2021,27.093.558/0001-15,"MILLS LOCAÇÃO, SERVIÇOS E LOGÍSTICA S.A.",18087,148,185,45.1897
2021,2021,27.137.879/0001-74,CIA SEC DE CRÉDITOS FINANCEIROS CARTÕES CONSIGNADOS I,2,1,0,0.0
2021,2021,27.157.474/0001-06,ÁGUAS DE TERESINA SANEAMENTO SPE S.A.,0,1,0,0.0
2021,2021,27.956.690/0001-03,AUZZA SECURITIZADORA S. A.,4,1,0,0.0
2021,2021,27.967.244/0001-02,TAPAJÓS TRANSMISSORA DE ENERGIA S.A.,0,1,0,0.0
2021,2021,28.019.100/0001-89,VIAPAULISTA S.A.,0,1,0,0.0
2021,2021,28.127.603/0001-78,BANESTES S.A. - BCO EST ESPIRITO SANTO,28136,66,7,4.610237
2021,2021,28.152.650/0001-71,EDP ESPIRITO SANTO DISTRIBUIÇÃO DE ENERGIA S.A.,0,1,0,100.0
2021,2021,28.195.667/0001-06,BCO ABC BRASIL S.A.,50029,563,267,29.896223
2021,2021,28.201.130/0001-01,ENERGISA TRANSMISSÃO DE ENERGIA S/A,0,2,0,0.0
2021,2021,28.442.718/0001-57,RIOLOAN 2 COMPANHIA SECURITIZADORA DE CRÉDITOS FINANCEIROS,0,1,0,0.0
2021,2021,28.594.234/0001-23,AUREN ENERGIA S.A.,43948,322,857,30.197
2021,2021,28.925.264/0001-75,COMPANHIA ENERGÉTICA JAGUARA,0,2,0,0.0
2021,2021,28.942.127/0001-49,COMPANHIA ENERGÉTICA MIRANDA,0,2,0,0.0
2021,2021,29.088.092/0001-95,ROMAXIS SECURITIZADORA S.A.,1,1,0,0.0
2021,2021,29.780.061/0001-09,SAO CARLOS EMPREEND E PARTICIPACOES S.A.,4575,263,33,43.207631
2021,2021,29.894.663/0001-89,CONSIGNADOS I COMPANHIA SECURITIZADORA CRÉDITOS FINANCEIROS,0,2,0,100.0
2021,2021,29.950.060/0001-57,NORTEC QUÍMICA S.A.,3,1,0,0.0
2021,2021,29.978.814/0001-87,SUL AMERICA S.A.,95686,403,992,66.574
2021,2021,30.213.493/0001-09,TEGRA INCORPORADORA S.A.,0,1,1,0.0
2021,2021,30.219.233/0001-40,COMPANHIA SECURITIZADORA DE CRÉDITOS FINANCEIROS VERT-REBEL,0,2,0,0.0
2021,2021,30.306.294/0001-45,BCO BTG PACTUAL S.A.,70579,2255,693,34.0277
2021,2021,30.418.658/0001-89,COMPANHIA SECURITIZADORA DE CRÉD. FINANCEIROS VERT-NEXOOS,0,2,0,0.0
2021,2021,30.540.991/0001-66,HAGA S.A. INDUSTRIA E COMERCIO,4776,32,0,75.74263
2021,2021,30.545.324/0001-76,COMPANHIA SECURITIZADORA DE CRÉDITOS FINANCEIROS VERT-RECARG,0,2,0,0.0
2021,2021,30.723.886/0001-62,BANCO MODAL S.A.,9663,67,223,41.349692
2021,2021,30.788.149/0001-48,GUARDIAN COMPANHIA SECURITIZADORA,3,0,0,0.0
2021,2021,31.001.230/0001-07,CELEO REDES TRANSMISSÃO DE ENERGIA S.A.,0,1,0,0.0
2021,2021,31.468.139/0001-98,CASA DE PEDRA SECURITIZADORA DE CREDITO S/A,1,1,0,100.0
2021,2021,31.553.627/0001-01,GRUPO TOKY S.A.,3898,31,118,41.74
2021,2021,31.701.408/0001-14,ATHENA SAÚDE BRASIL SA,191,9,1,4.767
2021,2021,31.748.174/0001-60,VERO S.A.,13,3,2,0.0
2021,2021,31.907.982/0001-23,FILADÉLFIA SECURITIZADORA S/A,2,0,0,0.0
2021,2021,32.161.500/0001-00,CONCESSIONÁRIA DAS RODOVIAS INTEGRADAS DO SUL S.A.,0,1,0,0.0
2021,2021,32.372.085/0001-25,COBUCCIO SECURITIZADORA DE CRÉDITOS S.A.,2,0,0,0.0
2021,2021,32.681.371/0001-72,VIX LOGÍSTICA S.A.,1,1,1,10.638
2021,2021,32.770.457/0001-71,CIA. SECURITIZADORA DE CREDITOS FINANCEIROS VERT-GYRA,0,2,0,0.0
2021,2021,32.785.497/0001-97,NATURA &CO HOLDING S.A.,68281,418,1664,60.535
2021,2021,32.803.503/0001-91,ENTALPIA PARTICIPAÇÕES S.A.,5,0,3,32.686
2021,2021,33.000.167/0001-01,PETROLEO BRASILEIRO S.A. PETROBRAS,719683,6665,2693,63.2503
2021,2021,33.014.556/0001-96,LOJAS AMERICANAS S.A.,120762,1887,818,58.415477
2021,2021,33.035.536/0001-00,JOAO FORTES ENGENHARIA S.A. - EM RECUPERAÇÃO JUDICIAL,4367,31,2,6.2331
2021,2021,33.040.601/0001-87,"MERCANTIL FINANCEIRA S.A. - SOC. CRÉDITO, FINANC E INVESTIME",971,111,1,14.0
2021,2021,33.041.260/0652-90,GRUPO CASAS BAHIA S.A.,495369,4709,1685,99.866737
2021,2021,33.042.730/0001-04,CIA SIDERURGICA NACIONAL,73158,1782,1782,4.6298
2021,2021,33.050.071/0001-58,AMPLA ENERGIA E SERVICOS S.A.,1023,29,9,0.2
2021,2021,33.050.196/0001-88,CIA PAULISTA DE FORCA E LUZ,0,1,0,0.0
2021,2021,33.102.476/0001-92,MONTEIRO ARANHA S.A.,260,9,12,2.21
2021,2021,33.111.246/0001-90,TECNOSOLO ENGENHARIA S.A. - EMPRESA FALIDA,0,0,0,0.0
2021,2021,33.113.309/0001-47,VALID SOLUÇÕES S.A.,31085,440,77,95.368418
2021,2021,33.130.691/0001-05,WILSON SONS S.A.,952,5,102,43.24
2021,2021,33.200.049/0001-47,HOTEIS OTHON S.A. - EM RECUPERAÇÃO JUDICIAL,1929,60,12,13.949639
2021,2021,33.228.024/0001-51,WLM PART. E COMÉRCIO DE MÁQUINAS E VEÍCULOS S.A.,4336,25,19,15.107
2021,2021,33.256.439/0001-39,ULTRAPAR PARTICIPACOES S.A.,33534,805,1483,97.391949
2021,2021,33.352.394/0001-04,CIA ESTADUAL DE ÁGUAS E ESGOTOS - CEDAE,691,5,0,0.0004
2021,2021,33.376.989/0001-91,IRB - BRASIL RESSEGUROS S.A.,285499,1380,652,99.006
2021,2021,33.386.210/0001-19,SONDOTECNICA ENGENHARIA SOLOS S.A.,695,18,3,35.96
2021,2021,33.412.081/0001-96,REFINARIA DE PETROLEOS MANGUINHOS S.A.,5825,33,1,34.939249
2021,2021,33.453.598/0001-23,RAÍZEN S.A.,0,2,0,0.0
2021,2021,33.467.572/0001-34,TEKNO S.A. - INDUSTRIA E COMERCIO,490,3,8,10.292828
2021,2021,33.541.368/0001-16,CIA HIDRO ELÉTRICA DO SÃO FRANCISCO,200,87,18,0.061701
2021,2021,33.572.408/0001-97,RUMO MALHA CENTRAL S.A.,0,1,0,0.0
2021,2021,33.592.510/0001-54,VALE S.A.,291684,2625,2254,94.78
2021,2021,33.611.500/0001-19,GERDAU S.A.,116911,1008,1645,64.639
2021,2021,33.679.797/0001-54,PJBANK SECURITIZADORA S.A.,0,1,0,0.0
2021,2021,33.839.910/0001-11,VIVARA PARTICIPAÇÕES S.A.,52506,85,383,42.103217
2021,2021,33.938.119/0001-69,CIA DISTRIB DE GAS DO RIO DE JANEIRO-CEG,178,6,6,0.18
2021,2021,33.958.695/0001-78,UNIPAR CARBOCLORO S.A.,31588,330,246,57.289207
2021,2021,34.169.557/0001-72,BCO MERCANTIL DE INVESTIMENTOS S.A.,2079,361,2,8.47
2021,2021,34.274.233/0001-02,VIBRA ENERGIA S/A,60890,310,845,97.15737
2021,2021,34.469.625/0001-19,COMPANHIA SECURITIZADORA DE CRÉDITOS FINANCEIROS VERT-PROVI,2,0,0,100.0
2021,2021,34.591.574/0001-01,UP ENGENHARIA E URBANISMO S.A.,3,0,0,0.0
2021,2021,35.082.277/0001-95,BASE SECURITIZADORA DE CRÉDITOS IMOBILIÁRIOS S.A,2,0,0,0.0
2021,2021,35.502.310/0001-99,CS BRASIL PARTICIPAÇÕES E LOCAÇÕES S.A.,0,1,0,0.0
2021,2021,35.522.178/0001-87,CIA SECURITIZADORA DE CRED. FIN. CARTÕES CONSIGNADOS II,0,2,0,0.0
2021,2021,35.522.281/0001-27,COMPANHIA SECURITIZADORA DE CRÉDITOS FINANCEIROS VERT-VIRTUS,0,2,0,0.0
2021,2021,35.593.905/0001-05,CONCESSIONÁRIA ECOVIAS DO CERRADO S.A.,0,1,0,0.0
2021,2021,35.727.157/0001-06,EZ INC INCORPORAÇÕES S.A.,4,1,0,2.08395
2021,2021,35.791.391/0001-94,QUALITY SOFTWARE S.A.,6,1,1,0.0
2021,2021,36.243.187/0001-00,TRUE COMPANHIA SECURITIZADORA DE CRÉDITOS FINANCEIROS II,0,2,0,0.0
2021,2021,36.542.025/0001-64,BRQ SOLUCOES EM INFORMATICA S.A.,18,1,0,0.0
2021,2021,36.729.398/0001-49,CIA. SEC. DE CRÉDITOS FINANCEIROS VERT-PROVI II,0,2,0,0.0
2021,2021,37.368.315/0001-04,COMPANHIA SECURITIZADORA DE CRÉDITOS FINANCEIROS - VERT 5,0,2,0,0.0
2021,2021,37.592.100/0001-64,MISSISSIPI SECURITIZADORA S/A,2,0,0,0.0
2021,2021,37.663.076/0001-07,AUREN PARTICIPAÇÕES S.A.,183097,686,383,53.292422
2021,2021,37.702.340/0001-74,MONTE RODOVIAS S.A.,0,2,0,0.0
2021,2021,38.042.694/0001-00,TRAVESSIA SECURITIZADORA DE CRÉDITOS FINANCEIROS S.A.,1,1,0,0.0
2021,2021,38.126.888/0001-86,RIO ENERGY PARTICIPAÇÕES S.A.,0,1,0,0.0
2021,2021,38.199.406/0001-18,RIO ALTO ENERGIAS RENOVÁVEIS S.A.,2,0,0,0.0
2021,2021,38.307.135/0001-77,"G2D INVESTMENTS, LTD.",0,3,0,0.0
2021,2021,38.456.921/0001-36,INFRACOMMERCE CXAAS S.A.,6972,57,152,93.82569
2021,2021,39.115.514/0001-28,RUMO MALHA OESTE S.A.,0,1,0,0.0
2021,2021,39.346.861/0350-38,CENCOSUD BRASIL COMERCIAL S.A.,0,2,0,0.0
2021,2021,39.393.829/0001-37,HLASA PARTICIPAÇÕES S.A.,0,1,0,0.0
2021,2021,40.159.947/0001-64,HMOBI PARTICIPAÇÕES S.A.,0,1,3,48.476
2021,2021,40.337.136/0001-06,TERRA SANTA PROPRIEDADES AGRÍCOLAS S.A.,5853,43,63,31.76
2021,2021,40.446.476/0001-75,PLAYBANCO SECURITIZADORA S.A.,1,1,0,0.0
2021,2021,40.760.921/0001-77,HUMAITA SECURITIZADORA S/A,2,0,0,0.0
2021,2021,40.885.785/0001-41,CIA. SECURITIZADORA DE CRED. FIN. VERT-UME,0,2,0,0.0
2021,2021,40.997.635/0001-20,PORTO DE VITORIA COMPANHIA SECURITIZADORA DE CREDITOS FINANC,1,1,0,0.0
2021,2021,41.096.674/0001-19,CANTU STORE S.A.,1,0,0,0.0
2021,2021,41.335.131/0001-07,MOTTU I S.A,0,2,0,0.0
2021,2021,41.508.382/0001-46,RODOVIAS DO BRASIL HOLDING S.A.,0,2,0,0.0
2021,2021,41.534.746/0001-62,CERES SECURITIZADORA S/A,0,2,0,0.0
2021,2021,41.811.375/0001-19,CANAL COMPANHIA DE SECURITIZAÇÃO,0,1,0,0.0
2021,2021,42.150.391/0001-70,BRASKEM S.A.,41465,3409,375,34.917
2021,2021,42.233.757/0001-75,ALVAREZ & MARSAL INVESTIMENTOS I S.A.,1,1,0,0.0
2021,2021,42.278.291/0001-24,LOG-IN LOGISTICA INTERMODAL S.A.,20098,441,136,27.73
2021,2021,42.278.473/0001-03,WIZ CO PARTICIPAÇÕES E CORRETAGEM DE SEGUROS S.A.,87391,466,122,48.491
2021,2021,42.310.775/0001-03,ÁGUAS DO RIO 1 SPE S.A.,0,4,0,0.0
2021,2021,42.331.462/0001-31,EMBPAR PARTICIPAÇÕES S/A,879,11,0,12.94225
2021,2021,42.353.180/0001-35,IGUÁ RIO DE JANEIRO S.A.,0,1,0,100.0
2021,2021,42.500.384/0001-51,SERENA ENERGIA S.A.,9962,131,445,51.164494
2021,2021,42.603.513/0001-37,TRUE SECURITIZADORA DE CREDITOS FINANCEIROS IV S.A.,0,2,0,0.0
2021,2021,42.644.220/0001-06,ÁGUAS DO RIO 4 SPE S.A.,0,4,0,0.0
2021,2021,42.771.949/0001-35,ALLIANÇA SAÚDE E PARTICIPAÇÕES S.A.,8307,69,137,35.749
2021,2021,42.938.083/0001-04,VERT-9 COMPANHIA SECURITIZADORA DE CRÉDITOS FINANCEIROS,0,2,0,0.0
2021,2021,43.185.362/0001-07,IGB ELETRONICA S.A - EM RECUPERACAO JUDICIAL,1834,19,0,48.0
2021,2021,43.283.811/0001-50,KALUNGA S.A,2,0,0,0.0
2021,2021,43.470.988/0001-65,EVEN CONSTRUTORA E INCORPORADORA S.A.,17742,116,350,94.1
2021,2021,43.776.517/0001-80,CIA SANEAMENTO BASICO EST SAO PAULO,42911,1683,118,49.74353
2021,2021,43.948.405/0001-69,LUPO S.A.,58,4,0,0.0
2021,2021,45.242.914/0001-05,C&A MODAS S.A.,28823,143,412,34.516249
2021,2021,45.365.558/0001-09,VITTIA S.A.,1550,179,168,35.517
2021,2021,45.453.214/0001-51,PROFARMA DISTRIB PROD FARMACEUTICOS S.A.,14927,111,78,70.671042
2021,2021,45.987.245/0001-92,BIOMA EDUCAÇÃO S.A.,1118,47,32,28.730475
2021,2021,46.119.855/0001-37,SOCIEDADE ABASTECIMENTO DE ÁGUA E SANEAMENTO S.A - SANASA,10,4,0,0.0
2021,2021,47.508.411/0001-56,CIA BRASILEIRA DE DISTRIBUICAO,60012,425,902,58.485
2021,2021,47.509.120/0001-82,BRADESCO LEASING S.A. ARREND MERCANTIL,0,1,0,0.0
2021,2021,47.960.950/0001-21,MAGAZINE LUIZA S.A.,579661,2405,924,42.914003
2021,2021,48.344.725/0007-19,ALTHAIA S.A. INDÚSTRIA FARMACÊUTICA,8,1,0,0.0
2021,2021,49.263.189/0001-02,HELBOR EMPREENDIMENTOS S.A.,38060,280,41,48.790492
2021,2021,49.669.856/0001-43,VESTE S.A. ESTILO,5017,126,0,55.7
2021,2021,50.564.053/0001-03,BOMBRIL S.A. - EM RECUPERAÇÃO JUDICIAL,8295,38,26,27.255392
2021,2021,50.746.577/0001-15,COSAN S.A.,77611,1915,1517,62.487693
2021,2021,50.926.955/0001-42,VULCABRAS S.A.,21370,88,203,30.02
2021,2021,51.128.999/0001-90,NUTRIPLANT INDUSTRIA E COMERCIO S.A.,214,5,1,25.115676
2021,2021,51.218.147/0001-93,IGUATEMI EMPRESA DE SHOPPING CENTERS S.A,43946,1064,0,48.5519
2021,2021,51.466.860/0001-56,SAO MARTINHO S.A.,12495,197,367,40.4032
2021,2021,51.928.174/0001-50,PLASCAR PARTICIPACOES INDUSTRIAIS S.A.,1226,20,0,40.0
2021,2021,52.123.916/0001-32,DORI ALIMENTOS S.A.,6,1,0,0.0
2021,2021,52.548.435/0001-79,JSL S.A.,0,12,3,22.13
2021,2021,53.113.791/0001-22,TOTVS S.A.,65401,480,1191,84.23
2021,2021,56.444.250/0001-75,HAUSCENTER SA,3,1,0,100.0
2021,2021,56.643.018/0001-66,EUCATEX S.A. INDUSTRIA E COMERCIO,6243,41,142,74.43
2021,2021,56.720.428/0001-63,ROMI S.A.,36588,97,235,50.8
2021,2021,56.992.423/0001-90,BICICLETAS MONARK S.A.,458,20,4,30.124
2021,2021,58.119.199/0001-51,ODONTOPREV S.A.,59633,253,272,46.23
2021,2021,58.430.828/0001-60,BLAU FARMACÊUTICA S.A.,2263,19,209,17.5
2021,2021,59.105.999/0001-86,WHIRLPOOL S.A.,2896700,94,12,1.91
2021,2021,59.285.411/0001-13,BCO PAN S.A.,51571,622,125,28.307733
2021,2021,59.418.806/0001-47,TRACK & FIELD CO S.A.,6208,11,112,5.71
2021,2021,59.717.553/0001-02,GRUPO MULTI S.A.,4,1,0,21.0
2021,2021,59.789.545/0001-71,POLPAR S.A.,5,2,0,0.0
2021,2021,59.981.829/0001-65,RODOBENS SA,8,1,0,0.0
2021,2021,60.398.369/0004-79,PARANAPANEMA S.A. - EM RECUPERAÇÃO JUDICIAL,18545,201,26,99.9965
2021,2021,60.444.437/0001-46,LIGHT SERVICOS DE ELETRICIDADE S.A.,0,1,0,0.0
2021,2021,60.476.884/0001-87,MAHLE METAL LEVE S.A.,66061,291,145,30.0
2021,2021,60.500.139/0001-26,SARAIVA LIVREIROS S.A. - EM RECUPERAÇÃO JUDICIAL,13825,32,24,69.5699
2021,2021,60.537.263/0001-66,"ALLPARK EMPREENDIMENTOS, PARTICIPAÇÕES E SERVIÇOS S.A.",5074,38,57,48.521576
2021,2021,60.543.816/0001-93,IGUATEMI S.A.,54904,1172,63,52.742115
2021,2021,60.637.238/0001-54,BLUE TECH SOLUTIONS EQI S.A.,2915,31,19,100.0
2021,2021,60.651.809/0001-05,SUZANO HOLDING S.A.,23,2,0,0.0
2021,2021,60.730.348/0001-66,CIA MELHORAMENTOS DE SAO PAULO,254,22,3,11.8
2021,2021,60.746.948/0001-12,BCO BRADESCO S.A.,734180,35176,1354,62.532
2021,2021,60.770.336/0001-65,BCO ALFA DE INVESTIMENTO S.A.,17409,2545,9,22.523478
2021,2021,60.840.055/0001-31,FLEURY S.A.,218590,415,728,100.0
2021,2021,60.851.615/0001-53,BARDELLA S.A. INDUSTRIAS MECANICAS EM RECUPERAÇÃO JUDICIAL,1024,18,17,76.88
2021,2021,60.872.504/0001-23,ITAU UNIBANCO HOLDING S.A.,458530,12734,1548,52.877474
2021,2021,60.884.319/0001-59,NORDON INDUSTRIAS METALURGICAS S.A.,333,10,0,1.0741
2021,2021,60.894.730/0001-05,USINAS SID DE MINAS GERAIS S.A.-USIMINAS,86567,1332,430,53.93
2021,2021,60.933.603/0001-78,CESP - CIA ENERGETICA DE SAO PAULO,0,1,0,0.0
2021,2021,61.022.042/0001-18,CONSTRUTORA ADOLPHO LINDENBERG S.A.,234,10,0,14.04
2021,2021,61.065.298/0001-02,MANGELS INDUSTRIAL S.A.,1335,29,10,47.07
2021,2021,61.065.751/0001-80,ROSSI RESIDENCIAL S.A. - EM RECUPERAÇÃO JUDICIAL,4260,94,51,94.94301
2021,2021,61.079.117/0001-05,ALPARGATAS S.A.,17088,874,162,30.499232
2021,2021,61.080.313/0001-91,COBRASMA S.A.,2539,36,0,77.635221
2021,2021,61.082.004/0001-50,MANUFATURA DE BRINQUEDOS ESTRELA S.A.,1119,26,0,68.423208
2021,2021,61.088.894/0001-08,CAMBUCI S.A.,6810,45,23,100.0
2021,2021,61.092.037/0001-81,ETERNIT S.A.,25261,155,146,98.5642
2021,2021,61.156.113/0001-75,IOCHPE MAXION S.A.,48278,387,436,86.769389
2021,2021,61.156.931/0001-78,ALIPERTI S.A.,5,1,0,49.29
2021,2021,61.186.680/0001-74,BANCO BMG S/A,48232,314,46,17.413
2021,2021,61.189.288/0001-89,MARISA LOJAS S.A.,64640,146,272,45.298
2021,2021,61.190.096/0001-92,EUROFARMA LABORATÓRIOS S.A.,1,1,0,0.0
2021,2021,61.351.532/0001-68,AZEVEDO E TRAVASSOS S.A.,12896,161,29,78.248438
2021,2021,61.374.161/0001-30,BAUMER S.A.,1085,17,0,25.4
2021,2021,61.409.892/0001-73,COMPANHIA BRASILEIRA DE ALUMÍNIO,7782,214,194,24.121115
2021,2021,61.486.650/0001-83,DIAGNOSTICOS DA AMERICA S.A.,473,12,259,12.63
2021,2021,61.532.644/0001-15,ITAÚSA S.A.,956974,4408,0,66.247583
2021,2021,61.584.140/0001-49,REDE ENERGIA PARTICIPAÇÕES S.A.,7570,697,7,0.43
2021,2021,61.585.865/0001-51,RAIA DROGASIL S.A.,61752,201,1422,64.837911
2021,2021,61.695.227/0001-93,ELETROPAULO METROP. ELET. SAO PAULO S.A.,0,1,0,0.0
2021,2021,61.856.571/0001-17,CIA GAS DE SAO PAULO - COMGAS,5622,109,45,0.86
2021,2021,62.002.886/0001-60,SAO PAULO TURISMO S.A.,2795,875,0,3.250626
2021,2021,62.144.175/0001-20,BCO PINE S.A,16365,69,26,36.52347
2021,2021,62.232.889/0001-90,BCO DAYCOVAL S.A.,5,0,0,0.0
2021,2021,62.258.884/0001-36,INTERCEMENT BRASIL S.A. - EM RECUPERAÇÃO JUDICIAL,0,1,0,0.0
2021,2021,62.307.848/0001-15,BANCO RCI BRASIL S.A.,0,2,0,0.0
2021,2021,62.984.091/0001-02,CRUZEIRO DO SUL EDUCACIONAL S.A.,3199,43,157,20.364241
2021,2021,64.904.295/0001-03,CAMIL ALIMENTOS S.A.,48921,145,135,31.013228
2021,2021,65.654.303/0001-73,DIBENS LEASING S.A. - ARREND.MERCANTIL,0,2,0,0.0
2021,2021,67.010.660/0001-24,RNI NEGÓCIOS IMOBILIÁRIOS S.A.,1679,24,41,34.348055
2021,2021,67.571.414/0001-41,VIVER INCORPORADORA E CONSTRUTORA S.A.,35561,320,0,100.0
2021,2021,67.620.377/0001-14,MINERVA S.A.,88999,916,595,42.881
2021,2021,71.208.516/0001-74,ALGAR TELECOM S/A,531,286,0,27.76483
2021,2021,71.476.527/0001-35,CONSTRUTORA TENDA S.A.,20247,589,0,92.14
2021,2021,71.673.990/0001-77,NATURA COSMÉTICOS S.A.,0,1,0,0.0
2021,2021,73.178.600/0001-18,CYRELA BRAZIL REALTY S.A.EMPREEND E PART,90274,3622,511,70.448
2021,2021,73.903.718/0001-61,SNB PARTICIPACOES SA,1,1,0,0.0
2021,2021,75.315.333/0001-09,ATACADÃO S.A.,15516,365,743,25.142
2021,2021,75.609.123/0001-23,UNIDAS LOCAÇÕES E SERVIÇOS S.A.,0,1,1,0.0
2021,2021,76.483.817/0001-20,CIA PARANAENSE DE ENERGIA - COPEL,84214,1051,307,68.928584
2021,2021,76.484.013/0001-45,CIA SANEAMENTO DO PARANA - SANEPAR,388901,1826,548,79.9723
2021,2021,76.535.764/0001-43,OI S.A. - EM RECUPERAÇÃO JUDICIAL,1027957,150264,1040,90.197
2021,2021,76.627.504/0001-06,INEPAR S.A. INDUSTRIA E CONSTRUCOES EM RECUPERACAO JUDICIAL,0,0,0,0.0
2021,2021,78.876.950/0001-71,CIA HERING,0,1,0,0.0
2021,2021,79.430.682/0001-22,FARMÁCIA E DROGARIA NISSEI S.A.,3,0,0,0.0
2021,2021,80.227.184/0001-66,METALGRAFICA IGUACU S.A.,1130,19,0,17.844305
2021,2021,81.243.735/0001-48,POSITIVO TECNOLOGIA S.A.,34621,104,167,55.04
2021,2021,82.120.676/0001-83,ALMEIDA JUNIOR SHOPPING CENTERS S.A.,1,1,0,0.0
2021,2021,82.508.433/0001-17,CIA CATARINENSE DE AGUAS E SANEAM.-CASAN,80,20,0,0.01
2021,2021,82.636.986/0001-55,TEKA-TECELAGEM KUEHNRICH S.A. - EM RECUPERAÇÃO JUDICIAL,0,0,0,100.0
2021,2021,82.640.558/0001-04,KARSTEN S.A.,1100,198,43,14.3
2021,2021,82.643.537/0001-34,ELECTRO ACO ALTONA S.A.,5050,54,0,100.0
2021,2021,82.901.000/0001-27,INTELBRAS S.A. IND. DE TELECOMUNICAÇÃO ELETRÔNICA BRASILEIRA,27097,219,243,34.973146
2021,2021,82.982.075/0001-80,TEXTIL RENAUXVIEW S.A.,606,26,13,100.0
2021,2021,83.475.913/0001-91,PBG S/A,26474,366,47,42.88
2021,2021,83.878.892/0001-55,CENTRAIS ELET DE SANTA CATARINA S.A.,5139,520,450,75.46
2021,2021,84.429.695/0001-11,WEG S.A.,345714,3338,1844,35.376377
2021,2021,84.683.374/0001-49,TUPY S.A.,39890,487,317,46.850233
2021,2021,84.683.408/0001-03,DOHLER S.A.,1499,31,0,12.770565
2021,2021,84.683.671/0001-94,WETZEL S.A.,1559,20,8,49.703475
2021,2021,84.684.455/0001-63,TIGRE S.A. PARTICIPAÇÕES,1,2,1,0.0
2021,2021,84.693.183/0001-68,SCHULZ S.A.,26956,103,117,56.598493
2021,2021,85.041.333/0001-11,PORTO PONTA DO FELIX S/A,0,4,0,100.0
2021,2021,85.778.074/0001-06,METALURGICA RIOSULENSE S.A.,138,12,12,23.996226
2021,2021,86.375.425/0001-09,METISA METALURGICA TIMBOENSE S.A.,16,2,6,33.77
2021,2021,86.550.951/0001-50,POMIFRUTAS S/A EM RECUPERACAO JUDICIAL,1967,10,0,36.63
2021,2021,87.043.832/0001-73,SEIVA S.A. - FLORESTAS E INDÚSTRIAS,338,880,19,100.0
2021,2021,87.456.562/0001-22,JOSAPAR-JOAQUIM OLIVEIRA S.A. - PARTICIP,125,6,6,5.4
2021,2021,87.762.563/0001-03,CIA HABITASUL DE PARTICIPACOES,3,1,0,64.311
2021,2021,88.610.126/0001-29,FRASLE MOBILITY S.A.,9596,51,106,34.876024
2021,2021,88.610.191/0001-54,MUNDIAL S.A. - PRODUTOS DE CONSUMO,3026,142,12,67.306371
2021,2021,88.611.835/0001-29,MARCOPOLO S.A.,83453,415,231,76.5
2021,2021,88.613.658/0001-10,PETTENATI S.A. INDUSTRIA TEXTIL,1286,56,0,66.540306
2021,2021,89.086.144/0001-16,RANDONCORP S.A.,39593,519,599,60.407
2021,2021,89.096.457/0001-55,SLC AGRICOLA S.A.,47163,293,768,45.32
2021,2021,89.463.822/0001-12,LUPATECH S.A,12012,86,28,100.0
2021,2021,89.637.490/0001-45,KLABIN S.A.,173547,1751,56,74.3
2021,2021,89.723.993/0001-33,CONSTRUTORA SULTEPA S.A. - EM RECUPERAÇÃO JUDICIAL,397,7,12,47.580715
2021,2021,89.850.341/0001-60,GRENDENE S.A.,47234,394,133,29.62
2021,2021,90.076.886/0001-40,MINUPAR PARTICIPACOES S.A.,2541,61,0,47.704568
2021,2021,90.400.888/0001-42,BCO SANTANDER (BRASIL) S.A.,230961,16492,1075,10.045
2021,2021,90.441.460/0001-48,UNICASA INDÚSTRIA DE MÓVEIS S.A.,8865,76,9,43.138155
2021,2021,91.333.666/0001-17,RECRUSUL S.A.,13959,28,14,100.0
2021,2021,91.495.499/0001-00,STARA S.A. - INDÚSTRIA DE IMPLEMENTOS AGRÍCOLAS,0,2,0,0.0
2021,2021,91.669.747/0001-92,"DM FINANCEIRA S.A. - CRÉDITO, FINANCIAMENTO E INVESTIMENTO",254,21,0,32.84
2021,2021,91.983.056/0001-69,KEPLER WEBER S.A.,16032,91,229,99.75361
2021,2021,92.012.467/0001-70,GRAZZIOTIN S.A.,9828,40,67,57.775517
2021,2021,92.660.570/0001-26,TREVISA INVESTIMENTOS S.A.,256,5,10,30.352
2021,2021,92.665.611/0001-77,DIMED S.A. DISTRIBUIDORA DE MEDICAMENTOS,41266,465,44,47.710187
2021,2021,92.690.783/0001-09,METALURGICA GERDAU S.A.,93504,1007,507,72.59
2021,2021,92.693.019/0001-89,PANATLANTICA S.A.,650,92,8,4.573212
2021,2021,92.702.067/0001-96,BCO ESTADO DO RIO GRANDE DO SUL S.A.,157276,4814,548,50.61
2021,2021,92.715.812/0001-31,CPFL TRANSMISSÃO S.A.,121,209,1,0.74
2021,2021,92.721.232/0001-57,BANRISUL ARMAZENS GERAIS SA,224,46,1,0.0
2021,2021,92.749.225/0001-63,HERCULES S.A. FABRICA DE TALHERES,955,35,1,47.7942
2021,2021,92.754.738/0001-62,LOJAS RENNER S.A.,127635,656,2200,98.89
2021,2021,92.781.335/0001-02,TAURUS ARMAS S.A.,43054,557,10,58.940213
2021,2021,92.791.243/0001-03,IRANI PAPEL E EMBALAGEM S.A.,33264,436,2,41.33
2021,2021,92.802.784/0001-90,CIA RIOGRANDENSE DE SANEAMENTO,0,9,0,0.0
2021,2021,92.934.215/0001-06,BANRISUL SOLUÇÕES EM PAGAMENTOS S.A. - INSTITUIÇÃO DE PAGAME,0,2,0,0.0
2021,2021,93.828.986/0001-73,CEMEPE INVESTIMENTOS S.A.,575,28,0,100.0
2021,2021,94.813.102/0001-70,TRÊS TENTOS AGROINDUSTRIAL S/A,10307,363,293,22.64
2021,2021,95.426.862/0001-97,EXCELSIOR ALIMENTOS S.A.,297,4,4,28.889
2021,2021,96.298.013/0001-68,PACAEMBU CONSTRUTORA S.A.,41,0,0,0.214
2021,2021,96.418.264/0218-02,LOJAS QUERO QUERO S.A.,26119,177,314,95.686
2021,2021,97.191.902/0001-94,CONSERVAS ODERICH S.A.,429,10,0,7.15
2021,2021,97.837.181/0001-47,DEXCO S.A.,17252,538,227,38.860351
2022,2022,00.000.000/0001-91,BCO BRASIL S.A.,853913,15061,1438,49.582
2022,2022,00.000.208/0001-00,BRB BANCO DE BRASILIA S.A.,2711,35,0,11.56
2022,2022,00.001.180/0001-26,AXIA ENERGIA S.A.,134891,9466,1390,99.2378
2022,2022,00.070.698/0001-11,COMPANHIA ENERGÉTICA DE BRASÍLIA - CEB,1023,73,11,19.85061
2022,2022,00.080.671/0001-00,CARAMURU ALIMENTOS S.A.,8,4,0,0.0
2022,2022,00.192.769/0001-59,NEUMARKT TRADE AND FINANCIAL CENTER S/A,0,1,0,0.0
2022,2022,00.194.724/0001-13,AUREN OPERAÇÕES S.A.,0,1,0,0.0
2022,2022,00.242.184/0001-04,"ARMAC LOCAÇÃO, LOGÍSTICA E SERVIÇOS S.A.",2058,29,192,49.773589
2022,2022,00.272.185/0001-93,CIMS S.A.,0,2,0,0.0
2022,2022,00.336.701/0001-04,TELEC BRASILEIRAS S.A. TELEBRAS,6996,1486,75,5.46
2022,2022,00.359.742/0001-08,FASA S.A. - EM RECUPERAÇÃO JUDICIAL,6034,35,0,28.6293
2022,2022,00.383.281/0001-09,BNDES PARTICIPACOES S.A. - BNDESPAR,0,1,0,0.0
2022,2022,00.389.481/0001-79,LM TRANSPORTES INTERESTADUAIS SERVIÇOS E COMÉRCIO S.A.,2,1,0,0.0
2022,2022,00.416.968/0001-01,BANCO INTER S.A.,0,0,1,0.0
2022,2022,00.545.378/0001-70,SERRA AZUL WATER PARK SA,0,0,1,100.0
2022,2022,00.622.416/0001-41,STATKRAFT ENERGIAS RENOVAVEIS S.A.,0,2,0,0.0
2022,2022,00.644.907/0001-93,INVESTCO S.A.,30,15,0,100.0
2022,2022,00.743.065/0001-27,LITEL PARTICIPACOES S.A.,0,3,1,100.0
2022,2022,00.776.574/0001-56,AMERICANAS S.A. - EM RECUPERAÇÃO JUDICIAL,146366,2089,563,68.823303
2022,2022,00.864.214/0001-06,ENERGISA S.A.,20735,528,1108,68.719563
2022,2022,00.897.864/0001-58,SANTA CATARINA PART INVEST SA,0,2,0,100.0
2022,2022,00.924.429/0001-75,FERROVIA CENTRO-ATLANTICA S.A.,1,5,1,1.8e-05
2022,2022,00.938.574/0001-05,CONC RIO-TERESOPOLIS S.A.,0,7,1,100.0
2022,2022,00.974.211/0001-25,LINHA AMARELA S.A. - LAMSA,0,1,0,0.0
2022,2022,00.979.969/0001-56,CAIXA ADM DIV PUB ESTADUAL SA,4,1,0,0.0
2022,2022,01.027.058/0001-91,CIELO S.A. -  INSTITUIÇÃO DE PAGAMENTO,184967,1292,291,40.319
2022,2022,01.083.200/0001-18,NEOENERGIA S.A.,63009,325,577,16.17
2022,2022,01.104.937/0001-70,ELETROBRÁS PARTICIPAÇÕES S.A. - ELETROPAR,28263,225,0,16.29
2022,2022,01.107.327/0001-20,BBM LOGÍSTICA S.A.,2,0,1,0.0
2022,2022,01.258.944/0001-26,RUMO MALHA SUL S.A.,0,1,0,0.0
2022,2022,01.319.044/0001-41,WTC AMAZONAS SUITE HOTEL S.A.,2,0,0,100.0
2022,2022,01.417.222/0001-77,MRS LOGISTICA S.A.,519,14,0,1.841552
2022,2022,01.543.032/0001-04,EQUATORIAL GOIÁS DISTRIBUIDORA DE ENERGIA S.A.,20,1,1,0.036
2022,2022,01.545.826/0001-07,GAFISA S.A.,37147,441,110,96.157
2022,2022,01.548.981/0001-79,INVESTIMENTOS BEMGE S.A.,1274,124,4,1.80081
2022,2022,01.599.101/0001-93,SEQUOIA LOGÍSTICA E TRANSPORTES S.A.,17042,144,341,87.576306
2022,2022,01.616.929/0001-02,SANEAMENTO DE GOIAS SA,1,63,2,0.0
2022,2022,01.838.723/0001-27,BRF S.A.,74869,1789,1030,99.449
2022,2022,01.851.771/0001-55,524 PARTICIPACOES S.A.,0,1,1,0.0
2022,2022,01.896.779/0001-38,CSU DIGITAL S.A.,20670,218,150,44.3
2022,2022,01.917.818/0001-36,LIGHT ENERGIA S.A.,0,1,0,0.0
2022,2022,01.938.783/0001-11,CIA PARTICIPACOES ALIANCA DA BAHIA,1619,37,3,34.1
2022,2022,01.957.772/0001-89,SUL 116 PARTICIPAÇÕES S.A. - EM LIQUIDAÇÃO,0,4,1,0.0
2022,2022,01.968.293/0001-68,ELETRORIVER S.A.,7,1,0,28.697
2022,2022,01.989.044/0001-59,WTC RIO EMPREEND. E PARTICIPAÇÕES S.A.,2,0,0,100.0
2022,2022,02.016.440/0001-62,RGE SUL DISTRIBUIDORA DE ENERGIA S.A.,0,1,0,0.0
2022,2022,02.041.460/0001-93,V. TAL - REDE NEUTRA DE TELECOMUNICAÇÕES S.A.,0,1,3,0.0
2022,2022,02.062.747/0001-08,SUDESTE S.A.,0,1,1,9e-06
2022,2022,02.105.040/0001-23,VIRGO II COMPANHIA DE SECURITIZACAO,0,2,0,100.0
2022,2022,02.149.205/0001-69,PORTO SEGURO S.A.,99784,388,644,27.801368
2022,2022,02.162.616/0001-94,UPTICK PARTICIPACOES S.A. - EM LIQUIDAÇÃO,1,1,0,0.0
2022,2022,02.193.750/0001-52,DEXXOS PARTICIPAÇÕES S.A.,8774,485,59,99.611
2022,2022,02.201.787/0001-85,CEL PARTICIPAÇÕES S.A. - CELPAR,4,4,0,100.0
2022,2022,02.217.319/0001-07,YBYRÁ CAPITAL S.A.,1,0,0,100.0
2022,2022,02.255.187/0001-08,UNIFIQUE TELECOMUNICAÇÕES S.A.,11762,0,327,25.12
2022,2022,02.258.422/0001-97,INEPAR EQUIPAMENTOS E MONTAGENS S/A - EM RECUPERACAO JUDICIA,0,1,0,0.0
2022,2022,02.281.836/0001-37,TRANSNORDESTINA LOGISTICA SA,0,6,0,0.0
2022,2022,02.286.479/0001-08,LOCALIZA FLEET S.A.,0,1,0,0.0
2022,2022,02.291.077/0001-93,PRODUTORES ENERGET.DE MANSO S.A.- PROMAN,0,1,5,45.0
2022,2022,02.302.100/0001-06,EDP SÃO PAULO DISTRIBUIÇÃO DE ENERGIA S.A.,0,1,0,100.0
2022,2022,02.302.101/0001-42,EMAE - EMPRESA METROP. DE AGUAS E ENERGIA S.A.,30326,235,13,60.060878
2022,2022,02.328.280/0001-97,ELEKTRO REDES S.A.,1243,10,10,0.321969
2022,2022,02.338.534/0001-58,LONGDIS S.A.,3,3,0,0.495
2022,2022,02.351.144/0001-18,TEGMA GESTAO LOGISTICA S.A.,11073,207,148,48.485
2022,2022,02.351.877/0001-52,LWSA S/A,60372,1000,729,72.510698
2022,2022,02.357.251/0001-53,LIFEMED INDUSTRIAL DE EQUIP. E ART. MEDICOS E HOSP. S.A,0,4,0,0.0
2022,2022,02.365.069/0001-44,PADTEC HOLDING S.A.,6186,41,27,44.6942
2022,2022,02.382.073/0001-10,PROLAGOS S/A - CONC.DE SERVICOS PÚBLICOS DE ÁGUA E ESGOTO,0,2,0,0.0
2022,2022,02.387.241/0001-60,RUMO S.A.,70706,1970,112,65.56
2022,2022,02.397.080/0001-96,ITAPEBI GERACAO DE ENERGIA S.A.,0,1,0,0.0
2022,2022,02.415.408/0001-50,CONC ROD.OESTE SP VIAOESTE S.A,0,1,0,0.0
2022,2022,02.421.421/0001-11,TIM S.A.,1259476,229157,83,33.39
2022,2022,02.429.144/0001-93,CPFL ENERGIA S.A.,43050,4916,906,16.29
2022,2022,02.451.848/0001-62,CONC SIST ANHANG-BANDEIRANT S.A. AUTOBAN,0,1,0,0.0
2022,2022,02.474.103/0001-19,ENGIE BRASIL ENERGIA S.A.,253048,8166,1122,31.278317
2022,2022,02.502.844/0001-66,RUMO MALHA PAULISTA S.A.,0,1,0,0.0
2022,2022,02.509.186/0001-34,TRIÂNGULO DO SOL AUTO-ESTRADAS S.A.,0,1,0,100.0
2022,2022,02.509.491/0001-26,CONC ECOVIAS IMIGRANTES S.A.,0,1,0,0.0
2022,2022,02.558.157/0001-62,TELEFÔNICA BRASIL S.A,1460877,254123,4700,25.230011
2022,2022,02.560.878/0001-07,HOSPITAL ANCHIETA S.A.,0,1,0,0.0
2022,2022,02.591.787/0001-39,CAPITALPART PARTICIPACOES S.A.,15,2,0,0.651364
2022,2022,02.600.854/0001-34,TIM BRASIL SERVIÇOS E PARTICIPAÇÕES S.A.,0,2,0,0.0
2022,2022,02.635.522/0001-95,JALLES MACHADO S.A.,15105,97,183,32.7
2022,2022,02.643.896/0001-52,REAL AI PIC SEC DE CREDITOS IMOBILIARIO S.A.,0,1,0,0.0
2022,2022,02.664.042/0001-52,TERMINAL GARAGEM MENEZES CORTES S.A.,0,2,0,0.0
2022,2022,02.682.287/0001-02,"PAN FINANCEIRA S.A. - CRÉDITO, FINANCIAMENTO E INVESTIMENTO",0,2,0,100.0
2022,2022,02.724.983/0001-34,SANESALTO SANEAMENTO S.A.,0,1,0,0.0
2022,2022,02.736.470/0001-43,CONFIANZA SECURITIZADORA SA,0,1,0,0.0
2022,2022,02.762.113/0001-50,BRAZILIAN FINANCE E REAL ESTATE S.A.,0,1,0,0.0
2022,2022,02.762.121/0001-04,SANTOS BRASIL PARTICIPACOES S.A.,55395,257,712,99.42493
2022,2022,02.762.124/0001-30,BETAPART PARTICIPACOES S.A.,4,0,0,100.0
2022,2022,02.773.542/0001-22,OPEA SECURITIZADORA S.A.,0,1,0,1e-06
2022,2022,02.783.423/0001-50,ALTERE SECURITIZADORA S.A.,2,0,0,100.0
2022,2022,02.796.775/0001-40,GAMA PARTICIPACOES S.A.,0,2,1,0.0
2022,2022,02.800.026/0001-40,COGNA EDUCAÇÃO S.A.,224834,859,571,96.745099
2022,2022,02.846.056/0001-97,MOTIVA INFRAESTRUTURA DE MOBILIDADE S.A.,44395,336,1225,49.428843
2022,2022,02.860.694/0001-62,T4F ENTRETENIMENTO S.A.,14555,121,1,49.336233
2022,2022,02.916.265/0001-60,JBS S.A.,95449,1732,1007,51.168933
2022,2022,02.919.555/0001-67,ARTERIS S.A.,0,4,0,0.0
2022,2022,02.932.074/0001-91,HYPERA S.A.,53983,1061,765,63.28
2022,2022,02.950.811/0001-89,PDG REALTY S.A. EMPREEND E PARTICIPACOES,10069,93,29,99.454508
2022,2022,02.992.449/0001-09,PROMPT PARTICIPACOES S.A.,0,1,2,0.0
2022,2022,02.998.301/0001-81,RIO PARANAPANEMA ENERGIA S.A.,10766,226,30,3.81
2022,2022,02.998.611/0001-04,ISA ENERGIA BRASIL,220265,963,1321,64.18
2022,2022,03.014.553/0001-91,TPI - TRIUNFO PARTICIP. E INVEST. S.A.,15594,37,26,42.11
2022,2022,03.025.305/0001-46,RODOVIAS DAS COLINAS S.A.,0,1,0,100.0
2022,2022,03.207.703/0001-83,CONCESSIONARIA DE RODOVIAS DO INTERIOR PAULISTA S/A,0,2,0,0.0
2022,2022,03.220.438/0001-73,EQUATORIAL S.A.,45700,1728,333,97.482
2022,2022,03.279.285/0001-30,ORIZON MEIO AMBIENTE S.A.,0,1,0,0.0
2022,2022,03.303.999/0001-36,DTCOM - DIRECT TO COMPANY S.A.,579,6,0,2.033
2022,2022,03.342.704/0001-30,PETRORECÔNCAVO S.A.,10896,86,740,94.4114
2022,2022,03.378.521/0001-75,LIGHT S.A. - EM RECUPERAÇÃO JUDICIAL,13074,696,54,99.867724
2022,2022,03.467.321/0001-99,ENERGISA MATO GROSSO-DISTRIBUIDORA DE ENERGIA S/A,241,59,17,2.49
2022,2022,03.494.776/0001-01,AMMO VAREJO S.A.,0,1,0,0.0
2022,2022,03.538.833/0001-07,XX DE NOVEMBRO INVESTIMENTOS E PARTICIPAÇÕES S.A.,1,0,1,0.0
2022,2022,03.758.318/0001-24,INVESTIMENTOS E PARTICIP. EM INFRA S.A. - INVEPAR,0,1,3,100.0
2022,2022,03.767.538/0001-14,BRAZILIAN SECURITIES CIA SECURITIZACAO,0,1,0,0.0
2022,2022,03.795.050/0001-09,TERMOPERNAMBUCO S.A.,0,1,0,0.0
2022,2022,03.802.115/0001-98,CLEAR SALE S.A.,7740,76,151,28.081815
2022,2022,03.818.379/0001-30,SABER SERVIÇOS EDUCACIONAIS S.A.,0,3,0,0.0
2022,2022,03.820.456/0001-96,BSB ENERGÉTICA S.A.,0,2,0,9.0
2022,2022,03.847.461/0001-92,BRADESPAR S.A.,130699,10868,674,71.566946
2022,2022,03.853.896/0001-40,MARFRIG GLOBAL FOODS S.A.,68691,0,1558,45.811161
2022,2022,03.953.509/0001-47,CPFL GERACAO DE ENERGIA S.A.,0,1,0,0.0
2022,2022,03.983.431/0001-03,EDP - ENERGIAS DO BRASIL S.A.,275465,0,1664,42.33
2022,2022,04.030.182/0001-02,CABINDA PARTICIPACOES S.A.,1,1,0,100.0
2022,2022,04.031.213/0001-31,CACONDE PARTICIPACOES S.A.,1,1,0,0.0
2022,2022,04.032.433/0001-80,CONTAX PARTICIPAÇÕES S.A. - EM RECUPERAÇÃO JUDICIAL,3951,17,37,28.69
2022,2022,04.038.763/0001-82,CAIANDA PARTICIPACOES S.A.,1,1,0,100.0
2022,2022,04.065.791/0001-99,SINQIA S.A.,72084,302,235,81.191321
2022,2022,04.069.709/0001-02,BIONEXO S.A.,1,1,3,61.1
2022,2022,04.089.570/0001-50,ÁGUAS GUARIROBA S.A,0,2,0,0.0
2022,2022,04.149.454/0001-80,ECORODOVIAS INFRAESTRUTURA E LOGÍSTICA S.A.,32930,400,181,47.916
2022,2022,04.172.213/0001-51,CIA PIRATININGA DE FORCA E LUZ,0,1,0,0.0
2022,2022,04.200.649/0001-07,COMPANHIA PROVINCIA DE SECURITIZACAO,1,1,0,100.0
2022,2022,04.233.319/0001-18,NCF PARTICIPAÇÕES S/A,0,3,0,0.0
2022,2022,04.368.898/0001-06,COPEL DISTRIBUIÇÃO S.A.,0,1,0,0.0
2022,2022,04.370.282/0001-70,COPEL GERAÇÃO E TRANSMISSÃO S.A.,0,1,0,0.0
2022,2022,04.423.567/0001-21,ENEVA S.A,41989,1140,0,99.585
2022,2022,04.437.534/0001-30,LOCAMÉRICA RENT-A-CAR S.A.,0,1,0,0.0
2022,2022,04.739.720/0001-24,USINA TERMELÉTRICA PAMPA SUL S.A.,0,2,0,0.0
2022,2022,04.752.991/0001-10,BIOMM S.A.,2180,109,0,61.736547
2022,2022,04.821.041/0001-08,METALFRIO SOLUTIONS S.A.,413,16,1,45.49
2022,2022,04.895.728/0001-80,EQUATORIAL PARÁ DISTRIBUIDORA DE ENERGIA S.A.,3807,200,28,89.627856
2022,2022,04.902.979/0001-44,BCO AMAZONIA S.A.,14964,539,3,2.989041
2022,2022,04.912.242/0001-02,PORTUENSE FERRAGENS S/A,218,1,0,100.0
2022,2022,04.913.711/0001-08,BCO ESTADO DO PARA S.A.,219,113,2,0.02138
2022,2022,04.972.092/0001-22,GRUPO FARTURA DE HORTIFRUT S.A.,4,0,1,100.0
2022,2022,04.986.320/0001-13,SER EDUCACIONAL S.A.,14309,110,65,40.6
2022,2022,04.992.714/0001-84,NOVA TRANSPORTADORA DO SUDESTE S.A. - NTS,0,2,0,0.0
2022,2022,05.197.443/0001-38,HAPVIDA PARTICIPAÇÕES E INVESTIMENTOS S.A.,48099,300,2237,62.371196
2022,2022,05.303.439/0001-07,UNIGEL PARTICIPAÇÕES S.A.,1,1,0,0.0
2022,2022,05.336.882/0001-84,CACHOEIRA PAULISTA TRANSMISSORA ENERGIA S.A.,0,1,0,100.0
2022,2022,05.347.060/0001-07,INTERPLAYERS SOLUÇÕES INTEGRADAS S.A.,3,1,1,0.0
2022,2022,05.878.397/0001-32,ALLOS S.A.,71716,283,1260,92.756788
2022,2022,05.889.284/0001-32,CSA-COMPANHIA SECURITIZADORA DE ATIVOS,3,2,0,0.0
2022,2022,05.917.486/0001-40,LIVETECH DA BAHIA INDÚSTRIA E COMÉRCIO S.A.,8115,180,7,33.319
2022,2022,06.016.348/0001-53,VENTOS DO SUL ENERGIA S.A.,0,3,0,0.0
2022,2022,06.047.087/0001-39,REDE D'OR SÃO LUIZ S.A.,54151,2031,0,47.836
2022,2022,06.057.223/0001-71,SENDAS DISTRIBUIDORA S.A.,43881,583,1481,69.362255
2022,2022,06.164.253/0001-87,GOL LINHAS AEREAS INTELIGENTES S.A.,108910,313,439,64.786257
2022,2022,06.272.793/0001-84,EQUATORIAL MARANHÃO DISTRIBUIDORA DE ENERGIA S.A.,1447,27,22,34.891298
2022,2022,06.347.409/0001-65,SBF COMÉRCIO DE PRODUTOS ESPORTIVOS S.A.,0,1,0,0.0
2022,2022,06.626.253/0001-51,EMPREENDIMENTOS PAGUE MENOS S.A.,25147,67,137,33.701526
2022,2022,06.977.745/0001-91,BR MALLS PARTICIPACOES S.A.,0,1,0,100.0
2022,2022,06.977.751/0001-49,BR PROPERTIES S.A.,5324,30,147,5.680757
2022,2022,06.981.176/0001-58,CEMIG GERACAO E TRANSMISSAO S.A.,0,1,0,0.0
2022,2022,06.981.180/0001-16,CEMIG DISTRIBUICAO S.A.,0,1,0,0.0
2022,2022,06.981.381/0001-13,CTC - CENTRO DE TECNOLOGIA CANAVIEIRA S.A.,0,89,1,0.0
2022,2022,07.040.108/0001-57,CAGECE - CIA DE AGUA E ESGOTO DO CEARA,4,5,0,11.636149
2022,2022,07.043.628/0001-13,CLARO TELECOM PARTICIPAÇÕES S.A.,0,2,0,0.0
2022,2022,07.047.251/0001-70,CIA ENERGETICA DO CEARA - COELCE,7515,287,14,25.948939
2022,2022,07.119.838/0001-48,SECME - COMPANHIA SECURITIZADORA DE CRÉDITOS IMOBILIÁRIOS,0,2,0,0.0
2022,2022,07.206.816/0001-15,M.DIAS BRANCO S.A. IND COM DE ALIMENTOS,78790,365,148,20.440101
2022,2022,07.237.373/0001-20,BCO NORDESTE DO BRASIL S.A.,8681,1117,12,0.71
2022,2022,07.253.321/0001-47,CARBOMIL SA MINER. E INDUSTRIA,5,1,0,100.0
2022,2022,07.275.159/0001-68,PETROLEO LUB DO NORDESTE SA,177,365,0,84.33
2022,2022,07.282.377/0001-20,ENERGISA SUL-SUDESTE - DISTRIBUIDORA DE ENERGIA S/A,21,10,0,0.75
2022,2022,07.334.600/0001-35,MARINA DE IRACEMA PARK SA,8,2,0,0.0
2022,2022,07.401.436/0001-31,ELDORADO BRASIL CELULOSE S.A.,0,2,0,100.0
2022,2022,07.415.333/0001-20,SIMPAR S.A.,30722,370,17,27.06
2022,2022,07.437.016/0001-05,CINESYSTEM S.A.,3,3,0,0.0
2022,2022,07.526.557/0001-00,AMBEV S.A.,308094,1897,652,27.8932
2022,2022,07.587.384/0001-30,PLANETA SECURITIZADORA S.A.,0,1,0,0.0
2022,2022,07.594.978/0001-78,SMARTFIT ESCOLA DE GINÁSTICA E DANÇA S.A.,9438,61,367,44.15
2022,2022,07.628.528/0001-59,BRASILAGRO - CIA BRAS DE PROP AGRICOLAS,42431,190,348,57.802
2022,2022,07.636.657/0001-99,AÇO VERDE DO BRASIL S.A,4,1,0,0.0
2022,2022,07.659.538/0001-51,DINAMICA ENERGIA S.A.,3,1,0,100.0
2022,2022,07.689.002/0001-89,EMBRAER S.A.,95983,14777,273,99.212
2022,2022,07.704.246/0001-93,DATORA PARTICIPAÇÕES E SERVIÇOS S.A.,8,1,0,0.0
2022,2022,07.718.269/0001-57,SPRINGS GLOBAL PARTICIPACOES S.A.,1885,49,33,47.084574
2022,2022,07.802.794/0001-56,ESSENTIA PCHS S.A.,0,2,0,0.0
2022,2022,07.816.890/0001-53,MULTIPLAN - EMPREEND IMOBILIARIOS S.A.,38417,1381,0,44.42
2022,2022,07.820.907/0001-46,FICA EMPREENDIMENTOS IMOBILIÁRIOS S.A.,320,6,25,98.287727
2022,2022,07.823.262/0001-03,FOZ DO RIO CLARO ENERGIA S.A.,0,2,0,0.0
2022,2022,07.857.093/0001-14,AURA MINERALS INC.,33616,483,28,42.2
2022,2022,07.857.850/0001-50,"GP INVESTMENTS, LTD.",2134,29,59,51.876891
2022,2022,07.859.510/0001-68,JHSF MALLS S.A.,0,3,0,0.0
2022,2022,07.859.971/0001-30,TRANSMISSORA ALIANÇA DE ENERGIA ELÉTRICA S.A.,392926,445,1175,63.445266
2022,2022,07.882.930/0001-65,MITRE REALTY EMPREENDIMENTOS E PARTICIPAÇÕES S.A.,22259,156,148,49.6
2022,2022,07.976.147/0001-60,MOVIDA LOCAÇÃO DE VEÍCULOS S.A.,0,1,0,0.0
2022,2022,08.065.557/0001-12,TECNISA S.A.,40898,141,112,64.9983
2022,2022,08.070.508/0001-78,RAIZEN ENERGIA S.A.,0,3,0,0.0
2022,2022,08.078.847/0001-09,LPS BRASIL - CONSULTORIA DE IMOVEIS S.A.,15443,116,31,70.774042
2022,2022,08.159.965/0001-33,IGUA SANEAMENTO S.A.,0,1,5,100.0
2022,2022,08.170.849/0001-15,DESKTOP S.A.,7245,109,213,28.939412
2022,2022,08.213.823/0001-07,AURA ALMAS MINERAÇÃO S.A.,0,2,0,0.0
2022,2022,08.294.224/0001-65,JHSF PARTICIPACOES S.A.,112342,803,136,44.0169
2022,2022,08.312.229/0001-73,EZ TEC EMPREEND. E PARTICIPACOES S.A.,85810,613,376,42.680086
2022,2022,08.322.396/0001-03,CERRADINHO BIOENERGIA S.A.,0,4,0,0.0
2022,2022,08.324.196/0001-81,CIA ENERGETICA DO RIO GDE NORTE - COSERN,6223,379,47,6.9514
2022,2022,08.343.492/0001-20,MRV ENGENHARIA E PARTICIPACOES S.A.,57678,874,654,63.111377
2022,2022,08.364.948/0001-38,ALUPAR INVESTIMENTO S/A,125869,908,908,47.836
2022,2022,08.397.078/0001-01,GSH CORP PARTICIPAÇÕES S.A.,12,2,1,0.0
2022,2022,08.402.943/0001-52,GUARARAPES CONFECCOES S.A.,19553,168,293,16.413193
2022,2022,08.424.178/0001-71,TECBLU TECELAGEM BLUMENAU S.A.,3,4,0,100.0
2022,2022,08.439.659/0001-50,CPFL ENERGIAS RENOVÁVEIS S.A.,0,2,0,0.0
2022,2022,08.467.115/0001-00,CIA ESTADUAL DE DISTRIB ENER ELET-CEEE-D,376,210,0,4.876
2022,2022,08.493.364/0001-62,CIA MINEIRA DE AÇUCAR E ALCOOL PARTICIPAÇÕES,0,5,0,100.0
2022,2022,08.534.605/0001-74,RENOVA ENERGIA S.A.,11450,65,0,58.562
2022,2022,08.560.444/0001-93,CIA CELG DE PARTICIPACOES - CELGPAR,314,91,0,0.1
2022,2022,08.574.411/0001-00,PRÁTICA PRODUTOS S.A.,0,2,0,10.011123
2022,2022,08.613.550/0001-98,NEXPE PARTICIPAÇÕES S.A,16616,85,61,39.11
2022,2022,08.764.621/0001-53,GENERAL SHOPPING E OUTLETS DO BRASIL BRASIL S.A.,1715,4,13,74.053865
2022,2022,08.769.451/0001-08,VIRGO COMPANHIA DE SECURITIZAÇÃO,0,1,0,0.0
2022,2022,08.773.135/0001-00,2W ECOBANK S.A. - EM RECUPERAÇÃO JUDICIAL,21,2,0,1.2
2022,2022,08.773.191/0001-36,BRASILIANA PARTICIPAÇÕES S/A,0,2,0,0.0
2022,2022,08.795.211/0001-70,MAESTRO LOCADORA DE VEICULOS S.A.,3,1,3,0.0
2022,2022,08.797.760/0001-83,CURY CONSTRUTORA E INCORPORADORA S.A.,15002,606,130,41.21329
2022,2022,08.801.621/0001-86,SYN PROP & TECH S.A.,22821,183,131,38.608
2022,2022,08.807.432/0001-10,YDUQS PARTICIPACOES S.A.,34861,271,638,95.77
2022,2022,08.810.422/0001-34,GUARARAPES PAINÉIS S.A.,3,1,1,0.0
2022,2022,08.811.643/0001-27,TRISUL S.A.,61780,356,0,38.234
2022,2022,08.822.767/0001-08,CONCESSIONÁRIA DA RODOVIA MG-050 S.A.,0,1,0,100.0
2022,2022,08.827.501/0001-58,AEGEA SANEAMENTO E PARTICIPAÇÕES S.A.,0,5,0,47.22782
2022,2022,08.873.873/0001-10,ECORODOVIAS CONCESSÕES E SERVIÇOS S.A.,0,1,0,0.0
2022,2022,08.902.291/0001-15,CSN MINERAÇÃO S.A.,122553,1495,1489,20.2458
2022,2022,08.926.302/0001-05,DOMMO ENERGIA S.A.,0,1,0,0.0
2022,2022,08.935.054/0001-50,MULTINER S/A,0,2,1,100.0
2022,2022,08.937.002/0001-13,VISION SECURITIZADORA S.A.,2,1,0,0.0
2022,2022,09.041.168/0001-10,LOG COMMERCIAL PROPERTIES E PARTICIPAÇÕES,16848,244,148,58.271
2022,2022,09.042.817/0001-05,BEMOBI MOBILE TECH S.A.,13607,245,184,91.999
2022,2022,09.053.134/0001-45,ELFA MEDICAMENTOS S.A.,21,0,5,21.635
2022,2022,09.054.385/0001-44,INBRANDS S.A.,12,3,0,0.1081
2022,2022,09.074.183/0001-64,TRANSBRASILIANA CONCESSIONÁRIA DE RODOVIA S.A,0,1,0,100.0
2022,2022,09.095.183/0001-40,ENERGISA PARAÍBA - DISTRIBUIDORA DE ENERGIA S/A,0,1,0,0.0
2022,2022,09.112.685/0001-32,OSX BRASIL S.A. - EM RECUPERAÇÃO JUDICIAL,4324,15,4,50.576454
2022,2022,09.114.805/0001-30,OCEANPACT SERVIÇOS MARITIMOS S.A.,10866,176,51,61.621375
2022,2022,09.116.278/0001-01,CONPEL CIA NORDESTINA PAPEL - EM RECUPERAÇÃO JUDICIAL,0,1,0,100.0
2022,2022,09.146.451/0001-06,KALLAS INCORPORAÇÕES E CONSTRUÇÕES S.A.,0,1,0,0.0
2022,2022,09.149.503/0001-06,SERENA GERAÇÃO S.A.,0,1,0,0.0
2022,2022,09.229.201/0001-30,GPS PARTICIPAÇÕES E EMPREENDIMENTOS S.A.,5273,33,615,55.467
2022,2022,09.257.877/0001-37,FERROVIA NORTE SUL S/A,0,1,0,0.0
2022,2022,09.267.996/0001-70,YUNY INCORPORADORA HOLDING S.A.,2,0,0,0.0
2022,2022,09.288.252/0001-32,ANIMA HOLDING S.A.,19602,115,443,63.673479
2022,2022,09.295.063/0001-97,TECHNOS S.A.,15409,56,34,47.162979
2022,2022,09.304.427/0001-58,HABITASEC SECURITIZADORA SA,3,0,0,100.0
2022,2022,09.305.994/0001-29,AZUL S.A.,133095,714,395,50.151494
2022,2022,09.313.969/0001-97,AUTOPISTA LITORAL SUL,0,1,0,0.0
2022,2022,09.324.949/0001-11,AUTOPISTA FLUMINENSE SA,0,1,0,0.0
2022,2022,09.325.109/0001-73,AUTOPISTA PLANALTO SUL SA,0,1,0,99.999999
2022,2022,09.326.342/0001-70,AUTOPISTA FERNÃO DIAS SA,0,1,0,0.0
2022,2022,09.336.431/0001-06,AUTOPISTA REGIS BITTENCOURT SA,0,1,0,0.0
2022,2022,09.346.601/0001-25,"B3 S.A. - BRASIL, BOLSA, BALCÃO",354755,2933,1528,98.528923
2022,2022,09.347.516/0001-81,ELETROMIDIA S.A.,1577,9,66,37.625231
2022,2022,09.359.927/0001-97,ASA BRANCA HOLDING S.A.,0,1,0,0.0
2022,2022,09.391.823/0001-60,AXIA ENERGIA UHE SANTO ANTÔNIO S.A.,0,1,0,0.0
2022,2022,09.414.761/0001-64,K-INFRA RODOVIA DO AÇO S.A.,0,1,0,0.0
2022,2022,09.527.023/0001-23,ENVIRONMENTAL ESG PARTICIPAÇÕES S.A.,0,1,0,0.0
2022,2022,09.538.973/0001-53,PDG COMPANHIA SECURITIZADORA,0,2,0,0.0
2022,2022,09.584.854/0001-37,MANAUS TRANSMISSORA DE ENERGIA S.A,0,1,0,0.0
2022,2022,09.611.768/0001-76,INC EMPREENDIMENTOS IMOBILIÁRIOS S.A.,5,0,0,0.0
2022,2022,09.625.321/0001-56,NORTE BRASIL TRANSMISSORA DE ENERGIA S.A.,0,5,0,0.0
2022,2022,09.813.204/0001-16,W2W E-COMMERCE DE VINHOS S.A.,6,2,0,0.0
2022,2022,10.139.870/0001-08,NEOGRID PARTICIPAÇÕES S.A.,65857,356,54,42.867
2022,2022,10.215.988/0001-60,COMPANHIA DE LOCAÇÃO DAS AMÉRICAS,0,1,0,0.0
2022,2022,10.234.027/0001-00,LINHAS DE MACAPÁ TRANSMISSORA DE ENERGIA S/A,0,2,0,0.0
2022,2022,10.240.186/0001-00,LINHAS DE XINGU TRANSMISSORA DE ENERGIA S/A,0,2,0,0.0
2022,2022,10.285.590/0001-08,GRUPO DE MODA SOMA S.A.,39749,1080,815,62.534293
2022,2022,10.319.900/0001-50,REGENERA RIO S.A.,0,1,0,0.0
2022,2022,10.324.624/0001-18,CONCESSÃO METROVIÁRIA DO RIO DE JANEIRO S.A.,0,1,0,0.0
2022,2022,10.338.320/0001-00,AFLUENTE TRANSMISSÃO DE ENERGIA ELÉTRICA S/A,3086,172,102,1.37
2022,2022,10.440.482/0001-54,GETNET ADQ E SERV PARA MEIOS DE PAGTO S.A. - INST PAGTO,190502,322,15434,10.087
2022,2022,10.452.416/0001-02,REAG CAPITAL HOLDING S.A.,2,1,0,0.0
2022,2022,10.464.223/0001-63,PRIVALIA BRASIL S.A.,3,1,0,0.0
2022,2022,10.488.244/0001-19,INFRASEC SECURITIZADORA S.A.,0,2,0,100.0
2022,2022,10.502.676/0001-37,TERMELÉTRICA PERNAMBUCO III S.A.,0,1,0,0.0
2022,2022,10.531.501/0001-58,CONC AUTO RAPOSO TAVARES S.A.,0,1,0,100.0
2022,2022,10.571.175/0001-02,URBA DESENVOLVIMENTO URBANO S.A.,7,2,0,0.0
2022,2022,10.608.405/0001-60,BARI SECURITIZADORA S.A.,1,1,0,100.0
2022,2022,10.629.105/0001-68,PRIO S.A.,110432,844,1521,95.540209
2022,2022,10.635.691/0001-53,VIARONDON CONCESSIONÁRIA DE RODOVIA S.A.,0,1,0,100.0
2022,2022,10.647.979/0001-48,CONC ROTA DAS BANDEIRAS S.A.,0,2,0,0.0
2022,2022,10.670.314/0001-55,VIABAHIA CONCESSIONÁRIA DE RODOVIAS SA,0,2,0,0.0
2022,2022,10.678.505/0001-63,CONC RODOVIAS DO TIETÊ S.A.,0,2,0,0.0
2022,2022,10.739.356/0001-03,BRBI BR PARTNERS S.A,20301,81,90,54.5
2022,2022,10.753.164/0001-43,ECO SECURITIZADORA DIREITOS CRED AGRONEGÓCIO S.A.,1,0,0,0.0
2022,2022,10.760.260/0001-19,CVC BRASIL OPERADORA E AGÊNCIA DE VIAGENS S.A.,165299,774,430,99.538451
2022,2022,10.807.374/0001-77,BOA SAFRA SEMENTES S.A.,41087,412,2,39.661531
2022,2022,10.835.932/0001-08,CIA ENERGETICA DE PERNAMBUCO - CELPE,1391,209,44,0.0
2022,2022,10.841.050/0001-55,CONC ROD AYRTON SENNA E CARV PINTO S.A.-ECOPISTAS,0,1,0,0.0
2022,2022,10.851.805/0001-00,FLEX GESTÃO DE RELACIONAMENTOS S.A.-EM RECUPERAÇÃO JUDICIAL,0,1,1,0.0
2022,2022,11.257.352/0001-43,BSI CAPITAL SECURITIZADORA S.A.,2,0,0,0.0
2022,2022,11.274.829/0001-07,COMPANHIA PAULISTA DE SECURITIZAÇÃO,0,2,0,0.0
2022,2022,11.284.204/0001-18,YOU INC INCORPORADORA E PARTICIPAÇÕES S.A,3,2,0,23.544
2022,2022,11.421.994/0001-36,ORIZON VALORIZAÇÃO DE RESÍDUOS S.A.,7564,196,174,52.719
2022,2022,11.669.021/0001-10,ENAUTA PARTICIPAÇÕES S.A.,39110,539,134,29.09
2022,2022,11.716.471/0001-17,TRX SECURITIZADORA S.A.,1,1,0,100.0
2022,2022,11.721.921/0001-60,ALPER CONSULTORIA E CORRETORA DE SEGUROS S.A.,2913,96,17,78.626034
2022,2022,11.725.176/0001-27,BOA VISTA SERVIÇOS S.A.,2110,0,232,99.68
2022,2022,11.992.680/0001-93,QUALICORP CONSULTORIA E CORRETORA DE SEGUROS S.A.,57215,604,604,97.846085
2022,2022,12.049.631/0001-84,MOURA DUBEUX ENGENHARIA S/A,5828,193,150,63.073712
2022,2022,12.091.809/0001-55,BRAVA ENERGIA S.A.,41769,528,1206,97.8
2022,2022,12.104.241/0004-02,ONCOCLÍNICAS DO BRASIL SERVIÇOS MÉDICOS S.A.,9393,329,0,29.42
2022,2022,12.108.897/0001-50,D1000 VAREJO FARMA PARTICIPAÇÕES S.A.,14524,141,33,37.6188
2022,2022,12.130.744/0001-00,TRUE SECURITIZADORA S.A.,0,2,0,0.0
2022,2022,12.139.922/0001-63,OCTANTE SECURITIZADORA S.A.,1,1,0,0.0
2022,2022,12.181.987/0001-77,MELNICK DESENVOLVIMENTO IMOBILIÁRIO S.A.,8076,77,94,32.801
2022,2022,12.261.588/0001-16,POLO CAPITAL SECURITIZADORA S.A,3,0,0,0.0
2022,2022,12.300.288/0001-07,NORTE ENERGIA S.A.,0,10,2,0.0
2022,2022,12.320.349/0001-90,ORE  SECURITIZADORA SA,1,1,0,0.0
2022,2022,12.420.164/0001-57,CM HOSPITALAR S.A,200,6,162,39.66
2022,2022,12.489.315/0001-23,FERREIRA GOMES ENERGIA S.A.,0,2,0,0.0
2022,2022,12.528.708/0001-07,AERIS IND. E COM. DE EQUIP. PARA GER. DE ENG. S.A.,82368,223,213,29.635449
2022,2022,12.592.831/0001-89,MNLT S.A.,0,1,0,0.0
2022,2022,12.648.266/0001-24,AMBIPAR PARTICIPAÇÕES E EMPREENDIMENTOS S.A.,40124,207,412,38.82
2022,2022,12.648.327/0001-53,HIDROVIAS DO BRASIL S.A.,15552,195,316,99.964087
2022,2022,12.919.786/0001-24,TCP TERMINAL DE CONTEINERES DE PARANAGUA SA,0,1,0,0.0
2022,2022,13.009.717/0001-46,BCO ESTADO DE SERGIPE S.A. - BANESE,3037,333,11,10.13
2022,2022,13.017.462/0001-63,ENERGISA SERGIPE - DISTRIBUIDORA DE ENERGIA S/A,0,1,0,0.0
2022,2022,13.217.485/0001-11,GRUPO SBF S.A.,34532,168,451,59.965
2022,2022,13.270.520/0001-66,KORA SAÚDE PARTICIPAÇÕES S.A.,972,5,111,20.2
2022,2022,13.349.677/0001-81,REIT SECURITIZADORA S/A,2,1,0,0.0
2022,2022,13.444.994/0001-87,MLOG S.A.,56,49,38,46.91
2022,2022,13.457.942/0001-45,RIVA INCORPORADORA S.A,10,1,0,0.0
2022,2022,13.522.948/0001-59,SAFIRA HOLDING S.A.,2,0,0,0.0
2022,2022,13.574.594/0001-96,ZAMP SA,24747,90,332,98.266506
2022,2022,13.584.310/0001-42,SUGOI S.A.,2,0,0,100.0
2022,2022,13.783.221/0004-78,MADERO INDÚSTRIA E COMÉRCIO S.A.,7,1,0,0.0
2022,2022,14.110.585/0001-07,MÉLIUZ S.A.,161562,794,0,79.932
2022,2022,14.127.813/0001-51,ARANDU INVESTIMENTOS S.A.,4590,134,134,82.132081
2022,2022,14.191.427/0001-29,GRANBIO INVESTIMENTOS S.A.,0,2,0,13.96
2022,2022,14.388.334/0001-99,PARANA BCO S.A.,18,1,0,0.0
2022,2022,14.776.142/0001-50,WESTWING COMÉRCIO VAREJISTA S.A.,6959,88,135,98.679
2022,2022,14.785.152/0001-51,HBR REALTY EMPREENDIMENTOS IMOBILIÁRIOS S.A.,773,61,28,56.8
2022,2022,14.807.945/0001-24,SANSUY S.A. INDUSTRIA DE PLASTICOS,1676,57,0,100.0
2022,2022,14.876.090/0001-93,GAIA IMPACTO SECURITIZADORA S.A.,1,1,0,100.0
2022,2022,14.882.295/0001-81,CBO HOLDING S.A.,0,5,0,24.48
2022,2022,14.998.371/0001-19,J. MACEDO S.A.,30,6,0,100.0
2022,2022,15.073.274/0001-88,PPLA PARTICIPATIONS LTD.,0,0,8,100.0
2022,2022,15.090.690/0001-94,CONCESSIONARIA ECOVIAS DO ARAGUAIA S.A.,0,1,0,0.0
2022,2022,15.101.405/0001-93,CORREA RIBEIRO S.A. COMERCIO E INDUSTRIA,276,19,2,72.66
2022,2022,15.115.504/0001-24,TRONOX PIGMENTOS DO BRASIL S.A.,4501,168,97,100.0
2022,2022,15.139.629/0001-94,CIA ELETRICIDADE EST. DA BAHIA - COELBA,2699,201,99,1.06
2022,2022,15.141.799/0001-03,CIA FERRO LIGAS DA BAHIA - FERBASA,23670,245,85,46.205057
2022,2022,15.144.017/0001-90,CIA SEGUROS ALIANCA DA BAHIA,966,23,3,52.693658
2022,2022,15.229.110/0001-05,CAPITALE SECURITIZADORA DE CRÉDITO S/A,2,0,0,0.0
2022,2022,15.377.572/0001-61,NASA SECURITIZADORA S.A.,1,1,0,0.0
2022,2022,15.413.826/0001-50,ENERGISA MATO GROSSO DO SUL - DIST DE ENERGIA S.A.,1,2,0,0.07
2022,2022,15.484.093/0001-44,ECO101 CONCESSIONÁRIA DE RODOVIAS S.A.,0,1,0,0.0
2022,2022,15.494.541/0001-90,SALUS INFRAESTRUTURA PORTUARIA SA,0,2,0,100.0
2022,2022,15.578.569/0001-06,CONC DO AEROPORTO INTERNACIONAL DE GUARULHOS S.A.,0,2,0,100.0
2022,2022,15.675.715/0001-11,HOUSI S.A.,0,1,0,0.0
2022,2022,15.688.041/0001-90,MBK SECURITIZADORA SA,1,1,0,100.0
2022,2022,16.233.389/0001-55,CVLB BRASIL S.A EM RECUPERAÇÃO JUDICAL,8,0,2,0.0
2022,2022,16.234.171/0001-15,METANOR SA METANOL DO NE,118,135,6,100.0
2022,2022,16.404.287/0001-55,SUZANO S.A.,76014,908,2225,53.39
2022,2022,16.590.234/0001-76,AZZAS 2154 S.A.,36936,370,780,55.141564
2022,2022,16.614.075/0001-00,DIRECIONAL ENGENHARIA S.A.,23518,271,501,55.26393
2022,2022,16.670.085/0001-55,LOCALIZA RENT A CAR S.A.,48122,1637,773,91.299813
2022,2022,16.676.520/0001-59,HOSPITAL MATER DEI S.A.,4759,51,271,21.187323
2022,2022,16.811.931/0001-00,ALPHAVILLE S.A.,218,4,44,19.881
2022,2022,16.838.421/0001-26,XP INVESTIMENTOS S.A.,0,1,0,0.0
2022,2022,16.922.038/0001-51,ENJOEI S.A.,37212,268,268,75.71
2022,2022,17.155.730/0001-64,CIA ENERGETICA DE MINAS GERAIS - CEMIG,190465,1952,1847,81.9
2022,2022,17.159.229/0001-76,LABORATÓRIO TEUTO BRASILEIRO S.A.,6,0,0,0.0
2022,2022,17.161.241/0001-15,MINASMAQUINAS S.A.,983,173,0,12.22
2022,2022,17.162.082/0001-73,MENDES JUNIOR ENGENHARIA S.A.,3531,41,21,3.21344
2022,2022,17.162.280/0001-37,EMPRESA BRASILEIRA DE ENGENHARIA E COMÉRCIO S.A. EBEC,0,2,0,0.0
2022,2022,17.167.396/0001-69,ALFA HOLDINGS S.A.,11763,1823,7,24.64921
2022,2022,17.167.412/0001-13,FINANCEIRA ALFA S.A.- CRED FINANC E INVS,4156,452,15,24.252388
2022,2022,17.184.037/0001-10,BCO MERCANTIL DO BRASIL S.A.,3157,587,22,46.833
2022,2022,17.193.806/0001-46,CONSORCIO ALFA DE ADMINISTRACAO S.A.,14267,2425,7,20.412176
2022,2022,17.234.244/0001-31,FTL - FERROVIA TRANSNORDESTINA LOGÍSTICA S.A.,0,2,0,100.0
2022,2022,17.245.234/0001-00,CIA FIACAO TECIDOS CEDRO CACHOEIRA,2195,28,4,60.56
2022,2022,17.281.106/0001-03,CIA SANEAMENTO DE MINAS GERAIS-COPASA MG,98129,703,226,49.564151
2022,2022,17.314.329/0001-20,INTERNATIONAL MEAL COMPANY ALIMENTACAO S.A.,41401,1,349,91.873
2022,2022,17.344.597/0001-94,BB SEGURIDADE PARTICIPAÇÕES S.A.,351530,2572,1310,33.584
2022,2022,17.359.233/0001-88,TECIDOS E ARMARINHOS MIGUEL BARTOLOMEU S.A.,44,0,0,0.0
2022,2022,17.943.792/0001-30,FULWOOD S.A.,4,0,0,0.0
2022,2022,18.174.270/0001-84,DOTZ S.A.,2282,48,1,30.3
2022,2022,18.328.118/0001-09,PET CENTER COMÉRCIO E PARTICIPAÇÕES S.A.,93903,282,1146,72.624
2022,2022,18.483.666/0001-03,HUMBERG AGRIBRASIL COMÉRCIO E EXPORTAÇÃO DE GRÃOS S.A.,13,1,0,0.0
2022,2022,18.494.485/0001-82,PORTO SUDESTE V.M. S.A.,0,1,0,0.0
2022,2022,18.572.225/0001-88,CONCEBRA - CONCESSIONARIA DAS RODOVIAS CENTRAIS DO BRASIL,0,1,0,100.0
2022,2022,18.593.815/0001-97,PRINER SERVIÇOS INDUSTRIAIS S.A.,15001,163,61,96.33
2022,2022,18.903.785/0001-78,HOLDING DO ARAGUAIA S.A.,0,2,0,0.0
2022,2022,19.014.221/0001-47,CHINA THREE GORGES BRASIL ENERGIA S.A.,0,2,0,0.0
2022,2022,19.208.022/0001-70,ECO050 CONCESSIONÁRIA DE RODOVIAS S.A.,0,1,0,0.0
2022,2022,19.276.528/0001-16,BCBF PARTICIPAÇÕES S.A.,0,2,0,0.0
2022,2022,19.378.769/0001-76,INSTITUTO HERMES PARDINI S.A.,0,1,0,0.0
2022,2022,19.403.252/0001-90,EMCCAMP RESIDENCIAL S.A.,7,0,0,0.0
2022,2022,19.521.322/0001-04,CONCESSIONÁRIA ROTA DO OESTE S.A.,0,1,0,0.0
2022,2022,19.526.748/0001-50,COMPANHIA INDUSTRIAL CATAGUASES,136,6,0,17.578
2022,2022,19.527.586/0001-75,COMPANHIA ENERGÉTICA SINOP S/A,0,3,0,0.0
2022,2022,19.527.639/0001-58,ENERGISA MINAS RIO - DISTRIBUIDORA DE ENERGIA S/A,0,1,0,0.0
2022,2022,19.642.306/0001-70,CONCESSIONÁRIA DE RODOVIA SUL-MATOGROSSENSE S.A.,0,1,0,0.0
2022,2022,19.726.048/0001-00,CONCESSIONÁRIA BR-040 S.A.,0,1,0,0.0
2022,2022,19.796.586/0001-70,BRISANET PARTICIPAÇÕES S.A.,11036,50,114,21.12
2022,2022,19.851.496/0001-35,LOGOS COMPANHIA SECURITIZADORA S/A,1,1,0,0.0
2022,2022,20.247.322/0001-47,ALLIED TECNOLOGIA S.A.,5515,68,76,26.4
2022,2022,20.258.278/0001-70,OUROFINO S.A.,6698,91,14,43.377
2022,2022,20.451.953/0001-83,BLUM COMPANHIA DE SECURITIZAÇÃO DE CRÉDITOS S.A,0,1,0,100.0
2022,2022,20.512.706/0001-40,VITRU EDUCAÇÃO S.A.,0,1,0,0.0
2022,2022,20.514.555/0001-69,ARGO VI TRANSMISSÃO DE ENERGIA S.A.,0,2,0,0.0
2022,2022,20.514.590/0001-88,ARGO V TRANSMISSÃO DE ENERGIA S.A.,0,2,0,0.0
2022,2022,21.110.778/0001-23,OLIVEIRA TRUST S.A.,12,1,0,0.36
2022,2022,21.240.146/0001-84,AGROGALAXY PARTICIPAÇÕES S.A. - EM RECUPERAÇÃO JUDICIAL,1775,7,60,37.876
2022,2022,21.254.073/0001-80,COMPANHIA ITAUNENSE ENERGIA E PARTICIPAÇÕES,600,5,0,100.0
2022,2022,21.255.567/0001-89,CIA TECIDOS SANTANENSE EM RECUPERAÇÃO JUDICIAL,6054,12,1,37.06
2022,2022,21.262.638/0001-70,ENCALSO PARTICIPAÇÕES EM CONCESSÕES S/A,0,3,0,0.0
2022,2022,21.314.559/0001-66,MOVIDA PARTICIPACOES SA,72648,604,523,36.4
2022,2022,21.331.849/0001-18,CREDGRID SERVIÇOS FINANCEIROS S.A.,0,0,1,0.0
2022,2022,21.389.501/0001-81,COMPASS GÁS E ENERGIA S.A.,1,2,18,11.999943
2022,2022,21.414.457/0001-12,LEADS CIA. SECURITIZADORA,0,1,0,0.0
2022,2022,21.610.416/0001-00,FORTUNATO SECURITIZADORA S/A,2,0,0,0.0
2022,2022,21.728.083/0001-00,TRANSMISSORA JOSÉ MARIA DE MACEDO DE ELETRICIDADE S.A.,0,2,0,0.0
2022,2022,21.948.105/0001-47,BTGI QUARTZO PARTICIPAÇÕES S/A,0,1,1,0.0
2022,2022,21.976.484/0001-89,RUGE SECURITIZADORA DE CRÉDITOS FINANCEIROS S.A.,1,1,0,0.0
2022,2022,21.976.510/0001-79,BTGI SAFIRA PARTICIPAÇÕES S/A,0,1,1,0.0
2022,2022,22.163.297/0001-49,CONCESSIONÁRIA PONTE RIO-NITERÓI S.A. - ECOPONTE,0,1,0,0.0
2022,2022,22.261.473/0001-85,COMPANHIA DE GÁS DE MINAS GERAIS - GASMIG,18,2,0,0.043003
2022,2022,22.266.175/0001-88,FERTILIZANTES HERINGER S.A.,14099,133,0,29.015504
2022,2022,22.495.265/0001-40,SENECA COMPANHIA SECURITIZADORA,2,0,0,0.0
2022,2022,22.543.331/0001-00,CAIXA SEGURIDADE PARTICIPAÇÕES S.A.,114130,1265,11,17.25
2022,2022,22.677.520/0001-76,CIA TECIDOS NORTE DE MINAS COTEMINAS,2454,1501,2,47.0681
2022,2022,22.902.694/0001-95,SELF IT ACADEMIAS HOLDING S.A.,2,3,0,0.0
2022,2022,23.041.875/0001-37,ALMACENES ÉXITO S.A.,4826,217,63,0.0
2022,2022,23.096.269/0001-19,RIO PARANA ENERGIA S.A.,0,2,0,33.33
2022,2022,23.236.821/0001-27,PATRIMAR ENGENHARIA S.A.,4,1,0,0.0
2022,2022,23.373.000/0001-32,"VAMOS LOCAÇÃO DE CAMINHÕES, MÁQUINAS E EQUIPAMENTOS S.A.",7,501,1207,30.69
2022,2022,23.438.929/0001-00,ALARES INTERNET PARTICIPAÇÕES S/A,10,0,1,0.0
2022,2022,23.864.409/0001-51,HOLDING VERZANI E SANDRINI S.A.,4,0,2,0.0
2022,2022,24.230.275/0001-80,PLANO & PLANO DESENVOLVIMENTO IMOBILIÁRIO S.A.,21426,79,89,26.778
2022,2022,24.396.489/0001-20,BRK AMBIENTAL PARTICIPAÇÕES S.A.,0,0,2,0.0
2022,2022,24.410.913/0001-44,NU HOLDINGS LTD.,4174,34,78,76.0
2022,2022,24.624.490/0001-65,ARGO TRANSMISSÃO DE ENERGIA S/A,0,1,0,100.0
2022,2022,24.624.551/0001-94,ARGO ENERGIA EMPREENDIMENTOS E PARTICIPAÇÕES S/A,0,2,1,0.0
2022,2022,24.921.465/0001-43,BLUEFIT ACADEMIAS DE GINÁSTICA E PARTICIPAÇÕES S.A.,3,2,4,0.0
2022,2022,24.962.466/0001-36,RUMO MALHA NORTE S.A.,1,5,0,100.0
2022,2022,24.990.777/0001-09,GRUPO MATEUS S.A.,66142,270,466,21.0
2022,2022,25.005.683/0001-09,VERT COMPANHIA SECURITIZADORA,2,1,0,0.0
2022,2022,25.089.509/0001-83,COMPANHIA DE SANEAMENTO DO TOCANTINS - SANEATINS,0,2,0,0.001
2022,2022,25.249.439/0001-83,HOSPITAL CARE CALEDONIA S.A.,333,9,3,0.0
2022,2022,25.369.840/0001-57,COMERC ENERGIA S.A.,79,6,0,0.0
2022,2022,26.072.786/0001-46,QESTRA TECNOLOGIA ADMINISTRAÇÃO E PARTICIPAÇÕES S.A.,84,17,0,0.0
2022,2022,26.345.998/0001-50,ECONOMATICA S.A.,7568,80,64,31.563782
2022,2022,26.462.693/0001-28,LAVVI EMPREENDIMENTOS IMOBILIÁRIOS S.A.,15667,88,152,37.01
2022,2022,26.609.050/0001-64,TRAVESSIA SECURITIZADORA S.A.,1,1,0,0.0
2022,2022,26.659.061/0001-59,MPM CORPÓREOS S.A.,22469,301,301,66.104
2022,2022,26.664.057/0001-89,ENTREVIAS CONCESSIONÁRIA DE RODOVIAS S.A.,0,1,0,100.0
2022,2022,26.845.702/0001-60,BELÉM TRANSMISSORA DE ENERGIA S.A,0,1,0,0.0
2022,2022,26.982.634/0001-80,TURBI COMPARTILHAMENTO DE VEÍCULOS S.A.,16,6,1,29.88
2022,2022,27.093.558/0001-15,"MILLS LOCAÇÃO, SERVIÇOS E LOGÍSTICA S.A.",14634,333,309,72.91
2022,2022,27.137.879/0001-74,CIA SEC DE CRÉDITOS FINANCEIROS CARTÕES CONSIGNADOS I,2,1,0,0.0
2022,2022,27.157.474/0001-06,ÁGUAS DE TERESINA SANEAMENTO SPE S.A.,0,1,0,0.0
2022,2022,27.956.690/0001-03,AUZZA SECURITIZADORA S. A.,4,1,0,0.0
2022,2022,27.967.244/0001-02,TAPAJÓS TRANSMISSORA DE ENERGIA S.A.,0,1,0,0.0
2022,2022,28.019.100/0001-89,VIAPAULISTA S.A.,0,1,0,0.0
2022,2022,28.127.603/0001-78,BANESTES S.A. - BCO EST ESPIRITO SANTO,39876,57,8,4.440834
2022,2022,28.152.650/0001-71,EDP ESPIRITO SANTO DISTRIBUIÇÃO DE ENERGIA S.A.,0,1,0,100.0
2022,2022,28.195.667/0001-06,BCO ABC BRASIL S.A.,40148,474,282,29.409634
2022,2022,28.201.130/0001-01,ENERGISA TRANSMISSÃO DE ENERGIA S/A,0,2,0,0.0
2022,2022,28.442.718/0001-57,RIOLOAN 2 COMPANHIA SECURITIZADORA DE CRÉDITOS FINANCEIROS,0,1,0,0.0
2022,2022,28.594.234/0001-23,AUREN ENERGIA S.A.,43427,464,647,30.197
2022,2022,28.925.264/0001-75,COMPANHIA ENERGÉTICA JAGUARA,0,2,0,0.0
2022,2022,28.942.127/0001-49,COMPANHIA ENERGÉTICA MIRANDA,0,2,0,0.0
2022,2022,29.088.092/0001-95,ROMAXIS SECURITIZADORA S.A.,1,1,0,0.0
2022,2022,29.780.061/0001-09,SAO CARLOS EMPREEND E PARTICIPACOES S.A.,4260,128,91,39.195149
2022,2022,29.894.663/0001-89,CONSIGNADOS I COMPANHIA SECURITIZADORA CRÉDITOS FINANCEIROS,0,2,0,100.0
2022,2022,29.950.060/0001-57,NORTEC QUÍMICA S.A.,3,0,1,23.0
2022,2022,29.978.814/0001-87,SUL AMERICA S.A.,95686,403,992,66.788979
2022,2022,29.980.141/0001-08,OCEÂNICA ENGENHARIA E CONSULTORIA S.A.,1,1,0,0.0
2022,2022,30.213.493/0001-09,TEGRA INCORPORADORA S.A.,0,1,1,0.0
2022,2022,30.219.233/0001-40,COMPANHIA SECURITIZADORA DE CRÉDITOS FINANCEIROS VERT-REBEL,0,2,0,0.0
2022,2022,30.306.294/0001-45,BCO BTG PACTUAL S.A.,103457,2800,738,37.35
2022,2022,30.418.658/0001-89,COMPANHIA SECURITIZADORA DE CRÉD. FINANCEIROS VERT-NEXOOS,0,2,0,0.0
2022,2022,30.540.991/0001-66,HAGA S.A. INDUSTRIA E COMERCIO,4776,32,0,75.74263
2022,2022,30.545.324/0001-76,COMPANHIA SECURITIZADORA DE CRÉDITOS FINANCEIROS VERT-RECARG,0,2,0,0.0
2022,2022,30.723.886/0001-62,BANCO MODAL S.A.,9663,67,223,41.37
2022,2022,30.788.149/0001-48,GUARDIAN COMPANHIA SECURITIZADORA,3,0,0,0.0
2022,2022,31.001.230/0001-07,CELEO REDES TRANSMISSÃO DE ENERGIA S.A.,0,1,0,100.0
2022,2022,31.468.139/0001-98,CASA DE PEDRA SECURITIZADORA DE CREDITO S/A,2,0,0,100.0
2022,2022,31.553.627/0001-01,GRUPO TOKY S.A. - EM RECUPERAÇÃO JUDICIAL,4843,31,108,41.74
2022,2022,31.701.408/0001-14,ATHENA SAÚDE BRASIL SA,191,9,1,4.55
2022,2022,31.748.174/0001-60,VERO S.A.,13,3,1,0.0
2022,2022,31.907.982/0001-23,FILADÉLFIA SECURITIZADORA S/A,2,0,0,0.0
2022,2022,32.161.500/0001-00,CONCESSIONÁRIA DAS RODOVIAS INTEGRADAS DO SUL S.A.,0,1,0,0.0
2022,2022,32.372.085/0001-25,COBUCCIO SECURITIZADORA DE CRÉDITOS S.A.,2,0,0,0.0
2022,2022,32.681.371/0001-72,VIX LOGÍSTICA S.A.,1,1,1,10.638
2022,2022,32.770.457/0001-71,CIA. SECURITIZADORA DE CREDITOS FINANCEIROS VERT-GYRA,0,2,0,0.0
2022,2022,32.785.497/0001-97,NATURA &CO HOLDING S.A.,68281,418,1664,60.651649
2022,2022,33.000.167/0001-01,PETROLEO BRASILEIRO S.A. PETROBRAS,858992,5807,2748,63.3851
2022,2022,33.035.536/0001-00,JOAO FORTES ENGENHARIA S.A. - EM RECUPERAÇÃO JUDICIAL,6796,39,1,9.585063
2022,2022,33.040.601/0001-87,"MERCANTIL FINANCEIRA S.A. - SOC. CRÉDITO, FINANC E INVESTIME",1092,111,8,13.895
2022,2022,33.041.260/0652-90,GRUPO CASAS BAHIA S.A.,451504,2122,857,98.658
2022,2022,33.042.730/0001-04,CIA SIDERURGICA NACIONAL,89904,1983,1922,44.438
2022,2022,33.050.071/0001-58,AMPLA ENERGIA E SERVICOS S.A.,1023,29,9,0.2
2022,2022,33.050.196/0001-88,CIA PAULISTA DE FORCA E LUZ,0,1,0,0.0
2022,2022,33.102.476/0001-92,MONTEIRO ARANHA S.A.,280,7,19,2.21
2022,2022,33.111.246/0001-90,TECNOSOLO ENGENHARIA S.A. - EMPRESA FALIDA,0,0,0,0.0
2022,2022,33.113.309/0001-47,VALID SOLUÇÕES S.A.,19924,60,206,96.0
2022,2022,33.130.691/0001-05,WILSON SONS S.A.,962,12,87,43.484029
2022,2022,33.200.049/0001-47,HOTEIS OTHON S.A. - EM RECUPERAÇÃO JUDICIAL,1987,40,10,13.949639
2022,2022,33.228.024/0001-51,WLM PART. E COMÉRCIO DE MÁQUINAS E VEÍCULOS S.A.,4336,25,19,15.107
2022,2022,33.256.439/0001-39,ULTRAPAR PARTICIPACOES S.A.,34995,829,1522,97.404754
2022,2022,33.352.394/0001-04,CIA ESTADUAL DE ÁGUAS E ESGOTOS - CEDAE,666,7,0,0.0004
2022,2022,33.376.989/0001-91,IRB - BRASIL RESSEGUROS S.A.,351270,1194,421,99.485
2022,2022,33.386.210/0001-19,SONDOTECNICA ENGENHARIA SOLOS S.A.,763,7,14,35.96
2022,2022,33.412.081/0001-96,REFINARIA DE PETROLEOS MANGUINHOS S.A.,6397,39,0,34.939249
2022,2022,33.453.598/0001-23,RAÍZEN S.A.,124233,701,920,12.039709
2022,2022,33.467.572/0001-34,TEKNO S.A. - INDUSTRIA E COMERCIO,473,4,7,49.997456
2022,2022,33.541.368/0001-16,AXIA ENERGIA NORDESTE S.A.,200,87,18,0.061701
2022,2022,33.572.408/0001-97,RUMO MALHA CENTRAL S.A.,0,1,0,0.0
2022,2022,33.592.510/0001-54,VALE S.A.,510874,13871,2342,98.006661
2022,2022,33.611.500/0001-19,GERDAU S.A.,173091,3569,927,63.565
2022,2022,33.679.797/0001-54,PJBANK SECURITIZADORA S.A.,0,1,0,0.0
2022,2022,33.839.910/0001-11,VIVARA PARTICIPAÇÕES S.A.,36814,42,686,42.005699
2022,2022,33.938.119/0001-69,CIA DISTRIB DE GAS DO RIO DE JANEIRO-CEG,142,11,6,0.18
2022,2022,33.958.695/0001-78,UNIPAR CARBOCLORO S.A.,38002,550,215,54.642512
2022,2022,34.169.557/0001-72,BCO MERCANTIL DE INVESTIMENTOS S.A.,2186,357,9,8.46
2022,2022,34.274.233/0001-02,VIBRA ENERGIA S/A,69596,433,1151,95.66
2022,2022,34.469.625/0001-19,COMPANHIA SECURITIZADORA DE CRÉDITOS FINANCEIROS VERT-PROVI,2,0,0,100.0
2022,2022,35.082.277/0001-95,BASE SECURITIZADORA DE CRÉDITOS IMOBILIÁRIOS S.A,0,1,0,0.0
2022,2022,35.522.178/0001-87,CIA SECURITIZADORA DE CRED. FIN. CARTÕES CONSIGNADOS II,0,2,0,0.0
2022,2022,35.522.281/0001-27,COMPANHIA SECURITIZADORA DE CRÉDITOS FINANCEIROS VERT-VIRTUS,0,2,0,0.0
2022,2022,35.593.905/0001-05,CONCESSIONÁRIA ECOVIAS DO CERRADO S.A.,0,1,0,0.0
2022,2022,35.727.157/0001-06,EZ INC INCORPORAÇÕES S.A.,4,1,0,2.08395
2022,2022,35.791.391/0001-94,QUALITY SOFTWARE S.A.,7,1,1,0.0
2022,2022,35.980.592/0001-30,ELEA DIGITAL INFRAESTRUTURA E REDES DE TELECOMUNICAÇÕES S.A.,0,1,0,100.0
2022,2022,36.146.575/0001-64,EIXO SP CONCESSIONÁRIA DE RODOVIAS S.A.,0,1,0,0.0
2022,2022,36.243.187/0001-00,TRUE COMPANHIA SECURITIZADORA DE CRÉDITOS FINANCEIROS II,0,2,0,0.0
2022,2022,36.542.025/0001-64,BRQ SOLUCOES EM INFORMATICA S.A.,18,1,0,0.0
2022,2022,36.729.398/0001-49,CIA. SEC. DE CRÉDITOS FINANCEIROS VERT-PROVI II,0,2,0,0.0
2022,2022,36.763.716/0001-98,CONCESSIONÁRIA CATARINENSE DE RODOVIAS S.A.,0,1,0,0.0
2022,2022,37.368.315/0001-04,COMPANHIA SECURITIZADORA DE CRÉDITOS FINANCEIROS - VERT 5,0,2,0,0.0
2022,2022,37.592.100/0001-64,MISSISSIPI SECURITIZADORA S/A,2,0,0,0.0
2022,2022,37.663.076/0001-07,AUREN PARTICIPAÇÕES S.A.,209292,674,312,52.681433
2022,2022,37.702.340/0001-74,AUSTRAVIAS S.A.,0,2,0,0.0
2022,2022,38.042.694/0001-00,TRAVESSIA SECURITIZADORA DE CRÉDITOS FINANCEIROS S.A.,1,1,0,0.0
2022,2022,38.199.406/0001-18,RIO ALTO ENERGIAS RENOVÁVEIS S.A.,2,0,0,0.0
2022,2022,38.307.135/0001-77,"G2D INVESTMENTS, LTD.",10992,114,54,28.570874
2022,2022,38.456.921/0001-36,INFRACOMMERCE CXAAS S.A.,4183,29,124,80.585731
2022,2022,38.482.780/0001-26,ANEMUS WIND HOLDING S.A.,1,1,0,0.0
2022,2022,38.543.489/0001-10,AMAZONE FUN PARKS S.A.,1,1,0,0.0
2022,2022,39.115.514/0001-28,RUMO MALHA OESTE S.A.,0,1,0,0.0
2022,2022,39.346.861/0350-38,CENCOSUD BRASIL COMERCIAL S.A.,0,2,0,0.0
2022,2022,39.580.673/0001-01,BRK AMBIENTAL - REGIÃO METROPOLITANA DE MACEIÓ S.A.,0,1,0,0.0
2022,2022,39.881.421/0001-04,COMPANHIA ESTADUAL DE GERAÇÃO DE ENERGIA ELÉTRICA - CEEE-G,124,213,1,1.038
2022,2022,40.159.947/0001-64,HMOBI PARTICIPAÇÕES S.A.,0,1,3,48.476
2022,2022,40.263.170/0001-83,SOLVI ESSENCIS AMBIENTAL S.A.,0,1,0,0.0
2022,2022,40.337.136/0001-06,TERRA SANTA PROPRIEDADES AGRÍCOLAS S.A.,4835,31,63,31.81
2022,2022,40.480.481/0001-02,RIO ALTO STL HOLDING I S.A.,1,1,0,0.0
2022,2022,40.593.395/0001-06,IFIN PARTICIPAÇÕES S.A.,0,1,0,0.0
2022,2022,40.760.921/0001-77,HUMAITA SECURITIZADORA S/A,2,0,0,0.0
2022,2022,40.885.785/0001-41,CIA. SECURITIZADORA DE CRED. FIN. VERT-UME,0,2,0,0.0
2022,2022,40.997.635/0001-20,TRV XLIII SECURITIZADORA DE CREDITOS MERCANTIS S.A.,1,1,0,0.0
2022,2022,41.052.420/0001-07,SOLAR BEBIDAS S.A.,15,4,0,27.4184
2022,2022,41.096.674/0001-19,CANTU STORE S.A.,1,0,1,21.2
2022,2022,41.335.131/0001-07,MOTTU I S.A,0,2,0,0.0
2022,2022,41.508.382/0001-46,RODOVIAS DO BRASIL HOLDING S.A.,0,2,0,0.0
2022,2022,41.534.746/0001-62,CERES SECURITIZADORA S/A,0,2,0,0.0
2022,2022,42.150.391/0001-70,BRASKEM S.A.,49621,3630,373,34.947
2022,2022,42.233.757/0001-75,ALVAREZ & MARSAL INVESTIMENTOS I S.A.,1,1,0,0.0
2022,2022,42.278.291/0001-24,LOG-IN LOGISTICA INTERMODAL S.A.,8285,76,150,24.53
2022,2022,42.278.473/0001-03,WIZ CO PARTICIPAÇÕES E CORRETAGEM DE SEGUROS S.A.,82579,473,99,47.07
2022,2022,42.292.007/0001-74,RIO+ SANEAMENTO BL 3 S.A.,0,1,0,0.0
2022,2022,42.310.775/0001-03,ÁGUAS DO RIO 1 SPE S.A.,0,4,0,0.0
2022,2022,42.331.462/0001-31,EMBPAR PARTICIPAÇÕES S/A,929,12,0,10.4288
2022,2022,42.353.180/0001-35,IGUÁ RIO DE JANEIRO S.A.,0,1,0,100.0
2022,2022,42.500.384/0001-51,SERENA ENERGIA S.A.,9138,84,350,54.034864
2022,2022,42.603.513/0001-37,TRUE SECURITIZADORA DE CREDITOS FINANCEIROS IV S.A.,0,2,0,0.0
2022,2022,42.644.220/0001-06,ÁGUAS DO RIO 4 SPE S.A.,0,4,0,0.0
2022,2022,42.737.954/0001-21,"INTER & CO, INC.",345512,3422,3883,49.735
2022,2022,42.771.949/0001-35,ALLIANÇA SAÚDE E PARTICIPAÇÕES S.A.,5901,42,124,35.518
2022,2022,42.937.550/0001-81,VERT-11 COMPANHIA SECURITIZADORA DE CRÉDITOS FINANCEIROS,0,2,0,0.0
2022,2022,42.938.083/0001-04,VERT-9 COMPANHIA SECURITIZADORA DE CRÉDITOS FINANCEIROS,0,2,0,0.0
2022,2022,42.945.876/0001-50,VERT-10 COMPANHIA SECURITIZADORA DE CRÉDITOS FINANCEIROS,0,2,0,0.0
2022,2022,43.185.362/0001-07,IGB ELETRONICA S.A - EM RECUPERACAO JUDICIAL,1834,19,0,100.0
2022,2022,43.283.811/0001-50,KALUNGA S.A,2,0,0,0.0
2022,2022,43.335.774/0001-86,TRAVESSIA SECURITIZADORA DE CRÉDITOS MERCANTIS VI S.A.,1,1,0,0.0
2022,2022,43.470.988/0001-65,EVEN CONSTRUTORA E INCORPORADORA S.A.,21117,101,241,93.81808
2022,2022,43.776.517/0001-80,CIA SANEAMENTO BASICO EST SAO PAULO,33968,1477,212,49.74369
2022,2022,43.948.405/0001-69,LUPO S.A.,64,4,0,0.0
2022,2022,44.067.725/0001-72,VIA BRASIL BR 163 CONCESSIONÁRIA DE RODOVIAS S.A.,0,1,0,0.0
2022,2022,44.841.035/0001-29,SAP SECURITIZADORA DE CRÉDITOS FINANCEIROS S.A.,0,1,0,0.0
2022,2022,45.242.914/0001-05,C&A MODAS S.A.,37078,209,311,34.179277
2022,2022,45.365.558/0001-09,VITTIA S.A.,3228,183,169,35.647771
2022,2022,45.453.214/0001-51,PROFARMA DISTRIB PROD FARMACEUTICOS S.A.,11738,66,61,70.671042
2022,2022,45.987.245/0001-92,BIOMA EDUCAÇÃO S.A.,1059,43,34,28.81992
2022,2022,46.119.855/0001-37,SOCIEDADE ABASTECIMENTO DE ÁGUA E SANEAMENTO S.A - SANASA,11,4,0,0.0
2022,2022,47.508.411/0001-56,CIA BRASILEIRA DE DISTRIBUICAO,67448,569,891,58.596
2022,2022,47.509.120/0001-82,BRADESCO LEASING S.A. ARREND MERCANTIL,0,1,0,0.0
2022,2022,47.586.663/0001-01,NOVA SOCIEDADE DE NAVEGAÇÃO S.A.,0,2,0,0.0
2022,2022,47.960.950/0001-21,MAGAZINE LUIZA S.A.,579661,2405,924,42.587
2022,2022,49.263.189/0001-02,HELBOR EMPREENDIMENTOS S.A.,33480,212,51,49.006315
2022,2022,49.669.856/0001-43,VESTE S.A. ESTILO,11120,118,0,96.73506
2022,2022,50.564.053/0001-03,BOMBRIL S.A. - EM RECUPERAÇÃO JUDICIAL,8295,38,26,27.255392
2022,2022,50.746.577/0001-15,COSAN S.A.,86507,680,1410,62.487693
2022,2022,50.926.955/0001-42,VULCABRAS S.A.,12551,62,280,29.830966
2022,2022,51.128.999/0001-90,NUTRIPLANT INDUSTRIA E COMERCIO S.A.,428,8,1,24.564344
2022,2022,51.218.147/0001-93,IGUATEMI EMPRESA DE SHOPPING CENTERS S.A,0,1,0,0.0
2022,2022,51.466.860/0001-56,SAO MARTINHO S.A.,12134,124,536,40.350434
2022,2022,51.928.174/0001-50,PLASCAR PARTICIPACOES INDUSTRIAIS S.A.,1224,21,0,40.0
2022,2022,52.123.916/0001-32,DORI ALIMENTOS S.A.,6,1,0,0.0
2022,2022,52.548.435/0001-79,JSL S.A.,7767,69,148,22.06
2022,2022,53.113.791/0001-22,TOTVS S.A.,46526,331,1405,83.30142
2022,2022,56.444.250/0001-75,HAUSCENTER SA,3,1,0,100.0
2022,2022,56.643.018/0001-66,EUCATEX S.A. INDUSTRIA E COMERCIO,8597,35,150,74.79
2022,2022,56.720.428/0001-63,ROMI S.A.,39408,98,300,50.8
2022,2022,56.992.423/0001-90,BICICLETAS MONARK S.A.,461,22,1,22.0
2022,2022,58.119.199/0001-51,BRADSAÚDE S.A.,51015,242,279,46.86
2022,2022,58.430.828/0001-60,BLAU FARMACÊUTICA S.A.,9122,54,265,16.632219
2022,2022,59.105.999/0001-86,WHIRLPOOL S.A.,2896700,94,12,100.0
2022,2022,59.285.411/0001-13,BCO PAN S.A.,89517,997,200,26.14569
2022,2022,59.418.806/0001-47,TRACK & FIELD CO S.A.,9708,145,133,5.656001
2022,2022,59.717.553/0001-02,GRUPO MULTILASER S.A.,21294,182,245,54.891
2022,2022,59.789.545/0001-71,POLPAR S.A.,10,2,0,0.0
2022,2022,59.981.829/0001-65,RODOBENS SA,8,1,0,0.0
2022,2022,60.398.369/0004-79,PARANAPANEMA S.A. - EM RECUPERAÇÃO JUDICIAL,17368,211,28,99.9965
2022,2022,60.444.437/0001-46,LIGHT SERVICOS DE ELETRICIDADE S.A.,0,1,0,0.0
2022,2022,60.476.884/0001-87,MAHLE METAL LEVE S.A.,66061,291,145,30.0
2022,2022,60.500.139/0001-26,SARAIVA LIVREIROS S.A. - EM RECUPERAÇÃO JUDICIAL,13825,32,24,69.5699
2022,2022,60.537.263/0001-66,"ALLPARK EMPREENDIMENTOS, PARTICIPAÇÕES E SERVIÇOS S.A.",4979,38,51,41.172202
2022,2022,60.543.816/0001-93,IGUATEMI S.A.,56072,1375,49,55.61
2022,2022,60.637.238/0001-54,BLUE TECH SOLUTIONS EQI S.A.,6643,55,12,100.0
2022,2022,60.651.809/0001-05,SUZANO HOLDING S.A.,23,2,0,0.0
2022,2022,60.665.981/0001-18,UNIÃO QUÍMICA FARMACÊUTICA NACIONAL S.A.,2,2,0,0.0
2022,2022,60.730.348/0001-66,CIA MELHORAMENTOS DE SAO PAULO,254,22,3,11.8
2022,2022,60.746.948/0001-12,BCO BRADESCO S.A.,798152,35088,1223,62.366
2022,2022,60.770.336/0001-65,BCO ALFA DE INVESTIMENTO S.A.,17362,2548,11,22.523478
2022,2022,60.840.055/0001-31,FLEURY S.A.,201462,237,874,60.357432
2022,2022,60.851.615/0001-53,BARDELLA S.A. INDUSTRIAS MECANICAS EM RECUPERAÇÃO JUDICIAL,1157,18,15,76.88
2022,2022,60.872.504/0001-23,ITAU UNIBANCO HOLDING S.A.,464049,12903,1422,52.891
2022,2022,60.884.319/0001-59,NORDON INDUSTRIAS METALURGICAS S.A.,333,10,0,1.0741
2022,2022,60.894.730/0001-05,USINAS SID DE MINAS GERAIS S.A.-USIMINAS,131065,1604,421,53.96
2022,2022,60.933.603/0001-78,CESP - CIA ENERGETICA DE SAO PAULO,0,1,0,0.0
2022,2022,61.022.042/0001-18,CONSTRUTORA ADOLPHO LINDENBERG S.A.,332,5,0,12.18
2022,2022,61.065.298/0001-02,MANGELS INDUSTRIAL S.A.,1311,17,9,49.03
2022,2022,61.065.751/0001-80,ROSSI RESIDENCIAL S.A. - EM RECUPERAÇÃO JUDICIAL,4411,74,45,94.94301
2022,2022,61.079.117/0001-05,ALPARGATAS S.A.,17862,1082,175,31.692978
2022,2022,61.080.313/0001-91,COBRASMA S.A.,2539,36,0,77.635221
2022,2022,61.082.004/0001-50,MANUFATURA DE BRINQUEDOS ESTRELA S.A.,1116,30,0,68.423703
2022,2022,61.088.894/0001-08,CAMBUCI S.A.,5397,41,16,100.0
2022,2022,61.092.037/0001-81,ETERNIT S.A.,26402,197,149,98.6
2022,2022,61.156.113/0001-75,IOCHPE MAXION S.A.,46885,378,458,85.393729
2022,2022,61.156.931/0001-78,ALIPERTI S.A.,4,1,0,49.29
2022,2022,61.186.680/0001-74,BANCO BMG S/A,61255,278,39,17.732
2022,2022,61.189.288/0001-89,MARISA LOJAS S.A.,63094,269,311,45.658351
2022,2022,61.190.096/0001-92,EUROFARMA LABORATÓRIOS S.A.,1,1,0,0.0
2022,2022,61.351.532/0001-68,AZEVEDO E TRAVASSOS S.A.,12189,129,43,77.518
2022,2022,61.374.161/0001-30,BAUMER S.A.,1085,17,0,34.88
2022,2022,61.409.892/0001-73,COMPANHIA BRASILEIRA DE ALUMÍNIO,15048,249,606,32.11
2022,2022,61.486.650/0001-83,DIAGNOSTICOS DA AMERICA S.A.,5719,6,291,12.816
2022,2022,61.532.644/0001-15,ITAÚSA S.A.,936740,4044,0,66.537708
2022,2022,61.584.140/0001-49,REDE ENERGIA PARTICIPAÇÕES S.A.,8029,682,5,0.25
2022,2022,61.585.865/0001-51,RAIA DROGASIL S.A.,53806,204,1651,73.477663
2022,2022,61.695.227/0001-93,ELETROPAULO METROP. ELET. SAO PAULO S.A.,0,1,0,0.0
2022,2022,61.856.571/0001-17,CIA GAS DE SAO PAULO - COMGAS,5976,104,14,0.86
2022,2022,62.002.886/0001-60,SAO PAULO TURISMO S.A.,2795,875,0,3.250626
2022,2022,62.070.362/0001-06,COMPANHIA DO METROPOLITANO DE SÃO PAULO - METRÔ,0,3,0,100.0
2022,2022,62.144.175/0001-20,BCO PINE S.A,15577,57,19,33.525842
2022,2022,62.232.889/0001-90,BCO DAYCOVAL S.A.,5,0,0,0.0
2022,2022,62.258.884/0001-36,INTERCEMENT BRASIL S.A. - EM RECUPERAÇÃO JUDICIAL,0,2,0,0.0
2022,2022,62.307.848/0001-15,BANCO RCI BRASIL S.A.,0,2,0,0.0
2022,2022,62.984.091/0001-02,CRUZEIRO DO SUL EDUCACIONAL S.A.,3680,131,16,12.31
2022,2022,64.904.295/0001-03,CAMIL ALIMENTOS S.A.,41353,122,117,30.377638
2022,2022,65.654.303/0001-73,DIBENS LEASING S.A. - ARREND.MERCANTIL,0,2,0,0.0
2022,2022,67.010.660/0001-24,RNI NEGÓCIOS IMOBILIÁRIOS S.A.,940,52,21,32.096255
2022,2022,67.571.414/0001-41,VIVER INCORPORADORA E CONSTRUTORA S.A.,37077,86,17,67.304516
2022,2022,67.620.377/0001-14,MINERVA S.A.,63689,325,649,42.87
2022,2022,68.400.225/0001-79,CLARANET TECHNOLOGY S.A.,3,3,2,4.681
2022,2022,71.208.516/0001-74,ALGAR TELECOM S/A,530,282,0,27.959123
2022,2022,71.476.527/0001-35,CONSTRUTORA TENDA S.A.,23821,455,0,91.689
2022,2022,71.673.990/0001-77,NATURA COSMÉTICOS S.A.,0,1,0,0.0
2022,2022,73.178.600/0001-18,CYRELA BRAZIL REALTY S.A.EMPREEND E PART,110085,1778,683,68.579675
2022,2022,73.903.718/0001-61,SNB PARTICIPACOES SA,1,1,0,0.0
2022,2022,75.315.333/0001-09,ATACADÃO S.A.,15516,365,743,25.142
2022,2022,75.609.123/0001-23,UNIDAS LOCAÇÕES E SERVIÇOS S.A.,0,1,1,0.0
2022,2022,76.483.817/0001-20,CIA PARANAENSE DE ENERGIA - COPEL,262684,950,1075,68.928584
2022,2022,76.484.013/0001-45,CIA SANEAMENTO DO PARANA - SANEPAR,425406,1411,434,79.9727
2022,2022,76.535.764/0001-43,OI S.A. - EM RECUPERAÇÃO JUDICIAL,1354834,213002,1001,90.197227
2022,2022,76.627.504/0001-06,INEPAR S.A. INDUSTRIA E CONSTRUCOES EM RECUPERACAO JUDICIAL,0,0,0,84.63
2022,2022,79.430.682/0001-22,FARMÁCIA E DROGARIA NISSEI S.A.,3,0,0,0.0
2022,2022,80.227.184/0001-66,METALGRAFICA IGUACU S.A.,0,1,0,0.0
2022,2022,80.680.093/0001-81,SENIOR SISTEMAS S.A.,60,21,0,5.022
2022,2022,81.243.735/0001-48,POSITIVO TECNOLOGIA S.A.,33719,110,226,51.9
2022,2022,82.120.676/0001-83,ALMEIDA JUNIOR SHOPPING CENTERS S.A.,1,1,0,0.0
2022,2022,82.508.433/0001-17,CIA CATARINENSE DE AGUAS E SANEAM.-CASAN,80,20,0,0.01
2022,2022,82.636.986/0001-55,TEKA-TECELAGEM KUEHNRICH S.A. - EM RECUPERAÇÃO JUDICIAL,0,0,0,100.0
2022,2022,82.640.558/0001-04,KARSTEN S.A.,1037,194,43,12.9
2022,2022,82.643.537/0001-34,ELECTRO ACO ALTONA S.A.,6047,12,41,100.0
2022,2022,82.901.000/0001-27,INTELBRAS S.A. IND. DE TELECOMUNICAÇÃO ELETRÔNICA BRASILEIRA,28489,137,349,34.973146
2022,2022,82.981.929/0001-03,CIA INDUSTRIAL SCHLOSSER S.A.,741,17,8,30.27
2022,2022,82.982.075/0001-80,TEXTIL RENAUXVIEW S.A.,1378,34,1,100.0
2022,2022,83.475.913/0001-91,PBG S/A,24384,237,69,38.69
2022,2022,83.878.892/0001-55,CENTRAIS ELET DE SANTA CATARINA S.A.,8114,522,116,75.46
2022,2022,84.429.695/0001-11,WEG S.A.,386659,1327,1914,35.284898
2022,2022,84.683.374/0001-49,TUPY S.A.,37551,465,185,46.850233
2022,2022,84.683.408/0001-03,DOHLER S.A.,3049,43,0,12.770565
2022,2022,84.683.671/0001-94,WETZEL S.A.,1563,21,9,49.961006
2022,2022,84.684.455/0001-63,TIGRE S.A. PARTICIPAÇÕES,12,1,1,0.0
2022,2022,84.693.183/0001-68,SCHULZ S.A.,26956,103,117,56.594515
2022,2022,85.041.333/0001-11,PORTO PONTA DO FELIX S/A,0,4,0,100.0
2022,2022,85.778.074/0001-06,METALURGICA RIOSULENSE S.A.,476,18,3,0.0
2022,2022,86.375.425/0001-09,METISA METALURGICA TIMBOENSE S.A.,13,2,3,37.77
2022,2022,86.550.951/0001-50,POMIFRUTAS S/A EM RECUPERACAO JUDICIAL,2095,16,0,37.0
2022,2022,87.456.562/0001-22,JOSAPAR-JOAQUIM OLIVEIRA S.A. - PARTICIP,272,15,6,21.184
2022,2022,87.762.563/0001-03,CIA HABITASUL DE PARTICIPACOES,2,1,0,41.897735
2022,2022,87.870.952/0001-44,BORRACHAS VIPAL S.A.,1,1,0,0.0
2022,2022,88.610.126/0001-29,FRASLE MOBILITY S.A.,9127,41,89,33.081
2022,2022,88.610.191/0001-54,MUNDIAL S.A. - PRODUTOS DE CONSUMO,3103,140,16,67.224041
2022,2022,88.611.835/0001-29,MARCOPOLO S.A.,80284,478,170,76.23
2022,2022,88.613.658/0001-10,PETTENATI S.A. INDUSTRIA TEXTIL,4373,66,0,66.516787
2022,2022,89.086.144/0001-16,RANDONCORP S.A.,39084,348,590,60.44
2022,2022,89.096.457/0001-55,SLC AGRICOLA S.A.,47650,308,812,43.617327
2022,2022,89.463.822/0001-12,LUPATECH S.A,10501,90,31,80.8794
2022,2022,89.637.490/0001-45,KLABIN S.A.,252129,2330,98,63.48
2022,2022,89.723.993/0001-33,CONSTRUTORA SULTEPA S.A. - EM RECUPERAÇÃO JUDICIAL,397,7,12,47.580715
2022,2022,89.850.341/0001-60,GRENDENE S.A.,85091,259,275,29.72
2022,2022,90.076.886/0001-40,MINUPAR PARTICIPACOES S.A.,3052,47,3,42.32015
2022,2022,90.400.888/0001-42,BCO SANTANDER (BRASIL) S.A.,230961,16492,1075,9.86
2022,2022,90.441.460/0001-48,UNICASA INDÚSTRIA DE MÓVEIS S.A.,7335,56,10,43.138155
2022,2022,91.333.666/0001-17,RECRUSUL S.A.,17013,30,13,63.677075
2022,2022,91.669.747/0001-92,"DM FINANCEIRA S.A. - CRÉDITO, FINANCIAMENTO E INVESTIMENTO",287,21,0,16.37
2022,2022,91.983.056/0001-69,KEPLER WEBER S.A.,33747,341,109,99.369617
2022,2022,92.012.467/0001-70,GRAZZIOTIN S.A.,7370,27,69,57.1168
2022,2022,92.660.570/0001-26,TREVISA INVESTIMENTOS S.A.,206,6,11,30.352
2022,2022,92.665.611/0001-77,DIMED S.A. DISTRIBUIDORA DE MEDICAMENTOS,45299,468,42,47.4108
2022,2022,92.690.783/0001-09,METALURGICA GERDAU S.A.,118704,529,679,69.731
2022,2022,92.693.019/0001-89,PANATLANTICA S.A.,650,92,8,4.573212
2022,2022,92.702.067/0001-96,BANCO DO ESTADO DO RIO GRANDE DO SUL SA,162156,4732,648,50.61
2022,2022,92.715.812/0001-31,CPFL TRANSMISSÃO S.A.,0,1,1,0.0
2022,2022,92.721.232/0001-57,BANRISUL ARMAZENS GERAIS SA,224,46,1,0.0
2022,2022,92.749.225/0001-63,HERCULES S.A. FABRICA DE TALHERES,884,34,1,47.7942
2022,2022,92.754.738/0001-62,LOJAS RENNER S.A.,144049,996,1791,98.7
2022,2022,92.781.335/0001-02,TAURUS ARMAS S.A.,83306,582,8,60.392788
2022,2022,92.791.243/0001-03,IRANI PAPEL E EMBALAGEM S.A.,39000,416,2,41.435033
2022,2022,92.802.784/0001-90,CIA RIOGRANDENSE DE SANEAMENTO,0,9,0,0.0
2022,2022,92.934.215/0001-06,BANRISUL SOLUÇÕES EM PAGAMENTOS S.A. - INSTITUIÇÃO DE PAGAME,0,2,0,0.0
2022,2022,93.828.986/0001-73,CEMEPE INVESTIMENTOS S.A.,577,29,0,100.0
2022,2022,94.813.102/0001-70,TRÊS TENTOS AGROINDUSTRIAL S/A,15910,574,501,22.833
2022,2022,95.426.862/0001-97,EXCELSIOR ALIMENTOS S.A.,268,8,4,28.889
2022,2022,96.298.013/0001-68,PACAEMBU CONSTRUTORA S.A.,41,0,0,0.214
2022,2022,96.418.264/0218-02,LOJAS QUERO QUERO S.A.,24503,176,174,95.525213
2022,2022,97.191.902/0001-94,CONSERVAS ODERICH S.A.,429,10,0,7.15
2022,2022,97.837.181/0001-47,DEXCO S.A.,23717,727,308,36.932501
2023,2023,00.000.000/0001-91,BCO BRASIL S.A.,1143917,14856,1266,49.596
2023,2023,00.000.208/0001-00,BRB BANCO DE BRASILIA S.A.,2843,33,0,11.556
2023,2023,00.001.180/0001-26,AXIA ENERGIA S.A.,144406,10701,677,97.354
2023,2023,00.070.698/0001-11,COMPANHIA ENERGÉTICA DE BRASÍLIA - CEB,8661,78,18,19.851
2023,2023,00.080.671/0001-00,CARAMURU ALIMENTOS S.A.,7,4,0,10.0
2023,2023,00.192.769/0001-59,NEUMARKT TRADE AND FINANCIAL CENTER S/A,0,1,0,0.0
2023,2023,00.194.724/0001-13,AUREN OPERAÇÕES S.A.,0,1,0,0.0
2023,2023,00.242.184/0001-04,"ARMAC LOCAÇÃO, LOGÍSTICA E SERVIÇOS S.A.",1996,24,180,49.535
2023,2023,00.272.185/0001-93,CIMS S.A.,0,2,0,0.0
2023,2023,00.336.701/0001-04,TELEC BRASILEIRAS S.A. TELEBRAS,6791,1537,29,3.602
2023,2023,00.359.742/0001-08,FASA S.A. - EM RECUPERAÇÃO JUDICIAL,5316,27,0,22.855
2023,2023,00.383.281/0001-09,BNDES PARTICIPACOES S.A. - BNDESPAR,0,1,0,0.0
2023,2023,00.389.481/0001-79,LM TRANSPORTES INTERESTADUAIS SERVIÇOS E COMÉRCIO S.A.,2,1,0,100.0
2023,2023,00.622.416/0001-41,STATKRAFT ENERGIAS RENOVAVEIS S.A.,0,1,0,0.0
2023,2023,00.644.907/0001-93,INVESTCO S.A.,30,15,0,37.613
2023,2023,00.743.065/0001-27,LITEL PARTICIPACOES S.A.,0,3,1,19.378
2023,2023,00.776.574/0001-56,AMERICANAS S.A. - EM RECUPERAÇÃO JUDICIAL,213966,934,111,69.88
2023,2023,00.864.214/0001-06,ENERGISA S.A.,45292,860,1247,71.31
2023,2023,00.873.894/0001-24,LETS RENT A CAR S/A,0,1,0,0.0
2023,2023,00.897.864/0001-58,SANTA CATARINA PART INVEST SA,0,2,0,100.0
2023,2023,00.924.429/0001-75,FERROVIA CENTRO-ATLANTICA S.A.,1,5,1,0.0
2023,2023,00.938.574/0001-05,CONC RIO-TERESOPOLIS S.A.,0,7,1,0.0
2023,2023,00.974.211/0001-25,LINHA AMARELA S.A. - LAMSA,0,1,0,0.0
2023,2023,00.979.969/0001-56,CAIXA ADM DIV PUB ESTADUAL SA,4,1,0,0.0
2023,2023,01.027.058/0001-91,CIELO S.A. -  INSTITUIÇÃO DE PAGAMENTO,135527,1170,402,40.322
2023,2023,01.083.200/0001-18,NEOENERGIA S.A.,65483,285,597,16.068
2023,2023,01.104.937/0001-70,ELETROBRÁS PARTICIPAÇÕES S.A. - ELETROPAR,28233,313,0,2.394
2023,2023,01.107.327/0001-20,BBM LOGÍSTICA S.A.,2,0,1,0.0
2023,2023,01.258.944/0001-26,RUMO MALHA SUL S.A.,0,1,0,0.0
2023,2023,01.319.044/0001-41,WTC AMAZONAS SUITE HOTEL S.A.,2,0,0,100.0
2023,2023,01.417.222/0001-77,MRS LOGISTICA S.A.,529,15,1,1.254
2023,2023,01.543.032/0001-04,EQUATORIAL GOIÁS DISTRIBUIDORA DE ENERGIA S.A.,20,1,1,0.036
2023,2023,01.545.826/0001-07,GAFISA S.A.,33260,298,3,99.825
2023,2023,01.548.981/0001-79,INVESTIMENTOS BEMGE S.A.,1264,124,4,1.801
2023,2023,01.599.101/0001-93,SEQUOIA LOGÍSTICA E TRANSPORTES S.A.,21814,337,127,96.646
2023,2023,01.616.929/0001-02,SANEAMENTO DE GOIAS SA,1,60,2,0.0
2023,2023,01.637.895/0001-32,VOTORANTIM CIMENTOS S.A.,0,2,0,0.0
2023,2023,01.838.723/0001-27,BRF S.A.,82852,1782,1486,49.642
2023,2023,01.851.771/0001-55,524 PARTICIPACOES S.A.,0,1,1,0.0
2023,2023,01.896.779/0001-38,CSU DIGITAL S.A.,19493,85,110,44.32
2023,2023,01.917.818/0001-36,LIGHT ENERGIA S.A.,0,1,0,0.0
2023,2023,01.938.783/0001-11,CIA PARTICIPACOES ALIANCA DA BAHIA,1627,40,3,49.579
2023,2023,01.957.772/0001-89,SUL 116 PARTICIPAÇÕES S.A. - EM LIQUIDAÇÃO,0,4,1,0.0
2023,2023,01.968.293/0001-68,ELETRORIVER S.A.,7,1,0,28.697
2023,2023,01.989.044/0001-59,WTC RIO EMPREEND. E PARTICIPAÇÕES S.A.,2,0,0,100.0
2023,2023,02.016.440/0001-62,RGE SUL DISTRIBUIDORA DE ENERGIA S.A.,0,1,0,0.0
2023,2023,02.031.413/0001-69,PETRO RIO JAGUAR PETRÓLEO S.A.,0,1,0,0.0
2023,2023,02.041.460/0001-93,V. TAL - REDE NEUTRA DE TELECOMUNICAÇÕES S.A.,0,1,3,0.0
2023,2023,02.062.747/0001-08,SUDESTE S.A.,0,1,1,0.0
2023,2023,02.149.205/0001-69,PORTO SEGURO S.A.,126938,448,695,28.075
2023,2023,02.162.616/0001-94,UPTICK PARTICIPACOES S.A. - EM LIQUIDAÇÃO,1,1,0,0.0
2023,2023,02.193.750/0001-52,DEXXOS PARTICIPAÇÕES S.A.,8805,501,59,99.611
2023,2023,02.201.787/0001-85,CEL PARTICIPAÇÕES S.A. - CELPAR,4,4,0,100.0
2023,2023,02.217.319/0001-07,YBYRÁ CAPITAL S.A.,2,2,0,35.002
2023,2023,02.255.187/0001-08,UNIFIQUE TELECOMUNICAÇÕES S.A.,14306,110,112,24.958
2023,2023,02.258.422/0001-97,INEPAR EQUIPAMENTOS E MONTAGENS S/A - EM RECUPERACAO JUDICIA,0,1,0,0.0
2023,2023,02.281.836/0001-37,TRANSNORDESTINA LOGISTICA SA,0,7,0,100.0
2023,2023,02.286.479/0001-08,LOCALIZA FLEET S.A.,0,1,0,0.0
2023,2023,02.291.077/0001-93,PRODUTORES ENERGET.DE MANSO S.A.- PROMAN,0,1,5,45.0
2023,2023,02.302.100/0001-06,EDP SÃO PAULO DISTRIBUIÇÃO DE ENERGIA S.A.,0,1,0,0.0
2023,2023,02.302.101/0001-42,EMAE - EMPRESA METROP. DE AGUAS E ENERGIA S.A.,19253,1696,62,60.061
2023,2023,02.328.280/0001-97,ELEKTRO REDES S.A.,1702,15,8,0.322
2023,2023,02.338.534/0001-58,LONGDIS S.A.,3,3,0,0.495
2023,2023,02.351.144/0001-18,TEGMA GESTAO LOGISTICA S.A.,11823,72,221,48.485
2023,2023,02.351.877/0001-52,LWSA S/A,47968,1062,1062,71.829
2023,2023,02.357.251/0001-53,LIFEMED INDUSTRIAL DE EQUIP. E ART. MEDICOS E HOSP. S.A,0,4,0,0.0
2023,2023,02.365.069/0001-44,PADTEC HOLDING S.A.,5340,38,20,44.308
2023,2023,02.382.073/0001-10,PROLAGOS S/A - CONC.DE SERVICOS PÚBLICOS DE ÁGUA E ESGOTO,0,2,0,0.0
2023,2023,02.387.241/0001-60,RUMO S.A.,54144,483,1158,65.684
2023,2023,02.397.080/0001-96,ITAPEBI GERACAO DE ENERGIA S.A.,0,1,0,0.0
2023,2023,02.415.408/0001-50,CONC ROD.OESTE SP VIAOESTE S.A,0,1,0,0.0
2023,2023,02.421.421/0001-11,TIM S.A.,1267478,224697,88,33.378
2023,2023,02.429.144/0001-93,CPFL ENERGIA S.A.,60109,4762,1166,16.293
2023,2023,02.451.848/0001-62,CONC SIST ANHANG-BANDEIRANT S.A. AUTOBAN,0,1,0,0.0
2023,2023,02.474.103/0001-19,ENGIE BRASIL ENERGIA S.A.,277890,8191,1153,31.282
2023,2023,02.502.844/0001-66,RUMO MALHA PAULISTA S.A.,0,1,0,0.0
2023,2023,02.509.186/0001-34,TRIÂNGULO DO SOL AUTO-ESTRADAS S.A.,0,1,0,100.0
2023,2023,02.509.491/0001-26,CONC ECOVIAS IMIGRANTES S.A.,0,1,0,0.0
2023,2023,02.558.157/0001-62,TELEFÔNICA BRASIL S.A,1518183,246594,3173,24.709
2023,2023,02.560.878/0001-07,HOSPITAL ANCHIETA S.A.,0,1,0,0.0
2023,2023,02.591.787/0001-39,CAPITALPART PARTICIPACOES S.A.,15,1,0,0.108
2023,2023,02.600.854/0001-34,TIM BRASIL SERVIÇOS E PARTICIPAÇÕES S.A.,0,2,0,0.0
2023,2023,02.635.522/0001-95,JALLES MACHADO S.A.,16612,153,217,32.9
2023,2023,02.664.042/0001-52,TERMINAL GARAGEM MENEZES CORTES S.A.,1,2,0,0.0
2023,2023,02.682.287/0001-02,"PAN FINANCEIRA S.A. - CRÉDITO, FINANCIAMENTO E INVESTIMENTO",0,2,0,100.0
2023,2023,02.724.983/0001-34,SANESALTO SANEAMENTO S.A.,0,1,0,0.0
2023,2023,02.762.113/0001-50,BRAZILIAN FINANCE E REAL ESTATE S.A.,0,1,0,0.0
2023,2023,02.762.121/0001-04,SANTOS BRASIL PARTICIPACOES S.A.,45641,207,522,99.039
2023,2023,02.762.124/0001-30,BETAPART PARTICIPACOES S.A.,4,0,0,0.0
2023,2023,02.783.423/0001-50,ALTERE SECURITIZADORA S.A.,2,0,0,100.0
2023,2023,02.796.775/0001-40,GAMA PARTICIPACOES S.A.,0,2,1,0.0
2023,2023,02.800.026/0001-40,COGNA EDUCAÇÃO S.A.,224834,859,571,99.779
2023,2023,02.846.056/0001-97,MOTIVA INFRAESTRUTURA DE MOBILIDADE S.A.,37292,175,1260,49.274
2023,2023,02.860.694/0001-62,T4F ENTRETENIMENTO S.A.,14555,121,1,48.686
2023,2023,02.916.265/0001-60,JBS S.A.,107100,784,1673,51.169
2023,2023,02.919.555/0001-67,ARTERIS S.A.,0,4,0,0.0
2023,2023,02.932.074/0001-91,HYPERA S.A.,41115,643,773,64.619
2023,2023,02.950.811/0001-89,PDG REALTY S.A. EMPREEND E PARTICIPACOES,12660,183,28,99.986
2023,2023,02.992.449/0001-09,PROMPT PARTICIPACOES S.A.,0,1,2,0.0
2023,2023,02.998.301/0001-81,RIO PARANAPANEMA ENERGIA S.A.,10242,54,191,3.809
2023,2023,02.998.611/0001-04,ISA ENERGIA BRASIL,339633,3016,246,64.182
2023,2023,03.014.553/0001-91,TPI - TRIUNFO PARTICIP. E INVEST. S.A.,11299,57,26,42.119
2023,2023,03.025.305/0001-46,RODOVIAS DAS COLINAS S.A.,0,1,0,12.167
2023,2023,03.207.703/0001-83,CONCESSIONARIA DE RODOVIAS DO INTERIOR PAULISTA S/A,0,2,0,0.0
2023,2023,03.220.438/0001-73,EQUATORIAL S.A.,63146,2460,0,99.215
2023,2023,03.279.285/0001-30,ORIZON MEIO AMBIENTE S.A.,0,1,0,0.0
2023,2023,03.303.999/0001-36,DTCOM - DIRECT TO COMPANY S.A.,579,6,0,2.026
2023,2023,03.342.704/0001-30,PETRORECÔNCAVO S.A.,29321,551,22,93.949
2023,2023,03.378.521/0001-75,LIGHT S.A. - EM RECUPERAÇÃO JUDICIAL,18995,156,148,99.807
2023,2023,03.467.321/0001-99,ENERGISA MATO GROSSO-DISTRIBUIDORA DE ENERGIA S/A,248,63,9,2.488
2023,2023,03.494.776/0001-01,AMMO VAREJO S.A.,0,1,0,0.0
2023,2023,03.538.833/0001-07,XX DE NOVEMBRO INVESTIMENTOS E PARTICIPAÇÕES S.A.,1,0,1,0.0
2023,2023,03.758.318/0001-24,INVESTIMENTOS E PARTICIP. EM INFRA S.A. - INVEPAR,0,1,3,100.0
2023,2023,03.767.538/0001-14,BRAZILIAN SECURITIES CIA SECURITIZACAO,0,1,0,0.0
2023,2023,03.795.050/0001-09,TERMOPERNAMBUCO S.A.,0,1,0,0.0
2023,2023,03.802.115/0001-98,CLEAR SALE S.A.,6373,57,129,29.591
2023,2023,03.818.379/0001-30,SABER SERVIÇOS EDUCACIONAIS S.A.,0,2,0,0.0
2023,2023,03.820.456/0001-96,BSB ENERGÉTICA S.A.,0,2,0,9.0
2023,2023,03.847.461/0001-92,BRADESPAR S.A.,192538,10726,399,71.563
2023,2023,03.853.896/0001-40,MARFRIG GLOBAL FOODS S.A.,121341,974,1275,35.601
2023,2023,03.953.509/0001-47,CPFL GERACAO DE ENERGIA S.A.,0,1,0,0.0
2023,2023,03.983.431/0001-03,EDP - ENERGIAS DO BRASIL S.A.,232178,591,732,41.376
2023,2023,04.030.182/0001-02,CABINDA PARTICIPACOES S.A.,1,1,0,0.0
2023,2023,04.031.213/0001-31,CACONDE PARTICIPACOES S.A.,1,1,0,0.0
2023,2023,04.032.433/0001-80,CONTAX PARTICIPAÇÕES S.A. - EM RECUPERAÇÃO JUDICIAL,3976,38,12,37.012
2023,2023,04.038.763/0001-82,CAIANDA PARTICIPACOES S.A.,1,1,0,0.0
2023,2023,04.065.053/0001-41,BRZ EMPREENDIMENTOS E CONSTRUÇÕES S.A.,1,1,0,0.0
2023,2023,04.065.791/0001-99,SINQIA S.A.,0,1,0,0.0
2023,2023,04.069.709/0001-02,BIONEXO S.A.,1,1,3,64.404
2023,2023,04.089.570/0001-50,ÁGUAS GUARIROBA S.A,0,2,0,0.0
2023,2023,04.149.454/0001-80,ECORODOVIAS INFRAESTRUTURA E LOGÍSTICA S.A.,29413,332,236,47.97
2023,2023,04.172.213/0001-51,CIA PIRATININGA DE FORCA E LUZ,0,1,0,0.0
2023,2023,04.200.649/0001-07,COMPANHIA PROVINCIA DE SECURITIZACAO,1,1,0,100.0
2023,2023,04.212.396/0001-91,VOKE S.A.,0,1,0,0.0
2023,2023,04.233.319/0001-18,NCF PARTICIPAÇÕES S/A,0,3,0,0.0
2023,2023,04.368.865/0001-66,LIGGA TELECOMUNICAÇÕES S.A.,1,1,0,0.0
2023,2023,04.368.898/0001-06,COPEL DISTRIBUIÇÃO S.A.,0,1,0,0.0
2023,2023,04.370.282/0001-70,COPEL GERAÇÃO E TRANSMISSÃO S.A.,0,1,0,0.0
2023,2023,04.423.567/0001-21,ENEVA S.A,34635,95,982,99.68
2023,2023,04.437.534/0001-30,LOCAMÉRICA RENT-A-CAR S.A.,0,1,0,0.0
2023,2023,04.739.720/0001-24,USINA TERMELÉTRICA PAMPA SUL S.A.,0,2,0,0.0
2023,2023,04.752.991/0001-10,BIOMM S.A.,2053,118,0,66.707
2023,2023,04.821.041/0001-08,METALFRIO SOLUTIONS S.A.,330,17,0,64.391
2023,2023,04.895.728/0001-80,EQUATORIAL PARÁ DISTRIBUIDORA DE ENERGIA S.A.,3543,220,0,2.033
2023,2023,04.902.979/0001-44,BCO AMAZONIA S.A.,14964,539,3,2.989
2023,2023,04.912.242/0001-02,PORTUENSE FERRAGENS S/A,218,1,0,0.29
2023,2023,04.913.711/0001-08,BCO ESTADO DO PARA S.A.,219,113,2,0.021
2023,2023,04.972.092/0001-22,GRUPO FARTURA DE HORTIFRUT S.A.,4,2,0,0.0
2023,2023,04.986.320/0001-13,SER EDUCACIONAL S.A.,14309,110,65,40.595
2023,2023,04.992.714/0001-84,NOVA TRANSPORTADORA DO SUDESTE S.A. - NTS,0,2,0,0.0
2023,2023,05.197.443/0001-38,HAPVIDA PARTICIPAÇÕES E INVESTIMENTOS S.A.,52887,298,2282,58.284
2023,2023,05.303.439/0001-07,UNIGEL PARTICIPAÇÕES S.A.,1,1,0,0.0
2023,2023,05.336.882/0001-84,CACHOEIRA PAULISTA TRANSMISSORA ENERGIA S.A.,0,1,0,100.0
2023,2023,05.347.060/0001-07,INTERPLAYERS SOLUÇÕES INTEGRADAS S.A.,3,1,1,0.0
2023,2023,05.878.397/0001-32,ALLOS S.A.,66976,373,1137,92.801
2023,2023,05.917.486/0001-40,LIVETECH DA BAHIA INDÚSTRIA E COMÉRCIO S.A.,9436,150,0,32.769
2023,2023,06.016.348/0001-53,VENTOS DO SUL ENERGIA S.A.,0,3,0,0.0
2023,2023,06.047.087/0001-39,REDE D'OR SÃO LUIZ S.A.,85356,1955,0,50.006
2023,2023,06.057.223/0001-71,SENDAS DISTRIBUIDORA S.A.,39799,381,1023,99.807
2023,2023,06.164.253/0001-87,GOL LINHAS AEREAS INTELIGENTES S.A.,101193,326,112,6.061
2023,2023,06.272.793/0001-84,EQUATORIAL MARANHÃO DISTRIBUIDORA DE ENERGIA S.A.,1506,49,0,1.486
2023,2023,06.347.409/0001-65,SBF COMÉRCIO DE PRODUTOS ESPORTIVOS S.A.,0,1,0,0.0
2023,2023,06.626.253/0001-51,EMPREENDIMENTOS PAGUE MENOS S.A.,23688,56,151,30.997
2023,2023,06.977.745/0001-91,BR MALLS PARTICIPACOES S.A.,0,1,0,100.0
2023,2023,06.977.751/0001-49,BR PROPERTIES S.A.,1,0,1,100.0
2023,2023,06.981.176/0001-58,CEMIG GERACAO E TRANSMISSAO S.A.,0,1,0,0.0
2023,2023,06.981.180/0001-16,CEMIG DISTRIBUICAO S.A.,0,1,0,0.0
2023,2023,06.981.381/0001-13,CTC - CENTRO DE TECNOLOGIA CANAVIEIRA S.A.,0,89,1,0.0
2023,2023,07.040.108/0001-57,CAGECE - CIA DE AGUA E ESGOTO DO CEARA,4,5,0,11.486
2023,2023,07.043.628/0001-13,CLARO TELECOM PARTICIPAÇÕES S.A.,0,2,0,0.0
2023,2023,07.047.251/0001-70,CIA ENERGETICA DO CEARA - COELCE,7515,287,14,25.949
2023,2023,07.119.838/0001-48,SECME - COMPANHIA SECURITIZADORA DE CRÉDITOS IMOBILIÁRIOS,0,2,0,0.0
2023,2023,07.206.816/0001-15,M.DIAS BRANCO S.A. IND COM DE ALIMENTOS,57878,90,479,19.479
2023,2023,07.237.373/0001-20,BCO NORDESTE DO BRASIL S.A.,8731,1113,7,0.711
2023,2023,07.253.321/0001-47,CARBOMIL SA MINER. E INDUSTRIA,0,1,0,100.0
2023,2023,07.275.159/0001-68,PETROLEO LUB DO NORDESTE SA,177,365,0,96.467
2023,2023,07.282.377/0001-20,ENERGISA SUL-SUDESTE - DISTRIBUIDORA DE ENERGIA S/A,20,11,0,0.753
2023,2023,07.334.600/0001-35,MARINA DE IRACEMA PARK SA,8,2,0,0.0
2023,2023,07.401.436/0001-31,ELDORADO BRASIL CELULOSE S.A.,0,2,0,100.0
2023,2023,07.415.333/0001-20,SIMPAR S.A.,45716,276,675,25.995
2023,2023,07.437.016/0001-05,CINESYSTEM S.A.,3,3,0,0.0
2023,2023,07.526.557/0001-00,AMBEV S.A.,308094,1897,652,27.886
2023,2023,07.594.978/0001-78,SMARTFIT ESCOLA DE GINÁSTICA E DANÇA S.A.,10436,109,618,52.437
2023,2023,07.628.528/0001-59,BRASILAGRO - CIA BRAS DE PROP AGRICOLAS,116165,372,220,62.106451
2023,2023,07.636.657/0001-99,AÇO VERDE DO BRASIL S.A,4,1,0,0.0
2023,2023,07.659.538/0001-51,DINAMICA ENERGIA S.A.,3,1,0,100.0
2023,2023,07.689.002/0001-89,EMBRAER S.A.,72203,14450,397,99.212
2023,2023,07.704.246/0001-93,DATORA PARTICIPAÇÕES E SERVIÇOS S.A.,8,1,0,0.0
2023,2023,07.718.269/0001-57,SPRINGS GLOBAL PARTICIPACOES S.A.,1885,49,33,47.08
2023,2023,07.802.794/0001-56,ESSENTIA PCHS S.A.,0,2,0,0.0
2023,2023,07.816.890/0001-53,MULTIPLAN - EMPREEND IMOBILIARIOS S.A.,27670,1076,0,52.935
2023,2023,07.820.907/0001-46,FICA EMPREENDIMENTOS IMOBILIÁRIOS S.A.,320,6,25,98.288
2023,2023,07.823.262/0001-03,FOZ DO RIO CLARO ENERGIA S.A.,0,2,0,0.0
2023,2023,07.857.093/0001-14,AURA MINERALS INC.,44718,311,105,39.895
2023,2023,07.857.850/0001-50,"GP INVESTMENTS, LTD.",1690,29,45,30.436
2023,2023,07.859.510/0001-68,JHSF MALLS S.A.,0,3,0,0.0
2023,2023,07.859.971/0001-30,TRANSMISSORA ALIANÇA DE ENERGIA ELÉTRICA S.A.,649047,445,1445,63.445
2023,2023,07.882.930/0001-65,MITRE REALTY EMPREENDIMENTOS E PARTICIPAÇÕES S.A.,20775,134,118,59.221
2023,2023,07.976.147/0001-60,MOVIDA LOCAÇÃO DE VEÍCULOS S.A.,0,1,0,0.0
2023,2023,08.065.557/0001-12,TECNISA S.A.,34862,137,51,61.237
2023,2023,08.070.508/0001-78,RAIZEN ENERGIA S.A.,0,2,0,0.0
2023,2023,08.078.847/0001-09,LPS BRASIL - CONSULTORIA DE IMOVEIS S.A.,13582,99,33,70.66
2023,2023,08.159.965/0001-33,IGUA SANEAMENTO S.A.,0,1,7,0.0
2023,2023,08.170.849/0001-15,DESKTOP S.A.,11170,287,164,31.007
2023,2023,08.213.823/0001-07,AURA ALMAS MINERAÇÃO S.A.,0,2,0,0.0
2023,2023,08.262.121/0001-13,ALUBAR METAIS E CABOS S.A.,4,1,0,0.0
2023,2023,08.294.224/0001-65,JHSF PARTICIPACOES S.A.,91522,321,371,44.051
2023,2023,08.312.229/0001-73,EZ TEC EMPREEND. E PARTICIPACOES S.A.,72475,314,341,41.429
2023,2023,08.322.396/0001-03,CERRADINHO BIOENERGIA S.A.,0,4,0,0.0
2023,2023,08.324.196/0001-81,CIA ENERGETICA DO RIO GDE NORTE - COSERN,6589,301,111,6.888
2023,2023,08.343.492/0001-20,MRV ENGENHARIA E PARTICIPACOES S.A.,70870,1201,782,66.651
2023,2023,08.364.948/0001-38,ALUPAR INVESTIMENTO S/A,125869,908,908,47.836
2023,2023,08.397.078/0001-01,GSH CORP PARTICIPAÇÕES S.A.,12,2,1,0.0
2023,2023,08.402.943/0001-52,GUARARAPES CONFECCOES S.A.,17864,152,293,16.412
2023,2023,08.424.178/0001-71,TECBLU TECELAGEM BLUMENAU S.A.,3,4,0,92.387
2023,2023,08.439.659/0001-50,CPFL ENERGIAS RENOVÁVEIS S.A.,0,2,0,0.0
2023,2023,08.467.115/0001-00,CIA ESTADUAL DE DISTRIB ENER ELET-CEEE-D,297,215,0,0.262
2023,2023,08.534.605/0001-74,RENOVA ENERGIA S.A.,15976,48,0,31.175
2023,2023,08.560.444/0001-93,CIA CELG DE PARTICIPACOES - CELGPAR,447,94,0,0.098
2023,2023,08.574.411/0001-00,PRÁTICA PRODUTOS S.A.,0,1,0,0.0
2023,2023,08.613.550/0001-98,NEXPE PARTICIPAÇÕES S.A,9312,20,24,39.108
2023,2023,08.764.621/0001-53,GENERAL SHOPPING E OUTLETS DO BRASIL BRASIL S.A.,1595,2,15,74.054
2023,2023,08.769.451/0001-08,VIRGO COMPANHIA DE SECURITIZAÇÃO,0,1,0,0.0
2023,2023,08.773.135/0001-00,2W ECOBANK S.A. - EM RECUPERAÇÃO JUDICIAL,21,2,0,1.1
2023,2023,08.773.191/0001-36,BRASILIANA PARTICIPAÇÕES S/A,0,2,0,0.0
2023,2023,08.795.211/0001-70,MAESTRO LOCADORA DE VEICULOS S.A.,3,1,3,0.0
2023,2023,08.797.760/0001-83,CURY CONSTRUTORA E INCORPORADORA S.A.,16846,708,129,43.72
2023,2023,08.801.621/0001-86,SYN PROP & TECH S.A.,22821,183,131,39.215
2023,2023,08.807.432/0001-10,YDUQS PARTICIPACOES S.A.,32111,219,495,93.613
2023,2023,08.810.422/0001-34,GUARARAPES PAINÉIS S.A.,3,1,1,0.0
2023,2023,08.811.643/0001-27,TRISUL S.A.,61780,356,0,38.282
2023,2023,08.822.767/0001-08,CONCESSIONÁRIA DA RODOVIA MG-050 S.A.,0,1,0,0.0
2023,2023,08.827.501/0001-58,AEGEA SANEAMENTO E PARTICIPAÇÕES S.A.,0,4,0,47.287
2023,2023,08.873.873/0001-10,ECORODOVIAS CONCESSÕES E SERVIÇOS S.A.,0,1,0,0.0
2023,2023,08.902.291/0001-15,CSN MINERAÇÃO S.A.,151359,1194,1194,20.246
2023,2023,08.935.054/0001-50,MULTINER S/A,0,2,1,100.0
2023,2023,09.041.168/0001-10,LOG COMMERCIAL PROPERTIES E PARTICIPAÇÕES,15246,129,190,59.172
2023,2023,09.042.817/0001-05,BEMOBI MOBILE TECH S.A.,13449,115,178,94.596
2023,2023,09.053.134/0001-45,ELFA MEDICAMENTOS S.A.,31,0,5,100.0
2023,2023,09.054.385/0001-44,INBRANDS S.A.,12,3,0,0.109
2023,2023,09.074.183/0001-64,TRANSBRASILIANA CONCESSIONÁRIA DE RODOVIA S.A,0,1,0,100.0
2023,2023,09.095.183/0001-40,ENERGISA PARAÍBA - DISTRIBUIDORA DE ENERGIA S/A,0,1,0,0.0
2023,2023,09.112.685/0001-32,OSX BRASIL S.A. - EM RECUPERAÇÃO JUDICIAL,3922,15,3,50.576
2023,2023,09.114.805/0001-30,OCEANPACT SERVIÇOS MARITIMOS S.A.,9138,198,38,37.818
2023,2023,09.116.278/0001-01,CONPEL CIA NORDESTINA PAPEL - EM RECUPERAÇÃO JUDICIAL,0,1,0,100.0
2023,2023,09.146.451/0001-06,KALLAS INCORPORAÇÕES E CONSTRUÇÕES S.A.,0,1,0,0.0
2023,2023,09.149.503/0001-06,SERENA GERAÇÃO S.A.,0,1,0,0.0
2023,2023,09.229.201/0001-30,GPS PARTICIPAÇÕES E EMPREENDIMENTOS S.A.,5582,15,710,58.621
2023,2023,09.257.877/0001-37,FERROVIA NORTE SUL S/A,0,1,0,0.0
2023,2023,09.267.996/0001-70,YUNY INCORPORADORA HOLDING S.A.,2,0,0,100.0
2023,2023,09.288.252/0001-32,ANIMA HOLDING S.A.,19075,106,333,63.644
2023,2023,09.295.063/0001-97,TECHNOS S.A.,15235,49,26,37.037
2023,2023,09.305.994/0001-29,AZUL S.A.,127963,532,246,50.207
2023,2023,09.313.969/0001-97,AUTOPISTA LITORAL SUL,0,1,0,100.0
2023,2023,09.324.949/0001-11,AUTOPISTA FLUMINENSE SA,0,1,0,0.0
2023,2023,09.325.109/0001-73,AUTOPISTA PLANALTO SUL SA,0,1,0,100.0
2023,2023,09.326.342/0001-70,AUTOPISTA FERNÃO DIAS SA,0,1,0,0.0
2023,2023,09.336.431/0001-06,AUTOPISTA REGIS BITTENCOURT SA,0,1,0,0.0
2023,2023,09.346.601/0001-25,"B3 S.A. - BRASIL, BOLSA, BALCÃO",317857,2443,1604,99.367
2023,2023,09.347.516/0001-81,ELETROMIDIA S.A.,1374,6,45,37.699
2023,2023,09.359.927/0001-97,ASA BRANCA HOLDING S.A.,0,1,0,0.0
2023,2023,09.391.823/0001-60,AXIA ENERGIA UHE SANTO ANTÔNIO S.A.,0,1,0,0.0
2023,2023,09.414.761/0001-64,K-INFRA RODOVIA DO AÇO S.A.,0,1,0,0.0
2023,2023,09.478.309/0001-66,BRASIL BIOFUELS S.A.,3,2,0,9.867
2023,2023,09.527.023/0001-23,ENVIRONMENTAL ESG PARTICIPAÇÕES S.A.,0,1,0,0.0
2023,2023,09.538.973/0001-53,PDG COMPANHIA SECURITIZADORA,0,2,0,0.0
2023,2023,09.584.854/0001-37,MANAUS TRANSMISSORA DE ENERGIA S.A,0,1,0,100.0
2023,2023,09.611.768/0001-76,INC EMPREENDIMENTOS IMOBILIÁRIOS S.A.,2,0,0,0.0
2023,2023,09.625.321/0001-56,NORTE BRASIL TRANSMISSORA DE ENERGIA S.A.,0,5,0,0.0
2023,2023,09.813.204/0001-16,W2W E-COMMERCE DE VINHOS S.A.,5,4,0,0.0
2023,2023,10.139.870/0001-08,NEOGRID PARTICIPAÇÕES S.A.,47590,241,0,42.026
2023,2023,10.215.988/0001-60,COMPANHIA DE LOCAÇÃO DAS AMÉRICAS,0,1,0,0.0
2023,2023,10.234.027/0001-00,LINHAS DE MACAPÁ TRANSMISSORA DE ENERGIA S/A,0,2,0,0.0
2023,2023,10.240.186/0001-00,LINHAS DE XINGU TRANSMISSORA DE ENERGIA S/A,0,1,1,0.0
2023,2023,10.285.590/0001-08,GRUPO DE MODA SOMA S.A.,41719,354,875,63.209
2023,2023,10.319.900/0001-50,REGENERA RIO S.A.,0,1,0,0.0
2023,2023,10.324.624/0001-18,CONCESSÃO METROVIÁRIA DO RIO DE JANEIRO S.A.,0,1,0,0.0
2023,2023,10.338.320/0001-00,AFLUENTE TRANSMISSÃO DE ENERGIA ELÉTRICA S/A,3177,208,54,1.325
2023,2023,10.452.416/0001-02,REAG CAPITAL HOLDING S.A.,2,3,0,94.566
2023,2023,10.488.244/0001-19,INFRASEC SECURITIZADORA S.A.,0,2,0,100.0
2023,2023,10.502.676/0001-37,TERMELÉTRICA PERNAMBUCO III S.A.,0,1,0,0.0
2023,2023,10.531.501/0001-58,CONC AUTO RAPOSO TAVARES S.A.,0,1,0,100.0
2023,2023,10.571.175/0001-02,URBA DESENVOLVIMENTO URBANO S.A.,7,2,0,0.0
2023,2023,10.629.105/0001-68,PRIO S.A.,145456,1907,1404,90.131
2023,2023,10.635.691/0001-53,VIARONDON CONCESSIONÁRIA DE RODOVIA S.A.,0,1,0,100.0
2023,2023,10.647.979/0001-48,CONC ROTA DAS BANDEIRAS S.A.,0,2,0,0.0
2023,2023,10.670.314/0001-55,VIABAHIA CONCESSIONÁRIA DE RODOVIAS SA,0,2,0,0.0
2023,2023,10.678.505/0001-63,CONC RODOVIAS DO TIETÊ S.A.,0,2,0,0.0
2023,2023,10.739.356/0001-03,BRBI BR PARTNERS S.A,25257,189,62,41.471
2023,2023,10.760.260/0001-19,CVC BRASIL OPERADORA E AGÊNCIA DE VIAGENS S.A.,156595,585,449,99.998
2023,2023,10.807.374/0001-77,BOA SAFRA SEMENTES S.A.,39485,332,3,38.491
2023,2023,10.835.932/0001-08,CIA ENERGETICA DE PERNAMBUCO - CELPE,0,1,0,0.0
2023,2023,10.841.050/0001-55,CONC ROD AYRTON SENNA E CARV PINTO S.A.-ECOPISTAS,0,1,0,0.0
2023,2023,10.851.805/0001-00,FLEX GESTÃO DE RELACIONAMENTOS S.A.-EM RECUPERAÇÃO JUDICIAL,0,1,1,0.0
2023,2023,11.257.352/0001-43,BSI CAPITAL SECURITIZADORA S.A.,2,0,0,0.0
2023,2023,11.274.829/0001-07,COMPANHIA PAULISTA DE SECURITIZAÇÃO,0,2,0,0.0
2023,2023,11.284.204/0001-18,YOU INC INCORPORADORA E PARTICIPAÇÕES S.A,3,2,0,0.0
2023,2023,11.421.994/0001-36,ORIZON VALORIZAÇÃO DE RESÍDUOS S.A.,5469,120,258,56.231
2023,2023,11.669.021/0001-10,ENAUTA PARTICIPAÇÕES S.A.,35864,128,547,99.045
2023,2023,11.716.471/0001-17,TRX SECURITIZADORA S.A.,1,1,0,100.0
2023,2023,11.721.921/0001-60,ALPER CONSULTORIA E CORRETORA DE SEGUROS S.A.,1695,40,19,17.485
2023,2023,11.725.176/0001-27,BOA VISTA SERVIÇOS S.A.,0,1,0,100.0
2023,2023,11.992.680/0001-93,QUALICORP CONSULTORIA E CORRETORA DE SEGUROS S.A.,57215,604,0,98.051
2023,2023,12.049.631/0001-84,MOURA DUBEUX ENGENHARIA S/A,7168,205,165,62.909
2023,2023,12.091.809/0001-55,BRAVA ENERGIA S.A.,60904,706,924,99.907
2023,2023,12.104.241/0004-02,ONCOCLÍNICAS DO BRASIL SERVIÇOS MÉDICOS S.A.,9393,75,2540,36.893
2023,2023,12.108.897/0001-50,D1000 VAREJO FARMA PARTICIPAÇÕES S.A.,12822,145,29,32.866
2023,2023,12.181.987/0001-77,MELNICK DESENVOLVIMENTO IMOBILIÁRIO S.A.,7915,67,106,91.78
2023,2023,12.300.288/0001-07,NORTE ENERGIA S.A.,0,7,2,0.0
2023,2023,12.420.164/0001-57,CM HOSPITALAR S.A,743,10,158,56.455
2023,2023,12.489.315/0001-23,FERREIRA GOMES ENERGIA S.A.,0,2,0,0.0
2023,2023,12.528.708/0001-07,AERIS IND. E COM. DE EQUIP. PARA GER. DE ENG. S.A.,90448,247,117,55.346
2023,2023,12.592.831/0001-89,MNLT S.A.,0,1,0,0.0
2023,2023,12.648.266/0001-24,AMBIPAR PARTICIPAÇÕES E EMPREENDIMENTOS S.A.,41698,186,319,33.342
2023,2023,12.648.327/0001-53,HIDROVIAS DO BRASIL S.A.,14123,176,222,99.931
2023,2023,12.919.786/0001-24,TCP TERMINAL DE CONTEINERES DE PARANAGUA SA,0,1,0,0.0
2023,2023,13.009.717/0001-46,BCO ESTADO DE SERGIPE S.A. - BANESE,3037,331,12,8.925
2023,2023,13.017.462/0001-63,ENERGISA SERGIPE - DISTRIBUIDORA DE ENERGIA S/A,0,1,0,0.0
2023,2023,13.217.485/0001-11,GRUPO SBF S.A.,28800,120,358,60.296
2023,2023,13.270.520/0001-66,KORA SAÚDE PARTICIPAÇÕES S.A.,1391,32,66,20.147
2023,2023,13.444.994/0001-87,MLOG S.A.,56,49,38,46.919
2023,2023,13.522.948/0001-59,SAFIRA HOLDING S.A.,2,0,0,0.0
2023,2023,13.574.594/0001-96,ZAMP SA,16887,43,201,38.453
2023,2023,13.584.310/0001-42,SUGOI S.A.,2,0,0,100.0
2023,2023,13.783.221/0004-78,MADERO INDÚSTRIA E COMÉRCIO S.A.,6,0,1,0.0
2023,2023,14.110.585/0001-07,MÉLIUZ S.A.,79411,0,587,75.333
2023,2023,14.127.813/0001-51,ARANDU INVESTIMENTOS S.A.,3382,62,62,30.399
2023,2023,14.191.427/0001-29,GRANBIO INVESTIMENTOS S.A.,0,2,0,13.959
2023,2023,14.292.540/0001-09,"BRAZIL TOWER, CESSÃO DE INFRA-ESTRUTURAS S.A",0,4,0,0.0
2023,2023,14.388.334/0001-99,PARANA BCO S.A.,21,0,0,0.0
2023,2023,14.776.142/0001-50,WESTWING COMÉRCIO VAREJISTA S.A.,6394,47,74,99.663
2023,2023,14.785.152/0001-51,HBR REALTY EMPREENDIMENTOS IMOBILIÁRIOS S.A.,778,87,87,56.802
2023,2023,14.807.945/0001-24,SANSUY S.A. INDUSTRIA DE PLASTICOS,1625,60,0,44.316
2023,2023,14.882.295/0001-81,CBO HOLDING S.A.,0,5,0,24.48
2023,2023,14.998.371/0001-19,J. MACEDO S.A.,30,6,0,100.0
2023,2023,15.073.274/0001-88,PPLA PARTICIPATIONS LTD.,2088,17,10,100.0
2023,2023,15.090.690/0001-94,CONCESSIONARIA ECOVIAS DO ARAGUAIA S.A.,0,1,0,0.0
2023,2023,15.101.405/0001-93,CORREA RIBEIRO S.A. COMERCIO E INDUSTRIA,290,19,2,47.245
2023,2023,15.114.494/0001-02,CORREDOR LOGÍSTICA E INFRAESTRUTURA S.A.,0,0,3,0.0
2023,2023,15.115.504/0001-24,TRONOX PIGMENTOS DO BRASIL S.A.,4927,168,97,28.353
2023,2023,15.139.629/0001-94,CIA ELETRICIDADE EST. DA BAHIA - COELBA,3188,273,11,1.007
2023,2023,15.141.799/0001-03,CIA FERRO LIGAS DA BAHIA - FERBASA,33043,286,170,45.828
2023,2023,15.144.017/0001-90,CIA SEGUROS ALIANCA DA BAHIA,0,1,0,0.0
2023,2023,15.413.826/0001-50,ENERGISA MATO GROSSO DO SUL - DIST DE ENERGIA S.A.,1,2,0,0.065
2023,2023,15.440.708/0001-30,CONCESSIONÁRIA VIARIO S.A.,0,2,0,0.0
2023,2023,15.484.093/0001-44,ECO101 CONCESSIONÁRIA DE RODOVIAS S.A.,0,1,0,0.0
2023,2023,15.494.541/0001-90,SALUS INFRAESTRUTURA PORTUARIA SA,0,2,0,1.0
2023,2023,15.578.569/0001-06,CONC DO AEROPORTO INTERNACIONAL DE GUARULHOS S.A.,0,2,0,100.0
2023,2023,15.688.041/0001-90,MBK SECURITIZADORA SA,1,1,0,100.0
2023,2023,16.233.389/0001-55,CVLB BRASIL S.A EM RECUPERAÇÃO JUDICAL,5,4,0,0.0
2023,2023,16.234.171/0001-15,METANOR SA METANOL DO NE,118,135,6,100.0
2023,2023,16.404.287/0001-55,SUZANO S.A.,75161,736,1631,50.924
2023,2023,16.590.234/0001-76,AZZAS 2154 S.A.,34502,422,786,56.137
2023,2023,16.614.075/0001-00,DIRECIONAL ENGENHARIA S.A.,22021,239,697,63.301
2023,2023,16.670.085/0001-55,LOCALIZA RENT A CAR S.A.,50945,1810,329,79.719
2023,2023,16.676.520/0001-59,HOSPITAL MATER DEI S.A.,4421,38,207,27.68
2023,2023,16.811.931/0001-00,ALPHAVILLE S.A.,769,12,44,21.364
2023,2023,16.838.421/0001-26,XP INVESTIMENTOS S.A.,0,1,0,100.0
2023,2023,16.922.038/0001-51,ENJOEI S.A.,23997,194,194,65.701
2023,2023,17.155.730/0001-64,CIA ENERGETICA DE MINAS GERAIS - CEMIG,389824,4440,2541,81.344
2023,2023,17.159.229/0001-76,LABORATÓRIO TEUTO BRASILEIRO S.A.,6,0,0,0.0
2023,2023,17.161.241/0001-15,MINASMAQUINAS S.A.,983,173,0,67.922
2023,2023,17.162.082/0001-73,MENDES JUNIOR ENGENHARIA S.A.,3531,41,21,3.213
2023,2023,17.162.280/0001-37,EMPRESA BRASILEIRA DE ENGENHARIA E COMÉRCIO S.A. EBEC,0,2,0,0.0
2023,2023,17.167.396/0001-69,ALFA HOLDINGS S.A.,16421,1914,24,19.547
2023,2023,17.167.412/0001-13,FINANCEIRA ALFA S.A.- CRED FINANC E INVS,13206,542,88,16.071
2023,2023,17.184.037/0001-10,BCO MERCANTIL DO BRASIL S.A.,3985,588,23,46.759
2023,2023,17.193.806/0001-46,CONSORCIO ALFA DE ADMINISTRACAO S.A.,19044,2488,27,16.796
2023,2023,17.234.244/0001-31,FTL - FERROVIA TRANSNORDESTINA LOGÍSTICA S.A.,0,3,0,100.0
2023,2023,17.245.234/0001-00,CIA FIACAO TECIDOS CEDRO CACHOEIRA,3461,37,4,61.564
2023,2023,17.281.106/0001-03,CIA SANEAMENTO DE MINAS GERAIS-COPASA MG,80405,724,301,49.562
2023,2023,17.314.329/0001-20,INTERNATIONAL MEAL COMPANY ALIMENTACAO S.A.,33544,1,270,98.658
2023,2023,17.344.597/0001-94,BB SEGURIDADE PARTICIPAÇÕES S.A.,336474,2578,1598,33.588
2023,2023,17.359.233/0001-88,TECIDOS E ARMARINHOS MIGUEL BARTOLOMEU S.A.,45,0,0,100.0
2023,2023,17.943.792/0001-30,FULWOOD S.A.,4,0,0,0.0
2023,2023,18.174.270/0001-84,DOTZ S.A.,3482,37,1,29.511
2023,2023,18.328.118/0001-09,PET CENTER COMÉRCIO E PARTICIPAÇÕES S.A.,96010,390,437,66.533
2023,2023,18.483.666/0001-03,HUMBERG AGRIBRASIL COMÉRCIO E EXPORTAÇÃO DE GRÃOS S.A.,8,0,0,0.0
2023,2023,18.494.485/0001-82,PORTO SUDESTE V.M. S.A.,0,1,0,0.0
2023,2023,18.572.225/0001-88,CONCEBRA - CONCESSIONARIA DAS RODOVIAS CENTRAIS DO BRASIL,0,1,0,100.0
2023,2023,18.593.815/0001-97,PRINER SERVIÇOS INDUSTRIAIS S.A.,13683,189,85,94.422
2023,2023,18.903.785/0001-78,HOLDING DO ARAGUAIA S.A.,0,2,0,0.0
2023,2023,19.014.221/0001-47,CHINA THREE GORGES BRASIL ENERGIA S.A.,0,2,0,0.0
2023,2023,19.208.022/0001-70,ECO050 CONCESSIONÁRIA DE RODOVIAS S.A.,0,1,0,0.0
2023,2023,19.378.769/0001-76,INSTITUTO HERMES PARDINI S.A.,0,1,0,0.0
2023,2023,19.403.252/0001-90,EMCCAMP RESIDENCIAL S.A.,7,0,0,0.0
2023,2023,19.521.322/0001-04,CONCESSIONÁRIA ROTA DO OESTE S.A.,0,1,0,0.0
2023,2023,19.526.748/0001-50,COMPANHIA INDUSTRIAL CATAGUASES,136,6,0,17.579
2023,2023,19.527.586/0001-75,COMPANHIA ENERGÉTICA SINOP S/A,0,3,0,0.0
2023,2023,19.527.639/0001-58,ENERGISA MINAS RIO - DISTRIBUIDORA DE ENERGIA S/A,0,1,0,0.0
2023,2023,19.642.306/0001-70,CONCESSIONÁRIA DE RODOVIA SUL-MATOGROSSENSE S.A.,0,1,0,0.0
2023,2023,19.726.048/0001-00,CONCESSIONÁRIA BR-040 S.A.,0,1,0,0.0
2023,2023,19.796.586/0001-70,BRISANET PARTICIPAÇÕES S.A.,10498,37,130,20.276
2023,2023,20.247.322/0001-47,ALLIED TECNOLOGIA S.A.,5272,60,58,27.461
2023,2023,20.258.278/0001-70,OUROFINO S.A.,5978,78,21,42.94
2023,2023,20.512.706/0001-40,VITRU EDUCAÇÃO S.A.,0,1,0,0.0
2023,2023,20.514.555/0001-69,ARGO VI TRANSMISSÃO DE ENERGIA S.A.,0,2,0,0.0
2023,2023,20.514.590/0001-88,ARGO V TRANSMISSÃO DE ENERGIA S.A.,0,2,0,0.0
2023,2023,21.110.778/0001-23,OLIVEIRA TRUST S.A.,13,1,0,3.099
2023,2023,21.240.146/0001-84,AGROGALAXY PARTICIPAÇÕES S.A. - EM RECUPERAÇÃO JUDICIAL,1941,7,61,37.278
2023,2023,21.254.073/0001-80,COMPANHIA ITAUNENSE ENERGIA E PARTICIPAÇÕES,400,5,0,100.0
2023,2023,21.255.567/0001-89,CIA TECIDOS SANTANENSE EM RECUPERAÇÃO JUDICIAL,9021,96,1,43.444
2023,2023,21.314.559/0001-66,MOVIDA PARTICIPACOES SA,85655,1042,423,34.24
2023,2023,21.389.501/0001-81,COMPASS GÁS E ENERGIA S.A.,1,2,19,12.0
2023,2023,21.414.457/0001-12,LEADS CIA. SECURITIZADORA,0,1,0,0.0
2023,2023,21.728.083/0001-00,TRANSMISSORA JOSÉ MARIA DE MACEDO DE ELETRICIDADE S.A.,0,2,0,0.0
2023,2023,21.948.105/0001-47,BTGI QUARTZO PARTICIPAÇÕES S/A,0,1,1,0.0
2023,2023,21.976.510/0001-79,BTGI SAFIRA PARTICIPAÇÕES S/A,0,1,1,0.0
2023,2023,22.163.297/0001-49,CONCESSIONÁRIA PONTE RIO-NITERÓI S.A. - ECOPONTE,0,1,0,0.0
2023,2023,22.261.473/0001-85,COMPANHIA DE GÁS DE MINAS GERAIS - GASMIG,0,2,0,0.43
2023,2023,22.266.175/0001-88,FERTILIZANTES HERINGER S.A.,10214,68,0,10.023
2023,2023,22.543.331/0001-00,CAIXA SEGURIDADE PARTICIPAÇÕES S.A.,157324,1083,373,17.25
2023,2023,22.677.520/0001-76,CIA TECIDOS NORTE DE MINAS COTEMINAS,2454,1501,2,47.068
2023,2023,23.041.875/0001-37,ALMACENES ÉXITO S.A.,5917,274,125,12.695
2023,2023,23.096.269/0001-19,RIO PARANA ENERGIA S.A.,0,2,0,33.333
2023,2023,23.236.821/0001-27,PATRIMAR ENGENHARIA S.A.,4,1,0,0.0
2023,2023,23.373.000/0001-32,"VAMOS LOCAÇÃO DE CAMINHÕES, MÁQUINAS E EQUIPAMENTOS S.A.",25039,252,847,45.173
2023,2023,23.438.929/0001-00,ALARES INTERNET PARTICIPAÇÕES S/A,11,0,1,0.0
2023,2023,24.230.275/0001-80,PLANO & PLANO DESENVOLVIMENTO IMOBILIÁRIO S.A.,11025,35,133,26.786
2023,2023,24.396.489/0001-20,BRK AMBIENTAL PARTICIPAÇÕES S.A.,0,0,2,0.0
2023,2023,24.410.913/0001-44,NU HOLDINGS LTD.,1316439,114,447,114.137
2023,2023,24.624.490/0001-65,ARGO TRANSMISSÃO DE ENERGIA S/A,0,1,0,100.0
2023,2023,24.624.551/0001-94,ARGO ENERGIA EMPREENDIMENTOS E PARTICIPAÇÕES S/A,0,2,1,0.0
2023,2023,24.921.465/0001-43,BLUEFIT ACADEMIAS DE GINÁSTICA E PARTICIPAÇÕES S.A.,1,3,4,0.0
2023,2023,24.962.466/0001-36,RUMO MALHA NORTE S.A.,0,0,5,0.48
2023,2023,24.990.777/0001-09,GRUPO MATEUS S.A.,51812,225,522,21.0
2023,2023,25.089.509/0001-83,COMPANHIA DE SANEAMENTO DO TOCANTINS - SANEATINS,0,2,0,0.0
2023,2023,25.249.439/0001-83,HOSPITAL CARE CALEDONIA S.A.,323,17,3,0.0
2023,2023,25.369.840/0001-57,COMERC ENERGIA S.A.,78,6,0,0.0
2023,2023,26.072.786/0001-46,QESTRA TECNOLOGIA ADMINISTRAÇÃO E PARTICIPAÇÕES S.A.,73,14,1,100.0
2023,2023,26.345.998/0001-50,ECONOMATICA S.A.,7212,68,28,25.986
2023,2023,26.462.693/0001-28,LAVVI EMPREENDIMENTOS IMOBILIÁRIOS S.A.,13811,84,178,37.011
2023,2023,26.609.050/0001-64,TRAVESSIA SECURITIZADORA S.A.,1,1,0,0.0
2023,2023,26.659.061/0001-59,MPM CORPÓREOS S.A.,21208,260,260,52.201
2023,2023,26.664.057/0001-89,ENTREVIAS CONCESSIONÁRIA DE RODOVIAS S.A.,0,1,0,100.0
2023,2023,26.845.702/0001-60,BELÉM TRANSMISSORA DE ENERGIA S.A,0,1,0,0.0
2023,2023,26.982.634/0001-80,TURBI COMPARTILHAMENTO DE VEÍCULOS S.A.,16,6,1,29.876
2023,2023,27.093.558/0001-15,"MILLS LOCAÇÃO, SERVIÇOS E LOGÍSTICA S.A.",11515,97,161,72.976
2023,2023,27.137.879/0001-74,CIA SEC DE CRÉDITOS FINANCEIROS CARTÕES CONSIGNADOS I,2,1,0,0.0
2023,2023,27.157.474/0001-06,ÁGUAS DE TERESINA SANEAMENTO SPE S.A.,0,1,0,0.0
2023,2023,27.743.642/0001-37,CONSTRUTORA METROCASA S.A.,0,2,0,0.0
2023,2023,27.956.690/0001-03,AUZZA SECURITIZADORA S. A.,4,1,0,0.0
2023,2023,27.967.244/0001-02,TAPAJÓS TRANSMISSORA DE ENERGIA S.A.,0,1,0,0.0
2023,2023,28.019.100/0001-89,VIAPAULISTA S.A.,0,1,0,0.0
2023,2023,28.127.603/0001-78,BANESTES S.A. - BCO EST ESPIRITO SANTO,45531,64,13,4.593
2023,2023,28.152.650/0001-71,EDP ESPIRITO SANTO DISTRIBUIÇÃO DE ENERGIA S.A.,0,1,0,0.0
2023,2023,28.195.667/0001-06,BCO ABC BRASIL S.A.,58724,579,289,30.793
2023,2023,28.201.130/0001-01,ENERGISA TRANSMISSÃO DE ENERGIA S/A,0,2,0,0.0
2023,2023,28.594.234/0001-23,AUREN ENERGIA S.A.,78097,427,1204,30.197
2023,2023,28.925.264/0001-75,COMPANHIA ENERGÉTICA JAGUARA,0,2,0,0.0
2023,2023,28.942.127/0001-49,COMPANHIA ENERGÉTICA MIRANDA,0,2,0,0.0
2023,2023,29.780.061/0001-09,SAO CARLOS EMPREEND E PARTICIPACOES S.A.,3781,91,82,38.651
2023,2023,29.884.545/0001-90,ECORIOMINAS CONCESSIONÁRIA DE RODOVIAS S.A.,0,1,0,0.0
2023,2023,29.950.060/0001-57,NORTEC QUÍMICA S.A.,3,0,1,3.0
2023,2023,29.980.141/0001-08,OCEÂNICA ENGENHARIA E CONSULTORIA S.A.,1,1,0,0.0
2023,2023,30.213.493/0001-09,TEGRA INCORPORADORA S.A.,0,1,1,0.0
2023,2023,30.306.294/0001-45,BCO BTG PACTUAL S.A.,79022,81980,1696,30.001
2023,2023,30.540.991/0001-66,HAGA S.A. INDUSTRIA E COMERCIO,5310,35,0,75.747
2023,2023,30.723.886/0001-62,BANCO MODAL S.A.,0,1,0,0.0
2023,2023,30.788.149/0001-48,GUARDIAN COMPANHIA SECURITIZADORA,3,0,0,0.0
2023,2023,31.001.230/0001-07,CELEO REDES TRANSMISSÃO DE ENERGIA S.A.,0,1,0,100.0
2023,2023,31.553.627/0001-01,GRUPO TOKY S.A. - EM RECUPERAÇÃO JUDICIAL,4870,89,105,41.736
2023,2023,31.748.174/0001-60,VERO S.A.,24,1,3,0.0
2023,2023,32.021.201/0001-61,ORIGEM ENERGIA S.A.,3,0,2,0.0
2023,2023,32.161.500/0001-00,CONCESSIONÁRIA DAS RODOVIAS INTEGRADAS DO SUL S.A.,0,1,0,0.0
2023,2023,32.431.519/0001-10,HÉLIO VALGAS SOLAR PARTICIPAÇÕES S.A.,0,1,0,0.0
2023,2023,32.681.371/0001-72,VIX LOGÍSTICA S.A.,1,1,0,0.0
2023,2023,32.785.497/0001-97,NATURA &CO HOLDING S.A.,53751,1064,247,61.243
2023,2023,33.000.167/0001-01,PETROLEO BRASILEIRO S.A. PETROBRAS,861524,5184,2592,63.385
2023,2023,33.035.536/0001-00,JOAO FORTES ENGENHARIA S.A. - EM RECUPERAÇÃO JUDICIAL,5324,19,1,9.585
2023,2023,33.040.601/0001-87,"MERCANTIL FINANCEIRA S.A. - SOC. CRÉDITO, FINANC E INVESTIME",1109,107,5,12.402
2023,2023,33.041.260/0652-90,GRUPO CASAS BAHIA S.A.,316344,1079,395,99.876
2023,2023,33.042.730/0001-04,CIA SIDERURGICA NACIONAL,94973,1642,1616,45.311
2023,2023,33.050.071/0001-58,AMPLA ENERGIA E SERVICOS S.A.,1052,36,5,0.2
2023,2023,33.050.196/0001-88,CIA PAULISTA DE FORCA E LUZ,0,1,0,0.0
2023,2023,33.066.408/0001-15,EMPRESA FINANCEIRA,1,1,1,0.0
2023,2023,33.102.476/0001-92,MONTEIRO ARANHA S.A.,256,8,13,4.601
2023,2023,33.113.309/0001-47,VALID SOLUÇÕES S.A.,17430,231,201,95.065
2023,2023,33.130.691/0001-05,WILSON SONS S.A.,962,12,87,43.484
2023,2023,33.200.049/0001-47,HOTEIS OTHON S.A. - EM RECUPERAÇÃO JUDICIAL,1987,40,10,13.95
2023,2023,33.228.024/0001-51,WLM PART. E COMÉRCIO DE MÁQUINAS E VEÍCULOS S.A.,4336,25,19,15.107
2023,2023,33.256.439/0001-39,ULTRAPAR PARTICIPACOES S.A.,34995,829,1522,97.474
2023,2023,33.352.394/0001-04,CIA ESTADUAL DE ÁGUAS E ESGOTOS - CEDAE,666,7,0,0.0
2023,2023,33.376.989/0001-91,IRB - BRASIL RESSEGUROS S.A.,253663,1115,356,99.484
2023,2023,33.386.210/0001-19,SONDOTECNICA ENGENHARIA SOLOS S.A.,812,8,13,13.024
2023,2023,33.412.081/0001-96,REFINARIA DE PETROLEOS MANGUINHOS S.A.,5918,34,0,33.27
2023,2023,33.453.598/0001-23,RAÍZEN S.A.,120450,655,364,87.839
2023,2023,33.467.572/0001-34,TEKNO S.A. - INDUSTRIA E COMERCIO,515,12,7,31.651
2023,2023,33.541.368/0001-16,AXIA ENERGIA NORDESTE S.A.,0,1,0,0.0
2023,2023,33.572.408/0001-97,RUMO MALHA CENTRAL S.A.,0,1,0,0.0
2023,2023,33.592.510/0001-54,VALE S.A.,528853,15049,1193,97.535
2023,2023,33.611.500/0001-19,GERDAU S.A.,270656,3585,1350,59.949
2023,2023,33.839.910/0001-11,VIVARA PARTICIPAÇÕES S.A.,39571,145,798,53.27
2023,2023,33.938.119/0001-69,CIA DISTRIB DE GAS DO RIO DE JANEIRO-CEG,142,11,6,0.161
2023,2023,33.958.695/0001-78,UNIPAR CARBOCLORO S.A.,82389,850,42,55.076
2023,2023,34.169.557/0001-72,BCO MERCANTIL DE INVESTIMENTOS S.A.,2120,355,4,8.463
2023,2023,34.274.233/0001-02,VIBRA ENERGIA S/A,74571,426,996,99.608
2023,2023,35.522.178/0001-87,CIA SECURITIZADORA DE CRED. FIN. CARTÕES CONSIGNADOS II,0,2,0,0.0
2023,2023,35.593.905/0001-05,CONCESSIONÁRIA ECOVIAS DO CERRADO S.A.,0,1,0,0.0
2023,2023,35.727.157/0001-06,EZ INC INCORPORAÇÕES S.A.,0,1,0,0.0
2023,2023,35.791.391/0001-94,QUALITY SOFTWARE S.A.,7,1,1,0.0
2023,2023,35.822.503/0001-27,INSPIRALI EDUCAÇÃO S.A.,0,1,1,0.0
2023,2023,35.980.592/0001-30,ELEA DIGITAL INFRAESTRUTURA E REDES DE TELECOMUNICAÇÕES S.A.,0,1,0,100.0
2023,2023,36.146.575/0001-64,EIXO SP CONCESSIONÁRIA DE RODOVIAS S.A.,0,1,0,0.0
2023,2023,36.542.025/0001-64,BRQ SOLUCOES EM INFORMATICA S.A.,16,1,0,0.0
2023,2023,36.763.716/0001-98,CONCESSIONÁRIA CATARINENSE DE RODOVIAS S.A.,0,1,0,0.0
2023,2023,37.663.076/0001-07,AUREN PARTICIPAÇÕES S.A.,209292,674,312,52.681
2023,2023,37.702.340/0001-74,AUSTRAVIAS S.A.,0,2,0,0.0
2023,2023,38.042.694/0001-00,TRAVESSIA SECURITIZADORA DE CRÉDITOS FINANCEIROS S.A.,1,1,0,100.0
2023,2023,38.199.406/0001-18,RIO ALTO ENERGIAS RENOVÁVEIS S.A.,2,0,0,0.0
2023,2023,38.307.135/0001-77,"G2D INVESTMENTS, LTD.",10992,114,54,26.144
2023,2023,38.456.921/0001-36,INFRACOMMERCE CXAAS S.A.,20422,87,136,82.232
2023,2023,38.482.780/0001-26,ANEMUS WIND HOLDING S.A.,0,3,0,0.0
2023,2023,39.115.514/0001-28,RUMO MALHA OESTE S.A.,0,1,0,0.0
2023,2023,39.346.861/0350-38,CENCOSUD BRASIL COMERCIAL S.A.,0,2,0,0.0
2023,2023,39.580.673/0001-01,BRK AMBIENTAL - REGIÃO METROPOLITANA DE MACEIÓ S.A.,0,1,0,0.0
2023,2023,39.881.421/0001-04,COMPANHIA ESTADUAL DE GERAÇÃO DE ENERGIA ELÉTRICA - CEEE-G,124,213,1,1.038
2023,2023,40.159.947/0001-64,HMOBI PARTICIPAÇÕES S.A.,0,1,3,48.476
2023,2023,40.180.943/0001-68,REFINARIA DE MANAUS S.A.,3,0,0,0.0
2023,2023,40.263.170/0001-83,SOLVI ESSENCIS AMBIENTAL S.A.,0,1,0,0.0
2023,2023,40.337.136/0001-06,TERRA SANTA PROPRIEDADES AGRÍCOLAS S.A.,4557,24,73,54.58
2023,2023,40.480.481/0001-02,RIO ALTO STL HOLDING I S.A.,1,1,0,0.0
2023,2023,40.593.395/0001-06,IFIN PARTICIPAÇÕES S.A.,0,1,0,0.0
2023,2023,40.997.635/0001-20,TRV XLIII SECURITIZADORA DE CREDITOS MERCANTIS S.A.,1,1,0,0.0
2023,2023,41.052.420/0001-07,SOLAR BEBIDAS S.A.,15,5,0,27.49
2023,2023,41.096.674/0001-19,CANTU STORE S.A.,1,0,1,23.968
2023,2023,41.335.131/0001-07,MOTTU I S.A,0,1,0,100.0
2023,2023,41.508.382/0001-46,RODOVIAS DO BRASIL HOLDING S.A.,0,2,0,0.0
2023,2023,41.570.356/0001-48,VRENTAL LOCAÇÃO DE MÁQUINAS E EQUIPAMENTOS S.A.,6,1,1,32.898
2023,2023,41.886.692/0001-02,CONCESSIONARIA ROTA DE SANTA MARIA S.A,0,2,0,100.0
2023,2023,42.150.391/0001-70,BRASKEM S.A.,63709,3415,198,34.969
2023,2023,42.233.757/0001-75,ALVAREZ & MARSAL INVESTIMENTOS I S.A.,1,1,0,0.0
2023,2023,42.278.291/0001-24,LOG-IN LOGISTICA INTERMODAL S.A.,5836,83,125,24.456
2023,2023,42.278.473/0001-03,WIZ CO PARTICIPAÇÕES E CORRETAGEM DE SEGUROS S.A.,83284,392,72,47.073
2023,2023,42.292.007/0001-74,RIO+ SANEAMENTO BL 3 S.A.,0,1,0,0.0
2023,2023,42.310.775/0001-03,ÁGUAS DO RIO 1 SPE S.A.,0,1,0,0.0
2023,2023,42.331.462/0001-31,EMBPAR PARTICIPAÇÕES S/A,1052,14,0,12.918
2023,2023,42.353.180/0001-35,IGUÁ RIO DE JANEIRO S.A.,0,1,0,91.071
2023,2023,42.500.384/0001-51,SERENA ENERGIA S.A.,8612,98,312,53.748
2023,2023,42.644.220/0001-06,ÁGUAS DO RIO 4 SPE S.A.,0,1,0,0.0
2023,2023,42.737.954/0001-21,"INTER & CO, INC.",139438,541,378,73.339
2023,2023,42.771.949/0001-35,ALLIANÇA SAÚDE E PARTICIPAÇÕES S.A.,4265,26,154,6.186
2023,2023,43.185.362/0001-07,IGB ELETRONICA S.A - EM RECUPERACAO JUDICIAL,1834,19,0,100.0
2023,2023,43.283.811/0001-50,KALUNGA S.A,2,0,0,0.0
2023,2023,43.335.774/0001-86,TRAVESSIA SECURITIZADORA DE CRÉDITOS MERCANTIS VI S.A.,1,1,0,0.0
2023,2023,43.470.988/0001-65,EVEN CONSTRUTORA E INCORPORADORA S.A.,20768,78,211,95.92
2023,2023,43.513.237/0001-89,AUTOMOB S.A.,8,1,0,0.0
2023,2023,43.514.079/0001-81,CLI SUL S.A.,0,2,0,0.0
2023,2023,43.776.517/0001-80,CIA SANEAMENTO BASICO EST SAO PAULO,31775,1812,261,49.744
2023,2023,43.948.405/0001-69,LUPO S.A.,79,4,0,0.0
2023,2023,44.067.725/0001-72,VIA BRASIL BR 163 CONCESSIONÁRIA DE RODOVIAS S.A.,0,1,0,0.0
2023,2023,44.319.688/0001-42,CONCESSIONÁRIA DO SISTEMA RODOVIÁRIO RIO-SÃO PAULO S.A,0,1,0,0.0
2023,2023,44.854.238/0001-50,PARSAN S.A.,0,6,0,0.0
2023,2023,45.242.914/0001-05,C&A MODAS S.A.,38958,162,219,33.51
2023,2023,45.365.558/0001-09,VITTIA S.A.,4717,201,182,34.819
2023,2023,45.453.214/0001-51,PROFARMA DISTRIB PROD FARMACEUTICOS S.A.,11176,129,78,70.671
2023,2023,45.456.117/0001-12,ÁGUAS DO SERTÃO S.A.,0,1,0,0.0
2023,2023,45.736.131/0001-70,UNIDAS LOCADORA S.A.,0,0,1,0.0
2023,2023,45.987.245/0001-92,BIOMA EDUCAÇÃO S.A.,1020,41,18,27.267
2023,2023,46.119.855/0001-37,SOCIEDADE ABASTECIMENTO DE ÁGUA E SANEAMENTO S.A - SANASA,2,4,0,0.008
2023,2023,47.508.411/0001-56,CIA BRASILEIRA DE DISTRIBUICAO,49614,852,857,59.018
2023,2023,47.509.120/0001-82,BRADESCO LEASING S.A. ARREND MERCANTIL,0,1,0,0.0
2023,2023,47.586.663/0001-01,NOVA SOCIEDADE DE NAVEGAÇÃO S.A.,0,2,0,0.0
2023,2023,47.960.950/0001-21,MAGAZINE LUIZA S.A.,651826,1610,888,47.599
2023,2023,49.263.189/0001-02,HELBOR EMPREENDIMENTOS S.A.,33480,212,51,48.97
2023,2023,49.314.049/0001-08,CONCESSIONÁRIA DE RODOVIAS NOROESTE PAULISTA S.A,0,1,0,0.0
2023,2023,49.669.856/0001-43,VESTE S.A. ESTILO,9468,53,38,96.555
2023,2023,50.564.053/0001-03,BOMBRIL S.A. - EM RECUPERAÇÃO JUDICIAL,10606,45,3,100.0
2023,2023,50.746.577/0001-15,COSAN S.A.,124208,852,1097,62.376
2023,2023,50.926.955/0001-42,VULCABRAS S.A.,12458,64,172,34.735
2023,2023,51.128.999/0001-90,NUTRIPLANT INDUSTRIA E COMERCIO S.A.,428,8,1,24.564
2023,2023,51.218.147/0001-93,IGUATEMI EMPRESA DE SHOPPING CENTERS S.A,0,1,0,0.0
2023,2023,51.466.860/0001-56,SAO MARTINHO S.A.,13040,129,638,40.477295
2023,2023,51.928.174/0001-50,PLASCAR PARTICIPACOES INDUSTRIAIS S.A.,1105,18,0,40.006
2023,2023,52.123.916/0001-32,DORI ALIMENTOS S.A.,0,1,0,0.0
2023,2023,52.548.435/0001-79,JSL S.A.,6806,36,129,22.062
2023,2023,53.113.791/0001-22,TOTVS S.A.,39157,316,1115,87.528
2023,2023,56.444.250/0001-75,HAUSCENTER SA,3,1,0,100.0
2023,2023,56.643.018/0001-66,EUCATEX S.A. INDUSTRIA E COMERCIO,6001,25,117,55.948
2023,2023,56.720.428/0001-63,ROMI S.A.,51223,66,248,53.546
2023,2023,56.992.423/0001-90,BICICLETAS MONARK S.A.,461,21,1,22.0
2023,2023,58.119.199/0001-51,BRADSAÚDE S.A.,42362,196,309,46.523
2023,2023,58.430.828/0001-60,BLAU FARMACÊUTICA S.A.,17431,69,303,16.629
2023,2023,59.105.999/0001-86,WHIRLPOOL S.A.,10658,42,20,1.91
2023,2023,59.285.411/0001-13,BCO PAN S.A.,72434,857,263,25.738
2023,2023,59.418.806/0001-47,TRACK & FIELD CO S.A.,3784,11,103,5.662
2023,2023,59.717.553/0001-02,GRUPO MULTILASER S.A.,25893,107,139,58.026
2023,2023,59.789.545/0001-71,POLPAR S.A.,11,2,0,0.0
2023,2023,59.981.829/0001-65,RODOBENS SA,8,1,0,0.0
2023,2023,60.398.369/0004-79,PARANAPANEMA S.A. - EM RECUPERAÇÃO JUDICIAL,23102,188,20,100.0
2023,2023,60.444.437/0001-46,LIGHT SERVICOS DE ELETRICIDADE S.A.,0,1,0,0.0
2023,2023,60.476.884/0001-87,MAHLE METAL LEVE S.A.,59270,414,195,39.004
2023,2023,60.500.139/0001-26,SARAIVA LIVREIROS S.A. - EM RECUPERAÇÃO JUDICIAL,12300,98,0,95.295
2023,2023,60.537.263/0001-66,"ALLPARK EMPREENDIMENTOS, PARTICIPAÇÕES E SERVIÇOS S.A.",5853,40,42,40.846
2023,2023,60.543.816/0001-93,IGUATEMI S.A.,53340,1325,46,55.034
2023,2023,60.651.809/0001-05,SUZANO HOLDING S.A.,23,2,0,0.0
2023,2023,60.665.981/0001-18,UNIÃO QUÍMICA FARMACÊUTICA NACIONAL S.A.,2,2,0,0.0
2023,2023,60.730.348/0001-66,CIA MELHORAMENTOS DE SAO PAULO,257,22,3,11.794
2023,2023,60.746.948/0001-12,BCO BRADESCO S.A.,844391,34573,1129,62.253
2023,2023,60.770.336/0001-65,BCO ALFA DE INVESTIMENTO S.A.,24892,2658,82,18.004
2023,2023,60.840.055/0001-31,FLEURY S.A.,201462,237,874,44.011
2023,2023,60.851.615/0001-53,BARDELLA S.A. INDUSTRIAS MECANICAS EM RECUPERAÇÃO JUDICIAL,959,18,14,76.937
2023,2023,60.872.504/0001-23,ITAU UNIBANCO HOLDING S.A.,513029,13414,1569,52.981
2023,2023,60.884.319/0001-59,NORDON INDUSTRIAS METALURGICAS S.A.,333,10,0,1.074
2023,2023,60.894.730/0001-05,USINAS SID DE MINAS GERAIS S.A.-USIMINAS,180139,1354,410,53.964
2023,2023,60.933.603/0001-78,CESP - CIA ENERGETICA DE SAO PAULO,0,1,0,0.0
2023,2023,61.022.042/0001-18,CONSTRUTORA ADOLPHO LINDENBERG S.A.,445,9,0,12.181
2023,2023,61.065.298/0001-02,MANGELS INDUSTRIAL S.A.,1311,17,9,49.03
2023,2023,61.065.751/0001-80,ROSSI RESIDENCIAL S.A. - EM RECUPERAÇÃO JUDICIAL,4239,65,32,94.943
2023,2023,61.079.117/0001-05,ALPARGATAS S.A.,20123,840,196,27.747
2023,2023,61.080.313/0001-91,COBRASMA S.A.,2539,36,0,77.635
2023,2023,61.082.004/0001-50,MANUFATURA DE BRINQUEDOS ESTRELA S.A.,875,25,0,68.424
2023,2023,61.088.894/0001-08,CAMBUCI S.A.,3569,30,27,49.839
2023,2023,61.092.037/0001-81,ETERNIT S.A.,24663,177,89,98.22
2023,2023,61.156.113/0001-75,IOCHPE MAXION S.A.,49666,384,404,84.74
2023,2023,61.156.931/0001-78,ALIPERTI S.A.,4,1,0,49.293
2023,2023,61.186.680/0001-74,BANCO BMG S/A,79889,252,14,27.448
2023,2023,61.189.288/0001-89,MARISA LOJAS S.A.,46225,192,39,46.127
2023,2023,61.190.096/0001-92,EUROFARMA LABORATÓRIOS S.A.,1,2,0,0.0
2023,2023,61.351.532/0001-68,AZEVEDO E TRAVASSOS S.A.,19016,90,80,59.638
2023,2023,61.374.161/0001-30,BAUMER S.A.,945,23,0,34.881
2023,2023,61.409.892/0001-73,COMPANHIA BRASILEIRA DE ALUMÍNIO,37221,652,373,31.405
2023,2023,61.486.650/0001-83,DIAGNOSTICOS DA AMERICA S.A.,5974,47,247,19.395
2023,2023,61.532.644/0001-15,ITAÚSA S.A.,936740,4044,0,66.38
2023,2023,61.584.140/0001-49,REDE ENERGIA PARTICIPAÇÕES S.A.,7476,3,0,2.458
2023,2023,61.585.865/0001-51,RAIA DROGASIL S.A.,53700,213,1481,74.492
2023,2023,61.695.227/0001-93,ELETROPAULO METROP. ELET. SAO PAULO S.A.,0,1,0,0.0
2023,2023,61.856.571/0001-17,CIA GAS DE SAO PAULO - COMGAS,6051,98,8,0.86
2023,2023,62.002.886/0001-60,SAO PAULO TURISMO S.A.,2783,875,0,3.251
2023,2023,62.070.362/0001-06,COMPANHIA DO METROPOLITANO DE SÃO PAULO - METRÔ,0,3,0,2.401
2023,2023,62.144.175/0001-20,BCO PINE S.A,13882,70,6,25.206
2023,2023,62.232.889/0001-90,BCO DAYCOVAL S.A.,5,0,0,0.0
2023,2023,62.258.884/0001-36,INTERCEMENT BRASIL S.A. - EM RECUPERAÇÃO JUDICIAL,0,2,0,0.0
2023,2023,62.307.848/0001-15,BANCO RCI BRASIL S.A.,0,2,0,0.0
2023,2023,62.984.091/0001-02,CRUZEIRO DO SUL EDUCACIONAL S.A.,8316,161,56,12.392
2023,2023,64.904.295/0001-03,CAMIL ALIMENTOS S.A.,41831,118,90,28.554285
2023,2023,65.654.303/0001-73,DIBENS LEASING S.A. - ARREND.MERCANTIL,0,2,0,0.0
2023,2023,67.010.660/0001-24,RNI NEGÓCIOS IMOBILIÁRIOS S.A.,961,38,9,34.356
2023,2023,67.571.414/0001-41,VIVER INCORPORADORA E CONSTRUTORA S.A.,23445,51,15,99.366
2023,2023,67.620.377/0001-14,MINERVA S.A.,57821,357,724,42.984
2023,2023,68.400.225/0001-79,CLARANET TECHNOLOGY S.A.,1,2,0,100.0
2023,2023,71.208.516/0001-74,ALGAR TELECOM S/A,529,281,0,27.957
2023,2023,71.476.527/0001-35,CONSTRUTORA TENDA S.A.,18986,575,0,98.689
2023,2023,71.673.990/0001-77,NATURA COSMÉTICOS S.A.,0,1,0,0.0
2023,2023,73.178.600/0001-18,CYRELA BRAZIL REALTY S.A.EMPREEND E PART,90709,1090,355,66.489
2023,2023,73.903.718/0001-61,SNB PARTICIPACOES SA,1,1,0,0.0
2023,2023,75.315.333/0001-09,ATACADÃO S.A.,17461,299,390,25.328
2023,2023,75.609.123/0001-23,UNIDAS LOCAÇÕES E SERVIÇOS S.A.,0,0,1,0.0
2023,2023,76.483.817/0001-20,CIA PARANAENSE DE ENERGIA - COPEL,369238,1698,662,99.996
2023,2023,76.484.013/0001-45,CIA SANEAMENTO DO PARANA - SANEPAR,477645,1117,561,79.973
2023,2023,76.535.764/0001-43,OI S.A. - EM RECUPERAÇÃO JUDICIAL,468627,33778,442,90.218
2023,2023,76.627.504/0001-06,INEPAR S.A. INDUSTRIA E CONSTRUCOES EM RECUPERACAO JUDICIAL,0,0,0,100.0
2023,2023,79.430.682/0001-22,FARMÁCIA E DROGARIA NISSEI S.A.,0,1,0,0.0
2023,2023,80.680.093/0001-81,SENIOR SISTEMAS S.A.,65,21,0,4.806
2023,2023,81.106.957/0001-19,DESCARBONIZE SOLUÇÕES S.A.,0,0,1,0.0
2023,2023,81.243.735/0001-48,POSITIVO TECNOLOGIA S.A.,33994,115,273,51.771
2023,2023,81.616.807/0001-55,GRANJA FARIA S.A.,1,1,1,0.0
2023,2023,82.120.676/0001-83,ALMEIDA JUNIOR SHOPPING CENTERS S.A.,1,1,0,0.0
2023,2023,82.508.433/0001-17,CIA CATARINENSE DE AGUAS E SANEAM.-CASAN,107,18,125,0.01
2023,2023,82.636.986/0001-55,TEKA-TECELAGEM KUEHNRICH S.A. - EM RECUPERAÇÃO JUDICIAL,1042,24,0,37.494
2023,2023,82.640.558/0001-04,KARSTEN S.A.,1037,194,43,12.858
2023,2023,82.643.537/0001-34,ELECTRO ACO ALTONA S.A.,5841,21,25,59.769
2023,2023,82.901.000/0001-27,INTELBRAS S.A. IND. DE TELECOMUNICAÇÃO ELETRÔNICA BRASILEIRA,25725,146,221,34.885
2023,2023,82.981.929/0001-03,CIA INDUSTRIAL SCHLOSSER S.A.,741,17,8,100.0
2023,2023,82.982.075/0001-80,TEXTIL RENAUXVIEW S.A.,1401,32,1,44.731
2023,2023,83.475.913/0001-91,PBG S/A,20997,91,124,39.292
2023,2023,83.878.892/0001-55,CENTRAIS ELET DE SANTA CATARINA S.A.,8272,255,110,75.464
2023,2023,84.429.695/0001-11,WEG S.A.,334172,1607,1201,35.334
2023,2023,84.683.374/0001-49,TUPY S.A.,35713,527,154,99.764
2023,2023,84.683.408/0001-03,DOHLER S.A.,2331,28,0,12.49
2023,2023,84.683.671/0001-94,WETZEL S.A.,1338,18,16,49.097
2023,2023,84.684.455/0001-63,TIGRE S.A. PARTICIPAÇÕES,12,1,1,0.0
2023,2023,84.693.183/0001-68,SCHULZ S.A.,30885,93,242,56.366
2023,2023,85.041.333/0001-11,PORTO PONTA DO FELIX S/A,0,5,0,100.0
2023,2023,85.778.074/0001-06,METALURGICA RIOSULENSE S.A.,541,22,3,23.31
2023,2023,86.375.425/0001-09,METISA METALURGICA TIMBOENSE S.A.,6,2,0,35.139
2023,2023,86.550.951/0001-50,POMIFRUTAS S/A EM RECUPERACAO JUDICIAL,1900,14,0,54.227
2023,2023,87.043.832/0001-73,SEIVA S.A. - FLORESTAS E INDÚSTRIAS,104,1090,19,2.322
2023,2023,87.456.562/0001-22,JOSAPAR-JOAQUIM OLIVEIRA S.A. - PARTICIP,297,16,6,28.679
2023,2023,87.762.563/0001-03,CIA HABITASUL DE PARTICIPACOES,175751,1027,330,41.896
2023,2023,87.870.952/0001-44,BORRACHAS VIPAL S.A.,1,1,0,0.0
2023,2023,88.610.126/0001-29,FRASLE MOBILITY S.A.,8282,40,71,33.143
2023,2023,88.610.191/0001-54,MUNDIAL S.A. - PRODUTOS DE CONSUMO,2868,143,16,64.583
2023,2023,88.611.835/0001-29,MARCOPOLO S.A.,61157,506,222,76.034
2023,2023,88.613.658/0001-10,PETTENATI S.A. INDUSTRIA TEXTIL,37658,65,0,66.479182
2023,2023,89.086.144/0001-16,RANDONCORP S.A.,51140,566,586,60.11
2023,2023,89.096.457/0001-55,SLC AGRICOLA S.A.,70624,333,546,43.819
2023,2023,89.463.822/0001-12,LUPATECH S.A,10968,95,25,82.794
2023,2023,89.637.490/0001-45,KLABIN S.A.,651147,1404,1393,63.924
2023,2023,89.723.993/0001-33,CONSTRUTORA SULTEPA S.A. - EM RECUPERAÇÃO JUDICIAL,397,7,12,100.0
2023,2023,89.850.341/0001-60,GRENDENE S.A.,74549,261,148,29.693
2023,2023,90.076.886/0001-40,MINUPAR PARTICIPACOES S.A.,2175,36,8,40.113
2023,2023,90.400.888/0001-42,BCO SANTANDER (BRASIL) S.A.,309543,16394,885,9.53
2023,2023,90.441.460/0001-48,UNICASA INDÚSTRIA DE MÓVEIS S.A.,6692,47,9,43.138
2023,2023,91.333.666/0001-17,RECRUSUL S.A.,15096,30,19,61.276
2023,2023,91.669.747/0001-92,"DM FINANCEIRA S.A. - CRÉDITO, FINANCIAMENTO E INVESTIMENTO",237,19,0,5.487
2023,2023,91.983.056/0001-69,KEPLER WEBER S.A.,70344,468,101,98.251
2023,2023,92.012.467/0001-70,GRAZZIOTIN S.A.,7370,27,69,56.04
2023,2023,92.660.570/0001-26,TREVISA INVESTIMENTOS S.A.,206,6,11,30.352
2023,2023,92.665.611/0001-77,DIMED S.A. DISTRIBUIDORA DE MEDICAMENTOS,42769,376,51,47.389
2023,2023,92.690.783/0001-09,METALURGICA GERDAU S.A.,149788,594,672,71.167
2023,2023,92.693.019/0001-89,PANATLANTICA S.A.,650,93,8,34.705
2023,2023,92.702.067/0001-96,BANCO DO ESTADO DO RIO GRANDE DO SUL SA,162189,4682,539,50.611
2023,2023,92.715.812/0001-31,CPFL TRANSMISSÃO S.A.,0,1,0,0.0
2023,2023,92.721.232/0001-57,BANRISUL ARMAZENS GERAIS SA,224,46,0,0.518
2023,2023,92.749.225/0001-63,HERCULES S.A. FABRICA DE TALHERES,844,40,1,47.794
2023,2023,92.754.738/0001-62,LOJAS RENNER S.A.,135379,901,2001,98.778
2023,2023,92.781.335/0001-02,TAURUS ARMAS S.A.,113533,547,9,59.816
2023,2023,92.791.243/0001-03,IRANI PAPEL E EMBALAGEM S.A.,60629,560,3,44.415
2023,2023,92.802.784/0001-90,CIA RIOGRANDENSE DE SANEAMENTO,0,11,0,100.0
2023,2023,93.828.986/0001-73,CEMEPE INVESTIMENTOS S.A.,608,27,0,3.884
2023,2023,94.813.102/0001-70,TRÊS TENTOS AGROINDUSTRIAL S/A,15910,574,501,22.833
2023,2023,95.426.862/0001-97,EXCELSIOR ALIMENTOS S.A.,226,6,6,28.889
2023,2023,96.298.013/0001-68,PACAEMBU CONSTRUTORA S.A.,41,0,0,0.354
2023,2023,96.418.264/0218-02,LOJAS QUERO QUERO S.A.,19862,358,89,100.0
2023,2023,97.191.902/0001-94,CONSERVAS ODERICH S.A.,429,10,0,1.754
2023,2023,97.837.181/0001-47,DEXCO S.A.,22094,184,541,36.897
2024,2024,00.000.000/0001-91,BCO BRASIL S.A.,1166340,14908,1246,49.602
2024,2024,00.000.208/0001-00,BRB BANCO DE BRASILIA S.A.,3509,28,4,33.961
2024,2024,00.001.180/0001-26,AXIA ENERGIA S.A.,144406,10701,677,97.354
2024,2024,00.070.698/0001-11,COMPANHIA ENERGÉTICA DE BRASÍLIA - CEB,10545,94,18,19.851
2024,2024,00.080.671/0001-00,CARAMURU ALIMENTOS S.A.,6,4,0,0.0
2024,2024,00.192.769/0001-59,NEUMARKT TRADE AND FINANCIAL CENTER S/A,0,1,0,0.0
2024,2024,00.194.724/0001-13,AUREN OPERAÇÕES S.A.,0,1,0,100.0
2024,2024,00.242.184/0001-04,"ARMAC LOCAÇÃO, LOGÍSTICA E SERVIÇOS S.A.",2483,29,151,49.524
2024,2024,00.272.185/0001-93,CIMS S.A.,0,2,0,0.0
2024,2024,00.336.701/0001-04,TELEC BRASILEIRAS S.A. TELEBRAS,6482,1508,27,3.68
2024,2024,00.357.038/0001-16,AXIA ENERGIA NORTE S.A.,0,1,0,0.0
2024,2024,00.359.742/0001-08,FASA S.A. - EM RECUPERAÇÃO JUDICIAL,5043,18,11,21.898
2024,2024,00.383.281/0001-09,BNDES PARTICIPACOES S.A. - BNDESPAR,0,1,0,0.0
2024,2024,00.389.481/0001-79,LM TRANSPORTES INTERESTADUAIS SERVIÇOS E COMÉRCIO S.A.,2,1,0,0.0
2024,2024,00.545.378/0001-70,SERRA AZUL WATER PARK SA,0,0,1,100.0
2024,2024,00.622.416/0001-41,STATKRAFT ENERGIAS RENOVAVEIS S.A.,0,1,0,0.0
2024,2024,00.644.907/0001-93,INVESTCO S.A.,30,17,0,37.613
2024,2024,00.743.065/0001-27,LITEL PARTICIPACOES S.A.,0,3,1,19.378
2024,2024,00.776.574/0001-56,AMERICANAS S.A. - EM RECUPERAÇÃO JUDICIAL,151586,1473,388,50.0
2024,2024,00.864.214/0001-06,ENERGISA S.A.,27749,657,1230,71.29
2024,2024,00.873.894/0001-24,LETS RENT A CAR S/A,0,1,0,0.0
2024,2024,00.897.864/0001-58,SANTA CATARINA PART INVEST SA,0,2,0,100.0
2024,2024,00.924.429/0001-75,FERROVIA CENTRO-ATLANTICA S.A.,1,5,1,0.0
2024,2024,00.938.574/0001-05,CONC RIO-TERESOPOLIS S.A.,0,7,1,0.0
2024,2024,00.974.211/0001-25,LINHA AMARELA S.A. - LAMSA,0,1,0,0.0
2024,2024,00.979.969/0001-56,CAIXA ADM DIV PUB ESTADUAL SA,3,1,0,100.0
2024,2024,01.027.058/0001-91,CIELO S.A. -  INSTITUIÇÃO DE PAGAMENTO,119328,1117,220,33.777
2024,2024,01.083.200/0001-18,NEOENERGIA S.A.,65483,285,597,16.068
2024,2024,01.104.937/0001-70,ELETROBRÁS PARTICIPAÇÕES S.A. - ELETROPAR,0,1,0,0.0
2024,2024,01.107.327/0001-20,BBM LOGÍSTICA S.A.,2,0,1,0.0
2024,2024,01.258.944/0001-26,RUMO MALHA SUL S.A.,0,1,0,0.0
2024,2024,01.319.044/0001-41,WTC AMAZONAS SUITE HOTEL S.A.,2,0,0,100.0
2024,2024,01.417.222/0001-77,MRS LOGISTICA S.A.,540,13,1,1.254
2024,2024,01.543.032/0001-04,EQUATORIAL GOIÁS DISTRIBUIDORA DE ENERGIA S.A.,20,1,1,0.036
2024,2024,01.545.826/0001-07,GAFISA S.A.,30628,255,51,99.976
2024,2024,01.548.981/0001-79,INVESTIMENTOS BEMGE S.A.,1264,124,5,1.801
2024,2024,01.599.101/0001-93,SEQUOIA LOGÍSTICA E TRANSPORTES S.A.,16343,138,23,53.667
2024,2024,01.616.929/0001-02,SANEAMENTO DE GOIAS SA,1,60,2,0.0
2024,2024,01.637.895/0001-32,VOTORANTIM CIMENTOS S.A.,0,2,0,0.0
2024,2024,01.838.723/0001-27,BRF S.A.,64351,1527,1278,49.488
2024,2024,01.851.771/0001-55,524 PARTICIPACOES S.A.,0,1,1,0.0
2024,2024,01.896.779/0001-38,CSU DIGITAL S.A.,18850,77,123,44.369
2024,2024,01.917.818/0001-36,LIGHT ENERGIA S.A.,0,1,0,0.0
2024,2024,01.938.783/0001-11,CIA PARTICIPACOES ALIANCA DA BAHIA,1557,27,6,48.112
2024,2024,01.957.772/0001-89,SUL 116 PARTICIPAÇÕES S.A. - EM LIQUIDAÇÃO,0,4,1,0.0
2024,2024,01.968.293/0001-68,ELETRORIVER S.A.,7,1,0,34.034
2024,2024,01.989.044/0001-59,WTC RIO EMPREEND. E PARTICIPAÇÕES S.A.,2,0,0,100.0
2024,2024,02.016.440/0001-62,RGE SUL DISTRIBUIDORA DE ENERGIA S.A.,0,1,0,0.0
2024,2024,02.016.507/0001-69,AXIA ENERGIA SUL S.A.,0,1,0,0.0
2024,2024,02.031.413/0001-69,PETRO RIO JAGUAR PETRÓLEO S.A.,0,1,0,0.0
2024,2024,02.041.460/0001-93,V. TAL - REDE NEUTRA DE TELECOMUNICAÇÕES S.A.,0,2,3,0.0
2024,2024,02.062.747/0001-08,SUDESTE S.A.,0,1,1,0.0
2024,2024,02.149.205/0001-69,PORTO SEGURO S.A.,127965,407,512,28.235
2024,2024,02.162.616/0001-94,UPTICK PARTICIPACOES S.A. - EM LIQUIDAÇÃO,1,1,0,0.0
2024,2024,02.193.750/0001-52,DEXXOS PARTICIPAÇÕES S.A.,9871,486,74,98.811
2024,2024,02.201.787/0001-85,CEL PARTICIPAÇÕES S.A. - CELPAR,4,1,0,100.0
2024,2024,02.217.319/0001-07,YBYRÁ CAPITAL S.A.,2,2,0,74.499
2024,2024,02.255.187/0001-08,UNIFIQUE TELECOMUNICAÇÕES S.A.,36378,96,124,24.971
2024,2024,02.258.422/0001-97,INEPAR EQUIPAMENTOS E MONTAGENS S/A - EM RECUPERACAO JUDICIA,0,1,0,0.0
2024,2024,02.281.836/0001-37,TRANSNORDESTINA LOGISTICA SA,0,7,0,100.0
2024,2024,02.286.479/0001-08,LOCALIZA FLEET S.A.,0,1,0,0.0
2024,2024,02.291.077/0001-93,PRODUTORES ENERGET.DE MANSO S.A.- PROMAN,0,1,5,45.0
2024,2024,02.302.100/0001-06,EDP SÃO PAULO DISTRIBUIÇÃO DE ENERGIA S.A.,0,1,0,0.0
2024,2024,02.302.101/0001-42,EMAE - EMPRESA METROP. DE AGUAS E ENERGIA S.A.,29828,212,28,15.152
2024,2024,02.328.280/0001-97,ELEKTRO REDES S.A.,1702,15,8,0.322
2024,2024,02.338.534/0001-58,LONGDIS S.A.,3,3,0,0.214
2024,2024,02.351.144/0001-18,TEGMA GESTAO LOGISTICA S.A.,13591,58,308,48.484
2024,2024,02.351.877/0001-52,LWSA S/A,39218,281,475,69.071
2024,2024,02.357.251/0001-53,LIFEMED INDUSTRIAL DE EQUIP. E ART. MEDICOS E HOSP. S.A,0,4,0,0.0
2024,2024,02.365.069/0001-44,PADTEC HOLDING S.A.,6386,47,8,44.725
2024,2024,02.382.073/0001-10,PROLAGOS S/A - CONC.DE SERVICOS PÚBLICOS DE ÁGUA E ESGOTO,0,2,0,0.0
2024,2024,02.387.241/0001-60,RUMO S.A.,40305,292,1182,65.606
2024,2024,02.397.080/0001-96,ITAPEBI GERACAO DE ENERGIA S.A.,0,1,0,0.0
2024,2024,02.421.421/0001-11,TIM S.A.,1283458,221364,90,33.309
2024,2024,02.429.144/0001-93,CPFL ENERGIA S.A.,118271,5294,1257,16.293
2024,2024,02.451.848/0001-62,CONC SIST ANHANG-BANDEIRANT S.A. AUTOBAN,0,1,0,0.0
2024,2024,02.474.103/0001-19,ENGIE BRASIL ENERGIA S.A.,263061,7565,1094,31.282
2024,2024,02.502.844/0001-66,RUMO MALHA PAULISTA S.A.,0,1,0,0.0
2024,2024,02.509.491/0001-26,CONC ECOVIAS IMIGRANTES S.A.,0,1,0,0.0
2024,2024,02.536.066/0001-26,VITAL ENGENHARIA AMBIENTAL S.A.,0,2,0,69.345
2024,2024,02.558.157/0001-62,TELEFÔNICA BRASIL S.A,1464633,247343,1664,23.453
2024,2024,02.560.878/0001-07,HOSPITAL ANCHIETA S.A.,0,1,0,0.0
2024,2024,02.591.787/0001-39,CAPITALPART PARTICIPACOES S.A.,0,1,0,100.0
2024,2024,02.600.854/0001-34,TIM BRASIL SERVIÇOS E PARTICIPAÇÕES S.A.,0,2,0,0.0
2024,2024,02.635.522/0001-95,JALLES MACHADO S.A.,22697,135,219,31.696
2024,2024,02.664.042/0001-52,TERMINAL GARAGEM MENEZES CORTES S.A.,1,2,0,0.0
2024,2024,02.682.287/0001-02,"PAN FINANCEIRA S.A. - CRÉDITO, FINANCIAMENTO E INVESTIMENTO",0,2,0,100.0
2024,2024,02.724.983/0001-34,SANESALTO SANEAMENTO S.A.,0,1,0,0.0
2024,2024,02.762.113/0001-50,BRAZILIAN FINANCE E REAL ESTATE S.A.,0,1,0,0.0
2024,2024,02.762.121/0001-04,SANTOS BRASIL PARTICIPACOES S.A.,38481,106,453,47.391
2024,2024,02.762.124/0001-30,BETAPART PARTICIPACOES S.A.,4,0,0,0.0
2024,2024,02.783.423/0001-50,ALTERE SECURITIZADORA S.A.,2,0,0,100.0
2024,2024,02.796.775/0001-40,GAMA PARTICIPACOES S.A.,0,2,1,0.0
2024,2024,02.800.026/0001-40,COGNA EDUCAÇÃO S.A.,184104,709,450,99.779
2024,2024,02.846.056/0001-97,MOTIVA INFRAESTRUTURA DE MOBILIDADE S.A.,29338,178,1070,48.939
2024,2024,02.860.694/0001-62,T4F ENTRETENIMENTO S.A.,14555,121,1,42.935
2024,2024,02.916.265/0001-60,JBS S.A.,94512,1567,665,51.664
2024,2024,02.919.555/0001-67,ARTERIS S.A.,0,4,0,0.0
2024,2024,02.932.074/0001-91,HYPERA S.A.,36950,558,350,56.843
2024,2024,02.950.811/0001-89,PDG REALTY S.A. EMPREEND E PARTICIPACOES,21819,260,286,99.998
2024,2024,02.992.449/0001-09,PROMPT PARTICIPACOES S.A.,0,1,2,0.0
2024,2024,02.998.301/0001-81,RIO PARANAPANEMA ENERGIA S.A.,10222,53,188,3.809
2024,2024,02.998.611/0001-04,ISA ENERGIA BRASIL,317942,2088,287,64.182
2024,2024,03.014.553/0001-91,TPI - TRIUNFO PARTICIP. E INVEST. S.A.,11299,57,26,42.119
2024,2024,03.025.305/0001-46,RODOVIAS DAS COLINAS S.A.,0,1,0,0.0
2024,2024,03.207.703/0001-83,CONCESSIONARIA DE RODOVIAS DO INTERIOR PAULISTA S/A,0,1,0,0.0
2024,2024,03.220.438/0001-73,EQUATORIAL S.A.,55294,382,2014,100.0
2024,2024,03.279.285/0001-30,ORIZON MEIO AMBIENTE S.A.,0,1,0,0.0
2024,2024,03.303.999/0001-36,DTCOM - DIRECT TO COMPANY S.A.,579,6,0,2.026
2024,2024,03.342.704/0001-30,PETRORECÔNCAVO S.A.,29321,551,22,93.574
2024,2024,03.378.521/0001-75,LIGHT S.A. - EM RECUPERAÇÃO JUDICIAL,13997,256,186,99.998
2024,2024,03.467.321/0001-99,ENERGISA MATO GROSSO-DISTRIBUIDORA DE ENERGIA S/A,318,60,9,2.305
2024,2024,03.538.833/0001-07,XX DE NOVEMBRO INVESTIMENTOS E PARTICIPAÇÕES S.A.,1,0,1,0.0
2024,2024,03.758.318/0001-24,INVESTIMENTOS E PARTICIP. EM INFRA S.A. - INVEPAR,0,1,3,100.0
2024,2024,03.767.538/0001-14,BRAZILIAN SECURITIES CIA SECURITIZACAO,0,1,0,0.0
2024,2024,03.795.050/0001-09,TERMOPERNAMBUCO S.A.,0,1,0,0.0
2024,2024,03.802.115/0001-98,CLEAR SALE S.A.,0,2,0,0.0
2024,2024,03.818.379/0001-30,SABER SERVIÇOS EDUCACIONAIS S.A.,0,2,0,0.0
2024,2024,03.820.456/0001-96,BSB ENERGÉTICA S.A.,0,2,0,9.0
2024,2024,03.847.461/0001-92,BRADESPAR S.A.,205924,10528,391,71.563
2024,2024,03.853.896/0001-40,MARFRIG GLOBAL FOODS S.A.,73342,1005,1076,27.697
2024,2024,03.953.509/0001-47,CPFL GERACAO DE ENERGIA S.A.,0,1,0,0.0
2024,2024,03.983.431/0001-03,EDP - ENERGIAS DO BRASIL S.A.,0,2,0,0.0
2024,2024,04.030.182/0001-02,CABINDA PARTICIPACOES S.A.,1,1,0,100.0
2024,2024,04.031.213/0001-31,CACONDE PARTICIPACOES S.A.,1,1,0,0.0
2024,2024,04.032.433/0001-80,CONTAX PARTICIPAÇÕES S.A. - EM RECUPERAÇÃO JUDICIAL,3518,14,43,38.073
2024,2024,04.038.763/0001-82,CAIANDA PARTICIPACOES S.A.,1,1,0,0.0
2024,2024,04.065.053/0001-41,BRZ EMPREENDIMENTOS E CONSTRUÇÕES S.A.,1,1,0,0.0
2024,2024,04.069.709/0001-02,BIONEXO S.A.,1,1,3,21.809
2024,2024,04.089.570/0001-50,ÁGUAS GUARIROBA S.A,0,2,0,0.0
2024,2024,04.149.454/0001-80,ECORODOVIAS INFRAESTRUTURA E LOGÍSTICA S.A.,27750,273,205,47.291
2024,2024,04.172.213/0001-51,CIA PIRATININGA DE FORCA E LUZ,0,1,0,0.0
2024,2024,04.212.396/0001-91,VOKE S.A.,0,1,0,0.0
2024,2024,04.368.865/0001-66,LIGGA TELECOMUNICAÇÕES S.A.,1,1,0,0.0
2024,2024,04.368.898/0001-06,COPEL DISTRIBUIÇÃO S.A.,0,1,0,100.0
2024,2024,04.370.282/0001-70,COPEL GERAÇÃO E TRANSMISSÃO S.A.,0,1,0,0.0
2024,2024,04.423.567/0001-21,ENEVA S.A,28115,133,850,98.701
2024,2024,04.601.397/0001-28,BRISANET SERVIÇOS DE TELECOMUNICAÇÕES S.A.,11831,179,0,18.932
2024,2024,04.626.426/0001-06,BTG PACTUAL COMMODITIES SERTRADING S.A.,0,1,0,0.0
2024,2024,04.739.720/0001-24,USINA TERMELÉTRICA PAMPA SUL S.A.,0,2,0,0.0
2024,2024,04.752.991/0001-10,BIOMM S.A.,2370,103,0,69.593
2024,2024,04.821.041/0001-08,METALFRIO SOLUTIONS S.A.,313,20,0,64.426
2024,2024,04.895.728/0001-80,EQUATORIAL PARÁ DISTRIBUIDORA DE ENERGIA S.A.,3521,70,156,3.501
2024,2024,04.902.979/0001-44,BCO AMAZONIA S.A.,16026,570,3,2.994
2024,2024,04.912.242/0001-02,PORTUENSE FERRAGENS S/A,218,1,0,0.29
2024,2024,04.913.711/0001-08,BCO ESTADO DO PARA S.A.,219,119,1,0.023
2024,2024,04.972.092/0001-22,GRUPO FARTURA DE HORTIFRUT S.A.,4,2,0,0.0
2024,2024,04.986.320/0001-13,SER EDUCACIONAL S.A.,11333,51,116,40.595
2024,2024,04.992.714/0001-84,NOVA TRANSPORTADORA DO SUDESTE S.A. - NTS,0,2,0,0.0
2024,2024,05.197.443/0001-38,HAPVIDA PARTICIPAÇÕES E INVESTIMENTOS S.A.,57149,253,1711,61.918
2024,2024,05.303.439/0001-07,UNIGEL PARTICIPAÇÕES S.A.,0,2,0,0.0
2024,2024,05.336.882/0001-84,CACHOEIRA PAULISTA TRANSMISSORA ENERGIA S.A.,0,1,0,100.0
2024,2024,05.347.060/0001-07,INTERPLAYERS SOLUÇÕES INTEGRADAS S.A.,3,1,1,0.0
2024,2024,05.878.397/0001-32,ALLOS S.A.,52431,333,1030,86.384
2024,2024,05.917.486/0001-40,LIVETECH DA BAHIA INDÚSTRIA E COMÉRCIO S.A.,5266,81,0,33.389
2024,2024,06.016.348/0001-53,VENTOS DO SUL ENERGIA S.A.,0,2,0,0.0
2024,2024,06.047.087/0001-39,REDE D'OR SÃO LUIZ S.A.,73356,1715,0,50.028
2024,2024,06.057.223/0001-71,SENDAS DISTRIBUIDORA S.A.,39608542,6265129,1306371514,99.496
2024,2024,06.164.253/0001-87,GOL LINHAS AEREAS INTELIGENTES S.A.,101313,323,104,5.384
2024,2024,06.272.793/0001-84,EQUATORIAL MARANHÃO DISTRIBUIDORA DE ENERGIA S.A.,1563,20,28,1.486
2024,2024,06.347.409/0001-65,SBF COMÉRCIO DE PRODUTOS ESPORTIVOS S.A.,0,1,0,0.0
2024,2024,06.626.253/0001-51,EMPREENDIMENTOS PAGUE MENOS S.A.,23688,56,151,29.514
2024,2024,06.977.745/0001-91,BR MALLS PARTICIPACOES S.A.,0,1,0,0.0
2024,2024,06.981.176/0001-58,CEMIG GERACAO E TRANSMISSAO S.A.,0,1,0,0.0
2024,2024,06.981.180/0001-16,CEMIG DISTRIBUICAO S.A.,0,1,0,0.0
2024,2024,06.981.381/0001-13,CTC - CENTRO DE TECNOLOGIA CANAVIEIRA S.A.,0,86,1,19.903
2024,2024,07.040.108/0001-57,CAGECE - CIA DE AGUA E ESGOTO DO CEARA,4,5,0,11.204
2024,2024,07.043.628/0001-13,CLARO TELECOM PARTICIPAÇÕES S.A.,0,2,0,0.0
2024,2024,07.047.251/0001-70,CIA ENERGETICA DO CEARA - COELCE,6482,83,133,25.949
2024,2024,07.119.838/0001-48,SECME - COMPANHIA SECURITIZADORA DE CRÉDITOS IMOBILIÁRIOS,0,2,0,0.0
2024,2024,07.206.816/0001-15,M.DIAS BRANCO S.A. IND COM DE ALIMENTOS,49581,114,531,19.583
2024,2024,07.237.373/0001-20,BCO NORDESTE DO BRASIL S.A.,8939,1111,7,0.627
2024,2024,07.253.321/0001-47,CARBOMIL SA MINER. E INDUSTRIA,0,1,0,100.0
2024,2024,07.275.159/0001-68,PETROLEO LUB DO NORDESTE SA,177,365,0,96.467
2024,2024,07.282.377/0001-20,ENERGISA SUL-SUDESTE - DISTRIBUIDORA DE ENERGIA S/A,20,11,0,0.743
2024,2024,07.334.600/0001-35,MARINA DE IRACEMA PARK SA,8,2,0,0.0
2024,2024,07.401.436/0001-31,ELDORADO BRASIL CELULOSE S.A.,0,2,0,100.0
2024,2024,07.415.333/0001-20,SIMPAR S.A.,50764,670,20,25.087
2024,2024,07.526.557/0001-00,AMBEV S.A.,286411,1842,603,27.883
2024,2024,07.594.978/0001-78,SMARTFIT ESCOLA DE GINÁSTICA E DANÇA S.A.,9364,97,1009,71.507
2024,2024,07.628.528/0001-59,BRASILAGRO - CIA BRAS DE PROP AGRICOLAS,128059,375,220,61.822
2024,2024,07.636.657/0001-99,AÇO VERDE DO BRASIL S.A,4,1,0,0.0
2024,2024,07.659.538/0001-51,DINAMICA ENERGIA S.A.,3,1,0,100.0
2024,2024,07.682.638/0001-07,CONCESSIONÁRIA DA LINHA 4 DO METRÔ DE SÃO PAULO S.A.,0,3,0,0.0
2024,2024,07.689.002/0001-89,EMBRAER S.A.,60047,14058,690,99.212
2024,2024,07.704.246/0001-93,DATORA PARTICIPAÇÕES E SERVIÇOS S.A.,8,1,0,0.0
2024,2024,07.714.104/0001-07,GIGA MAIS FIBRA TELECOMUNICAÇÕES S.A.,5,3,1,0.0
2024,2024,07.718.269/0001-57,SPRINGS GLOBAL PARTICIPACOES S.A.,1885,49,33,47.08
2024,2024,07.802.794/0001-56,ESSENTIA PCHS S.A.,0,2,0,0.0
2024,2024,07.816.890/0001-53,MULTIPLAN - EMPREEND IMOBILIARIOS S.A.,39842,318,639,61.156
2024,2024,07.820.907/0001-46,FICA EMPREENDIMENTOS IMOBILIÁRIOS S.A.,320,6,25,98.288
2024,2024,07.823.262/0001-03,FOZ DO RIO CLARO ENERGIA S.A.,0,2,0,0.0
2024,2024,07.857.093/0001-14,AURA MINERALS INC.,26871,268,53,39.062
2024,2024,07.857.850/0001-50,"GP INVESTMENTS, LTD.",1363,19,20,12.843
2024,2024,07.859.971/0001-30,TRANSMISSORA ALIANÇA DE ENERGIA ELÉTRICA S.A.,773359,259,1880,63.445
2024,2024,07.882.930/0001-65,MITRE REALTY EMPREENDIMENTOS E PARTICIPAÇÕES S.A.,42822,187,210,54.064
2024,2024,07.976.147/0001-60,MOVIDA LOCAÇÃO DE VEÍCULOS S.A.,0,1,0,0.0
2024,2024,08.065.557/0001-12,TECNISA S.A.,29908,140,20,60.999
2024,2024,08.070.508/0001-78,RAIZEN ENERGIA S.A.,0,3,0,0.0
2024,2024,08.078.847/0001-09,LPS BRASIL - CONSULTORIA DE IMOVEIS S.A.,12455,91,27,70.658
2024,2024,08.100.057/0001-74,TECNOGERA-LOCAÇÃO E TRANSFORMAÇÃO DE ENERGIA S.A.,2,2,0,100.0
2024,2024,08.159.965/0001-33,IGUA SANEAMENTO S.A.,0,1,7,0.0
2024,2024,08.170.849/0001-15,DESKTOP S.A.,10973,120,136,30.913
2024,2024,08.213.823/0001-07,AURA ALMAS MINERAÇÃO S.A.,0,2,0,0.0
2024,2024,08.262.121/0001-13,ALUBAR METAIS E CABOS S.A.,4,1,0,0.0
2024,2024,08.294.224/0001-65,JHSF PARTICIPACOES S.A.,96558,299,316,43.119
2024,2024,08.312.229/0001-73,EZ TEC EMPREEND. E PARTICIPACOES S.A.,65762,301,297,43.43
2024,2024,08.322.396/0001-03,CERRADINHO BIOENERGIA S.A.,0,4,0,0.0
2024,2024,08.324.196/0001-81,CIA ENERGETICA DO RIO GDE NORTE - COSERN,0,1,0,0.0
2024,2024,08.343.492/0001-20,MRV ENGENHARIA E PARTICIPACOES S.A.,60242,881,599,66.718
2024,2024,08.364.948/0001-38,ALUPAR INVESTIMENTO S/A,147066,971,459,47.835
2024,2024,08.397.078/0001-01,GSH CORP PARTICIPAÇÕES S.A.,27,2,1,0.0
2024,2024,08.402.943/0001-52,GUARARAPES CONFECCOES S.A.,15676,138,267,16.415
2024,2024,08.424.178/0001-71,TECBLU TECELAGEM BLUMENAU S.A.,3,4,0,92.387
2024,2024,08.439.659/0001-50,CPFL ENERGIAS RENOVÁVEIS S.A.,0,2,0,0.0
2024,2024,08.467.115/0001-00,CIA ESTADUAL DE DISTRIB ENER ELET-CEEE-D,321,214,0,4.884
2024,2024,08.534.605/0001-74,RENOVA ENERGIA S.A.,14904,70,0,10.477
2024,2024,08.560.444/0001-93,CIA CELG DE PARTICIPACOES - CELGPAR,457,94,0,0.098
2024,2024,08.574.411/0001-00,PRÁTICA PRODUTOS S.A.,0,1,0,0.0
2024,2024,08.613.550/0001-98,NEXPE PARTICIPAÇÕES S.A,7521,27,2,39.514
2024,2024,08.764.621/0001-53,GENERAL SHOPPING E OUTLETS DO BRASIL BRASIL S.A.,1422,3,14,74.054
2024,2024,08.769.451/0001-08,VIRGO COMPANHIA DE SECURITIZAÇÃO,0,1,0,0.0
2024,2024,08.773.135/0001-00,2W ECOBANK S.A. - EM RECUPERAÇÃO JUDICIAL,20,1,0,0.0
2024,2024,08.773.191/0001-36,BRASILIANA PARTICIPAÇÕES S/A,0,2,0,0.0
2024,2024,08.795.211/0001-70,MAESTRO LOCADORA DE VEICULOS S.A.,3,1,3,0.0
2024,2024,08.797.760/0001-83,CURY CONSTRUTORA E INCORPORADORA S.A.,19278,804,184,45.608
2024,2024,08.801.621/0001-86,SYN PROP & TECH S.A.,16606,152,70,38.902
2024,2024,08.807.432/0001-10,YDUQS PARTICIPACOES S.A.,22698,123,427,94.951
2024,2024,08.811.643/0001-27,TRISUL S.A.,41205,251,0,37.029
2024,2024,08.822.767/0001-08,CONCESSIONÁRIA DA RODOVIA MG-050 S.A.,0,1,0,0.0
2024,2024,08.827.501/0001-58,AEGEA SANEAMENTO E PARTICIPAÇÕES S.A.,0,4,0,47.287
2024,2024,08.845.676/0001-98,CORPÓREOS - SERVIÇOS TERAPÊUTICOS S.A.,0,1,0,0.0
2024,2024,08.873.873/0001-10,ECORODOVIAS CONCESSÕES E SERVIÇOS S.A.,0,1,0,0.0
2024,2024,08.902.291/0001-15,CSN MINERAÇÃO S.A.,176860,1087,212,30.017
2024,2024,08.926.302/0001-05,PRIO FORTE S.A.,0,1,0,0.0
2024,2024,08.935.054/0001-50,MULTINER S/A,0,2,1,100.0
2024,2024,09.041.168/0001-10,LOG COMMERCIAL PROPERTIES E PARTICIPAÇÕES,12647,188,109,54.37
2024,2024,09.042.817/0001-05,BEMOBI MOBILE TECH S.A.,9923,96,216,92.65
2024,2024,09.053.134/0001-45,ELFA MEDICAMENTOS S.A.,33,2,5,16.326
2024,2024,09.054.385/0001-44,INBRANDS S.A.,12,3,0,0.109
2024,2024,09.074.183/0001-64,TRANSBRASILIANA CONCESSIONÁRIA DE RODOVIA S.A,0,1,0,100.0
2024,2024,09.095.183/0001-40,ENERGISA PARAÍBA - DISTRIBUIDORA DE ENERGIA S/A,0,1,0,0.0
2024,2024,09.112.685/0001-32,OSX BRASIL S.A. - EM RECUPERAÇÃO JUDICIAL,3770,19,4,50.576
2024,2024,09.114.805/0001-30,OCEANPACT SERVIÇOS MARITIMOS S.A.,6210,50,149,63.375
2024,2024,09.116.278/0001-01,CONPEL CIA NORDESTINA PAPEL - EM RECUPERAÇÃO JUDICIAL,0,1,0,100.0
2024,2024,09.146.451/0001-06,KALLAS INCORPORAÇÕES E CONSTRUÇÕES S.A.,0,1,0,0.0
2024,2024,09.149.503/0001-06,SERENA GERAÇÃO S.A.,0,1,0,0.0
2024,2024,09.229.201/0001-30,GPS PARTICIPAÇÕES E EMPREENDIMENTOS S.A.,5301,12,662,57.94
2024,2024,09.257.877/0001-37,FERROVIA NORTE SUL S/A,0,1,0,0.0
2024,2024,09.267.996/0001-70,YUNY INCORPORADORA HOLDING S.A.,2,0,0,0.0
2024,2024,09.288.252/0001-32,ANIMA HOLDING S.A.,24884,245,439,63.563
2024,2024,09.295.063/0001-97,TECHNOS S.A.,11886,40,19,31.257
2024,2024,09.305.994/0001-29,AZUL S.A.,112431,361,199,48.731
2024,2024,09.313.969/0001-97,AUTOPISTA LITORAL SUL,0,1,0,100.0
2024,2024,09.324.949/0001-11,AUTOPISTA FLUMINENSE SA,0,1,0,100.0
2024,2024,09.325.109/0001-73,AUTOPISTA PLANALTO SUL SA,0,1,0,100.0
2024,2024,09.326.342/0001-70,AUTOPISTA FERNÃO DIAS SA,0,1,0,100.0
2024,2024,09.336.431/0001-06,AUTOPISTA REGIS BITTENCOURT SA,0,1,0,0.0
2024,2024,09.346.601/0001-25,"B3 S.A. - BRASIL, BOLSA, BALCÃO",322443,2151,1525,98.668
2024,2024,09.347.516/0001-81,ELETROMIDIA S.A.,1003,8,152,0.742
2024,2024,09.359.927/0001-97,ASA BRANCA HOLDING S.A.,0,1,0,0.0
2024,2024,09.391.823/0001-60,AXIA ENERGIA UHE SANTO ANTÔNIO S.A.,0,1,0,0.0
2024,2024,09.414.761/0001-64,K-INFRA RODOVIA DO AÇO S.A.,0,1,0,0.0
2024,2024,09.478.309/0001-66,BRASIL BIOFUELS S.A.,3,3,0,9.867
2024,2024,09.527.023/0001-23,ENVIRONMENTAL ESG PARTICIPAÇÕES S.A.,0,1,0,0.0
2024,2024,09.538.973/0001-53,PDG COMPANHIA SECURITIZADORA,0,2,0,0.0
2024,2024,09.584.854/0001-37,MANAUS TRANSMISSORA DE ENERGIA S.A,0,1,0,100.0
2024,2024,09.611.768/0001-76,INC EMPREENDIMENTOS IMOBILIÁRIOS S.A.,2,0,0,0.0
2024,2024,09.625.321/0001-56,NORTE BRASIL TRANSMISSORA DE ENERGIA S.A.,0,5,0,0.0
2024,2024,09.813.204/0001-16,W2W E-COMMERCE DE VINHOS S.A.,5,4,0,0.0
2024,2024,10.139.870/0001-08,NEOGRID PARTICIPAÇÕES S.A.,24953,148,0,40.824
2024,2024,10.215.988/0001-60,COMPANHIA DE LOCAÇÃO DAS AMÉRICAS,0,1,0,0.0
2024,2024,10.234.027/0001-00,LINHAS DE MACAPÁ TRANSMISSORA DE ENERGIA S/A,0,2,0,0.0
2024,2024,10.240.186/0001-00,LINHAS DE XINGU TRANSMISSORA DE ENERGIA S/A,0,1,1,0.0
2024,2024,10.285.590/0001-08,GRUPO DE MODA SOMA S.A.,39515,325,800,63.767
2024,2024,10.319.900/0001-50,REGENERA RIO S.A.,0,1,0,0.0
2024,2024,10.324.624/0001-18,CONCESSÃO METROVIÁRIA DO RIO DE JANEIRO S.A.,0,1,0,0.0
2024,2024,10.338.320/0001-00,AFLUENTE TRANSMISSÃO DE ENERGIA ELÉTRICA S/A,3177,208,54,1.325
2024,2024,10.452.416/0001-02,REAG CAPITAL HOLDING S.A.,2,3,0,94.566
2024,2024,10.488.244/0001-19,INFRASEC SECURITIZADORA S.A.,0,2,0,100.0
2024,2024,10.502.676/0001-37,TERMELÉTRICA PERNAMBUCO III S.A.,0,1,0,0.0
2024,2024,10.531.501/0001-58,CONC AUTO RAPOSO TAVARES S.A.,0,1,0,100.0
2024,2024,10.571.175/0001-02,URBA DESENVOLVIMENTO URBANO S.A.,7,2,0,0.0
2024,2024,10.629.105/0001-68,PRIO S.A.,156534,992,2846,87.02
2024,2024,10.635.691/0001-53,VIARONDON CONCESSIONÁRIA DE RODOVIA S.A.,0,1,0,100.0
2024,2024,10.647.979/0001-48,CONC ROTA DAS BANDEIRAS S.A.,0,2,0,0.0
2024,2024,10.670.314/0001-55,VIABAHIA CONCESSIONÁRIA DE RODOVIAS SA,0,2,0,0.0
2024,2024,10.678.505/0001-63,CONC RODOVIAS DO TIETÊ S.A.,0,2,0,0.0
2024,2024,10.739.356/0001-03,BRBI BR PARTNERS S.A,35863,373,74,44.99
2024,2024,10.760.260/0001-19,CVC BRASIL OPERADORA E AGÊNCIA DE VIAGENS S.A.,148187,459,416,85.619
2024,2024,10.807.374/0001-77,BOA SAFRA SEMENTES S.A.,35536,143,208,34.165
2024,2024,10.835.932/0001-08,CIA ENERGETICA DE PERNAMBUCO - CELPE,0,1,0,0.0
2024,2024,10.841.050/0001-55,CONC ROD AYRTON SENNA E CARV PINTO S.A.-ECOPISTAS,0,1,0,0.0
2024,2024,11.274.829/0001-07,COMPANHIA PAULISTA DE SECURITIZAÇÃO,0,2,0,0.0
2024,2024,11.284.204/0001-18,YOU INC INCORPORADORA E PARTICIPAÇÕES S.A,3,0,2,24.378
2024,2024,11.421.994/0001-36,ORIZON VALORIZAÇÃO DE RESÍDUOS S.A.,5469,120,258,56.687
2024,2024,11.669.021/0001-10,ENAUTA PARTICIPAÇÕES S.A.,0,1,0,0.0
2024,2024,11.721.921/0001-60,ALPER CONSULTORIA E CORRETORA DE SEGUROS S.A.,1336,18,0,1.997
2024,2024,11.992.680/0001-93,QUALICORP CONSULTORIA E CORRETORA DE SEGUROS S.A.,53433,376,0,98.225
2024,2024,12.049.631/0001-84,MOURA DUBEUX ENGENHARIA S/A,12616,401,316,61.398
2024,2024,12.091.809/0001-55,BRAVA ENERGIA S.A.,80886,703,926,97.228
2024,2024,12.104.241/0004-02,ONCOCLÍNICAS DO BRASIL SERVIÇOS MÉDICOS S.A.,9288,72,274,87.979
2024,2024,12.108.897/0001-50,D1000 VAREJO FARMA PARTICIPAÇÕES S.A.,10608,102,13,32.441
2024,2024,12.181.987/0001-77,MELNICK DESENVOLVIMENTO IMOBILIÁRIO S.A.,12522,96,76,73.749
2024,2024,12.300.288/0001-07,NORTE ENERGIA S.A.,0,7,2,0.0
2024,2024,12.420.164/0001-57,CM HOSPITALAR S.A,4053,23,190,55.289
2024,2024,12.489.315/0001-23,FERREIRA GOMES ENERGIA S.A.,0,2,0,0.0
2024,2024,12.528.708/0001-07,AERIS IND. E COM. DE EQUIP. PARA GER. DE ENG. S.A.,67840,224,66,57.085
2024,2024,12.592.831/0001-89,MNLT S.A.,0,1,0,0.0
2024,2024,12.648.266/0001-24,AMBIPAR PARTICIPAÇÕES E EMPREENDIMENTOS S.A.,11200,36,184,22.11
2024,2024,12.648.327/0001-53,HIDROVIAS DO BRASIL S.A.,8795,282,212,30.616
2024,2024,12.919.786/0001-24,TCP TERMINAL DE CONTEINERES DE PARANAGUA SA,0,1,0,0.0
2024,2024,13.009.717/0001-46,BCO ESTADO DE SERGIPE S.A. - BANESE,4065,344,11,8.329
2024,2024,13.017.462/0001-63,ENERGISA SERGIPE - DISTRIBUIDORA DE ENERGIA S/A,0,1,0,0.0
2024,2024,13.217.485/0001-11,GRUPO SBF S.A.,29441,101,516,57.654
2024,2024,13.270.520/0001-66,KORA SAÚDE PARTICIPAÇÕES S.A.,3489,9,72,20.351
2024,2024,13.444.994/0001-87,MLOG S.A.,51,9,42,100.0
2024,2024,13.522.948/0001-59,SAFIRA HOLDING S.A.,2,0,0,0.0
2024,2024,13.574.594/0001-96,ZAMP SA,16516,67,164,26.533
2024,2024,13.584.310/0001-42,SUGOI S.A.,2,0,0,100.0
2024,2024,13.783.221/0004-78,MADERO INDÚSTRIA E COMÉRCIO S.A.,6,0,1,0.0
2024,2024,14.110.585/0001-07,MÉLIUZ S.A.,59341,269,51,69.877
2024,2024,14.127.813/0001-51,ARANDU INVESTIMENTOS S.A.,3382,62,62,34.605
2024,2024,14.191.427/0001-29,GRANBIO INVESTIMENTOS S.A.,0,2,0,13.959
2024,2024,14.292.540/0001-09,"BRAZIL TOWER, CESSÃO DE INFRA-ESTRUTURAS S.A",0,1,0,0.0
2024,2024,14.388.334/0001-99,PARANA BCO S.A.,20,0,0,0.0
2024,2024,14.776.142/0001-50,WESTWING COMÉRCIO VAREJISTA S.A.,5826,33,49,99.529
2024,2024,14.785.152/0001-51,HBR REALTY EMPREENDIMENTOS IMOBILIÁRIOS S.A.,3351,146,93,46.195
2024,2024,14.796.754/0001-04,ENGELHART CTP (BRASIL) S.A.,0,1,0,0.0
2024,2024,14.807.945/0001-24,SANSUY S.A. INDUSTRIA DE PLASTICOS,1511,58,0,43.087
2024,2024,14.882.295/0001-81,CBO HOLDING S.A.,0,5,0,24.48
2024,2024,14.998.371/0001-19,J. MACEDO S.A.,30,6,0,100.0
2024,2024,15.073.274/0001-88,PPLA PARTICIPATIONS LTD.,72563,1990,956,100.0
2024,2024,15.090.690/0001-94,CONCESSIONARIA ECOVIAS DO ARAGUAIA S.A.,0,1,0,0.0
2024,2024,15.114.494/0001-02,CORREDOR LOGÍSTICA E INFRAESTRUTURA S.A.,0,0,3,0.0
2024,2024,15.115.504/0001-24,TRONOX PIGMENTOS DO BRASIL S.A.,4927,168,97,28.353
2024,2024,15.139.629/0001-94,CIA ELETRICIDADE EST. DA BAHIA - COELBA,3188,273,11,1.007
2024,2024,15.141.799/0001-03,CIA FERRO LIGAS DA BAHIA - FERBASA,39136,140,287,45.802
2024,2024,15.385.166/0001-40,EQUIPAV SANEAMENTO S.A.,0,1,0,0.0
2024,2024,15.413.826/0001-50,ENERGISA MATO GROSSO DO SUL - DIST DE ENERGIA S.A.,1,2,0,0.065
2024,2024,15.440.708/0001-30,CONCESSIONÁRIA VIARIO S.A.,0,2,0,0.0
2024,2024,15.484.093/0001-44,ECO101 CONCESSIONÁRIA DE RODOVIAS S.A.,0,1,0,0.0
2024,2024,15.494.541/0001-90,SALUS INFRAESTRUTURA PORTUARIA SA,0,2,0,1.0
2024,2024,15.578.569/0001-06,CONC DO AEROPORTO INTERNACIONAL DE GUARULHOS S.A.,0,2,0,100.0
2024,2024,15.688.041/0001-90,MBK SECURITIZADORA SA,1,1,0,100.0
2024,2024,16.233.389/0001-55,CVLB BRASIL S.A EM RECUPERAÇÃO JUDICAL,11,4,0,0.0
2024,2024,16.234.171/0001-15,METANOR SA METANOL DO NE,118,135,6,100.0
2024,2024,16.404.287/0001-55,SUZANO S.A.,85528,1040,1714,49.902
2024,2024,16.590.234/0001-76,AZZAS 2154 S.A.,39235,226,407,66.174
2024,2024,16.614.075/0001-00,DIRECIONAL ENGENHARIA S.A.,48037,560,830,62.561
2024,2024,16.670.085/0001-55,LOCALIZA RENT A CAR S.A.,42620,1347,343,90.439
2024,2024,16.676.520/0001-59,HOSPITAL MATER DEI S.A.,4421,38,207,18.839
2024,2024,16.811.931/0001-00,ALPHAVILLE S.A.,776,12,39,21.364
2024,2024,16.838.421/0001-26,XP INVESTIMENTOS S.A.,0,1,0,100.0
2024,2024,16.922.038/0001-51,ENJOEI S.A.,23094,167,167,64.967
2024,2024,17.155.730/0001-64,CIA ENERGETICA DE MINAS GERAIS - CEMIG,516886,3321,1368,82.925
2024,2024,17.159.229/0001-76,LABORATÓRIO TEUTO BRASILEIRO S.A.,6,0,0,0.0
2024,2024,17.161.241/0001-15,MINASMAQUINAS S.A.,0,1,0,0.0
2024,2024,17.162.082/0001-73,MENDES JUNIOR ENGENHARIA S.A.,3531,41,21,3.213
2024,2024,17.167.396/0001-69,ALFA HOLDINGS S.A.,11655,1819,10,19.547
2024,2024,17.184.037/0001-10,BCO MERCANTIL DO BRASIL S.A.,6131,1040,27,46.18
2024,2024,17.234.244/0001-31,FTL - FERROVIA TRANSNORDESTINA LOGÍSTICA S.A.,0,3,0,100.0
2024,2024,17.245.234/0001-00,CIA FIACAO TECIDOS CEDRO CACHOEIRA,2911,37,4,61.311
2024,2024,17.281.106/0001-03,CIA SANEAMENTO DE MINAS GERAIS-COPASA MG,158806,1426,321,49.562
2024,2024,17.314.329/0001-20,INTERNATIONAL MEAL COMPANY ALIMENTACAO S.A.,32448,115,96,100.0
2024,2024,17.344.597/0001-94,BB SEGURIDADE PARTICIPAÇÕES S.A.,528094,3287,1360,31.867
2024,2024,17.359.233/0001-88,TECIDOS E ARMARINHOS MIGUEL BARTOLOMEU S.A.,45,0,0,100.0
2024,2024,18.174.270/0001-84,DOTZ S.A.,2591,37,1,30.598
2024,2024,18.328.118/0001-09,PET CENTER COMÉRCIO E PARTICIPAÇÕES S.A.,96010,390,437,63.863
2024,2024,18.483.666/0001-03,HUMBERG AGRIBRASIL COMÉRCIO E EXPORTAÇÃO DE GRÃOS S.A.,7,0,0,0.0
2024,2024,18.494.485/0001-82,PORTO SUDESTE V.M. S.A.,0,1,0,0.0
2024,2024,18.572.225/0001-88,CONCEBRA - CONCESSIONARIA DAS RODOVIAS CENTRAIS DO BRASIL,0,1,0,100.0
2024,2024,18.593.815/0001-97,PRINER SERVIÇOS INDUSTRIAIS S.A.,10222,280,56,98.308
2024,2024,18.903.785/0001-78,HOLDING DO ARAGUAIA S.A.,0,2,0,0.0
2024,2024,19.014.221/0001-47,CHINA THREE GORGES BRASIL ENERGIA S.A.,0,2,0,0.0
2024,2024,19.208.022/0001-70,ECO050 CONCESSIONÁRIA DE RODOVIAS S.A.,0,1,0,0.0
2024,2024,19.403.252/0001-90,EMCCAMP RESIDENCIAL S.A.,7,0,0,0.0
2024,2024,19.521.322/0001-04,CONCESSIONÁRIA ROTA DO OESTE S.A.,0,1,0,100.0
2024,2024,19.526.748/0001-50,COMPANHIA INDUSTRIAL CATAGUASES,136,6,0,17.395
2024,2024,19.527.586/0001-75,COMPANHIA ENERGÉTICA SINOP S/A,0,3,0,0.0
2024,2024,19.527.639/0001-58,ENERGISA MINAS RIO - DISTRIBUIDORA DE ENERGIA S/A,0,1,0,0.0
2024,2024,19.642.306/0001-70,CONCESSIONÁRIA DE RODOVIA SUL-MATOGROSSENSE S.A.,0,1,0,0.0
2024,2024,19.726.048/0001-00,CONCESSIONÁRIA BR-040 S.A.,0,1,0,0.0
2024,2024,19.796.586/0001-70,BRISANET PARTICIPAÇÕES S.A.,11347,60,154,20.038
2024,2024,20.247.322/0001-47,ALLIED TECNOLOGIA S.A.,15248,55,83,30.029
2024,2024,20.258.278/0001-70,OUROFINO S.A.,4087,71,27,42.94
2024,2024,20.512.706/0001-40,VITRU EDUCAÇÃO S.A.,0,1,9,100.0
2024,2024,20.514.555/0001-69,ARGO VI TRANSMISSÃO DE ENERGIA S.A.,0,2,0,0.0
2024,2024,20.514.590/0001-88,ARGO V TRANSMISSÃO DE ENERGIA S.A.,0,2,0,0.0
2024,2024,21.110.778/0001-23,OLIVEIRA TRUST S.A.,13,1,0,3.099
2024,2024,21.240.146/0001-84,AGROGALAXY PARTICIPAÇÕES S.A. - EM RECUPERAÇÃO JUDICIAL,9647,0,62,31.938
2024,2024,21.254.073/0001-80,COMPANHIA ITAUNENSE ENERGIA E PARTICIPAÇÕES,400,5,0,54.256
2024,2024,21.255.567/0001-89,CIA TECIDOS SANTANENSE EM RECUPERAÇÃO JUDICIAL,9021,96,1,43.444
2024,2024,21.314.559/0001-66,MOVIDA PARTICIPACOES SA,70814,764,919,35.017
2024,2024,21.389.501/0001-81,COMPASS GÁS E ENERGIA S.A.,1,1,20,12.0
2024,2024,21.414.457/0001-12,LEADS CIA. SECURITIZADORA,0,1,0,0.0
2024,2024,21.728.083/0001-00,TRANSMISSORA JOSÉ MARIA DE MACEDO DE ELETRICIDADE S.A.,0,2,0,0.0
2024,2024,21.948.105/0001-47,BTGI QUARTZO PARTICIPAÇÕES S/A,0,1,1,0.0
2024,2024,21.976.510/0001-79,BTGI SAFIRA PARTICIPAÇÕES S/A,0,1,1,0.0
2024,2024,22.163.297/0001-49,CONCESSIONÁRIA PONTE RIO-NITERÓI S.A. - ECOPONTE,0,1,0,0.0
2024,2024,22.261.473/0001-85,COMPANHIA DE GÁS DE MINAS GERAIS - GASMIG,0,2,0,0.43
2024,2024,22.266.175/0001-88,FERTILIZANTES HERINGER S.A.,8603,32,10,10.023
2024,2024,22.543.331/0001-00,CAIXA SEGURIDADE PARTICIPAÇÕES S.A.,282438,1114,751,17.25
2024,2024,22.677.520/0001-76,CIA TECIDOS NORTE DE MINAS COTEMINAS,2454,1501,2,47.068
2024,2024,23.041.875/0001-37,ALMACENES ÉXITO S.A.,58,5,4,9.343
2024,2024,23.096.269/0001-19,RIO PARANA ENERGIA S.A.,0,2,0,33.333
2024,2024,23.236.821/0001-27,PATRIMAR ENGENHARIA S.A.,4,1,0,0.0
2024,2024,23.373.000/0001-32,"VAMOS LOCAÇÃO DE CAMINHÕES, MÁQUINAS E EQUIPAMENTOS S.A.",46722,344,784,44.88
2024,2024,23.438.929/0001-00,ALARES INTERNET PARTICIPAÇÕES S/A,11,0,1,0.0
2024,2024,23.994.857/0001-70,ATOM EDUCAÇÃO E EDITORA S.A.,4933,14,11,24.734
2024,2024,24.230.275/0001-80,PLANO & PLANO DESENVOLVIMENTO IMOBILIÁRIO S.A.,10364,78,228,26.748
2024,2024,24.396.489/0001-20,BRK AMBIENTAL PARTICIPAÇÕES S.A.,0,0,2,0.0
2024,2024,24.624.490/0001-65,ARGO TRANSMISSÃO DE ENERGIA S/A,0,1,0,100.0
2024,2024,24.624.551/0001-94,ARGO ENERGIA EMPREENDIMENTOS E PARTICIPAÇÕES S/A,0,2,1,0.0
2024,2024,24.921.465/0001-43,BLUEFIT ACADEMIAS DE GINÁSTICA E PARTICIPAÇÕES S.A.,1,2,4,100.0
2024,2024,24.962.466/0001-36,RUMO MALHA NORTE S.A.,0,0,5,0.48
2024,2024,24.990.777/0001-09,GRUPO MATEUS S.A.,42911,275,282,20.544
2024,2024,25.249.439/0001-83,HOSPITAL CARE CALEDONIA S.A.,327,19,3,0.0
2024,2024,25.369.840/0001-57,COMERC ENERGIA S.A.,0,1,0,0.0
2024,2024,26.072.786/0001-46,QESTRA TECNOLOGIA ADMINISTRAÇÃO E PARTICIPAÇÕES S.A.,55,14,1,100.0
2024,2024,26.345.998/0001-50,ECONOMATICA S.A.,5321,59,24,25.625
2024,2024,26.462.693/0001-28,LAVVI EMPREENDIMENTOS IMOBILIÁRIOS S.A.,28153,213,256,37.061
2024,2024,26.609.050/0001-64,TRAVESSIA SECURITIZADORA S.A.,1,1,0,0.0
2024,2024,26.659.061/0001-59,MPM CORPÓREOS S.A.,17646,0,180,52.402
2024,2024,26.664.057/0001-89,ENTREVIAS CONCESSIONÁRIA DE RODOVIAS S.A.,0,1,0,100.0
2024,2024,26.845.702/0001-60,BELÉM TRANSMISSORA DE ENERGIA S.A,0,1,0,0.0
2024,2024,26.982.634/0001-80,TURBI COMPARTILHAMENTO DE VEÍCULOS S.A.,16,6,1,29.876
2024,2024,27.093.558/0001-15,"MILLS LOCAÇÃO, SERVIÇOS E LOGÍSTICA S.A.",13353,311,46,72.996
2024,2024,27.137.879/0001-74,CIA SEC DE CRÉDITOS FINANCEIROS CARTÕES CONSIGNADOS I,2,1,0,0.0
2024,2024,27.157.474/0001-06,ÁGUAS DE TERESINA SANEAMENTO SPE S.A.,0,1,0,0.0
2024,2024,27.743.642/0001-37,CONSTRUTORA METROCASA S.A.,0,2,0,0.0
2024,2024,27.956.690/0001-03,AUZZA SECURITIZADORA S. A.,4,1,0,0.0
2024,2024,27.967.244/0001-02,TAPAJÓS TRANSMISSORA DE ENERGIA S.A.,0,1,0,0.0
2024,2024,28.019.100/0001-89,VIAPAULISTA S.A.,0,1,0,0.0
2024,2024,28.127.603/0001-78,BANESTES S.A. - BCO EST ESPIRITO SANTO,45531,64,13,4.593
2024,2024,28.152.650/0001-71,EDP ESPIRITO SANTO DISTRIBUIÇÃO DE ENERGIA S.A.,0,1,0,0.0
2024,2024,28.195.667/0001-06,BCO ABC BRASIL S.A.,58724,579,289,29.881
2024,2024,28.201.130/0001-01,ENERGISA TRANSMISSÃO DE ENERGIA S/A,0,2,0,0.0
2024,2024,28.594.234/0001-23,AUREN ENERGIA S.A.,155668,734,619,30.821
2024,2024,28.925.264/0001-75,COMPANHIA ENERGÉTICA JAGUARA,0,2,0,0.0
2024,2024,28.942.127/0001-49,COMPANHIA ENERGÉTICA MIRANDA,0,2,0,0.0
2024,2024,29.780.061/0001-09,SAO CARLOS EMPREEND E PARTICIPACOES S.A.,3541,203,203,42.453
2024,2024,29.884.545/0001-90,ECORIOMINAS CONCESSIONÁRIA DE RODOVIAS S.A.,0,1,0,0.0
2024,2024,29.950.060/0001-57,NORTEC QUÍMICA S.A.,3,1,0,0.0
2024,2024,29.980.141/0001-08,OCEÂNICA ENGENHARIA E CONSULTORIA S.A.,1,1,0,0.0
2024,2024,30.213.493/0001-09,TEGRA INCORPORADORA S.A.,0,1,1,0.0
2024,2024,30.306.294/0001-45,BCO BTG PACTUAL S.A.,78204,2024,985,33.566
2024,2024,30.540.991/0001-66,HAGA S.A. INDUSTRIA E COMERCIO,5310,35,0,75.747
2024,2024,31.001.230/0001-07,CELEO REDES TRANSMISSÃO DE ENERGIA S.A.,0,1,0,100.0
2024,2024,31.553.627/0001-01,GRUPO TOKY S.A. - EM RECUPERAÇÃO JUDICIAL,4765,86,13,93.839
2024,2024,31.748.174/0001-60,VERO S.A.,27,7,3,0.0
2024,2024,32.021.201/0001-61,ORIGEM ENERGIA S.A.,3,0,2,0.0
2024,2024,32.161.500/0001-00,CONCESSIONÁRIA DAS RODOVIAS INTEGRADAS DO SUL S.A.,0,1,0,0.0
2024,2024,32.431.519/0001-10,HÉLIO VALGAS SOLAR PARTICIPAÇÕES S.A.,0,1,0,0.0
2024,2024,32.681.371/0001-72,VIX LOGÍSTICA S.A.,1,2,0,0.0
2024,2024,32.785.497/0001-97,NATURA &CO HOLDING S.A.,53751,1064,247,60.577
2024,2024,33.000.167/0001-01,PETROLEO BRASILEIRO S.A. PETROBRAS,905484,5344,2372,61.248
2024,2024,33.035.536/0001-00,JOAO FORTES ENGENHARIA S.A. - EM RECUPERAÇÃO JUDICIAL,0,0,0,0.0
2024,2024,33.040.601/0001-87,"MERCANTIL FINANCEIRA S.A. - SOC. CRÉDITO, FINANC E INVESTIME",510,54,3,4.694
2024,2024,33.041.260/0652-90,GRUPO CASAS BAHIA S.A.,316344,1079,395,99.872
2024,2024,33.042.730/0001-04,CIA SIDERURGICA NACIONAL,89104,1983,1922,54.857
2024,2024,33.050.071/0001-58,AMPLA ENERGIA E SERVICOS S.A.,1030,37,3,0.191
2024,2024,33.050.196/0001-88,CIA PAULISTA DE FORCA E LUZ,0,1,0,0.0
2024,2024,33.102.476/0001-92,MONTEIRO ARANHA S.A.,263,8,13,4.601
2024,2024,33.113.309/0001-47,VALID SOLUÇÕES S.A.,20938,212,201,92.901
2024,2024,33.130.691/0001-05,WILSON SONS S.A.,2333,125,158,42.108
2024,2024,33.200.049/0001-47,HOTEIS OTHON S.A. - EM RECUPERAÇÃO JUDICIAL,1987,40,10,13.95
2024,2024,33.228.024/0001-51,WLM PART. E COMÉRCIO DE MÁQUINAS E VEÍCULOS S.A.,4336,25,19,15.107
2024,2024,33.256.439/0001-39,ULTRAPAR PARTICIPACOES S.A.,29338,684,1467,97.631
2024,2024,33.352.394/0001-04,CIA ESTADUAL DE ÁGUAS E ESGOTOS - CEDAE,666,7,0,0.0
2024,2024,33.376.989/0001-91,IRB - BRASIL RESSEGUROS S.A.,185427,849,336,99.994
2024,2024,33.386.210/0001-19,SONDOTECNICA ENGENHARIA SOLOS S.A.,849,8,13,13.024
2024,2024,33.412.081/0001-96,REFINARIA DE PETROLEOS MANGUINHOS S.A.,5372,31,0,32.265
2024,2024,33.453.598/0001-23,RAÍZEN S.A.,120450,655,364,11.523
2024,2024,33.467.572/0001-34,TEKNO S.A. - INDUSTRIA E COMERCIO,511,13,9,31.648
2024,2024,33.541.368/0001-16,AXIA ENERGIA NORDESTE S.A.,0,1,0,0.0
2024,2024,33.572.408/0001-97,RUMO MALHA CENTRAL S.A.,0,1,0,0.0
2024,2024,33.592.510/0001-54,VALE S.A.,932566,15779,1419,94.024
2024,2024,33.611.500/0001-19,GERDAU S.A.,254931,3384,1316,64.332
2024,2024,33.839.910/0001-11,VIVARA PARTICIPAÇÕES S.A.,46993,545,884,52.143
2024,2024,33.938.119/0001-69,CIA DISTRIB DE GAS DO RIO DE JANEIRO-CEG,142,11,6,0.161
2024,2024,33.958.695/0001-78,UNIPAR CARBOCLORO S.A.,105516,528,365,46.379
2024,2024,34.169.557/0001-72,BCO MERCANTIL DE INVESTIMENTOS S.A.,2723,402,1,7.467
2024,2024,34.274.233/0001-02,VIBRA ENERGIA S/A,85864,583,912,99.548
2024,2024,35.522.178/0001-87,CIA SECURITIZADORA DE CRED. FIN. CARTÕES CONSIGNADOS II,0,2,0,0.0
2024,2024,35.593.905/0001-05,CONCESSIONÁRIA ECOVIAS DO CERRADO S.A.,0,1,0,0.0
2024,2024,35.654.688/0001-08,AUTOMOB PARTICIPAÇÕES S.A.,71307,1279,558,28.171
2024,2024,35.727.157/0001-06,EZ INC INCORPORAÇÕES S.A.,0,1,0,0.0
2024,2024,35.764.708/0001-01,BRASIL TECNOLOGIA E PARTICIPAÇÕES S.A.,0,2,0,0.0
2024,2024,35.791.391/0001-94,QUALITY SOFTWARE S.A.,7,1,1,0.0
2024,2024,35.822.503/0001-27,INSPIRALI EDUCAÇÃO S.A.,17,1,1,0.0
2024,2024,35.980.592/0001-30,ELEA DIGITAL INFRAESTRUTURA E REDES DE TELECOMUNICAÇÕES S.A.,0,1,0,100.0
2024,2024,36.146.575/0001-64,EIXO SP CONCESSIONÁRIA DE RODOVIAS S.A.,0,1,0,0.0
2024,2024,36.542.025/0001-64,BRQ SOLUCOES EM INFORMATICA S.A.,12,1,0,0.0
2024,2024,36.763.716/0001-98,CONCESSIONÁRIA CATARINENSE DE RODOVIAS S.A.,0,1,0,0.0
2024,2024,37.663.076/0001-07,AUREN PARTICIPAÇÕES S.A.,0,1,0,0.0
2024,2024,37.702.340/0001-74,AUSTRAVIAS S.A.,0,2,0,0.0
2024,2024,38.042.694/0001-00,TRAVESSIA SECURITIZADORA DE CRÉDITOS FINANCEIROS S.A.,1,1,0,100.0
2024,2024,38.199.406/0001-18,RIO ALTO ENERGIAS RENOVÁVEIS S.A.,2,0,0,0.0
2024,2024,38.286.323/0001-66,ASSURUÁ 4 E 5 HOLDING ENERGIA S.A.,0,1,0,0.0
2024,2024,38.307.135/0001-77,"G2D INVESTMENTS, LTD.",7412,60,15,35.787
2024,2024,38.456.921/0001-36,INFRACOMMERCE CXAAS S.A.,28472,153,0,92.367
2024,2024,38.482.780/0001-26,ANEMUS WIND HOLDING S.A.,0,3,0,0.0
2024,2024,39.115.514/0001-28,RUMO MALHA OESTE S.A.,0,1,0,0.0
2024,2024,39.346.861/0350-38,CENCOSUD BRASIL COMERCIAL S.A.,0,2,0,0.0
2024,2024,39.580.673/0001-01,BRK AMBIENTAL - REGIÃO METROPOLITANA DE MACEIÓ S.A.,0,1,0,0.0
2024,2024,39.881.421/0001-04,COMPANHIA ESTADUAL DE GERAÇÃO DE ENERGIA ELÉTRICA - CEEE-G,0,1,1,100.0
2024,2024,40.159.947/0001-64,HMOBI PARTICIPAÇÕES S.A.,0,1,3,48.476
2024,2024,40.180.943/0001-68,REFINARIA DE MANAUS S.A.,3,0,0,0.0
2024,2024,40.263.170/0001-83,SOLVI ESSENCIS AMBIENTAL S.A.,0,1,0,0.0
2024,2024,40.337.136/0001-06,TERRA SANTA PROPRIEDADES AGRÍCOLAS S.A.,4557,24,73,54.58
2024,2024,40.480.481/0001-02,RIO ALTO STL HOLDING I S.A.,1,1,0,0.0
2024,2024,40.593.395/0001-06,IFIN PARTICIPAÇÕES S.A.,0,1,0,0.0
2024,2024,40.997.635/0001-20,TRV XLIII SECURITIZADORA DE CREDITOS MERCANTIS S.A.,1,1,0,0.0
2024,2024,41.052.420/0001-07,SOLAR BEBIDAS S.A.,15,5,0,27.49
2024,2024,41.096.674/0001-19,CANTU STORE S.A.,5,0,1,25.664
2024,2024,41.335.131/0001-07,MOTTU I S.A,0,1,0,100.0
2024,2024,41.508.382/0001-46,RODOVIAS DO BRASIL HOLDING S.A.,0,2,0,0.0
2024,2024,41.570.356/0001-48,VRENTAL LOCAÇÃO DE MÁQUINAS E EQUIPAMENTOS S.A.,6,1,1,100.0
2024,2024,41.886.692/0001-02,CONCESSIONARIA ROTA DE SANTA MARIA S.A,0,2,0,100.0
2024,2024,42.150.391/0001-70,BRASKEM S.A.,63709,3415,198,34.969
2024,2024,42.233.757/0001-75,ALVAREZ & MARSAL INVESTIMENTOS I S.A.,1,1,0,0.0
2024,2024,42.278.291/0001-24,LOG-IN LOGISTICA INTERMODAL S.A.,5005,38,67,24.456
2024,2024,42.278.473/0001-03,WIZ CO PARTICIPAÇÕES E CORRETAGEM DE SEGUROS S.A.,79663,372,84,47.124
2024,2024,42.292.007/0001-74,RIO+ SANEAMENTO BL 3 S.A.,0,1,0,0.0
2024,2024,42.310.775/0001-03,ÁGUAS DO RIO 1 SPE S.A.,0,1,0,0.0
2024,2024,42.331.462/0001-31,EMBPAR PARTICIPAÇÕES S/A,1052,14,0,12.918
2024,2024,42.353.180/0001-35,IGUÁ RIO DE JANEIRO S.A.,0,1,0,100.0
2024,2024,42.500.384/0001-51,SERENA ENERGIA S.A.,10144,81,313,70.599
2024,2024,42.644.220/0001-06,ÁGUAS DO RIO 4 SPE S.A.,0,1,0,0.0
2024,2024,42.737.954/0001-21,"INTER & CO, INC.",121962,493,543,70.44
2024,2024,42.771.949/0001-35,ALLIANÇA SAÚDE E PARTICIPAÇÕES S.A.,3563,41,85,5.676
2024,2024,43.283.811/0001-50,KALUNGA S.A,2,0,0,0.0
2024,2024,43.335.774/0001-86,TRAVESSIA SECURITIZADORA DE CRÉDITOS MERCANTIS VI S.A.,1,1,0,0.0
2024,2024,43.470.988/0001-65,EVEN CONSTRUTORA E INCORPORADORA S.A.,17114,82,201,94.887
2024,2024,43.513.237/0001-89,AUTOMOB S.A.,6,1,0,4.056
2024,2024,43.514.079/0001-81,CLI SUL S.A.,0,2,0,0.0
2024,2024,43.776.517/0001-80,CIA SANEAMENTO BASICO EST SAO PAULO,57019,583,2878,99.998
2024,2024,43.948.405/0001-69,LUPO S.A.,75,4,0,25.576
2024,2024,44.067.725/0001-72,VIA BRASIL BR 163 CONCESSIONÁRIA DE RODOVIAS S.A.,0,1,0,0.0
2024,2024,44.319.688/0001-42,CONCESSIONÁRIA DO SISTEMA RODOVIÁRIO RIO-SÃO PAULO S.A,0,1,0,0.0
2024,2024,44.854.238/0001-50,PARSAN S.A.,0,6,0,100.0
2024,2024,45.242.914/0001-05,C&A MODAS S.A.,25898,7,782,44.906
2024,2024,45.365.558/0001-09,VITTIA S.A.,4123,24,141,32.69
2024,2024,45.453.214/0001-51,PROFARMA DISTRIB PROD FARMACEUTICOS S.A.,11348,71,6,73.461
2024,2024,45.456.117/0001-12,ÁGUAS DO SERTÃO S.A.,0,1,0,0.0
2024,2024,45.736.131/0001-70,UNIDAS LOCADORA S.A.,0,0,1,0.0
2024,2024,45.987.245/0001-92,BIOMA EDUCAÇÃO S.A.,1030,30,12,22.154
2024,2024,46.119.855/0001-37,SOCIEDADE ABASTECIMENTO DE ÁGUA E SANEAMENTO S.A - SANASA,1,4,0,0.0
2024,2024,46.573.272/0001-81,PORTO SAÚDE PARTICIPAÇÕES S.A.,0,2,0,0.0
2024,2024,47.508.411/0001-56,CIA BRASILEIRA DE DISTRIBUICAO,52823,349,366,86.524
2024,2024,47.509.120/0001-82,BRADESCO LEASING S.A. ARREND MERCANTIL,0,1,0,0.0
2024,2024,47.586.663/0001-01,NOVA SOCIEDADE DE NAVEGAÇÃO S.A.,0,2,0,100.0
2024,2024,47.960.950/0001-21,MAGAZINE LUIZA S.A.,473643,1554,755,47.828
2024,2024,48.127.008/0001-40,CONCESSIONÁRIA RODOVIAS DO SUL DE MINAS SPE S.A.,0,2,0,0.0
2024,2024,48.127.012/0001-08,CONCESSIONÁRIA RODOVIAS DO TRIÂNGULO SPE S.A.,0,2,0,0.0
2024,2024,48.710.127/0001-20,SPE NOVO NORTE AEROPORTOS S.A,0,2,0,5.0
2024,2024,48.851.242/0001-15,CONCESSIONARIA DAS RODOVIAS DO LESTE MS S/A,0,5,0,0.0
2024,2024,49.115.815/0001-05,JBS N.V.,0,1,0,0.0
2024,2024,49.263.189/0001-02,HELBOR EMPREENDIMENTOS S.A.,26303,123,34,49.006
2024,2024,49.314.049/0001-08,CONCESSIONÁRIA DE RODOVIAS NOROESTE PAULISTA S.A,0,1,0,0.0
2024,2024,49.669.856/0001-43,VESTE S.A. ESTILO,8067,55,21,96.274
2024,2024,50.399.553/0001-37,CONCESSIONÁRIA RODOANEL NORTE SPE S.A.,0,1,0,0.0
2024,2024,50.564.053/0001-03,BOMBRIL S.A. - EM RECUPERAÇÃO JUDICIAL,8314,34,21,27.255
2024,2024,50.746.577/0001-15,COSAN S.A.,155346,1160,835,62.158
2024,2024,50.926.955/0001-42,VULCABRAS S.A.,18837,222,351,34.164
2024,2024,51.128.999/0001-90,NUTRIPLANT INDUSTRIA E COMERCIO S.A.,780,7,1,24.564
2024,2024,51.136.974/0001-38,EPR INFRAESTRUTURA PR S.A.,0,2,0,0.0
2024,2024,51.137.031/0001-20,EPR LITORAL PIONEIRO S.A.,0,1,0,0.0
2024,2024,51.218.147/0001-93,IGUATEMI EMPRESA DE SHOPPING CENTERS S.A,0,1,0,0.0
2024,2024,51.430.503/0001-38,PORTO SERVIÇO S.A,0,2,0,0.0
2024,2024,51.466.860/0001-56,SAO MARTINHO S.A.,19005,152,687,41.097
2024,2024,51.742.485/0001-20,CONCESSIONÁRIA RODOVIAS DO CAFÉ SPE S.A.,0,2,0,0.0
2024,2024,51.928.174/0001-50,PLASCAR PARTICIPACOES INDUSTRIAIS S.A.,1002,12,1,36.106
2024,2024,52.017.473/0001-03,AZEVEDO & TRAVASSOS ENERGIA S.A.,0,1,0,100.0
2024,2024,52.270.350/0001-71,B100 S.A.,1897,18,14,3.035
2024,2024,52.475.549/0001-36,R/HOLDINGS S.A.,1,1,0,0.0
2024,2024,52.548.435/0001-79,JSL S.A.,5542,28,210,22.065
2024,2024,52.805.925/0001-03,BELORA RDVC CITY DESENVOLVIMENTO IMOBILIÁRIO S.A.,22331,314,6,100.0
2024,2024,52.810.883/0001-07,REVEE MCO S.A.,1,1,0,0.0
2024,2024,52.841.191/0001-18,REVEE S.A.,2048,32,16,34.689
2024,2024,53.113.791/0001-22,TOTVS S.A.,37684,351,1150,88.958
2024,2024,53.153.938/0001-08,UNIÃO PET PARTICIPAÇÕES S.A.,12,3,2,100.0
2024,2024,56.444.250/0001-75,HAUSCENTER SA,3,1,0,100.0
2024,2024,56.643.018/0001-66,EUCATEX S.A. INDUSTRIA E COMERCIO,6435,91,160,55.948
2024,2024,56.720.428/0001-63,ROMI S.A.,51445,71,242,53.539
2024,2024,56.992.423/0001-90,BICICLETAS MONARK S.A.,603,20,1,22.0
2024,2024,58.119.199/0001-51,BRADSAÚDE S.A.,50629,230,251,46.209
2024,2024,58.430.828/0001-60,BLAU FARMACÊUTICA S.A.,27261,84,132,16.545
2024,2024,59.105.999/0001-86,WHIRLPOOL S.A.,9391,54,18,50.752
2024,2024,59.285.411/0001-13,BCO PAN S.A.,56598,312,363,22.514
2024,2024,59.418.806/0001-47,TRACK & FIELD CO S.A.,3963,22,165,5.252
2024,2024,59.546.515/0001-34,FISIA COMÉRCIO DE PRODUTOS ESPORTIVOS S.A.,0,1,0,0.0
2024,2024,59.717.553/0001-02,GRUPO MULTILASER S.A.,21281,211,43,46.788
2024,2024,59.789.545/0001-71,POLPAR S.A.,11,2,0,0.0
2024,2024,59.981.829/0001-65,RODOBENS SA,8,1,0,0.0
2024,2024,60.398.369/0004-79,PARANAPANEMA S.A. - EM RECUPERAÇÃO JUDICIAL,20604,186,19,99.994
2024,2024,60.444.437/0001-46,LIGHT SERVICOS DE ELETRICIDADE S.A.,0,1,0,0.0
2024,2024,60.476.884/0001-87,MAHLE METAL LEVE S.A.,90425,530,113,39.004
2024,2024,60.537.263/0001-66,"ALLPARK EMPREENDIMENTOS, PARTICIPAÇÕES E SERVIÇOS S.A.",7031,26,30,40.767
2024,2024,60.543.816/0001-93,IGUATEMI S.A.,56268,1653,56,51.091
2024,2024,60.651.809/0001-05,SUZANO HOLDING S.A.,23,2,0,0.0
2024,2024,60.665.981/0001-18,UNIÃO QUÍMICA FARMACÊUTICA NACIONAL S.A.,1,3,0,0.0
2024,2024,60.730.348/0001-66,CIA MELHORAMENTOS DE SAO PAULO,272,13,5,11.986
2024,2024,60.746.948/0001-12,BCO BRADESCO S.A.,888778,34180,948,62.129
2024,2024,60.840.055/0001-31,FLEURY S.A.,177581,339,663,83.333
2024,2024,60.851.615/0001-53,BARDELLA S.A. INDUSTRIAS MECANICAS EM RECUPERAÇÃO JUDICIAL,805,18,14,76.262
2024,2024,60.872.504/0001-23,ITAU UNIBANCO HOLDING S.A.,512628,12896,1382,53.059
2024,2024,60.884.319/0001-59,NORDON INDUSTRIAS METALURGICAS S.A.,333,10,0,1.074
2024,2024,60.894.730/0001-05,USINAS SID DE MINAS GERAIS S.A.-USIMINAS,135499,1316,454,53.97
2024,2024,60.933.603/0001-78,CESP - CIA ENERGETICA DE SAO PAULO,0,1,0,0.0
2024,2024,61.022.042/0001-18,CONSTRUTORA ADOLPHO LINDENBERG S.A.,395,8,0,6.42
2024,2024,61.065.298/0001-02,MANGELS INDUSTRIAL S.A.,1212,33,0,49.005
2024,2024,61.065.751/0001-80,ROSSI RESIDENCIAL S.A. - EM RECUPERAÇÃO JUDICIAL,3156,41,9,98.791
2024,2024,61.079.117/0001-05,ALPARGATAS S.A.,19818,713,167,20.946
2024,2024,61.080.313/0001-91,COBRASMA S.A.,2539,36,0,77.635
2024,2024,61.082.004/0001-50,MANUFATURA DE BRINQUEDOS ESTRELA S.A.,875,25,0,68.424
2024,2024,61.088.894/0001-08,CAMBUCI S.A.,4582,37,68,49.473
2024,2024,61.092.037/0001-81,ETERNIT S.A.,24223,127,77,99.643
2024,2024,61.156.113/0001-75,IOCHPE MAXION S.A.,29919,357,308,85.576
2024,2024,61.156.931/0001-78,ALIPERTI S.A.,4,1,0,14.077
2024,2024,61.186.680/0001-74,BANCO BMG S/A,90387,173,85,27.267
2024,2024,61.189.288/0001-89,MARISA LOJAS S.A.,38846,140,33,7.065
2024,2024,61.190.096/0001-92,EUROFARMA LABORATÓRIOS S.A.,1,2,0,0.0
2024,2024,61.351.532/0001-68,AZEVEDO E TRAVASSOS S.A.,27027,101,98,94.349
2024,2024,61.374.161/0001-30,BAUMER S.A.,943,22,0,35.563
2024,2024,61.409.892/0001-73,COMPANHIA BRASILEIRA DE ALUMÍNIO,37221,652,373,31.401
2024,2024,61.486.650/0001-83,DIAGNOSTICOS DA AMERICA S.A.,9024,114,6,14.113
2024,2024,61.532.644/0001-15,ITAÚSA S.A.,976977,2099,1884,65.721
2024,2024,61.584.140/0001-49,REDE ENERGIA PARTICIPAÇÕES S.A.,9258,1566,0,0.246
2024,2024,61.585.865/0001-51,RAIA DROGASIL S.A.,48419,134,1402,75.88
2024,2024,61.695.227/0001-93,ELETROPAULO METROP. ELET. SAO PAULO S.A.,0,1,0,0.0
2024,2024,61.856.571/0001-17,CIA GAS DE SAO PAULO - COMGAS,5319,95,13,0.86
2024,2024,62.002.886/0001-60,SAO PAULO TURISMO S.A.,2783,875,0,3.251
2024,2024,62.070.362/0001-06,COMPANHIA DO METROPOLITANO DE SÃO PAULO - METRÔ,0,3,0,0.0
2024,2024,62.144.175/0001-20,BCO PINE S.A,20269,89,31,24.168
2024,2024,62.232.889/0001-90,BCO DAYCOVAL S.A.,5,0,0,0.0
2024,2024,62.258.884/0001-36,INTERCEMENT BRASIL S.A. - EM RECUPERAÇÃO JUDICIAL,0,2,0,0.0
2024,2024,62.307.848/0001-15,BANCO RCI BRASIL S.A.,0,2,0,0.0
2024,2024,62.984.091/0001-02,CRUZEIRO DO SUL EDUCACIONAL S.A.,5921,82,48,12.392
2024,2024,64.904.295/0001-03,CAMIL ALIMENTOS S.A.,42741,127,101,27.029
2024,2024,65.654.303/0001-73,DIBENS LEASING S.A. - ARREND.MERCANTIL,0,2,0,0.0
2024,2024,67.010.660/0001-24,RNI NEGÓCIOS IMOBILIÁRIOS S.A.,1236,31,9,34.356
2024,2024,67.571.414/0001-41,VIVER INCORPORADORA E CONSTRUTORA S.A.,23665,327,8,100.0
2024,2024,67.620.377/0001-14,MINERVA S.A.,79453,498,397,43.038
2024,2024,68.400.225/0001-79,CLARANET TECHNOLOGY S.A.,0,1,0,0.0
2024,2024,71.208.516/0001-74,ALGAR TELECOM S/A,529,281,0,27.957
2024,2024,71.476.527/0001-35,CONSTRUTORA TENDA S.A.,18986,575,0,98.505
2024,2024,71.673.990/0001-77,NATURA COSMÉTICOS S.A.,0,1,0,0.0
2024,2024,73.178.600/0001-18,CYRELA BRAZIL REALTY S.A.EMPREEND E PART,83666,1126,709,66.973
2024,2024,73.903.718/0001-61,SNB PARTICIPACOES SA,1,1,0,0.0
2024,2024,75.315.333/0001-09,ATACADÃO S.A.,21831,457,721,32.55
2024,2024,75.609.123/0001-23,UNIDAS LOCAÇÕES E SERVIÇOS S.A.,0,0,1,0.0
2024,2024,76.483.817/0001-20,CIA PARANAENSE DE ENERGIA - COPEL,396739,3355,1292,99.524
2024,2024,76.484.013/0001-45,CIA SANEAMENTO DO PARANA - SANEPAR,527863,1033,638,79.971
2024,2024,76.535.764/0001-43,OI S.A. - EM RECUPERAÇÃO JUDICIAL,238782,1934,108,98.044
2024,2024,76.627.504/0001-06,INEPAR S.A. INDUSTRIA E CONSTRUCOES EM RECUPERACAO JUDICIAL,0,0,0,86.199
2024,2024,79.430.682/0001-22,FARMÁCIA E DROGARIA NISSEI S.A.,0,1,0,0.0
2024,2024,80.680.093/0001-81,SENIOR SISTEMAS S.A.,78,25,0,17.893
2024,2024,81.106.957/0001-19,DESCARBONIZE SOLUÇÕES S.A.,0,0,1,0.0
2024,2024,81.243.735/0001-48,POSITIVO TECNOLOGIA S.A.,44035,139,290,51.287
2024,2024,81.616.807/0001-55,GRANJA FARIA S.A.,0,1,1,0.0
2024,2024,82.120.676/0001-83,ALMEIDA JUNIOR SHOPPING CENTERS S.A.,1,1,0,0.0
2024,2024,82.508.433/0001-17,CIA CATARINENSE DE AGUAS E SANEAM.-CASAN,107,18,125,0.01
2024,2024,82.636.986/0001-55,TEKA-TECELAGEM KUEHNRICH S.A. - EM RECUPERAÇÃO JUDICIAL,910,23,0,67.857
2024,2024,82.640.558/0001-04,KARSTEN S.A.,929,193,43,12.787
2024,2024,82.643.537/0001-34,ELECTRO ACO ALTONA S.A.,5471,33,28,100.0
2024,2024,82.901.000/0001-27,INTELBRAS S.A. IND. DE TELECOMUNICAÇÃO ELETRÔNICA BRASILEIRA,28521,316,306,34.831
2024,2024,82.981.929/0001-03,CIA INDUSTRIAL SCHLOSSER S.A.,741,17,8,100.0
2024,2024,82.982.075/0001-80,TEXTIL RENAUXVIEW S.A.,1495,32,0,44.731
2024,2024,83.475.913/0001-91,PBG S/A,19007,217,34,34.992
2024,2024,83.878.892/0001-55,CENTRAIS ELET DE SANTA CATARINA S.A.,8305,261,70,75.727
2024,2024,84.429.695/0001-11,WEG S.A.,347780,2154,1289,35.402
2024,2024,84.683.374/0001-49,TUPY S.A.,32981,306,141,90.532
2024,2024,84.683.408/0001-03,DOHLER S.A.,1927,15,0,12.49
2024,2024,84.683.671/0001-94,WETZEL S.A.,1195,19,10,48.671
2024,2024,84.684.455/0001-63,TIGRE S.A. PARTICIPAÇÕES,13,1,1,0.0
2024,2024,84.693.183/0001-68,SCHULZ S.A.,28427,98,164,56.222
2024,2024,85.041.333/0001-11,PORTO PONTA DO FELIX S/A,0,5,0,100.0
2024,2024,85.778.074/0001-06,METALURGICA RIOSULENSE S.A.,1144,14,14,23.739
2024,2024,86.375.425/0001-09,METISA METALURGICA TIMBOENSE S.A.,7,2,0,34.037
2024,2024,87.043.832/0001-73,SEIVA S.A. - FLORESTAS E INDÚSTRIAS,104,1095,19,2.27
2024,2024,87.456.562/0001-22,JOSAPAR-JOAQUIM OLIVEIRA S.A. - PARTICIP,291,13,4,0.011
2024,2024,87.762.563/0001-03,CIA HABITASUL DE PARTICIPACOES,175751,1043,388,42.063
2024,2024,87.870.952/0001-44,BORRACHAS VIPAL S.A.,1,1,0,100.0
2024,2024,88.610.126/0001-29,FRASLE MOBILITY S.A.,8720,75,180,33.432
2024,2024,88.610.191/0001-54,MUNDIAL S.A. - PRODUTOS DE CONSUMO,1316,87,0,64.613
2024,2024,88.611.835/0001-29,MARCOPOLO S.A.,61076,937,423,76.031
2024,2024,88.613.658/0001-10,PETTENATI S.A. INDUSTRIA TEXTIL,37658,65,0,66.517
2024,2024,89.086.144/0001-16,RANDONCORP S.A.,51140,566,586,60.11
2024,2024,89.096.457/0001-55,SLC AGRICOLA S.A.,70624,333,546,43.819
2024,2024,89.463.822/0001-12,LUPATECH S.A,9751,85,0,81.911
2024,2024,89.637.490/0001-45,KLABIN S.A.,651147,1404,1393,63.924
2024,2024,89.723.993/0001-33,CONSTRUTORA SULTEPA S.A. - EM RECUPERAÇÃO JUDICIAL,397,7,12,100.0
2024,2024,89.850.341/0001-60,GRENDENE S.A.,84305,159,285,29.735
2024,2024,90.076.886/0001-40,MINUPAR PARTICIPACOES S.A.,1411,30,10,46.083
2024,2024,90.400.888/0001-42,BCO SANTANDER (BRASIL) S.A.,330653,16367,936,9.882
2024,2024,90.441.460/0001-48,UNICASA INDÚSTRIA DE MÓVEIS S.A.,6134,31,8,43.138
2024,2024,91.333.666/0001-17,RECRUSUL S.A.,11427,27,19,58.902
2024,2024,91.669.747/0001-92,"DM FINANCEIRA S.A. - CRÉDITO, FINANCIAMENTO E INVESTIMENTO",237,19,0,5.487
2024,2024,91.983.056/0001-69,KEPLER WEBER S.A.,72936,292,279,96.829
2024,2024,92.012.467/0001-70,GRAZZIOTIN S.A.,6045,29,49,55.261
2024,2024,92.660.570/0001-26,TREVISA INVESTIMENTOS S.A.,206,6,11,30.609
2024,2024,92.665.611/0001-77,DIMED S.A. DISTRIBUIDORA DE MEDICAMENTOS,41405,398,57,47.587
2024,2024,92.690.783/0001-09,METALURGICA GERDAU S.A.,207383,693,626,71.845
2024,2024,92.693.019/0001-89,PANATLANTICA S.A.,650,93,8,4.945
2024,2024,92.702.067/0001-96,BANCO DO ESTADO DO RIO GRANDE DO SUL SA,145440,4702,585,50.611
2024,2024,92.715.812/0001-31,CPFL TRANSMISSÃO S.A.,0,1,0,0.0
2024,2024,92.721.232/0001-57,BANRISUL ARMAZENS GERAIS SA,224,46,0,0.518
2024,2024,92.749.225/0001-63,HERCULES S.A. FABRICA DE TALHERES,844,40,1,40.031
2024,2024,92.754.738/0001-62,LOJAS RENNER S.A.,114417,862,1668,97.267
2024,2024,92.781.335/0001-02,TAURUS ARMAS S.A.,98391,349,10,59.49
2024,2024,92.791.243/0001-03,IRANI PAPEL E EMBALAGEM S.A.,90791,551,9,44.273
2024,2024,92.802.784/0001-90,CIA RIOGRANDENSE DE SANEAMENTO,0,11,0,0.098
2024,2024,93.828.986/0001-73,CEMEPE INVESTIMENTOS S.A.,736,27,0,3.884
2024,2024,94.813.102/0001-70,TRÊS TENTOS AGROINDUSTRIAL S/A,25231,150,551,22.568
2024,2024,95.426.862/0001-97,EXCELSIOR ALIMENTOS S.A.,226,7,7,28.889
2024,2024,96.298.013/0001-68,PACAEMBU CONSTRUTORA S.A.,43,0,0,0.499
2024,2024,96.418.264/0218-02,LOJAS QUERO QUERO S.A.,18533,123,287,94.505
2024,2024,97.191.902/0001-94,CONSERVAS ODERICH S.A.,429,10,0,1.754
2024,2024,97.837.181/0001-47,DEXCO S.A.,22155,128,434,36.775
2025,2025,00.000.000/0001-91,BCO BRASIL S.A.,1492490,15317,1196,49.6
2025,2025,00.000.208/0001-00,BRB BANCO DE BRASILIA S.A.,4167,46,3,33.961
2025,2025,00.001.180/0001-26,AXIA ENERGIA S.A.,178629,44602,1449,92.41
2025,2025,00.070.698/0001-11,COMPANHIA ENERGÉTICA DE BRASÍLIA - CEB,9137,107,29,19.851
2025,2025,00.080.671/0001-00,CARAMURU ALIMENTOS S.A.,8,4,0,0.0
2025,2025,00.194.724/0001-13,AUREN OPERAÇÕES S.A.,0,1,0,93.718
2025,2025,00.242.184/0001-04,"ARMAC LOCAÇÃO, LOGÍSTICA E SERVIÇOS S.A.",3686,25,181,49.665
2025,2025,00.336.701/0001-04,TELEC BRASILEIRAS S.A. TELEBRAS,6134,1482,22,3.442
2025,2025,00.357.038/0001-16,AXIA ENERGIA NORTE S.A.,0,1,0,0.0
2025,2025,00.359.742/0001-08,FASA S.A. - EM RECUPERAÇÃO JUDICIAL,5043,18,11,29.281
2025,2025,00.383.281/0001-09,BNDES PARTICIPACOES S.A. - BNDESPAR,0,1,0,0.0
2025,2025,00.389.481/0001-79,LM TRANSPORTES INTERESTADUAIS SERVIÇOS E COMÉRCIO S.A.,2,1,0,0.0
2025,2025,00.644.907/0001-93,INVESTCO S.A.,30,16,0,37.613
2025,2025,00.743.065/0001-27,LITEL PARTICIPACOES S.A.,0,3,1,19.378
2025,2025,00.776.574/0001-56,AMERICANAS S.A. - EM RECUPERAÇÃO JUDICIAL,124421,1374,449,50.0
2025,2025,00.864.214/0001-06,ENERGISA S.A.,24242,245,1543,64.594
2025,2025,00.873.894/0001-24,LETS RENT A CAR S/A,0,1,0,0.0
2025,2025,00.897.864/0001-58,SANTA CATARINA PART INVEST SA,0,2,0,100.0
2025,2025,00.924.429/0001-75,FERROVIA CENTRO-ATLANTICA S.A.,1,5,1,0.0
2025,2025,00.938.574/0001-05,CONC RIO-TERESOPOLIS S.A.,0,7,1,0.0
2025,2025,00.974.211/0001-25,LINHA AMARELA S.A. - LAMSA,0,2,0,0.0
2025,2025,00.979.969/0001-56,CAIXA ADM DIV PUB ESTADUAL SA,2,1,0,100.0
2025,2025,01.027.058/0001-91,CIELO S.A. -  INSTITUIÇÃO DE PAGAMENTO,0,4,0,0.0
2025,2025,01.083.200/0001-18,NEOENERGIA S.A.,60183,251,462,1.998
2025,2025,01.104.937/0001-70,ELETROBRÁS PARTICIPAÇÕES S.A. - ELETROPAR,0,1,0,0.0
2025,2025,01.107.327/0001-20,BBM LOGÍSTICA S.A.,2,0,1,0.0
2025,2025,01.258.944/0001-26,RUMO MALHA SUL S.A.,0,1,0,0.0
2025,2025,01.319.044/0001-41,WTC AMAZONAS SUITE HOTEL S.A.,2,0,0,100.0
2025,2025,01.417.222/0001-77,MRS LOGISTICA S.A.,540,13,1,1.254
2025,2025,01.543.032/0001-04,EQUATORIAL GOIÁS DISTRIBUIDORA DE ENERGIA S.A.,20,1,1,0.036
2025,2025,01.545.826/0001-07,GAFISA S.A.,29921,168,50,99.988
2025,2025,01.548.981/0001-79,INVESTIMENTOS BEMGE S.A.,1272,119,5,1.801
2025,2025,01.599.101/0001-93,SEQUOIA LOGÍSTICA E TRANSPORTES S.A.,11795,126,16,11.045
2025,2025,01.616.929/0001-02,SANEAMENTO DE GOIAS SA,1,60,2,0.0
2025,2025,01.637.895/0001-32,VOTORANTIM CIMENTOS S.A.,0,2,0,0.0
2025,2025,01.838.723/0001-27,BRF S.A.,52689,2701,826,53.928
2025,2025,01.851.771/0001-55,524 PARTICIPACOES S.A.,0,1,1,0.0
2025,2025,01.896.779/0001-38,CSU DIGITAL S.A.,17647,138,76,44.436
2025,2025,01.917.818/0001-36,LIGHT ENERGIA S.A.,0,1,0,0.0
2025,2025,01.938.783/0001-11,CIA PARTICIPACOES ALIANCA DA BAHIA,1443,28,5,47.57
2025,2025,01.957.772/0001-89,SUL 116 PARTICIPAÇÕES S.A. - EM LIQUIDAÇÃO,0,4,1,0.0
2025,2025,01.968.293/0001-68,ELETRORIVER S.A.,7,1,0,34.034
2025,2025,01.989.044/0001-59,WTC RIO EMPREEND. E PARTICIPAÇÕES S.A.,2,0,0,100.0
2025,2025,02.016.440/0001-62,RGE SUL DISTRIBUIDORA DE ENERGIA S.A.,0,2,0,0.0
2025,2025,02.016.507/0001-69,AXIA ENERGIA SUL S.A.,0,1,0,0.0
2025,2025,02.041.460/0001-93,V. TAL - REDE NEUTRA DE TELECOMUNICAÇÕES S.A.,0,2,4,0.0
2025,2025,02.062.747/0001-08,SUDESTE S.A.,0,1,1,0.0
2025,2025,02.149.205/0001-69,PORTO SEGURO S.A.,139038,527,854,27.657
2025,2025,02.193.750/0001-52,DEXXOS PARTICIPAÇÕES S.A.,10111,478,73,97.841
2025,2025,02.201.787/0001-85,CEL PARTICIPAÇÕES S.A. - CELPAR,4,1,0,100.0
2025,2025,02.217.319/0001-07,YBYRÁ CAPITAL S.A.,2,2,0,74.499
2025,2025,02.255.187/0001-08,UNIFIQUE TELECOMUNICAÇÕES S.A.,47678,99,176,24.945
2025,2025,02.258.422/0001-97,INEPAR EQUIPAMENTOS E MONTAGENS S/A - EM RECUPERACAO JUDICIA,0,1,0,0.0
2025,2025,02.281.836/0001-37,TRANSNORDESTINA LOGISTICA SA,0,8,0,100.0
2025,2025,02.286.479/0001-08,LOCALIZA FLEET S.A.,0,1,0,0.0
2025,2025,02.291.077/0001-93,PRODUTORES ENERGET.DE MANSO S.A.- PROMAN,0,1,4,45.0
2025,2025,02.302.100/0001-06,EDP SÃO PAULO DISTRIBUIÇÃO DE ENERGIA S.A.,0,1,0,0.0
2025,2025,02.302.101/0001-42,EMAE - EMPRESA METROP. DE AGUAS E ENERGIA S.A.,1514,81,7,14.59
2025,2025,02.328.280/0001-97,ELEKTRO REDES S.A.,2572,14,8,0.322
2025,2025,02.338.534/0001-58,LONGDIS S.A.,3,3,0,0.209
2025,2025,02.351.144/0001-18,TEGMA GESTAO LOGISTICA S.A.,11126,48,169,48.475
2025,2025,02.351.877/0001-52,LWSA S/A,39859,314,475,65.84
2025,2025,02.357.251/0001-53,LIFEMED INDUSTRIAL DE EQUIP. E ART. MEDICOS E HOSP. S.A,0,4,0,0.0
2025,2025,02.365.069/0001-44,PADTEC HOLDING S.A.,5480,41,6,44.726
2025,2025,02.382.073/0001-10,PROLAGOS S/A - CONC.DE SERVICOS PÚBLICOS DE ÁGUA E ESGOTO,0,2,0,0.0
2025,2025,02.387.241/0001-60,RUMO S.A.,31912,192,1088,65.695
2025,2025,02.397.080/0001-96,ITAPEBI GERACAO DE ENERGIA S.A.,0,1,0,0.0
2025,2025,02.421.421/0001-11,TIM S.A.,1283458,221364,90,32.5
2025,2025,02.429.144/0001-93,CPFL ENERGIA S.A.,105108,5005,1202,16.293
2025,2025,02.451.848/0001-62,CONC SIST ANHANG-BANDEIRANT S.A. AUTOBAN,0,1,0,0.0
2025,2025,02.474.103/0001-19,ENGIE BRASIL ENERGIA S.A.,250373,7329,973,31.28
2025,2025,02.502.844/0001-66,RUMO MALHA PAULISTA S.A.,0,1,0,0.0
2025,2025,02.509.491/0001-26,CONC ECOVIAS IMIGRANTES S.A.,0,1,0,0.0
2025,2025,02.536.066/0001-26,VITAL ENGENHARIA AMBIENTAL S.A.,0,1,0,0.0
2025,2025,02.558.157/0001-62,TELEFÔNICA BRASIL S.A,176094,39543,567,21.916
2025,2025,02.560.878/0001-07,HOSPITAL ANCHIETA S.A.,0,1,0,0.0
2025,2025,02.591.787/0001-39,CAPITALPART PARTICIPACOES S.A.,0,1,0,100.0
2025,2025,02.600.854/0001-34,TIM BRASIL SERVIÇOS E PARTICIPAÇÕES S.A.,0,2,0,0.0
2025,2025,02.635.522/0001-95,JALLES MACHADO S.A.,30662,160,129,31.701
2025,2025,02.664.042/0001-52,TERMINAL GARAGEM MENEZES CORTES S.A.,0,2,0,0.0
2025,2025,02.724.983/0001-34,SANESALTO SANEAMENTO S.A.,0,1,0,0.0
2025,2025,02.762.121/0001-04,SANTOS BRASIL PARTICIPACOES S.A.,0,1,0,0.0
2025,2025,02.762.124/0001-30,BETAPART PARTICIPACOES S.A.,4,0,0,0.0
2025,2025,02.796.775/0001-40,GAMA PARTICIPACOES S.A.,0,2,1,0.0
2025,2025,02.800.026/0001-40,COGNA EDUCAÇÃO S.A.,158956,721,450,92.813
2025,2025,02.846.056/0001-97,MOTIVA INFRAESTRUTURA DE MOBILIDADE S.A.,29338,178,1070,49.614
2025,2025,02.860.694/0001-62,T4F ENTRETENIMENTO S.A.,7474,66,1,42.719
2025,2025,02.916.265/0001-60,JBS S.A.,0,1,0,0.0
2025,2025,02.919.555/0001-67,ARTERIS S.A.,0,4,0,0.0
2025,2025,02.932.074/0001-91,HYPERA S.A.,36779,547,547,45.608
2025,2025,02.950.811/0001-89,PDG REALTY S.A. EMPREEND E PARTICIPACOES,12986,225,27,100.0
2025,2025,02.992.449/0001-09,PROMPT PARTICIPACOES S.A.,0,1,2,0.0
2025,2025,02.998.301/0001-81,RIO PARANAPANEMA ENERGIA S.A.,10176,58,183,3.809
2025,2025,02.998.611/0001-04,ISA ENERGIA BRASIL,316210,215,1464,64.182
2025,2025,03.014.553/0001-91,TPI - TRIUNFO PARTICIP. E INVEST. S.A.,8204,10,38,42.097
2025,2025,03.025.305/0001-46,RODOVIAS DAS COLINAS S.A.,0,1,0,0.0
2025,2025,03.207.703/0001-83,CONCESSIONARIA DE RODOVIAS DO INTERIOR PAULISTA S/A,0,1,0,0.0
2025,2025,03.220.438/0001-73,EQUATORIAL S.A.,68982,563,2102,98.685
2025,2025,03.279.285/0001-30,ORIZON MEIO AMBIENTE S.A.,0,1,0,0.0
2025,2025,03.303.999/0001-36,DTCOM - DIRECT TO COMPANY S.A.,579,6,0,2.026
2025,2025,03.342.704/0001-30,PETRORECÔNCAVO S.A.,38197,0,697,93.587
2025,2025,03.378.521/0001-75,LIGHT S.A. - EM RECUPERAÇÃO JUDICIAL,11878,207,150,100.0
2025,2025,03.467.321/0001-99,ENERGISA MATO GROSSO-DISTRIBUIDORA DE ENERGIA S/A,349,58,10,2.305
2025,2025,03.538.833/0001-07,XX DE NOVEMBRO INVESTIMENTOS E PARTICIPAÇÕES S.A.,0,1,1,0.0
2025,2025,03.758.318/0001-24,INVESTIMENTOS E PARTICIP. EM INFRA S.A. - INVEPAR,0,1,3,100.0
2025,2025,03.767.538/0001-14,BRAZILIAN SECURITIES CIA SECURITIZACAO,0,1,0,0.0
2025,2025,03.795.050/0001-09,TERMOPERNAMBUCO S.A.,0,1,0,0.0
2025,2025,03.802.115/0001-98,CLEAR SALE S.A.,0,1,0,0.0
2025,2025,03.820.456/0001-96,BSB ENERGÉTICA S.A.,0,2,0,9.0
2025,2025,03.847.461/0001-92,BRADESPAR S.A.,168165,10139,374,71.545
2025,2025,03.853.896/0001-40,MARFRIG GLOBAL FOODS S.A.,101273,2257,638,54.295
2025,2025,03.953.509/0001-47,CPFL GERACAO DE ENERGIA S.A.,0,1,0,0.0
2025,2025,03.983.431/0001-03,EDP - ENERGIAS DO BRASIL S.A.,0,2,0,0.0
2025,2025,04.030.182/0001-02,CABINDA PARTICIPACOES S.A.,1,1,0,100.0
2025,2025,04.031.213/0001-31,CACONDE PARTICIPACOES S.A.,1,1,0,100.0
2025,2025,04.032.433/0001-80,CONTAX PARTICIPAÇÕES S.A. - EM RECUPERAÇÃO JUDICIAL,3478,32,20,38.055
2025,2025,04.038.763/0001-82,CAIANDA PARTICIPACOES S.A.,1,1,0,100.0
2025,2025,04.065.053/0001-41,BRZ EMPREENDIMENTOS E CONSTRUÇÕES S.A.,1,1,0,0.0
2025,2025,04.069.709/0001-02,BIONEXO S.A.,1,1,4,34.896
2025,2025,04.089.570/0001-50,ÁGUAS GUARIROBA S.A,0,2,0,0.0
2025,2025,04.149.454/0001-80,ECORODOVIAS INFRAESTRUTURA E LOGÍSTICA S.A.,25549,326,288,47.241
2025,2025,04.172.213/0001-51,CIA PIRATININGA DE FORCA E LUZ,0,1,0,0.0
2025,2025,04.212.396/0001-91,VOKE S.A.,0,1,0,0.0
2025,2025,04.368.865/0001-66,LIGGA TELECOMUNICAÇÕES S.A.,0,2,0,0.0
2025,2025,04.368.898/0001-06,COPEL DISTRIBUIÇÃO S.A.,0,1,0,100.0
2025,2025,04.370.282/0001-70,COPEL GERAÇÃO E TRANSMISSÃO S.A.,0,1,0,100.0
2025,2025,04.423.567/0001-21,ENEVA S.A,28205,170,874,98.78
2025,2025,04.601.397/0001-28,BRISANET SERVIÇOS DE TELECOMUNICAÇÕES S.A.,11004,137,327,18.928
2025,2025,04.626.426/0001-06,BTG PACTUAL COMMODITIES SERTRADING S.A.,0,1,0,0.0
2025,2025,04.739.720/0001-24,USINA TERMELÉTRICA PAMPA SUL S.A.,0,2,0,0.0
2025,2025,04.752.991/0001-10,BIOMM S.A.,2451,128,0,72.379
2025,2025,04.821.041/0001-08,METALFRIO SOLUTIONS S.A.,284,18,0,66.545
2025,2025,04.895.728/0001-80,EQUATORIAL PARÁ DISTRIBUIDORA DE ENERGIA S.A.,3962,192,28,3.501
2025,2025,04.902.979/0001-44,BCO AMAZONIA S.A.,16302,545,2,2.994
2025,2025,04.912.242/0001-02,PORTUENSE FERRAGENS S/A,218,1,0,0.29
2025,2025,04.913.711/0001-08,BCO ESTADO DO PARA S.A.,224,117,0,0.023
2025,2025,04.972.092/0001-22,GRUPO FARTURA DE HORTIFRUT S.A.,4,2,0,0.0
2025,2025,04.986.320/0001-13,SER EDUCACIONAL S.A.,9344,50,125,39.253
2025,2025,04.992.714/0001-84,NOVA TRANSPORTADORA DO SUDESTE S.A. - NTS,0,2,0,0.0
2025,2025,05.197.443/0001-38,HAPVIDA PARTICIPAÇÕES E INVESTIMENTOS S.A.,59692,292,1166,54.695
2025,2025,05.303.439/0001-07,UNIGEL PARTICIPAÇÕES S.A.,0,2,0,0.0
2025,2025,05.336.882/0001-84,CACHOEIRA PAULISTA TRANSMISSORA ENERGIA S.A.,0,1,0,100.0
2025,2025,05.878.397/0001-32,ALLOS S.A.,105961,899,1338,94.917
2025,2025,05.917.486/0001-40,LIVETECH DA BAHIA INDÚSTRIA E COMÉRCIO S.A.,3437,63,0,43.544
2025,2025,06.016.348/0001-53,VENTOS DO SUL ENERGIA S.A.,0,2,0,0.0
2025,2025,06.047.087/0001-39,REDE D'OR SÃO LUIZ S.A.,52465,2159,0,46.792
2025,2025,06.057.223/0001-71,SENDAS DISTRIBUIDORA S.A.,38873,783,370,98.918
2025,2025,06.164.253/0001-87,GOL LINHAS AEREAS INTELIGENTES S.A.,89690,233,43,0.02
2025,2025,06.272.793/0001-84,EQUATORIAL MARANHÃO DISTRIBUIDORA DE ENERGIA S.A.,1643,27,17,1.486
2025,2025,06.347.409/0001-65,SBF COMÉRCIO DE PRODUTOS ESPORTIVOS S.A.,0,1,0,0.0
2025,2025,06.626.253/0001-51,EMPREENDIMENTOS PAGUE MENOS S.A.,23009,66,161,34.01
2025,2025,06.977.745/0001-91,BR MALLS PARTICIPACOES S.A.,0,1,0,0.0
2025,2025,06.981.176/0001-58,CEMIG GERACAO E TRANSMISSAO S.A.,0,1,0,0.0
2025,2025,06.981.180/0001-16,CEMIG DISTRIBUICAO S.A.,0,1,0,0.0
2025,2025,06.981.381/0001-13,CTC - CENTRO DE TECNOLOGIA CANAVIEIRA S.A.,0,85,1,19.903
2025,2025,07.040.108/0001-57,CAGECE - CIA DE AGUA E ESGOTO DO CEARA,0,5,0,10.289
2025,2025,07.043.628/0001-13,CLARO TELECOM PARTICIPAÇÕES S.A.,0,2,0,0.0
2025,2025,07.047.251/0001-70,CIA ENERGETICA DO CEARA - COELCE,5458,164,36,23.413
2025,2025,07.119.838/0001-48,SECME - COMPANHIA SECURITIZADORA DE CRÉDITOS IMOBILIÁRIOS,0,2,0,0.0
2025,2025,07.206.816/0001-15,M.DIAS BRANCO S.A. IND COM DE ALIMENTOS,43962,158,281,19.141
2025,2025,07.237.373/0001-20,BCO NORDESTE DO BRASIL S.A.,8939,1112,7,0.627
2025,2025,07.253.321/0001-47,CARBOMIL SA MINER. E INDUSTRIA,0,1,0,100.0
2025,2025,07.275.159/0001-68,PETROLEO LUB DO NORDESTE SA,177,365,0,96.467
2025,2025,07.282.377/0001-20,ENERGISA SUL-SUDESTE - DISTRIBUIDORA DE ENERGIA S/A,20,10,0,0.743
2025,2025,07.334.600/0001-35,MARINA DE IRACEMA PARK SA,8,2,0,0.0
2025,2025,07.401.436/0001-31,ELDORADO BRASIL CELULOSE S.A.,0,1,0,100.0
2025,2025,07.415.333/0001-20,SIMPAR S.A.,44320,222,248,45.554
2025,2025,07.526.557/0001-00,AMBEV S.A.,242733,1880,557,27.115
2025,2025,07.594.978/0001-78,SMARTFIT ESCOLA DE GINÁSTICA E DANÇA S.A.,14602,186,953,90.353
2025,2025,07.628.528/0001-59,BRASILAGRO - CIA BRAS DE PROP AGRICOLAS,128121,305,104,61.822
2025,2025,07.636.657/0001-99,AÇO VERDE DO BRASIL S.A,4,1,0,0.0
2025,2025,07.659.538/0001-51,DINAMICA ENERGIA S.A.,3,1,0,100.0
2025,2025,07.682.638/0001-07,CONCESSIONÁRIA DA LINHA 4 DO METRÔ DE SÃO PAULO S.A.,0,3,0,0.0
2025,2025,07.689.002/0001-89,EMBRAER S.A.,77318,14221,859,96.133
2025,2025,07.714.104/0001-07,GIGA MAIS FIBRA TELECOMUNICAÇÕES S.A.,5,3,1,0.0
2025,2025,07.802.794/0001-56,ESSENTIA PCHS S.A.,0,2,0,0.0
2025,2025,07.816.890/0001-53,MULTIPLAN - EMPREEND IMOBILIARIOS S.A.,25446,135,1132,62.776
2025,2025,07.820.907/0001-46,FICA EMPREENDIMENTOS IMOBILIÁRIOS S.A.,268,3,16,100.0
2025,2025,07.823.262/0001-03,FOZ DO RIO CLARO ENERGIA S.A.,0,2,0,0.0
2025,2025,07.857.093/0001-14,AURA MINERALS INC.,26871,268,53,39.062
2025,2025,07.857.850/0001-50,"GP INVESTMENTS, LTD.",0,1,0,0.0
2025,2025,07.859.971/0001-30,TRANSMISSORA ALIANÇA DE ENERGIA ELÉTRICA S.A.,749553,673,1717,63.445
2025,2025,07.882.930/0001-65,MITRE REALTY EMPREENDIMENTOS E PARTICIPAÇÕES S.A.,32092,103,137,60.54
2025,2025,08.065.557/0001-12,TECNISA S.A.,25943,108,17,60.989
2025,2025,08.070.508/0001-78,RAIZEN ENERGIA S.A.,0,2,0,0.0
2025,2025,08.078.847/0001-09,LPS BRASIL - CONSULTORIA DE IMOVEIS S.A.,10925,81,11,70.354
2025,2025,08.100.057/0001-74,TECNOGERA-LOCAÇÃO E TRANSFORMAÇÃO DE ENERGIA S.A.,2,2,0,0.0
2025,2025,08.159.965/0001-33,IGUA SANEAMENTO S.A.,0,1,7,0.0
2025,2025,08.170.849/0001-15,DESKTOP S.A.,8450,68,153,29.975
2025,2025,08.213.823/0001-07,AURA ALMAS MINERAÇÃO S.A.,0,2,0,0.0
2025,2025,08.262.121/0001-13,ALUBAR METAIS E CABOS S.A.,0,1,0,0.0
2025,2025,08.294.224/0001-65,JHSF PARTICIPACOES S.A.,104023,310,305,38.095
2025,2025,08.312.229/0001-73,EZ TEC EMPREEND. E PARTICIPACOES S.A.,63501,264,319,42.909
2025,2025,08.322.396/0001-03,CERRADINHO BIOENERGIA S.A.,0,4,0,0.0
2025,2025,08.324.196/0001-81,CIA ENERGETICA DO RIO GDE NORTE - COSERN,0,1,0,0.0
2025,2025,08.343.492/0001-20,MRV ENGENHARIA E PARTICIPACOES S.A.,58571,965,679,66.57
2025,2025,08.364.948/0001-38,ALUPAR INVESTIMENTO S/A,147066,971,459,47.835
2025,2025,08.397.078/0001-01,GSH CORP PARTICIPAÇÕES S.A.,2,0,1,0.0
2025,2025,08.402.943/0001-52,GUARARAPES CONFECCOES S.A.,14748,109,409,16.893
2025,2025,08.424.178/0001-71,TECBLU TECELAGEM BLUMENAU S.A.,3,4,0,92.387
2025,2025,08.439.659/0001-50,CPFL ENERGIAS RENOVÁVEIS S.A.,0,2,0,0.0
2025,2025,08.467.115/0001-00,CIA ESTADUAL DE DISTRIB ENER ELET-CEEE-D,345,202,4,4.884
2025,2025,08.534.605/0001-74,RENOVA ENERGIA S.A.,12639,39,17,13.007
2025,2025,08.560.444/0001-93,CIA CELG DE PARTICIPACOES - CELGPAR,418,94,0,0.098
2025,2025,08.574.411/0001-00,PRÁTICA PRODUTOS S.A.,0,1,0,0.0
2025,2025,08.613.550/0001-98,NEXPE PARTICIPAÇÕES S.A,6485,24,2,39.477
2025,2025,08.764.621/0001-53,GENERAL SHOPPING E OUTLETS DO BRASIL BRASIL S.A.,1266,9,7,74.054
2025,2025,08.773.135/0001-00,2W ECOBANK S.A. - EM RECUPERAÇÃO JUDICIAL,30,1,0,13.767
2025,2025,08.795.211/0001-70,MAESTRO LOCADORA DE VEICULOS S.A.,3,1,3,0.0
2025,2025,08.797.760/0001-83,CURY CONSTRUTORA E INCORPORADORA S.A.,43211,1222,115,52.261
2025,2025,08.801.621/0001-86,SYN PROP & TECH S.A.,33536,145,132,38.902
2025,2025,08.807.432/0001-10,YDUQS PARTICIPACOES S.A.,21278,116,386,95.358
2025,2025,08.811.643/0001-27,TRISUL S.A.,30612,211,0,36.963
2025,2025,08.822.767/0001-08,CONCESSIONÁRIA DA RODOVIA MG-050 S.A.,0,1,0,0.0
2025,2025,08.827.501/0001-58,AEGEA SANEAMENTO E PARTICIPAÇÕES S.A.,0,5,0,0.0
2025,2025,08.845.676/0001-98,CORPÓREOS - SERVIÇOS TERAPÊUTICOS S.A.,0,1,0,0.0
2025,2025,08.873.873/0001-10,ECORODOVIAS CONCESSÕES E SERVIÇOS S.A.,0,1,0,0.0
2025,2025,08.902.291/0001-15,CSN MINERAÇÃO S.A.,157021,731,131,30.311
2025,2025,08.926.302/0001-05,PRIO FORTE S.A.,0,1,0,0.0
2025,2025,08.935.054/0001-50,MULTINER S/A,0,2,1,100.0
2025,2025,09.041.168/0001-10,LOG COMMERCIAL PROPERTIES E PARTICIPAÇÕES,13006,51,225,58.654
2025,2025,09.042.817/0001-05,BEMOBI MOBILE TECH S.A.,13738,171,301,92.725
2025,2025,09.053.134/0001-45,ELFA MEDICAMENTOS S.A.,33,2,5,16.431
2025,2025,09.054.385/0001-44,INBRANDS S.A.,12,3,0,0.109
2025,2025,09.074.183/0001-64,TRANSBRASILIANA CONCESSIONÁRIA DE RODOVIA S.A,0,1,0,100.0
2025,2025,09.095.183/0001-40,ENERGISA PARAÍBA - DISTRIBUIDORA DE ENERGIA S/A,0,1,0,0.0
2025,2025,09.112.685/0001-32,OSX BRASIL S.A. - EM RECUPERAÇÃO JUDICIAL,3770,19,4,50.576
2025,2025,09.114.805/0001-30,OCEANPACT SERVIÇOS MARITIMOS S.A.,4415,21,232,63.413
2025,2025,09.116.278/0001-01,CONPEL CIA NORDESTINA PAPEL - EM RECUPERAÇÃO JUDICIAL,0,1,0,100.0
2025,2025,09.146.451/0001-06,KALLAS INCORPORAÇÕES E CONSTRUÇÕES S.A.,0,1,0,0.0
2025,2025,09.149.503/0001-06,SERENA GERAÇÃO S.A.,0,1,0,0.0
2025,2025,09.229.201/0001-30,GPS PARTICIPAÇÕES E EMPREENDIMENTOS S.A.,5301,12,662,41.848
2025,2025,09.257.877/0001-37,FERROVIA NORTE SUL S/A,0,1,0,0.0
2025,2025,09.288.252/0001-32,ANIMA HOLDING S.A.,25232,179,269,63.565
2025,2025,09.295.063/0001-97,TECHNOS S.A.,10471,34,17,28.313
2025,2025,09.305.994/0001-29,AZUL S.A.,7837,101,33,99.668
2025,2025,09.313.969/0001-97,AUTOPISTA LITORAL SUL,0,1,0,100.0
2025,2025,09.324.949/0001-11,AUTOPISTA FLUMINENSE SA,0,1,0,100.0
2025,2025,09.325.109/0001-73,AUTOPISTA PLANALTO SUL SA,0,1,0,100.0
2025,2025,09.326.342/0001-70,AUTOPISTA FERNÃO DIAS SA,0,1,0,100.0
2025,2025,09.336.431/0001-06,AUTOPISTA REGIS BITTENCOURT SA,0,1,0,0.0
2025,2025,09.346.601/0001-25,"B3 S.A. - BRASIL, BOLSA, BALCÃO",290198,2306,1648,99.026
2025,2025,09.347.516/0001-81,ELETROMIDIA S.A.,0,1,0,0.0
2025,2025,09.359.927/0001-97,ASA BRANCA HOLDING S.A.,0,1,0,0.0
2025,2025,09.391.823/0001-60,AXIA ENERGIA UHE SANTO ANTÔNIO S.A.,0,1,0,0.0
2025,2025,09.414.761/0001-64,K-INFRA RODOVIA DO AÇO S.A.,0,1,0,0.0
2025,2025,09.478.309/0001-66,BRASIL BIOFUELS S.A.,4,1,0,5.787
2025,2025,09.527.023/0001-23,ENVIRONMENTAL ESG PARTICIPAÇÕES S.A.,0,1,0,0.0
2025,2025,09.538.973/0001-53,PDG COMPANHIA SECURITIZADORA,0,2,0,0.0
2025,2025,09.584.854/0001-37,MANAUS TRANSMISSORA DE ENERGIA S.A,0,1,0,100.0
2025,2025,09.611.768/0001-76,INC EMPREENDIMENTOS IMOBILIÁRIOS S.A.,2,0,0,0.0
2025,2025,09.625.321/0001-56,NORTE BRASIL TRANSMISSORA DE ENERGIA S.A.,0,5,0,0.0
2025,2025,09.813.204/0001-16,W2W E-COMMERCE DE VINHOS S.A.,5,4,0,0.0
2025,2025,10.139.870/0001-08,NEOGRID PARTICIPAÇÕES S.A.,18047,122,0,42.329
2025,2025,10.158.356/0001-01,CPX DISTRIBUIDORA S.A.,0,1,0,0.0
2025,2025,10.215.988/0001-60,COMPANHIA DE LOCAÇÃO DAS AMÉRICAS,0,1,0,0.0
2025,2025,10.234.027/0001-00,LINHAS DE MACAPÁ TRANSMISSORA DE ENERGIA S/A,0,2,0,0.0
2025,2025,10.240.186/0001-00,LINHAS DE XINGU TRANSMISSORA DE ENERGIA S/A,0,1,1,0.0
2025,2025,10.319.900/0001-50,REGENERA RIO S.A.,0,1,0,0.0
2025,2025,10.324.624/0001-18,CONCESSÃO METROVIÁRIA DO RIO DE JANEIRO S.A.,0,1,0,0.0
2025,2025,10.338.320/0001-00,AFLUENTE TRANSMISSÃO DE ENERGIA ELÉTRICA S/A,3061,200,54,1.325
2025,2025,10.452.416/0001-02,REAG CAPITAL HOLDING S.A.,2,1,2,5.217
2025,2025,10.488.244/0001-19,INFRASEC SECURITIZADORA S.A.,0,2,0,100.0
2025,2025,10.502.676/0001-37,TERMELÉTRICA PERNAMBUCO III S.A.,0,1,0,0.0
2025,2025,10.531.501/0001-58,CONC AUTO RAPOSO TAVARES S.A.,0,1,0,100.0
2025,2025,10.571.175/0001-02,URBA DESENVOLVIMENTO URBANO S.A.,7,2,0,0.0
2025,2025,10.629.105/0001-68,PRIO S.A.,167560,1479,1381,86.793
2025,2025,10.635.691/0001-53,VIARONDON CONCESSIONÁRIA DE RODOVIA S.A.,0,1,0,100.0
2025,2025,10.647.979/0001-48,CONC ROTA DAS BANDEIRAS S.A.,0,2,0,0.0
2025,2025,10.670.314/0001-55,VIABAHIA CONCESSIONÁRIA DE RODOVIAS SA,0,2,0,0.0
2025,2025,10.739.356/0001-03,BRBI BR PARTNERS S.A,43816,373,72,44.99
2025,2025,10.760.260/0001-19,CVC BRASIL OPERADORA E AGÊNCIA DE VIAGENS S.A.,138829,422,336,77.629
2025,2025,10.807.374/0001-77,BOA SAFRA SEMENTES S.A.,58900,325,47,41.256
2025,2025,10.835.932/0001-08,CIA ENERGETICA DE PERNAMBUCO - CELPE,0,1,0,0.0
2025,2025,10.841.050/0001-55,CONC ROD AYRTON SENNA E CARV PINTO S.A.-ECOPISTAS,0,1,0,0.0
2025,2025,11.284.204/0001-18,YOU INC INCORPORADORA E PARTICIPAÇÕES S.A,6,0,4,30.505
2025,2025,11.421.994/0001-36,ORIZON VALORIZAÇÃO DE RESÍDUOS S.A.,8750,150,392,56.592
2025,2025,11.992.680/0001-93,QUALICORP CONSULTORIA E CORRETORA DE SEGUROS S.A.,52176,367,0,98.465
2025,2025,12.049.631/0001-84,MOURA DUBEUX ENGENHARIA S/A,16519,694,522,59.601
2025,2025,12.091.809/0001-55,BRAVA ENERGIA S.A.,70580,569,790,99.954
2025,2025,12.104.241/0004-02,ONCOCLÍNICAS DO BRASIL SERVIÇOS MÉDICOS S.A.,8165,44,318,93.1
2025,2025,12.108.897/0001-50,D1000 VAREJO FARMA PARTICIPAÇÕES S.A.,8117,84,18,31.476
2025,2025,12.181.987/0001-77,MELNICK DESENVOLVIMENTO IMOBILIÁRIO S.A.,14079,40,138,73.852
2025,2025,12.300.288/0001-07,NORTE ENERGIA S.A.,0,7,2,0.0
2025,2025,12.420.164/0001-57,CM HOSPITALAR S.A,8041,41,104,59.638
2025,2025,12.489.315/0001-23,FERREIRA GOMES ENERGIA S.A.,0,2,0,0.0
2025,2025,12.528.708/0001-07,AERIS IND. E COM. DE EQUIP. PARA GER. DE ENG. S.A.,50332,134,70,46.697
2025,2025,12.592.831/0001-89,MNLT S.A.,0,1,0,0.0
2025,2025,12.648.266/0001-24,AMBIPAR PARTICIPAÇÕES E EMPREENDIMENTOS S.A.,30984,174,45,47.879
2025,2025,12.648.327/0001-53,HIDROVIAS DO BRASIL S.A.,7758,69,182,39.956
2025,2025,12.919.786/0001-24,TCP TERMINAL DE CONTEINERES DE PARANAGUA SA,0,1,0,0.0
2025,2025,13.009.717/0001-46,BCO ESTADO DE SERGIPE S.A. - BANESE,4115,346,10,7.923
2025,2025,13.017.462/0001-63,ENERGISA SERGIPE - DISTRIBUIDORA DE ENERGIA S/A,0,1,0,0.0
2025,2025,13.217.485/0001-11,GRUPO SBF S.A.,23078,117,323,55.677
2025,2025,13.270.520/0001-66,KORA SAÚDE PARTICIPAÇÕES S.A.,10,0,2,0.0
2025,2025,13.444.994/0001-87,MLOG S.A.,51,9,42,100.0
2025,2025,13.574.594/0001-96,ZAMP SA,8910,48,48,12.497
2025,2025,13.584.310/0001-42,SUGOI S.A.,1,0,0,100.0
2025,2025,13.783.221/0004-78,MADERO INDÚSTRIA E COMÉRCIO S.A.,6,0,1,0.0
2025,2025,14.110.585/0001-07,MÉLIUZ S.A.,59082,3,335,82.214
2025,2025,14.127.813/0001-51,ARANDU INVESTIMENTOS S.A.,2017,17,17,11.682
2025,2025,14.191.427/0001-29,GRANBIO INVESTIMENTOS S.A.,0,1,0,0.0
2025,2025,14.292.540/0001-09,"BRAZIL TOWER, CESSÃO DE INFRA-ESTRUTURAS S.A",0,1,0,0.0
2025,2025,14.388.334/0001-99,PARANA BCO S.A.,20,0,0,0.0
2025,2025,14.776.142/0001-50,WESTWING COMÉRCIO VAREJISTA S.A.,4004,26,31,100.0
2025,2025,14.785.152/0001-51,HBR REALTY EMPREENDIMENTOS IMOBILIÁRIOS S.A.,3155,14,125,46.195
2025,2025,14.807.945/0001-24,SANSUY S.A. INDUSTRIA DE PLASTICOS,1446,56,0,42.759
2025,2025,14.882.295/0001-81,CBO HOLDING S.A.,0,5,0,24.48
2025,2025,14.998.371/0001-19,J. MACEDO S.A.,30,6,0,100.0
2025,2025,15.073.274/0001-88,PPLA PARTICIPATIONS LTD.,1797,14,8,100.0
2025,2025,15.090.690/0001-94,CONCESSIONARIA ECOVIAS DO ARAGUAIA S.A.,0,1,0,0.0
2025,2025,15.114.494/0001-02,CORREDOR LOGÍSTICA E INFRAESTRUTURA S.A.,0,0,3,0.0
2025,2025,15.115.504/0001-24,TRONOX PIGMENTOS DO BRASIL S.A.,4007,111,33,100.0
2025,2025,15.139.629/0001-94,CIA ELETRICIDADE EST. DA BAHIA - COELBA,3181,269,9,1.007
2025,2025,15.141.799/0001-03,CIA FERRO LIGAS DA BAHIA - FERBASA,39136,140,287,42.089
2025,2025,15.385.166/0001-40,EQUIPAV SANEAMENTO S.A.,0,1,0,0.0
2025,2025,15.413.826/0001-50,ENERGISA MATO GROSSO DO SUL - DIST DE ENERGIA S.A.,1,2,0,0.065
2025,2025,15.440.708/0001-30,CONCESSIONÁRIA VIARIO S.A.,0,2,0,0.0
2025,2025,15.484.093/0001-44,ECO101 CONCESSIONÁRIA DE RODOVIAS S.A.,0,1,0,0.0
2025,2025,15.494.541/0001-90,SALUS INFRAESTRUTURA PORTUARIA SA,0,2,0,1.0
2025,2025,15.578.569/0001-06,CONC DO AEROPORTO INTERNACIONAL DE GUARULHOS S.A.,0,2,0,100.0
2025,2025,16.233.389/0001-55,CVLB BRASIL S.A EM RECUPERAÇÃO JUDICAL,10,4,0,0.0
2025,2025,16.234.171/0001-15,METANOR SA METANOL DO NE,118,135,6,100.0
2025,2025,16.404.287/0001-55,SUZANO S.A.,70289,637,1498,48.468
2025,2025,16.590.234/0001-76,AZZAS 2154 S.A.,51919,311,740,63.386
2025,2025,16.614.075/0001-00,DIRECIONAL ENGENHARIA S.A.,42051,430,795,62.827
2025,2025,16.670.085/0001-55,LOCALIZA RENT A CAR S.A.,69351,2405,586,90.344
2025,2025,16.676.520/0001-59,HOSPITAL MATER DEI S.A.,4161,23,127,17.435
2025,2025,16.811.931/0001-00,ALPHAVILLE S.A.,959,12,34,21.44
2025,2025,16.838.421/0001-26,XP INVESTIMENTOS S.A.,0,1,0,100.0
2025,2025,16.922.038/0001-51,ENJOEI S.A.,18034,35,85,61.432
2025,2025,17.155.730/0001-64,CIA ENERGETICA DE MINAS GERAIS - CEMIG,516886,3321,1368,82.925
2025,2025,17.159.229/0001-76,LABORATÓRIO TEUTO BRASILEIRO S.A.,6,0,0,0.0
2025,2025,17.161.241/0001-15,MINASMAQUINAS S.A.,0,1,0,0.0
2025,2025,17.162.082/0001-73,MENDES JUNIOR ENGENHARIA S.A.,3531,41,21,3.213
2025,2025,17.167.396/0001-69,ALFA HOLDINGS S.A.,11700,1810,3,19.02
2025,2025,17.184.037/0001-10,BCO MERCANTIL DO BRASIL S.A.,6982,450,13,46.841
2025,2025,17.234.244/0001-31,FTL - FERROVIA TRANSNORDESTINA LOGÍSTICA S.A.,0,3,0,100.0
2025,2025,17.245.234/0001-00,CIA FIACAO TECIDOS CEDRO CACHOEIRA,2785,40,4,59.342
2025,2025,17.281.106/0001-03,CIA SANEAMENTO DE MINAS GERAIS-COPASA MG,118189,927,675,49.561
2025,2025,17.314.329/0001-20,INTERNATIONAL MEAL COMPANY ALIMENTACAO S.A.,26416,153,69,98.991
2025,2025,17.344.597/0001-94,BB SEGURIDADE PARTICIPAÇÕES S.A.,605394,2956,1270,31.742
2025,2025,17.359.233/0001-88,TECIDOS E ARMARINHOS MIGUEL BARTOLOMEU S.A.,45,0,0,100.0
2025,2025,17.765.891/0001-70,GRUPO SALTA EDUCAÇÃO S.A.,121,3,10,41.661
2025,2025,18.080.368/0001-72,OZN HEALTH SPE S.A.,0,1,0,0.0
2025,2025,18.174.270/0001-84,DOTZ S.A.,2591,37,1,30.598
2025,2025,18.328.118/0001-09,PET CENTER COMÉRCIO E PARTICIPAÇÕES S.A.,0,1,0,0.0
2025,2025,18.483.666/0001-03,HUMBERG AGRIBRASIL COMÉRCIO E EXPORTAÇÃO DE GRÃOS S.A.,4,0,0,0.0
2025,2025,18.494.485/0001-82,PORTO SUDESTE V.M. S.A.,0,1,0,0.0
2025,2025,18.572.225/0001-88,CONCEBRA - CONCESSIONARIA DAS RODOVIAS CENTRAIS DO BRASIL,0,1,0,100.0
2025,2025,18.593.815/0001-97,PRINER SERVIÇOS INDUSTRIAIS S.A.,15624,138,303,98.647
2025,2025,18.903.785/0001-78,HOLDING DO ARAGUAIA S.A.,0,2,0,0.0
2025,2025,19.014.221/0001-47,CHINA THREE GORGES BRASIL ENERGIA S.A.,0,2,0,0.0
2025,2025,19.208.022/0001-70,ECO050 CONCESSIONÁRIA DE RODOVIAS S.A.,0,1,0,0.0
2025,2025,19.403.252/0001-90,EMCCAMP RESIDENCIAL S.A.,7,0,0,0.0
2025,2025,19.521.322/0001-04,CONCESSIONÁRIA ROTA DO OESTE S.A.,0,1,0,0.0
2025,2025,19.526.748/0001-50,COMPANHIA INDUSTRIAL CATAGUASES,117,4,0,17.36
2025,2025,19.527.586/0001-75,COMPANHIA ENERGÉTICA SINOP S/A,0,3,0,0.0
2025,2025,19.527.639/0001-58,ENERGISA MINAS RIO - DISTRIBUIDORA DE ENERGIA S/A,0,1,0,0.0
2025,2025,19.642.306/0001-70,CONCESSIONÁRIA DE RODOVIA SUL-MATOGROSSENSE S.A.,0,1,0,0.0
2025,2025,20.247.322/0001-47,ALLIED TECNOLOGIA S.A.,15248,55,83,33.295
2025,2025,20.258.278/0001-70,OUROFINO S.A.,2904,40,18,42.753
2025,2025,20.512.706/0001-40,VITRU EDUCAÇÃO S.A.,0,1,9,100.0
2025,2025,20.514.555/0001-69,ARGO VI TRANSMISSÃO DE ENERGIA S.A.,0,2,0,0.0
2025,2025,20.514.590/0001-88,ARGO V TRANSMISSÃO DE ENERGIA S.A.,0,2,0,0.0
2025,2025,21.110.778/0001-23,OLIVEIRA TRUST S.A.,15,1,0,3.382
2025,2025,21.240.146/0001-84,AGROGALAXY PARTICIPAÇÕES S.A. - EM RECUPERAÇÃO JUDICIAL,6333,0,62,31.938
2025,2025,21.254.073/0001-80,COMPANHIA ITAUNENSE ENERGIA E PARTICIPAÇÕES,400,5,0,54.256
2025,2025,21.314.559/0001-66,MOVIDA PARTICIPACOES SA,41200,222,559,45.896
2025,2025,21.389.501/0001-81,COMPASS GÁS E ENERGIA S.A.,1,1,21,100.0
2025,2025,21.414.457/0001-12,LEADS CIA. SECURITIZADORA,0,1,0,0.0
2025,2025,21.728.083/0001-00,TRANSMISSORA JOSÉ MARIA DE MACEDO DE ELETRICIDADE S.A.,0,2,0,0.0
2025,2025,21.748.188/0001-20,TERP GLBL BRASIL I PARTICIPAÇÕES S.A.,0,0,1,0.0
2025,2025,22.163.297/0001-49,CONCESSIONÁRIA PONTE RIO-NITERÓI S.A. - ECOPONTE,0,1,0,0.0
2025,2025,22.261.473/0001-85,COMPANHIA DE GÁS DE MINAS GERAIS - GASMIG,0,2,0,0.43
2025,2025,22.266.175/0001-88,FERTILIZANTES HERINGER S.A.,7422,27,7,10.023
2025,2025,22.543.331/0001-00,CAIXA SEGURIDADE PARTICIPAÇÕES S.A.,282438,1114,751,20.0
2025,2025,23.041.875/0001-37,ALMACENES ÉXITO S.A.,58,5,4,9.343
2025,2025,23.096.269/0001-19,RIO PARANA ENERGIA S.A.,0,2,0,33.333
2025,2025,23.236.821/0001-27,PATRIMAR ENGENHARIA S.A.,0,1,0,0.0
2025,2025,23.373.000/0001-32,"VAMOS LOCAÇÃO DE CAMINHÕES, MÁQUINAS E EQUIPAMENTOS S.A.",51876,242,556,43.133
2025,2025,23.438.929/0001-00,ALARES INTERNET PARTICIPAÇÕES S/A,11,0,1,0.0
2025,2025,23.994.857/0001-70,ATOM EDUCAÇÃO E EDITORA S.A.,3688,12,13,37.133
2025,2025,24.230.275/0001-80,PLANO & PLANO DESENVOLVIMENTO IMOBILIÁRIO S.A.,30870,205,255,26.677
2025,2025,24.396.489/0001-20,BRK AMBIENTAL PARTICIPAÇÕES S.A.,0,0,2,0.0
2025,2025,24.624.490/0001-65,ARGO TRANSMISSÃO DE ENERGIA S/A,0,1,0,100.0
2025,2025,24.624.551/0001-94,ARGO ENERGIA EMPREENDIMENTOS E PARTICIPAÇÕES S/A,0,2,0,0.0
2025,2025,24.921.465/0001-43,BLUEFIT ACADEMIAS DE GINÁSTICA E PARTICIPAÇÕES S.A.,1,2,4,100.0
2025,2025,24.962.466/0001-36,RUMO MALHA NORTE S.A.,0,1,0,100.0
2025,2025,24.990.777/0001-09,GRUPO MATEUS S.A.,33987,201,145,19.879
2025,2025,25.249.439/0001-83,HOSPITAL CARE CALEDONIA S.A.,327,19,3,0.0
2025,2025,25.369.840/0001-57,COMERC ENERGIA S.A.,0,1,0,0.0
2025,2025,26.072.786/0001-46,QESTRA TECNOLOGIA ADMINISTRAÇÃO E PARTICIPAÇÕES S.A.,6,0,0,100.0
2025,2025,26.345.998/0001-50,ECONOMATICA S.A.,4622,55,20,25.606
2025,2025,26.462.693/0001-28,LAVVI EMPREENDIMENTOS IMOBILIÁRIOS S.A.,18437,74,181,37.982
2025,2025,26.609.050/0001-64,TRAVESSIA SECURITIZADORA S.A.,1,1,0,0.0
2025,2025,26.659.061/0001-59,MPM CORPÓREOS S.A.,13888,52,76,52.294
2025,2025,26.664.057/0001-89,ENTREVIAS CONCESSIONÁRIA DE RODOVIAS S.A.,0,1,0,100.0
2025,2025,26.845.702/0001-60,BELÉM TRANSMISSORA DE ENERGIA S.A,0,1,0,0.0
2025,2025,26.982.634/0001-80,TURBI COMPARTILHAMENTO DE VEÍCULOS S.A.,18,15,0,36.449
2025,2025,27.093.558/0001-15,"MILLS LOCAÇÃO, SERVIÇOS E LOGÍSTICA S.A.",12670,278,41,46.427
2025,2025,27.137.879/0001-74,CIA SEC DE CRÉDITOS FINANCEIROS CARTÕES CONSIGNADOS I,2,1,0,0.0
2025,2025,27.157.474/0001-06,ÁGUAS DE TERESINA SANEAMENTO SPE S.A.,0,1,0,0.0
2025,2025,27.743.642/0001-37,CONSTRUTORA METROCASA S.A.,2,2,0,100.0
2025,2025,27.902.165/0002-96,HIGHLINE BRASIL II INFRAESTRUTURA DE TELECOMUNICAÇÕES S.A.,0,1,0,0.0
2025,2025,27.956.690/0001-03,AUZZA SECURITIZADORA S. A.,4,1,0,0.0
2025,2025,27.967.244/0001-02,TAPAJÓS TRANSMISSORA DE ENERGIA S.A.,0,1,0,96.178
2025,2025,28.019.100/0001-89,VIAPAULISTA S.A.,0,2,0,0.0
2025,2025,28.127.603/0001-78,BANESTES S.A. - BCO EST ESPIRITO SANTO,45531,64,13,4.575
2025,2025,28.152.650/0001-71,EDP ESPIRITO SANTO DISTRIBUIÇÃO DE ENERGIA S.A.,0,1,0,0.0
2025,2025,28.195.667/0001-06,BCO ABC BRASIL S.A.,70601,619,344,32.095
2025,2025,28.201.130/0001-01,ENERGISA TRANSMISSÃO DE ENERGIA S/A,0,2,0,0.0
2025,2025,28.367.479/0001-18,QUANTUM PARTICIPAÇÕES S.A,1,1,0,0.0
2025,2025,28.594.234/0001-23,AUREN ENERGIA S.A.,235845,949,515,30.256
2025,2025,28.925.264/0001-75,COMPANHIA ENERGÉTICA JAGUARA,0,2,0,0.0
2025,2025,28.942.127/0001-49,COMPANHIA ENERGÉTICA MIRANDA,0,2,0,0.0
2025,2025,29.780.061/0001-09,SAO CARLOS EMPREEND E PARTICIPACOES S.A.,3961,108,95,41.314
2025,2025,29.884.545/0001-90,ECORIOMINAS CONCESSIONÁRIA DE RODOVIAS S.A.,0,1,0,0.0
2025,2025,29.950.060/0001-57,NORTEC QUÍMICA S.A.,3,1,0,0.0
2025,2025,29.980.141/0001-08,OCEÂNICA ENGENHARIA E CONSULTORIA S.A.,1,1,0,0.0
2025,2025,30.213.493/0001-09,TEGRA INCORPORADORA S.A.,0,1,1,0.0
2025,2025,30.306.294/0001-45,BCO BTG PACTUAL S.A.,122650,2497,1299,30.722
2025,2025,30.540.991/0001-66,HAGA S.A. INDUSTRIA E COMERCIO,5310,35,0,74.621
2025,2025,31.001.230/0001-07,CELEO REDES TRANSMISSÃO DE ENERGIA S.A.,0,1,0,100.0
2025,2025,31.553.627/0001-01,GRUPO TOKY S.A. - EM RECUPERAÇÃO JUDICIAL,4345,35,58,94.561
2025,2025,31.748.174/0001-60,VERO S.A.,27,7,3,11.944
2025,2025,32.021.201/0001-61,ORIGEM ENERGIA S.A.,3,0,2,0.0
2025,2025,32.161.500/0001-00,CONCESSIONÁRIA DAS RODOVIAS INTEGRADAS DO SUL S.A.,0,1,0,0.0
2025,2025,32.431.519/0001-10,HÉLIO VALGAS SOLAR PARTICIPAÇÕES S.A.,0,1,0,0.0
2025,2025,32.681.371/0001-72,VIX LOGÍSTICA S.A.,1,2,0,0.0
2025,2025,32.785.497/0001-97,NATURA &CO HOLDING S.A.,0,1,0,0.0
2025,2025,33.000.167/0001-01,PETROLEO BRASILEIRO S.A. PETROBRAS,1112256,5892,2656,61.212
2025,2025,33.035.536/0001-00,JOAO FORTES ENGENHARIA S.A. - EM RECUPERAÇÃO JUDICIAL,0,0,0,0.0
2025,2025,33.040.601/0001-87,"MERCANTIL FINANCEIRA S.A. - SOC. CRÉDITO, FINANC E INVESTIME",503,55,3,4.69
2025,2025,33.041.260/0652-90,GRUPO CASAS BAHIA S.A.,242176,809,180,14.697
2025,2025,33.042.730/0001-04,CIA SIDERURGICA NACIONAL,99046,911,1165,54.896
2025,2025,33.050.071/0001-58,AMPLA ENERGIA E SERVICOS S.A.,1010,30,5,0.108
2025,2025,33.050.196/0001-88,CIA PAULISTA DE FORCA E LUZ,0,1,0,0.0
2025,2025,33.102.476/0001-92,MONTEIRO ARANHA S.A.,462,8,8,4.601
2025,2025,33.113.309/0001-47,VALID SOLUÇÕES S.A.,20939,207,200,92.661
2025,2025,33.130.691/0001-05,WILSON SONS S.A.,3565,355,214,2.346
2025,2025,33.200.049/0001-47,HOTEIS OTHON S.A. - EM RECUPERAÇÃO JUDICIAL,1627,45,7,18.883
2025,2025,33.228.024/0001-51,WLM PART. E COMÉRCIO DE MÁQUINAS E VEÍCULOS S.A.,3704,20,19,16.752
2025,2025,33.256.439/0001-39,ULTRAPAR PARTICIPACOES S.A.,29338,684,1467,95.7
2025,2025,33.352.394/0001-04,CIA ESTADUAL DE ÁGUAS E ESGOTOS - CEDAE,667,7,0,0.0
2025,2025,33.376.989/0001-91,IRB - BRASIL RESSEGUROS S.A.,124637,616,362,99.036
2025,2025,33.386.210/0001-19,SONDOTECNICA ENGENHARIA SOLOS S.A.,849,8,13,13.024
2025,2025,33.412.081/0001-96,REFINARIA DE PETROLEOS MANGUINHOS S.A.,4871,27,0,30.432
2025,2025,33.453.598/0001-23,RAÍZEN S.A.,128182,736,368,11.852
2025,2025,33.467.572/0001-34,TEKNO S.A. - INDUSTRIA E COMERCIO,429,4,6,0.861
2025,2025,33.541.368/0001-16,AXIA ENERGIA NORDESTE S.A.,0,1,0,0.0
2025,2025,33.572.408/0001-97,RUMO MALHA CENTRAL S.A.,0,1,0,0.0
2025,2025,33.592.510/0001-54,VALE S.A.,748458,13938,1545,96.044
2025,2025,33.611.500/0001-19,GERDAU S.A.,210311,2431,1426,63.645
2025,2025,33.839.910/0001-11,VIVARA PARTICIPAÇÕES S.A.,40338,193,1005,52.371
2025,2025,33.938.119/0001-69,CIA DISTRIB DE GAS DO RIO DE JANEIRO-CEG,142,11,6,0.161
2025,2025,33.958.695/0001-78,UNIPAR CARBOCLORO S.A.,100679,733,349,53.717
2025,2025,34.169.557/0001-72,BCO MERCANTIL DE INVESTIMENTOS S.A.,2841,402,1,7.467
2025,2025,34.274.233/0001-02,VIBRA ENERGIA S/A,72031,306,324,99.453
2025,2025,35.522.178/0001-87,CIA SECURITIZADORA DE CRED. FIN. CARTÕES CONSIGNADOS II,0,1,0,100.0
2025,2025,35.593.905/0001-05,CONCESSIONÁRIA ECOVIAS DO CERRADO S.A.,0,1,0,0.0
2025,2025,35.654.688/0001-08,AUTOMOB PARTICIPAÇÕES S.A.,70413,285,549,28.251
2025,2025,35.727.157/0001-06,EZ INC INCORPORAÇÕES S.A.,0,1,0,0.0
2025,2025,35.764.708/0001-01,BRASIL TECNOLOGIA E PARTICIPAÇÕES S.A.,0,2,0,0.0
2025,2025,35.791.391/0001-94,QUALITY SOFTWARE S.A.,7,1,1,0.0
2025,2025,35.822.503/0001-27,INSPIRALI EDUCAÇÃO S.A.,17,1,1,0.0
2025,2025,35.980.592/0001-30,ELEA DIGITAL INFRAESTRUTURA E REDES DE TELECOMUNICAÇÕES S.A.,0,1,0,100.0
2025,2025,36.146.575/0001-64,EIXO SP CONCESSIONÁRIA DE RODOVIAS S.A.,0,1,0,0.0
2025,2025,36.542.025/0001-64,BRQ SOLUCOES EM INFORMATICA S.A.,26,1,0,0.0
2025,2025,36.763.716/0001-98,CONCESSIONÁRIA CATARINENSE DE RODOVIAS S.A.,0,1,0,0.0
2025,2025,37.663.076/0001-07,AUREN PARTICIPAÇÕES S.A.,0,1,0,0.0
2025,2025,37.702.340/0001-74,AUSTRAVIAS S.A.,0,1,0,0.0
2025,2025,38.042.694/0001-00,TRAVESSIA SECURITIZADORA DE CRÉDITOS FINANCEIROS S.A.,1,1,0,100.0
2025,2025,38.199.406/0001-18,RIO ALTO ENERGIAS RENOVÁVEIS S.A.,2,0,0,0.436
2025,2025,38.286.323/0001-66,ASSURUÁ 4 E 5 HOLDING ENERGIA S.A.,0,1,0,0.0
2025,2025,38.307.135/0001-77,"G2D INVESTMENTS, LTD.",5865,43,30,35.419
2025,2025,38.456.921/0001-36,INFRACOMMERCE CXAAS S.A.,13565,96,0,24.434
2025,2025,38.482.780/0001-26,ANEMUS WIND HOLDING S.A.,1,3,0,0.0
2025,2025,39.115.514/0001-28,RUMO MALHA OESTE S.A.,0,1,0,0.0
2025,2025,39.580.673/0001-01,BRK AMBIENTAL - REGIÃO METROPOLITANA DE MACEIÓ S.A.,0,1,0,0.0
2025,2025,39.881.421/0001-04,COMPANHIA ESTADUAL DE GERAÇÃO DE ENERGIA ELÉTRICA - CEEE-G,0,1,0,0.0
2025,2025,40.159.947/0001-64,HMOBI PARTICIPAÇÕES S.A.,0,1,3,100.0
2025,2025,40.263.170/0001-83,SOLVI ESSENCIS AMBIENTAL S.A.,0,2,0,0.0
2025,2025,40.337.136/0001-06,TERRA SANTA PROPRIEDADES AGRÍCOLAS S.A.,4347,29,54,50.917
2025,2025,40.480.481/0001-02,RIO ALTO STL HOLDING I S.A.,1,1,0,0.0
2025,2025,40.593.395/0001-06,IFIN PARTICIPAÇÕES S.A.,0,1,0,0.0
2025,2025,40.997.635/0001-20,TRV XLIII SECURITIZADORA DE CREDITOS MERCANTIS S.A.,1,1,0,0.0
2025,2025,41.052.420/0001-07,SOLAR BEBIDAS S.A.,15,5,0,27.49
2025,2025,41.096.674/0001-19,CANTU STORE S.A.,15,0,1,33.675
2025,2025,41.335.131/0001-07,MOTTU I S.A,0,1,0,100.0
2025,2025,41.508.382/0001-46,RODOVIAS DO BRASIL HOLDING S.A.,0,2,0,0.0
2025,2025,41.570.356/0001-48,VRENTAL LOCAÇÃO DE MÁQUINAS E EQUIPAMENTOS S.A.,0,1,0,0.0
2025,2025,41.886.692/0001-02,CONCESSIONARIA ROTA DE SANTA MARIA S.A,0,2,0,100.0
2025,2025,42.150.391/0001-70,BRASKEM S.A.,57885,3612,182,35.009
2025,2025,42.233.757/0001-75,ALVAREZ & MARSAL INVESTIMENTOS I S.A.,1,1,0,0.0
2025,2025,42.278.291/0001-24,LOG-IN LOGISTICA INTERMODAL S.A.,4267,32,97,24.366
2025,2025,42.278.473/0001-03,WIZ CO PARTICIPAÇÕES E CORRETAGEM DE SEGUROS S.A.,70868,217,97,47.124
2025,2025,42.292.007/0001-74,RIO+ SANEAMENTO BL 3 S.A.,0,1,0,0.0
2025,2025,42.310.775/0001-03,ÁGUAS DO RIO 1 SPE S.A.,0,1,0,0.0
2025,2025,42.331.462/0001-31,EMBPAR PARTICIPAÇÕES S/A,1052,14,0,12.918
2025,2025,42.353.180/0001-35,IGUÁ RIO DE JANEIRO S.A.,0,1,0,0.0
2025,2025,42.500.384/0001-51,SERENA ENERGIA S.A.,14,3,2,0.076
2025,2025,42.644.220/0001-06,ÁGUAS DO RIO 4 SPE S.A.,0,1,0,0.0
2025,2025,42.737.954/0001-21,"INTER & CO, INC.",112092,404,1489,76.34
2025,2025,42.771.949/0001-35,ALLIANÇA SAÚDE E PARTICIPAÇÕES S.A.,3882,41,46,40.165
2025,2025,43.283.811/0001-50,KALUNGA S.A,2,0,0,0.0
2025,2025,43.335.774/0001-86,TRAVESSIA SECURITIZADORA DE CRÉDITOS MERCANTIS VI S.A.,1,1,0,0.0
2025,2025,43.470.988/0001-65,EVEN CONSTRUTORA E INCORPORADORA S.A.,37748,156,140,42.501
2025,2025,43.514.079/0001-81,CLI SUL S.A.,0,2,0,0.0
2025,2025,43.776.517/0001-80,CIA SANEAMENTO BASICO EST SAO PAULO,45135,401,2169,100.0
2025,2025,43.948.405/0001-69,LUPO S.A.,57,7,0,25.576
2025,2025,44.067.725/0001-72,VIA BRASIL BR 163 CONCESSIONÁRIA DE RODOVIAS S.A.,0,1,0,0.0
2025,2025,44.319.688/0001-42,CONCESSIONÁRIA DO SISTEMA RODOVIÁRIO RIO-SÃO PAULO S.A,0,1,0,0.0
2025,2025,44.854.238/0001-50,PARSAN S.A.,0,4,0,100.0
2025,2025,45.242.914/0001-05,C&A MODAS S.A.,25898,7,782,66.494
2025,2025,45.365.558/0001-09,VITTIA S.A.,3880,28,94,31.914
2025,2025,45.453.214/0001-51,PROFARMA DISTRIB PROD FARMACEUTICOS S.A.,9234,30,128,32.5
2025,2025,45.456.117/0001-12,ÁGUAS DO SERTÃO S.A.,0,1,0,0.0
2025,2025,45.736.131/0001-70,UNIDAS LOCADORA S.A.,0,0,1,0.0
2025,2025,45.987.245/0001-92,BIOMA EDUCAÇÃO S.A.,1023,13,14,23.534
2025,2025,46.119.855/0001-37,SOCIEDADE ABASTECIMENTO DE ÁGUA E SANEAMENTO S.A - SANASA,1,4,0,99.977
2025,2025,46.568.486/0001-60,MANTIQUEIRA HOLDING S.A.,0,1,0,0.0
2025,2025,46.573.272/0001-81,PORTO SAÚDE PARTICIPAÇÕES S.A.,0,2,0,0.0
2025,2025,47.155.252/0001-53,VIA ARAUCÁRIA CONCESSIONÁRIA DE RODOVIAS S.A.,0,1,0,0.0
2025,2025,47.508.411/0001-56,CIA BRASILEIRA DE DISTRIBUICAO,46062,274,345,88.098
2025,2025,47.509.120/0001-82,BRADESCO LEASING S.A. ARREND MERCANTIL,0,1,0,0.0
2025,2025,47.586.663/0001-01,NOVA SOCIEDADE DE NAVEGAÇÃO S.A.,0,2,0,100.0
2025,2025,47.815.827/0001-17,CAMINHOS DA SERRA GAUCHA S/A,0,2,0,0.0
2025,2025,47.960.950/0001-21,MAGAZINE LUIZA S.A.,327102,1541,216,48.09
2025,2025,48.127.008/0001-40,CONCESSIONÁRIA RODOVIAS DO SUL DE MINAS SPE S.A.,0,2,0,0.0
2025,2025,48.127.012/0001-08,CONCESSIONÁRIA RODOVIAS DO TRIÂNGULO SPE S.A.,0,2,0,0.0
2025,2025,48.710.127/0001-20,SPE NOVO NORTE AEROPORTOS S.A,0,2,0,5.0
2025,2025,48.851.242/0001-15,CONCESSIONARIA DAS RODOVIAS DO LESTE MS S/A,0,5,0,0.0
2025,2025,49.115.815/0001-05,JBS N.V.,0,2,0,45.65
2025,2025,49.263.189/0001-02,HELBOR EMPREENDIMENTOS S.A.,23708,119,16,49.006
2025,2025,49.314.049/0001-08,CONCESSIONÁRIA DE RODOVIAS NOROESTE PAULISTA S.A,0,1,0,0.0
2025,2025,49.669.856/0001-43,VESTE S.A. ESTILO,6852,44,12,98.203
2025,2025,49.703.913/0001-63,PLATÃO CAPITAL S.A.,13,5,0,0.0
2025,2025,50.399.553/0001-37,CONCESSIONÁRIA RODOANEL NORTE SPE S.A.,0,1,0,0.0
2025,2025,50.564.053/0001-03,BOMBRIL S.A. - EM RECUPERAÇÃO JUDICIAL,7315,49,454,8.831
2025,2025,50.746.577/0001-15,COSAN S.A.,146188,962,544,56.539
2025,2025,50.926.955/0001-42,VULCABRAS S.A.,57332,322,400,34.788
2025,2025,51.128.999/0001-90,NUTRIPLANT INDUSTRIA E COMERCIO S.A.,836,8,2,24.564
2025,2025,51.136.974/0001-38,EPR INFRAESTRUTURA PR S.A.,0,2,0,0.0
2025,2025,51.137.031/0001-20,EPR LITORAL PIONEIRO S.A.,0,1,0,0.0
2025,2025,51.218.147/0001-93,IGUATEMI EMPRESA DE SHOPPING CENTERS S.A,0,1,0,0.0
2025,2025,51.430.503/0001-38,PORTO SERVIÇO S.A,1,2,0,0.0
2025,2025,51.466.860/0001-56,SAO MARTINHO S.A.,20990,265,525,38.543
2025,2025,51.742.485/0001-20,CONCESSIONÁRIA RODOVIAS DO CAFÉ SPE S.A.,0,2,0,0.0
2025,2025,51.928.174/0001-50,PLASCAR PARTICIPACOES INDUSTRIAIS S.A.,1002,12,1,36.106
2025,2025,52.017.473/0001-03,AZEVEDO & TRAVASSOS ENERGIA S.A.,27860,165,98,99.993
2025,2025,52.270.350/0001-71,B100 S.A.,1579,10,11,3.032
2025,2025,52.475.549/0001-36,R/HOLDINGS S.A.,1,0,1,0.0
2025,2025,52.548.435/0001-79,JSL S.A.,7959,27,237,29.482
2025,2025,52.805.925/0001-03,BELORA RDVC CITY DESENVOLVIMENTO IMOBILIÁRIO S.A.,17840,285,14,99.997
2025,2025,52.810.883/0001-07,REVEE MCO S.A.,0,1,0,0.0
2025,2025,52.841.191/0001-18,REVEE S.A.,1796,14,13,34.68
2025,2025,53.113.791/0001-22,TOTVS S.A.,44760,206,1180,87.783
2025,2025,53.153.938/0001-08,UNIÃO PET PARTICIPAÇÕES S.A.,70767,259,175,20.593
2025,2025,55.231.969/0001-65,EPR VIA MINEIRA S.A.,0,1,0,0.0
2025,2025,56.444.250/0001-75,HAUSCENTER SA,3,1,0,100.0
2025,2025,56.643.018/0001-66,EUCATEX S.A. INDUSTRIA E COMERCIO,7000,113,64,55.786
2025,2025,56.720.428/0001-63,ROMI S.A.,47337,63,181,50.816
2025,2025,56.992.423/0001-90,BICICLETAS MONARK S.A.,893,19,2,22.0
2025,2025,58.056.046/0001-02,EPR IGUAÇU S.A.,0,1,0,0.0
2025,2025,58.070.452/0001-20,IGUÁ SERGIPE S.A.,0,1,0,0.0
2025,2025,58.119.199/0001-51,BRADSAÚDE S.A.,73655,582,253,8.609
2025,2025,58.430.828/0001-60,BLAU FARMACÊUTICA S.A.,20774,58,178,16.545
2025,2025,59.105.999/0001-86,WHIRLPOOL S.A.,8757,53,18,100.0
2025,2025,59.115.685/0001-64,TUPI ENERGIAS RENOVÁVEIS S.A.,0,1,0,0.0
2025,2025,59.285.411/0001-13,BCO PAN S.A.,0,1,0,0.0
2025,2025,59.418.806/0001-47,TRACK & FIELD CO S.A.,3963,22,165,5.248
2025,2025,59.546.515/0001-34,FISIA COMÉRCIO DE PRODUTOS ESPORTIVOS S.A.,0,1,0,0.0
2025,2025,59.693.110/0001-29,ORANJEBTC S.A. - EDUCAÇÃO E INVESTIMENTO,105,16,59,91.618
2025,2025,59.717.553/0001-02,GRUPO MULTILASER S.A.,21281,211,43,46.738
2025,2025,59.789.545/0001-71,POLPAR S.A.,11,1,0,0.0
2025,2025,59.981.829/0001-65,RODOBENS SA,8,1,0,0.0
2025,2025,60.398.369/0004-79,PARANAPANEMA S.A. - EM RECUPERAÇÃO JUDICIAL,21149,191,18,100.0
2025,2025,60.444.437/0001-46,LIGHT SERVICOS DE ELETRICIDADE S.A.,0,1,0,0.0
2025,2025,60.476.884/0001-87,MAHLE METAL LEVE S.A.,108973,522,107,39.004
2025,2025,60.537.263/0001-66,"ALLPARK EMPREENDIMENTOS, PARTICIPAÇÕES E SERVIÇOS S.A.",6408,48,41,15.014
2025,2025,60.543.816/0001-93,IGUATEMI S.A.,34275,188,827,53.13
2025,2025,60.651.809/0001-05,SUZANO HOLDING S.A.,23,2,0,0.0
2025,2025,60.665.981/0001-18,UNIÃO QUÍMICA FARMACÊUTICA NACIONAL S.A.,1,3,0,0.0
2025,2025,60.730.348/0001-66,CIA MELHORAMENTOS DE SAO PAULO,270,12,4,11.986
2025,2025,60.746.948/0001-12,BCO BRADESCO S.A.,828517,33255,1119,61.984
2025,2025,60.840.055/0001-31,FLEURY S.A.,166088,362,455,81.717
2025,2025,60.851.615/0001-53,BARDELLA S.A. INDUSTRIAS MECANICAS EM RECUPERAÇÃO JUDICIAL,800,8,18,73.788
2025,2025,60.872.504/0001-23,ITAU UNIBANCO HOLDING S.A.,604416,12824,814,52.542
2025,2025,60.884.319/0001-59,NORDON INDUSTRIAS METALURGICAS S.A.,333,10,0,1.074
2025,2025,60.894.730/0001-05,USINAS SID DE MINAS GERAIS S.A.-USIMINAS,131829,1068,318,54.751
2025,2025,60.933.603/0001-78,CESP - CIA ENERGETICA DE SAO PAULO,0,1,0,0.0
2025,2025,61.022.042/0001-18,CONSTRUTORA ADOLPHO LINDENBERG S.A.,395,8,0,6.42
2025,2025,61.065.298/0001-02,MANGELS INDUSTRIAL S.A.,1178,24,0,49.03
2025,2025,61.065.751/0001-80,ROSSI RESIDENCIAL S.A. - EM RECUPERAÇÃO JUDICIAL,3156,41,9,98.791
2025,2025,61.067.901/0001-95,ÁGUAS DO PARÁ A SPE S.A,0,1,0,0.0
2025,2025,61.067.902/0001-30,ÁGUAS DO PARÁ B SPE S.A.,0,1,0,0.0
2025,2025,61.067.904/0001-29,ÁGUAS DO PARÁ D SPE S.A.,0,1,0,0.0
2025,2025,61.079.117/0001-05,ALPARGATAS S.A.,19403,584,185,20.442
2025,2025,61.080.313/0001-91,COBRASMA S.A.,2539,36,0,77.635
2025,2025,61.082.004/0001-50,MANUFATURA DE BRINQUEDOS ESTRELA S.A.,1182,25,0,68.416
2025,2025,61.088.894/0001-08,CAMBUCI S.A.,4582,37,68,49.473
2025,2025,61.092.037/0001-81,ETERNIT S.A.,22484,108,67,99.772
2025,2025,61.156.113/0001-75,IOCHPE MAXION S.A.,29919,357,308,90.231
2025,2025,61.156.931/0001-78,ALIPERTI S.A.,7,3,0,89.796
2025,2025,61.186.680/0001-74,BANCO BMG S/A,95259,179,80,26.644
2025,2025,61.189.288/0001-89,MARISA LOJAS S.A.,33705,94,38,7.049
2025,2025,61.190.096/0001-92,EUROFARMA LABORATÓRIOS S.A.,1,0,1,0.0
2025,2025,61.351.532/0001-68,AZEVEDO E TRAVASSOS S.A.,27027,101,98,56.076
2025,2025,61.374.161/0001-30,BAUMER S.A.,953,16,0,35.56
2025,2025,61.409.892/0001-73,COMPANHIA BRASILEIRA DE ALUMÍNIO,32928,630,350,31.401
2025,2025,61.486.650/0001-83,DIAGNOSTICOS DA AMERICA S.A.,9024,114,6,14.113
2025,2025,61.532.644/0001-15,ITAÚSA S.A.,976977,2099,1884,65.642
2025,2025,61.584.140/0001-49,REDE ENERGIA PARTICIPAÇÕES S.A.,8916,1558,3,0.202
2025,2025,61.585.865/0001-51,RAIA DROGASIL S.A.,59973,303,1489,75.118
2025,2025,61.695.227/0001-93,ELETROPAULO METROP. ELET. SAO PAULO S.A.,0,1,0,0.0
2025,2025,61.856.571/0001-17,CIA GAS DE SAO PAULO - COMGAS,5667,99,12,0.86
2025,2025,62.002.886/0001-60,SAO PAULO TURISMO S.A.,2787,848,0,3.264
2025,2025,62.070.362/0001-06,COMPANHIA DO METROPOLITANO DE SÃO PAULO - METRÔ,0,3,0,0.0
2025,2025,62.144.175/0001-20,BCO PINE S.A,20269,89,31,24.865
2025,2025,62.232.889/0001-90,BCO DAYCOVAL S.A.,5,0,0,0.0
2025,2025,62.258.884/0001-36,INTERCEMENT BRASIL S.A. - EM RECUPERAÇÃO JUDICIAL,0,0,0,0.0
2025,2025,62.307.848/0001-15,BANCO RCI BRASIL S.A.,0,2,0,0.0
2025,2025,62.984.091/0001-02,CRUZEIRO DO SUL EDUCACIONAL S.A.,5364,100,51,12.392
2025,2025,64.904.295/0001-03,CAMIL ALIMENTOS S.A.,36898,129,199,27.423
2025,2025,65.654.303/0001-73,DIBENS LEASING S.A. - ARREND.MERCANTIL,0,2,0,0.0
2025,2025,67.010.660/0001-24,RNI NEGÓCIOS IMOBILIÁRIOS S.A.,6,5,0,0.0
2025,2025,67.571.414/0001-41,VIVER INCORPORADORA E CONSTRUTORA S.A.,22517,322,9,100.0
2025,2025,67.620.377/0001-14,MINERVA S.A.,56530,260,394,44.154
2025,2025,71.208.516/0001-74,ALGAR TELECOM S/A,532,281,0,27.568
2025,2025,71.476.527/0001-35,CONSTRUTORA TENDA S.A.,13991,596,0,94.238
2025,2025,71.673.990/0001-77,NATURA COSMÉTICOS S.A.,46701,1064,247,61.237
2025,2025,73.178.600/0001-18,CYRELA BRAZIL REALTY S.A.EMPREEND E PART,79103,1228,793,66.12
2025,2025,73.903.718/0001-61,SNB PARTICIPACOES SA,1,1,0,0.0
2025,2025,75.315.333/0001-09,ATACADÃO S.A.,0,1,0,0.0
2025,2025,75.609.123/0001-23,UNIDAS LOCAÇÕES E SERVIÇOS S.A.,0,0,1,0.0
2025,2025,76.483.817/0001-20,CIA PARANAENSE DE ENERGIA - COPEL,334421,3343,556,99.551
2025,2025,76.484.013/0001-45,CIA SANEAMENTO DO PARANA - SANEPAR,553484,1073,731,79.971
2025,2025,76.535.764/0001-43,OI S.A. - EM RECUPERAÇÃO JUDICIAL,210446,1773,87,98.044
2025,2025,76.627.504/0001-06,INEPAR S.A. INDUSTRIA E CONSTRUCOES EM RECUPERACAO JUDICIAL,0,0,0,89.615
2025,2025,79.430.682/0001-22,FARMÁCIA E DROGARIA NISSEI S.A.,0,1,0,0.0
2025,2025,80.680.093/0001-81,SENIOR SISTEMAS S.A.,81,25,0,18.181
2025,2025,81.243.735/0001-48,POSITIVO TECNOLOGIA S.A.,50428,112,243,50.846
2025,2025,81.616.807/0001-55,GRANJA FARIA S.A.,0,1,1,0.0
2025,2025,82.120.676/0001-83,ALMEIDA JUNIOR SHOPPING CENTERS S.A.,1,1,0,0.0
2025,2025,82.508.433/0001-17,CIA CATARINENSE DE AGUAS E SANEAM.-CASAN,107,18,125,0.01
2025,2025,82.640.558/0001-04,KARSTEN S.A.,929,193,43,12.787
2025,2025,82.643.537/0001-34,ELECTRO ACO ALTONA S.A.,5655,23,25,61.529
2025,2025,82.901.000/0001-27,INTELBRAS S.A. IND. DE TELECOMUNICAÇÃO ELETRÔNICA BRASILEIRA,23069,277,293,34.746
2025,2025,82.981.929/0001-03,CIA INDUSTRIAL SCHLOSSER S.A.,741,17,8,100.0
2025,2025,82.982.075/0001-80,TEXTIL RENAUXVIEW S.A.,1440,31,0,44.731
2025,2025,83.475.913/0001-91,PBG S/A,17093,112,45,31.783
2025,2025,83.878.892/0001-55,CENTRAIS ELET DE SANTA CATARINA S.A.,8278,249,70,75.727
2025,2025,84.429.695/0001-11,WEG S.A.,359032,2900,1130,34.796
2025,2025,84.683.374/0001-49,TUPY S.A.,37877,172,287,98.84
2025,2025,84.683.408/0001-03,DOHLER S.A.,1711,24,0,11.819
2025,2025,84.683.671/0001-94,WETZEL S.A.,1024,16,8,48.962
2025,2025,84.684.455/0001-63,TIGRE S.A. PARTICIPAÇÕES,9,1,1,0.0
2025,2025,84.693.183/0001-68,SCHULZ S.A.,29603,91,162,56.171
2025,2025,85.041.333/0001-11,PORTO PONTA DO FELIX S/A,0,5,0,100.0
2025,2025,85.778.074/0001-06,METALURGICA RIOSULENSE S.A.,1209,17,10,23.732
2025,2025,86.375.425/0001-09,METISA METALURGICA TIMBOENSE S.A.,4,3,0,33.119
2025,2025,87.043.832/0001-73,SEIVA S.A. - FLORESTAS E INDÚSTRIAS,107,1095,19,2.27
2025,2025,87.456.562/0001-22,JOSAPAR-JOAQUIM OLIVEIRA S.A. - PARTICIP,300,12,2,19.819
2025,2025,87.762.563/0001-03,CIA HABITASUL DE PARTICIPACOES,175721,1042,396,41.851
2025,2025,87.870.952/0001-44,BORRACHAS VIPAL S.A.,0,1,0,0.0
2025,2025,88.610.126/0001-29,FRASLE MOBILITY S.A.,8300,37,228,38.208
2025,2025,88.610.191/0001-54,MUNDIAL S.A. - PRODUTOS DE CONSUMO,1327,73,11,64.613
2025,2025,88.611.835/0001-29,MARCOPOLO S.A.,68838,608,927,74.573
2025,2025,88.613.658/0001-10,PETTENATI S.A. INDUSTRIA TEXTIL,2795,74,0,66.443
2025,2025,89.086.144/0001-16,RANDONCORP S.A.,33422,295,457,56.598
2025,2025,89.096.457/0001-55,SLC AGRICOLA S.A.,65115,724,219,44.192
2025,2025,89.463.822/0001-12,LUPATECH S.A,8674,59,0,74.586
2025,2025,89.637.490/0001-45,KLABIN S.A.,657952,1156,1384,61.39
2025,2025,89.723.993/0001-33,CONSTRUTORA SULTEPA S.A. - EM RECUPERAÇÃO JUDICIAL,397,7,12,100.0
2025,2025,89.850.341/0001-60,GRENDENE S.A.,74828,141,322,26.695
2025,2025,90.076.886/0001-40,MINUPAR PARTICIPACOES S.A.,1257,31,16,37.118
2025,2025,90.400.888/0001-42,BCO SANTANDER (BRASIL) S.A.,325373,16106,921,9.982
2025,2025,90.441.460/0001-48,UNICASA INDÚSTRIA DE MÓVEIS S.A.,5601,25,7,43.138
2025,2025,91.333.666/0001-17,RECRUSUL S.A.,10975,14,22,63.822
2025,2025,91.983.056/0001-69,KEPLER WEBER S.A.,86048,297,259,96.307
2025,2025,92.012.467/0001-70,GRAZZIOTIN S.A.,7317,164,53,52.167
2025,2025,92.660.570/0001-26,TREVISA INVESTIMENTOS S.A.,286,7,11,32.437
2025,2025,92.665.611/0001-77,DIMED S.A. DISTRIBUIDORA DE MEDICAMENTOS,31160,264,58,54.799
2025,2025,92.690.783/0001-09,METALURGICA GERDAU S.A.,166959,391,965,71.753
2025,2025,92.693.019/0001-89,PANATLANTICA S.A.,650,93,8,4.78
2025,2025,92.702.067/0001-96,BANCO DO ESTADO DO RIO GRANDE DO SUL SA,146299,4643,552,50.611
2025,2025,92.715.812/0001-31,CPFL TRANSMISSÃO S.A.,0,2,0,100.0
2025,2025,92.749.225/0001-63,HERCULES S.A. FABRICA DE TALHERES,789,33,1,28.403
2025,2025,92.754.738/0001-62,LOJAS RENNER S.A.,104567,534,1393,97.591
2025,2025,92.781.335/0001-02,TAURUS ARMAS S.A.,86042,260,8,59.126
2025,2025,92.791.243/0001-03,IRANI PAPEL E EMBALAGEM S.A.,92101,382,9,43.573
2025,2025,92.802.784/0001-90,CIA RIOGRANDENSE DE SANEAMENTO,0,11,0,27.141
2025,2025,93.828.986/0001-73,CEMEPE INVESTIMENTOS S.A.,736,27,0,3.884
2025,2025,94.813.102/0001-70,TRÊS TENTOS AGROINDUSTRIAL S/A,35421,388,534,22.457
2025,2025,95.426.862/0001-97,EXCELSIOR ALIMENTOS S.A.,183,6,6,28.889
2025,2025,96.298.013/0001-68,PACAEMBU CONSTRUTORA S.A.,43,0,0,0.416
2025,2025,96.418.264/0218-02,LOJAS QUERO QUERO S.A.,22239,194,131,94.334
2025,2025,97.191.902/0001-94,CONSERVAS ODERICH S.A.,404,17,0,1.754
2025,2025,97.837.181/0001-47,DEXCO S.A.,16237,90,278,36.791
