mes,classe_n,pl,cotistas,captacao,resgate,n_fundos
2005-01,Ações,10970883178.72,186170,267169390.79000002,235728357.65,103
2005-01,Cambial,1144565932.93,1952,73225476.02,81544795.1,11
2005-01,FMP-FGTS,6462676414.75,555826,1911086.6400000001,47008241.160000004,68
2005-01,Multimercado,41076249391.02,13280,2351407265.45,1629633601.47,460
2005-01,Renda Fixa,275799197421.42,154799,35333317330.23,25527999577.18,334
2005-02,Ações,12070034460.64,187805,270722401.69,235171656.28,107
2005-02,Cambial,1113689122.22,1931,74108629.17,100842340.81,11
2005-02,FMP-FGTS,7493098492.69,551522,1013399.77,54322927.67,68
2005-02,Multimercado,43305774874.03,13250,3308982078.01,1880381626.6599998,473
2005-02,Renda Fixa,283002662594.17,154812,31376750308.670002,27542903038.78,348
2005-03,Ações,11722747689.43,197545,472188815.79,267040739.71,115
2005-03,Cambial,1312932890.61,1889,263810770.12,95972117.64,12
2005-03,FMP-FGTS,6856132963.09,546462,780842.1,67276373.07,68
2005-03,Multimercado,45596933559.53,21862,6209114091.08,4256049232.4799995,495
2005-03,Renda Fixa,295088293617.4,173463,41411791209.25,33784275087.62,357
2005-04,Ações,11287840399.39,199764,366949325.55,181603697.18,119
2005-04,Cambial,1375174442.92,1855,202279055.34,71303974.43,12
2005-04,FMP-FGTS,5940780089.57,542260,893678.7,41541884.33,68
2005-04,Multimercado,46128269275.87,22451,2005030922.08,2236189881.09,510
2005-04,Renda Fixa,302365497648.17,163345,32400543001.88,29258482011.31,364
2005-05,Ações,11450778725.03,200470,169899655.51,138477966.74,123
2005-05,Cambial,1289904388.42,1844,109996592.27,134200506.99000001,13
2005-05,FMP-FGTS,6157816906.059999,537660,341183.15,45747544.99,68
2005-05,Multimercado,47569798882.03,23186,2382935364.2799997,2482141216.48,529
2005-05,Renda Fixa,309183751239.3,165027,31926368747.510002,29437169889.07,376
2005-06,Ações,11333513595.65,201180,184797882.42000002,168989250.42000002,127
2005-06,Cambial,1291656798.34,1828,96047009.44,59851420.22,14
2005-06,FMP-FGTS,6351957184.9800005,532638,390724.22000000003,53404668.0,68
2005-06,Multimercado,49401250317.11,26588,3779618435.7,2775493100.6800003,545
2005-06,Renda Fixa,316504791622.24,164578,35560408409.2,31539091112.13,394
2005-07,Ações,11681792037.83,201418,143874657.59,353842827.16,127
2005-07,Cambial,1388598373.27,1864,122326673.48,53481470.15,14
2005-07,FMP-FGTS,6803223761.15,527879,1217863.78,56709812.64,68
2005-07,Multimercado,51522971734.92,27494,3268079320.28,2285097891.26,562
2005-07,Renda Fixa,325469550547.01,164968,35069655329.4,30532573633.239998,402
2005-08,Ações,12726906085.0,204585,551529845.31,228840811.34,134
2005-08,Cambial,1149598952.94,1914,80805384.06,310005812.97,14
2005-08,FMP-FGTS,7424545484.26,522601,1100923.83,74658033.21,68
2005-08,Multimercado,51766809475.69,28027,1332695958.76,1784908213.67,570
2005-08,Renda Fixa,335686066610.38,165408,41785885991.93,36665141335.590004,413
2005-09,Ações,14686096602.89,236231,1248376433.48,269319400.24,163
2005-09,Cambial,1076819137.03,1851,68614508.67999999,80317869.76,13
2005-09,FMP-FGTS,8368896835.0,518162,1413951.53,69661002.94,68
2005-09,Multimercado,52375877569.19,28473,2220483129.35,2703082059.02,588
2005-09,Renda Fixa,373873452313.19,165550,65742724558.33,32681305305.01,430
2005-10,Ações,14868996925.85,296564,1620214501.72,983480251.18,170
2005-10,Cambial,1068128958.87,1799,33265334.46,55132832.31,13
2005-10,FMP-FGTS,7677707368.48,514290,138719.62,51306889.36,68
2005-10,Multimercado,53741037386.99,28914,2408171736.09,1408417058.69,604
2005-10,Renda Fixa,377441077665.94,165979,32146619703.38,34933894653.33,438
2005-11,Ações,16655996155.92,300320,338624787.08,260347199.45000002,174
2005-11,Cambial,1044539173.57,1768,54076023.510000005,57563524.13,13
2005-11,FMP-FGTS,7889681506.940001,510007,804597.4,57416360.5,68
2005-11,Multimercado,56156393245.16,29433,4009765044.71,2836384707.51,623
2005-11,Renda Fixa,381517382917.95,166427,35345587726.86,36650862645.69,451
2005-12,Ações,17258712954.760002,307225,469634071.84999996,460896606.49,176
2005-12,Cambial,1062819699.14,1726,75922225.91,119666592.67999999,12
2005-12,FMP-FGTS,8285285876.44,505899,479370.94,61880112.99,68
2005-12,Multimercado,58018012668.3,30302,2834297023.89,2005264444.6699998,642
2005-12,Renda Fixa,383235543334.53,167594,43958625852.78,48410513041.770004,463
2006-01,Ações,22605714105.61,339788,4658543515.75,1752383097.68,188
2006-01,Cambial,982734412.66,1648,84777817.37,121343275.28,13
2006-01,FMP-FGTS,9912783646.05,501442,1025083.66,84754759.17999999,68
2006-01,Multimercado,62784565600.9,31700,4695298775.8,1943180010.34,650
2006-01,Renda Fixa,402535826049.96,169324,49753221365.14,36250803380.32,472
2006-02,Ações,22790087784.670002,361512,869698585.35,586700828.56,196
2006-02,Cambial,913633510.16,1539,85913203.36,127381543.22999999,13
2006-02,FMP-FGTS,9320994619.89,497932,821747.4199999999,57606674.54,68
2006-02,Multimercado,70287713481.44,33170,12261041147.91,6332017577.34,668
2006-02,Renda Fixa,408436493196.31,169777,35244824053.67,34346620701.539997,477
2006-03,Ações,23145161507.1,379994,1079644015.94,491957348.6,207
2006-03,Cambial,882064992.19,1469,67456614.97,111654801.21000001,13
2006-03,FMP-FGTS,9053031858.88,493669,1138906.03,65329587.25,68
2006-03,Multimercado,69969866411.6,34434,5819032983.15,7281088755.65,686
2006-03,Renda Fixa,417405026528.48,169828,44166785400.06,40748903041.26,491
2006-04,Ações,24597476650.95,391160,712057835.84,394778308.68,214
2006-04,Cambial,831298338.4699999,1417,27558762.08,50470241.190000005,13
2006-04,FMP-FGTS,9687362838.61,490223,6959128.32,63209215.1,68
2006-04,Multimercado,72324160927.31999,35258,4519467758.7,3130508579.18,707
2006-04,Renda Fixa,425669450101.87,169324,38957595147.450005,35012248987.340004,499
2006-05,Ações,23874951721.21,409207,1244209167.7,659914824.29,219
2006-05,Cambial,794594702.0600001,1378,53364931.730000004,176361482.13,13
2006-05,FMP-FGTS,9408226468.43,485979,1100369.11,87524665.03999999,68
2006-05,Multimercado,72702293833.11,36166,6546736751.28,4971385677.16,729
2006-05,Renda Fixa,425275242928.01,167263,42885596423.83,48115770055.01,506
2006-06,Ações,23962501291.149998,411543,821760181.02,595068379.84,221
2006-06,Cambial,763057915.94,1361,69320625.53999999,54302289.580000006,14
2006-06,FMP-FGTS,9064100319.49,482541,487177.07999999996,51261020.9,68
2006-06,Multimercado,73893654341.16,37077,4482199532.25,4564925207.25,744
2006-06,Renda Fixa,432435323027.28,166719,58061866007.4,55998719547.91,512
2006-07,Ações,24371101878.58,415789,515985153.81,526028103.75,224
2006-07,Cambial,774599143.15,1097,45485062.43,29685304.770000003,13
2006-07,FMP-FGTS,9066676533.17,478738,363551.06,59596424.37,68
2006-07,Multimercado,77057135770.7,38197,3281744780.12,2271997278.75,760
2006-07,Renda Fixa,441557498759.36,167021,45202328856.25,41339816210.03,519
2006-08,Ações,24328441284.5,421647,795512318.49,468039845.12,231
2006-08,Cambial,748235202.17,1064,37130819.55,55196268.4,13
2006-08,FMP-FGTS,8428869864.12,474753,1348480.28,67799329.83,68
2006-08,Multimercado,77888283528.65,39766,2798594514.17,3287462476.06,769
2006-08,Renda Fixa,444958938596.94,166856,43527607379.18,45517858747.48,531
2006-09,Ações,24908266364.09,419879,1087553710.95,352048608.13,237
2006-09,Cambial,744642388.26,1029,24736766.259999998,40799203.46,13
2006-09,FMP-FGTS,8172561317.49,471284,2539263.84,53253737.38,68
2006-09,Multimercado,79439274571.42,40698,3096560781.65,2345500850.17,786
2006-09,Renda Fixa,451780384561.41,166926,41532081958.65,40113905525.020004,539
2006-10,Ações,26377658365.23,417852,640060527.25,597221051.81,247
2006-10,Cambial,727898624.73,1016,29951025.04,40727431.51,13
2006-10,FMP-FGTS,8829829811.26,468008,970698.5599999999,54430342.8,68
2006-10,Multimercado,83732362466.06,43066,6612415306.55,4023437959.36,816
2006-10,Renda Fixa,454938416521.51,166306,51949126054.96,54110677263.8,545
2006-11,Ações,28090199747.23,422225,730224363.7,690822459.68,255
2006-11,Cambial,690782334.11,984,16117196.67,64380999.370000005,13
2006-11,FMP-FGTS,9691819876.050001,464507,1745601.4400000002,72402108.45,68
2006-11,Multimercado,86320322351.2,44584,3810141335.48,2662298889.81,833
2006-11,Renda Fixa,461103796847.01,164239,50503402486.09,49338749058.36,548
2006-12,Ações,31807852894.86,435013,1581225119.07,674276226.33,269
2006-12,Cambial,654118875.36,933,27582044.36,57622174.21,12
2006-12,FMP-FGTS,10255409297.36,461319,1168720.39,80359431.33,68
2006-12,Multimercado,95529235569.17,46922,10779029474.07,3491266264.57,869
2006-12,Renda Fixa,454348034799.95,161359,53256662820.45,64954770346.0,548
2007-01,Ações,33422109706.32,456155,2213088560.54,880504623.55,279
2007-01,Cambial,627409434.86,887,20432817.419999998,45401449.14,12
2007-01,FMP-FGTS,10371667056.59,457583,658307.4299999999,74772097.14,68
2007-01,Multimercado,98306335469.35,49298,4759680471.86,3792417953.19,897
2007-01,Renda Fixa,477550673178.98,159295,66069408687.19,47990838705.93,553
2007-02,Ações,34465307174.84,476425,1851531901.1299999,608644213.5,284
2007-02,Cambial,613089564.36,840,24119085.62,39597016.79,12
2007-02,FMP-FGTS,10064278358.29,454614,6898668.55,69930792.31,68
2007-02,Multimercado,103184665852.44,52944,7568634210.49,3820667847.6,933
2007-02,Renda Fixa,484951915753.99,157885,47549561704.1,44113525922.92,556
2007-03,Ações,37074645243.29,488551,2411128891.99,1198597086.85,302
2007-03,Cambial,579543355.01,796,21324365.150000002,40787208.52,12
2007-03,FMP-FGTS,10610774988.82,451121,2198886.7800000003,73154041.04,68
2007-03,Multimercado,104950321023.94,55586,6469991584.35,6637581480.2699995,975
2007-03,Renda Fixa,488166964012.8,158483,52480114147.2,54426457133.39,570
2007-04,Ações,39707143501.26,505665,2073315783.63,1591003681.39,317
2007-04,Cambial,523109105.51,751,15359846.360000001,69110769.3,12
2007-04,FMP-FGTS,11195607237.67,447167,1952561.58,124431879.67,68
2007-04,Multimercado,111650239409.73,58427,8296549000.15,4678592970.36,1019
2007-04,Renda Fixa,506627046485.36,154808,66836297993.76,53637839411.3,574
2007-05,Ações,44466094157.84,539013,3266412795.31,1264477326.82,330
2007-05,Cambial,454354184.60999995,674,10055367.62,54253607.53,12
2007-05,FMP-FGTS,11347967200.58,443768,4711652.27,109212743.32,68
2007-05,Multimercado,120444691485.2,56335,10205004848.63,4761889736.42,1052
2007-05,Renda Fixa,512577545642.07,154110,65146381097.270004,64895335156.94,574
2007-06,Ações,49403244592.14,575735,4148669901.2599998,1166846148.31,347
2007-06,Cambial,436531981.41,641,12083644.05,34027741.73,12
2007-06,FMP-FGTS,11760726132.34,440224,2840367.54,109904842.73,68
2007-06,Multimercado,125676230848.3,57984,9629935715.06,5633564030.43,1108
2007-06,Renda Fixa,518769323222.49,155143,60016722190.19,58347365518.68,573
2007-07,Ações,53989491319.61,636418,4940700414.95,1604299057.02,366
2007-07,Cambial,403832874.8,623,22228064.8,47204683.78,12
2007-07,FMIEE,11420807.04,5,11400000.0,0.0,1
2007-07,FMP-FGTS,12506849274.97,436989,2464400.21,111752372.56,68
2007-07,Multimercado,133574043245.56,59883,12784440697.8,5949908741.64,1179
2007-07,Renda Fixa,523041012353.91003,152422,70136285919.4,71012355232.75,587
2007-08,Ações,55061608088.05,646030,4567076927.59,2752538831.18,372
2007-08,Cambial,420549402.49,632,64457898.38,67789298.14,12
2007-08,FMIEE,11480903.06,5,0.0,0.0,1
2007-08,FMP-FGTS,12537172343.64,433428,4042167.77,111122660.2,68
2007-08,Multimercado,133681357309.3,63012,10945725386.529999,10201472513.92,1221
2007-08,Renda Fixa,525368530792.14,151734,69971961800.91,71825084748.45,602
2007-09,Ações,61133836229.53,679157,3301095554.59,2791895364.47,387
2007-09,Cambial,389505771.75,620,25749088.270000003,35160914.08,12
2007-09,FMIEE,11531226.08,5,0.0,0.0,1
2007-09,FMP-FGTS,15102042650.2,430377,4160714.88,127395750.58,68
2007-09,Multimercado,137981965832.92,66036,6967730452.86,5016085727.41,1252
2007-09,Renda Fixa,529085610745.86,153045,53708295615.86,54938914703.84,626
2007-10,Ações,68881703321.43,783247,5289501133.84,3181755875.25,409
2007-10,Cambial,375243556.21000004,615,28935950.060000002,23951676.41,12
2007-10,FMIEE,11588783.29,5,0.0,0.0,1
2007-10,FMP-FGTS,16615085227.09,427403,5348073.79,156022354.83,68
2007-10,Multimercado,145794609579.06,67519,13091434480.59,7277694488.54,1319
2007-10,Renda Fixa,535293442980.26,151949,66152128870.1,64411076510.25,639
2007-11,Ações,69957888216.66,879308,5113505178.56,2618154876.34,427
2007-11,Cambial,369406405.57,597,19076138.19,40355094.18,11
2007-11,FMIEE,11641328.74,5,0.0,0.0,1
2007-11,FMP-FGTS,16581208660.26,424804,3353194.99,149182065.23,68
2007-11,Multimercado,147083938435.55,69848,8182938547.690001,7122877111.68,1367
2007-11,Renda Fixa,535585764742.12,150150,65093039853.56,68588144125.9,642
2007-12,Ações,76229639614.25,961836,3794594825.14,2577916858.8,446
2007-12,Cambial,365253858.73,584,17832802.68,21763502.89,11
2007-12,FMIEE,11657466.38,5,0.0,0.0,1
2007-12,FMP-FGTS,17620504964.670002,422587,2472902.76,102309970.1,68
2007-12,Multimercado,148174857207.37,69327,7187802041.29,6924432067.91,1407
2007-12,Renda Fixa,537213925451.46,149200,78219043249.03,82265674158.31999,655
2008-01,Ações,70552276394.87,1010103,4729573491.55,3838543619.56,459
2008-01,Cambial,390585490.67999995,568,49594671.29,23159396.53,11
2008-01,FMIEE,11715707.06,5,0.0,0.0,1
2008-01,FMP-FGTS,15525133438.2,419514,3751561.76,132588310.03,68
2008-01,Multimercado,149421948179.96,70002,11849369609.88,11357825594.03,1439
2008-01,Renda Fixa,566840122130.44,149107,99159870507.74,77170810109.62,669
2008-02,Ações,76056633059.17,1049839,2529474769.16,2414217708.44,474
2008-02,Cambial,365897089.16999996,549,16668554.24,28454453.05,11
2008-02,FMIEE,11765889.28,5,0.0,0.0,1
2008-02,FMP-FGTS,16922163126.2,416914,2579233.67,117171139.84,68
2008-02,Multimercado,153904312362.78,69824,11009079775.86,9711484094.04,1460
2008-02,Renda Fixa,577102818769.11,149414,77724492334.3,73012346029.41,673
2008-03,Ações,73911789759.94,1072602,3666515305.6,1904078042.18,488
2008-03,Cambial,359494600.28,526,13551756.35,35312711.32,11
2008-03,FMIEE,11819134.54,5,0.0,0.0,1
2008-03,FMP-FGTS,15921799198.18,414044,2081835.93,114610880.38,68
2008-03,Multimercado,150245877292.29,69449,10945855723.39,13058971524.89,1487
2008-03,Renda Fixa,587275075100.8,148455,78142038258.52,72342731872.27,675
2008-04,Ações,78881548304.9,1059924,2481973183.19,3206610687.07,513
2008-04,Cambial,335845072.40999997,513,15463419.11,24508451.91,11
2008-04,FMIEE,11875323.89,5,0.0,0.0,1
2008-04,FMP-FGTS,17326633514.43,410453,1454709.43,174039731.75,68
2008-04,Multimercado,152171034257.34,70567,13510162265.6,13366443689.64,1545
2008-04,Renda Fixa,593573719663.65,147205,94493661253.13,93701741799.43001,688
2008-05,Ações,87407371606.58,1121735,5042561506.69,3468297952.87,538
2008-05,Cambial,319204928.47,436,15408608.719999999,24393323.05,11
2008-05,FMIEE,11929127.36,5,0.0,0.0,1
2008-05,FMP-FGTS,18603550963.42,407374,4600582.53,169803924.61,68
2008-05,Multimercado,154193553966.35,71904,11160860481.62,11553923544.84,1570
2008-05,Renda Fixa,595481989997.38,145836,81376075574.98,84913523308.78,703
2008-06,Ações,85701319635.61,1178632,5975336234.690001,1938733091.71,579
2008-06,Cambial,305692057.21999997,479,15529364.909999998,24372432.639999997,11
2008-06,FMIEE,11934554.82,5,0.0,0.0,1
2008-06,FMP-FGTS,17278354047.94,404831,1496647.85,110332767.18,68
2008-06,Multimercado,161049439362.4,72789,16877472098.07,10068047417.61,1600
2008-06,Renda Fixa,592755072812.25,144781,79635891704.31,87937126445.95,714
2008-07,Ações,79313061187.45,1166252,3484137941.17,1898632876.19,605
2008-07,Cambial,293609210.73,468,11239120.43,17070495.45,11
2008-07,FMP-FGTS,13687380484.97,401919,2080460.72,110143237.45,68
2008-07,Multimercado,160056274751.36,77471,9882801256.15,11924614131.99,1629
2008-07,Renda Fixa,599416031966.7,143907,94155046393.8,94012559677.55,739
2008-08,Ações,76102514557.49,1153359,2496931034.36,1870729095.05,618
2008-08,Cambial,384083067.74,473,94474365.69,15045673.790000001,11
2008-08,FMP-FGTS,12889108262.77,399489,1478374.24,79490205.07,68
2008-08,Multimercado,161728413931.8,81821,13840516018.35,12509843191.85,1668
2008-08,Renda Fixa,603581006870.25,143598,76999863192.29001,78850467960.29001,756
2008-09,Ações,69228582350.86,1125655,3020189035.1,2988469628.83,623
2008-09,Cambial,389615341.67,504,84901444.73,138444977.07,10
2008-09,FMP-FGTS,11849526274.02,396673,1836402.75,96975341.56,68
2008-09,Multimercado,159805062627.41,83447,10911789289.03,13128667445.6,1685
2008-09,Renda Fixa,610027388873.54,142638,85365927039.69,87419858767.55,774
2008-10,Ações,55803993466.97,1088930,3324976213.05,3317574152.93,630
2008-10,Cambial,366588817.64000005,476,91928104.83,159498463.52,10
2008-10,FMP-FGTS,8482824639.190001,393929,1065866.68,81919964.43,68
2008-10,Multimercado,150291418544.65,78970,12477848199.6,20489281097.420002,1712
2008-10,Renda Fixa,611541121224.94,139482,111300853469.87,114770708523.65001,792
2008-11,Ações,54984947386.840004,1082506,1533798042.31,1772504263.98,638
2008-11,Cambial,385931337.08,468,45305297.89,57127413.260000005,10
2008-11,FMP-FGTS,7496131212.49,391919,1121835.6400000001,41759136.93,68
2008-11,Multimercado,151735272082.57,80844,7306202606.32,11417678827.64,1713
2008-11,Renda Fixa,612438963492.21,138802,80940301449.34,86975124350.27,813
2008-12,Ações,55656618622.27,1069426,920777752.58,1538015662.98,636
2008-12,Cambial,400782575.48,470,46085017.15,37169486.080000006,11
2008-12,FMP-FGTS,8230661134.68,389793,559177.67,41891152.160000004,68
2008-12,Multimercado,171602247046.49,80410,27844339842.370003,12828721668.52,1722
2008-12,Renda Fixa,601505663936.45,137815,91938333376.40001,110641597314.1,831
2009-01,Ações,57545482962.06,1062316,784282325.7,1133952725.27,633
2009-01,Cambial,377145521.39,449,16873699.06,34347488.67,11
2009-01,FMP-FGTS,9249748678.08,387527,332084.88,45544586.68,68
2009-01,Multimercado,169015592534.28,80470,8406930989.58,13082698497.17,1724
2009-01,Renda Fixa,615228699200.54,137339,91147455617.95999,84302097183.19,835
2009-02,Ações,57159194653.6,1057288,928729357.07,1144696876.79,632
2009-02,Cambial,404395429.29999995,435,40052546.87,25110655.369999997,11
2009-02,FMP-FGTS,9392020174.79,385660,486231.07,44277607.86,68
2009-02,Multimercado,174315484641.86002,82595,10780864073.46,7522119006.55,1709
2009-02,Renda Fixa,623014871611.1,136747,76147377312.18001,73983101810.81,844
2009-03,Ações,59577721275.3,1043605,1141700196.89,1384992245.18,644
2009-03,Cambial,376639700.43,440,36064469.64,55774589.00000001,11
2009-03,FMP-FGTS,9789400662.58,383058,380316.09,57376860.71,68
2009-03,Multimercado,177932193777.04,85149,9526639505.85,7415493177.25,1736
2009-03,Renda Fixa,630078359579.03,135437,82096934252.3,81438348585.61,850
2009-04,Ações,65804831628.79,1037372,1369588956.65,1503175182.53,643
2009-04,Cambial,347694412.12,433,34550818.0,43868871.92,12
2009-04,FMP-FGTS,10687700501.02,380749,525432.98,63821708.85,68
2009-04,Multimercado,182509681529.49,92486,13462401282.62,9553478272.27,1769
2009-04,Renda Fixa,638481275982.79,133821,86657767053.66,83889920226.85,870
2009-05,Ações,71718416158.14,1034307,1616200910.35,1657843784.01,651
2009-05,Cambial,329300253.45,417,54804801.74,44220469.46,13
2009-05,FMP-FGTS,11864012271.380001,378185,1292479.31,90867345.39,68
2009-05,Multimercado,185973062357.26,94588,11487310465.25,10485172726.3,1777
2009-05,Renda Fixa,648443179549.16,137246,85036609163.58,81290728206.3,884
2009-06,Ações,69736349803.01,1046338,2165347171.32,2243995427.84,666
2009-06,Cambial,403382768.83,422,93332300.65,16616696.850000001,14
2009-06,FII,14070174.38,1,14006593.94,0.0,1
2009-06,FMP-FGTS,10850435910.51,375683,1320517.3800000001,85900014.60000001,68
2009-06,Multimercado,187635434164.66,95946,12379736040.95,11310210885.26,1798
2009-06,Renda Fixa,666215664849.08,142581,106355293973.85,93982718237.87,918
2009-07,Ações,73307191417.06,1031782,1735335509.31,1421059366.65,669
2009-07,Cambial,375627297.16,419,18445509.62,28691600.99,14
2009-07,FII,14227326.63,1,0.0,0.0,1
2009-07,FMP-FGTS,10856237954.96,372768,1469432.19,83462975.17999999,68
2009-07,Multimercado,201202387049.41,99684,19768003979.62,8224717855.71,1815
2009-07,Renda Fixa,672721010619.87,141828,96439284704.73,95640313537.29,919
2009-08,Ações,76076548768.22,1024390,3146362221.0299997,1679754850.02,673
2009-08,Cambial,389354560.89,422,27357687.299999997,16842217.459999997,14
2009-08,FII,14312229.77,1,0.0,0.0,1
2009-08,FMP-FGTS,10561453301.97,370126,1167551.28,80881775.87,68
2009-08,Multimercado,205836461596.16,109655,10609976226.8,8526214444.94,1834
2009-08,Renda Fixa,682519694122.5,140804,94273220565.91,88489944492.8,922
2009-09,Ações,83283952426.98,1018841,3144986379.01,1529891157.63,687
2009-09,Cambial,381717674.55,423,40736070.14,26625866.33,14
2009-09,FII,14467189.68,1,0.0,0.0,1
2009-09,FMP-FGTS,11519928403.85,367595,1552663.15,99889500.71,68
2009-09,Multimercado,213533963386.23,112793,12916644198.789999,7436985374.4,1880
2009-09,Renda Fixa,695488882241.98,143354,95589879903.03,87670804305.63,935
2009-10,Ações,85064082856.28,1027557,2488893930.53,2227901349.81,734
2009-10,Cambial,387300012.43,424,36640143.18,27805558.47,14
2009-10,FII,14543629.38,1,0.0,0.0,1
2009-10,FMP-FGTS,11869333135.81,365577,810931.62,88498757.81,68
2009-10,Multimercado,217408820411.88,116148,17251605349.75,14065215824.25,1894
2009-10,Renda Fixa,708180747699.03,142260,112241054217.99,104325879666.09,940
2009-11,Ações,90633767734.7,1019806,2170542580.74,1836042963.75,708
2009-11,Cambial,402573248.62,431,31612905.68,17402248.18,14
2009-11,FII,14571249.99,1,0.0,99645.17,1
2009-11,FMP-FGTS,12818980837.3,363025,1240590.21,108900699.89,68
2009-11,Multimercado,220558418485.21,117209,10489802150.49,10102544695.68,1918
2009-11,Renda Fixa,721086486573.65,141647,111892830620.97,99097683387.06999,946
2009-12,Ações,94075494513.06,1016613,2666355861.01,1817209066.88,727
2009-12,Cambial,416742946.03,435,37675576.199999996,21237893.8,14
2009-12,FII,14692280.93,1,0.0,0.0,1
2009-12,FMP-FGTS,12395133101.73,360612,671890.74,97970832.95,68
2009-12,Multimercado,224495029460.18,112927,18392595767.22,16910835882.97,1974
2009-12,Renda Fixa,721074233658.89,140532,129525406394.02,129260377935.55,952
2010-01,Ações,93650674161.78,1014100,3326616200.44,1443184817.67,735
2010-01,Cambial,474087758.24,444,49065936.15,25244755.82,14
2010-01,FII,14706066.81,1,0.0,0.0,1
2010-01,FMP-FGTS,11682609490.68,358327,1339664.22,87757236.24,68
2010-01,Multimercado,227327281171.49,111769,12177073131.05,10964710164.62,2000
2010-01,Renda Fixa,738354779764.76,140242,108174436309.45999,96709316559.78,958
2010-02,Ações,96207213830.73,1005470,2519913107.69,1541671470.81,751
2010-02,Cambial,459144033.49,438,45661742.87,42065182.07,14
2010-02,FII,14793591.58,1,0.0,0.0,1
2010-02,FMP-FGTS,11852499929.8,356241,997735.24,72225120.24,68
2010-02,Multimercado,228646289577.17,111790,10549140327.82,9007470882.3,2025
2010-02,Renda Fixa,748957798256.78,140285,99856140299.67,94676641980.13,965
2010-03,Ações,100809243338.01,991212,2195022731.42,1996496020.66,767
2010-03,Cambial,458167508.86,453,44406707.45,39167814.91,14
2010-03,FII,12491006.09,1,0.0,2415823.0,1
2010-03,FMP-FGTS,12613898976.84,353159,1484494.8800000001,131060955.34,68
2010-03,Multimercado,239740163692.54,111668,21399255822.920002,12899534100.6,2073
2010-03,Renda Fixa,767286875030.47,140438,138482130941.75,127098582641.92,977
2010-04,Ações,98187873654.06,978468,2789945585.51,2283903112.34,782
2010-04,Cambial,461960058.55,439,50985233.28,36001217.86,14
2010-04,FII,8847684.32,1,0.0,3717747.36,1
2010-04,FMP-FGTS,11711487054.66,350603,1452052.04,102827875.8,68
2010-04,Multimercado,242664588213.76,111784,14698965829.24,12877197172.98,2117
2010-04,Renda Fixa,780711131767.95,139753,112146861056.36,104000886998.81,988
2010-05,Ações,94952105682.09,960098,3835521347.63,2308825083.96,803
2010-05,Cambial,474333702.21999997,441,53440891.85,60871533.449999996,14
2010-05,FIDC,10374694.13,2,10226981.96,0.0,1
2010-05,FII,8871649.34,1,0.0,49130.5,1
2010-05,FMP-FGTS,10857066992.2,348004,1006464.63,78112273.16,68
2010-05,Multimercado,246380170863.71,108739,17618557749.11,15484650301.06,2169
2010-05,Renda Fixa,789668643509.72,141456,120776503723.57,117955345525.55,994
2010-06,Ações,92911704820.18001,950549,1797897292.98,1557451478.85,816
2010-06,Cambial,468347770.46,444,26432877.09,27772537.87,14
2010-06,FIDC,10587090.76,2,6000.0,0.0,1
2010-06,FII,8944969.49,1,0.0,0.0,1
2010-06,FMP-FGTS,9617016908.03,345990,1371275.25,57612770.45,68
2010-06,Multimercado,251818573461.18,107000,16524531403.32,13387254258.03,2209
2010-06,Renda Fixa,800702318383.17,146124,108359538634.69,104346163543.26,1008
2010-07,Ações,103149496166.44,980881,3004426163.9,1955859470.61,846
2010-07,Cambial,469469490.84,436,33134212.72,24166789.83,14
2010-07,FIDC,10815237.86,2,0.0,0.0,1
2010-07,FII,19047205.49,1,10000000.0,0.0,1
2010-07,FMP-FGTS,10244198777.01,343862,1628643.56,57731398.76,68
2010-07,Multimercado,257781650396.34,106647,13298320874.68,12085960159.37,2246
2010-07,Renda Fixa,811594762090.27,148055,113244912274.7,109745422537.6,1024
2010-08,Ações,101329133813.84,966658,1989696466.55,1816580289.2,855
2010-08,Cambial,485169544.18,452,43606937.6,27613316.32,14
2010-08,FIDC,11175420.73,2,198000.0,0.0,1
2010-08,FII,19243499.82,1,0.0,0.0,1
2010-08,FMP-FGTS,9631933353.84,341510,737654.32,76408427.37,68
2010-08,Multimercado,259471679460.6,106348,14444080920.88,15024134451.66,2275
2010-08,Renda Fixa,826254173111.69,148722,117436907164.12,112078640701.37,1035
2010-09,Ações,109598058922.24,973197,6561073574.0199995,3375243210.3599997,888
2010-09,Cambial,490959071.68,448,50012704.79,29864863.05,14
2010-09,FIDC,12453255.02,2,1032000.0,0.0,1
2010-09,FII,19410003.6,1,0.0,0.0,1
2010-09,FMP-FGTS,10658274521.66,339403,405219580.77,65059845.11,68
2010-09,Multimercado,267564934562.3,102827,16061231641.539999,11298388654.57,2311
2010-09,Renda Fixa,833714528841.56,149111,117356550429.2,117058654699.17,1048
2010-10,Ações,110832222965.78,961146,2514808685.33,2320671953.54,885
2010-10,Cambial,574441845.19,452,107263041.1,29368184.8,14
2010-10,FIDC,14046057.31,2,1325000.0,0.0,1
2010-10,FII,19646876.89,1,0.0,0.0,1
2010-10,FMP-FGTS,10462839914.39,337366,597012.93,73207677.3,68
2010-10,Multimercado,281028771881.56,104357,26913557424.34,16007961401.29,2358
2010-10,Renda Fixa,850978938483.06,149804,121551339942.78,112024584077.22,1063
2010-11,Ações,109798719545.06,949832,3110137255.42,2645406120.01,887
2010-11,Cambial,549525584.5,450,31540735.93,59536153.85,14
2010-11,FIDC,13928901.99,2,0.0,201437.26,1
2010-11,FII,92746796.65,1,87729279.1,15248789.3,1
2010-11,FMP-FGTS,10192233608.51,334797,1072075.03,86197065.6,68
2010-11,Multimercado,284088703091.92,104732,19105755842.99,17118824944.47,2410
2010-11,Renda Fixa,864556097272.53,150286,125674446713.96,119175622754.54001,1062
2010-12,Ações,117882259049.01,935520,3970987310.15,2289802136.03,915
2010-12,Cambial,586563254.51,448,96864045.94,43985024.89,15
2010-12,FIDC,14198603.42,2,0.0,0.0,1
2010-12,FII,63490237.1,1,0.0,30066208.55,1
2010-12,FIP,92634310.27,1,97013382.74,0.0,1
2010-12,FMP-FGTS,10836268219.4,332489,1391213.1099999999,86502488.34,68
2010-12,Multimercado,291749477166.03,104648,19408415798.05,17245283307.37,2474
2010-12,Renda Fixa,868604336738.83,151101,157109700593.64,162281032386.73,1085
2011-01,Ações,115816840880.49,924455,2267770080.0,2059470136.05,916
2011-01,Cambial,608353364.97,472,49959554.92,34076477.09,16
2011-01,FIDC,14399957.85,2,0.0,0.0,1
2011-01,FII,63811467.18,1,0.0,0.0,1
2011-01,FIP,96039298.9,1,750000.0,0.0,1
2011-01,FMP-FGTS,10874482948.64,330144,275609.37,84604892.22,68
2011-01,Multimercado,293840515810.9,104422,16409977492.36,14577741168.58,2501
2011-01,Renda Fixa,889175209030.15,150208,137990013667.15,124600034051.69,1098
2011-02,Ações,117548195140.75,912519,2937512480.6,1964685029.22,928
2011-02,Cambial,588033230.37,465,15438429.15,32430884.62,16
2011-02,FIDC,14654819.21,2,0.0,0.0,1
2011-02,FII,64316691.44,1,0.0,0.0,1
2011-02,FIP,96102091.26,1,0.0,0.0,1
2011-02,FMP-FGTS,11121186381.4,327823,1298095.01,79059575.62,68
2011-02,Multimercado,299977222193.6,102310,14350275627.19,12530606162.67,2528
2011-02,Renda Fixa,909013561250.91,157495,122914925681.37999,111080828832.82,1107
2011-03,Ações,122811211362.37,899041,6806542708.97,2852795071.64,946
2011-03,Cambial,570278402.06,448,21391744.64,30673117.150000002,16
2011-03,FIDC,14852660.42,2,0.0,0.0,1
2011-03,FII,64849594.27,1,0.0,0.0,1
2011-03,FIP,96644446.34,1,225000.0,0.0,1
2011-03,FMP-FGTS,10751546221.300001,325393,340801.05,85049646.23,68
2011-03,Multimercado,307516499635.13,102125,22265918379.14,18189354515.2,2563
2011-03,Renda Fixa,930435817632.36,158183,129295550342.52,117123077730.31,1111
2011-04,Ações,121230969304.95,887795,2303818626.63,2129958266.26,952
2011-04,Cambial,550225046.99,449,23854092.560000002,25313179.96,16
2011-04,FIDC,14939276.6,2,0.0,0.0,1
2011-04,FII,73132212.33,1,11820000.0,4032644.52,1
2011-04,FIP,96394285.46,1,0.0,0.0,1
2011-04,FIP Multi,39547069.29,1,39400000.0,0.0,1
2011-04,FMP-FGTS,9987737508.51,323274,665678.03,71642696.43,68
2011-04,Multimercado,302672258812.22,104381,13981213543.0,19095105021.41,2587
2011-04,Renda Fixa,945201557690.1,158773,126462159405.56999,119659287728.65,1130
2011-05,Ações,119084772435.53,874856,2130024487.45,2078539106.41,957
2011-05,Cambial,525999255.13,442,17282074.06,47636513.660000004,16
2011-05,FIDC,13336929.88,2,730000.0,2250000.0,1
2011-05,FII,79044015.33,1,4630000.0,5056326.82,1
2011-05,FIP,241960307.78,1,275000.0,0.0,1
2011-05,FIP Multi,39877737.34,1,0.0,0.0,1
2011-05,FMP-FGTS,9451517885.52,320879,1174552.99,68924578.36,68
2011-05,Multimercado,302483574409.19,104696,16493968571.06,18862435823.78,2639
2011-05,Renda Fixa,962120305717.54,160064,145076003738.16,138138963044.93,1146
2011-06,Ações,117754287018.3,860032,2488170688.26,2105891034.29,966
2011-06,Cambial,775355677.75,126,284266880.94,31027296.560000002,18
2011-06,FIDC,13503528.16,2,0.0,0.0,1
2011-06,FII,82876876.27,1,1700000.0,0.0,1
2011-06,FIP,245136502.14,1,0.0,0.0,1
2011-06,FIP Multi,40201225.43,1,0.0,0.0,1
2011-06,FMP-FGTS,9203649287.57,318516,234760.16,67997880.56,68
2011-06,Multimercado,303062103557.16,105194,14583309614.82,14758395892.49,2701
2011-06,Renda Fixa,971598404860.37,159596,133988494332.68001,132808630851.19,1164
2011-07,Ações,113875380171.56,841987,2550970349.82,3277813494.25,977
2011-07,Cambial,703655465.99,125,24833677.57,93785176.27000001,18
2011-07,FIDC,13562103.28,2,0.0,0.0,1
2011-07,FII,83171443.08,1,0.0,0.0,1
2011-07,FIP,243806027.94,1,0.0,0.0,1
2011-07,FIP Multi,40531331.04,1,0.0,0.0,1
2011-07,FMP-FGTS,9144800068.460001,315713,1552416.8900000001,87940417.06,68
2011-07,Multimercado,306804006985.52,105695,17882675866.97,14918911519.31,2748
2011-07,Renda Fixa,983917358970.5,158829,136235179363.59999,133161488460.17,1168
2011-08,Ações,110174099095.25,826428,2922188829.28,2475543607.85,987
2011-08,Cambial,709742766.5,128,57057160.06,68018619.88,17
2011-08,FIDC,13578877.64,2,0.0,0.0,1
2011-08,FII,82811679.14,1,0.0,1053891.25,1
2011-08,FIP,240798347.58,1,0.0,0.0,1
2011-08,FIP Multi,40901961.01,1,0.0,0.0,1
2011-08,FMP-FGTS,8255734242.79,316003,86542332.03,66717226.42,68
2011-08,Multimercado,314229807764.45,106478,19861080099.98,17887652381.01,2841
2011-08,Renda Fixa,1002575056861.27,159296,148904499521.99,144148768914.06,1187
2011-09,Ações,106952865041.01,820374,2004404250.48,2328785820.12,1003
2011-09,Cambial,808327412.54,118,82434856.32,106144123.69,16
2011-09,FIDC,13524842.35,2,0.0,0.0,1
2011-09,FII,82520454.38,1,0.0,726802.02,1
2011-09,FIP,238659727.31,1,0.0,0.0,1
2011-09,FIP Multi,41229317.31,1,0.0,0.0,1
2011-09,FMP-FGTS,7652079926.92,314066,555685.09,51102023.230000004,68
2011-09,Multimercado,324068874006.24,106600,21499104897.43,15139166735.34,2884
2011-09,Renda Fixa,1024630323446.08,160515,139157869293.23,130959277193.59001,1213
2011-10,Ações,112754084144.16,807581,1763164852.82,2117219425.72,1013
2011-10,Cambial,695830255.9,116,37371524.440000005,77580200.75999999,16
2011-10,FIDC,244784357.33,4,230000000.0,164169.65,3
2011-10,FIDC-NP,20999678.56,1,21000000.0,0.0,1
2011-10,FII,76140280.2,1,0.0,6469806.57,1
2011-10,FIP,247677551.49,1,0.0,0.0,1
2011-10,FIP Multi,41537467.78,1,0.0,0.0,1
2011-10,FMP-FGTS,8163376928.150001,312476,99589.79000000001,39545430.95,68
2011-10,Multimercado,327170457191.05,103962,14249224567.61,15849649099.62,2916
2011-10,Renda Fixa,1036528506306.72,162165,132329338950.97,129648521465.17,1221
2011-11,Ações,111413385087.05,822382,1747012281.98,1583648970.68,1012
2011-11,Cambial,711909162.8199999,115,24916976.880000003,56804229.230000004,16
2011-11,FIDC,247269435.45999998,4,0.0,0.0,3
2011-11,FIDC-NP,24354214.0,1,3350000.0,0.0,1
2011-11,FII,73151364.73,1,0.0,5965079.28,1
2011-11,FIP,251598681.16,1,0.0,0.0,1
2011-11,FIP Multi,43642544.78,12,1800728.93,0.0,2
2011-11,FMP-FGTS,8082216204.809999,310191,242586.25999999998,63625861.99,68
2011-11,Multimercado,330668648391.92,101937,14210594563.51,15440780272.2,2954
2011-11,Renda Fixa,1075668558137.97,163855,171981902827.19,141924070815.21,1231
2011-12,Ações,114780194280.56,789256,2456561175.93,2004165657.6499999,1031
2011-12,Cambial,723706835.69,115,41618222.480000004,54170242.949999996,16
2011-12,FIDC,249032961.17,4,0.0,0.0,3
2011-12,FIDC-NP,36182564.02,2,11711900.12,0.0,2
2011-12,FII,73659608.28,1,1000000.0,100098.99,1
2011-12,FIP,260468797.68,1,0.0,0.0,1
2011-12,FIP Multi,43985243.74,16,18138.0,0.0,2
2011-12,FMP-FGTS,7626862775.67,308301,247298.94,49179340.72,68
2011-12,Multimercado,335950636017.1,101449,21984236748.83,17646238648.9,2973
2011-12,Renda Fixa,1079481684129.69,165073,180496160896.7,187643312458.21,1245
2012-01,Ações,121285602613.37,781177,1899569566.36,2359253556.34,1040
2012-01,Cambial,722803722.95,107,72309464.15,27587405.61,16
2012-01,FIDC,251618996.17000002,4,0.0,0.0,3
2012-01,FIDC-NP,36326089.64,2,0.0,0.0,2
2012-01,FII,76468071.88,1,0.0,620988.36,1
2012-01,FIP,261908527.94,1,0.0,0.0,1
2012-01,FIP Multi,44289043.89,16,0.0,0.0,2
2012-01,FMP-FGTS,8729423045.13,305957,16606.71,62804483.45,68
2012-01,Multimercado,344402583140.6,102762,14351468325.28,13065519317.48,2985
2012-01,Renda Fixa,1115228978914.41,165869,198655402670.53,175336418337.47,1250
2012-02,Ações,124889292266.77,775269,2385882803.71,2282494448.52,1048
2012-02,Cambial,688994356.94,110,23233662.39,45035594.86,16
2012-02,FIDC,254124170.83,4,0.0,0.0,3
2012-02,FIDC-NP,36454398.85,2,0.0,0.0,2
2012-02,FII,76143363.11,1,0.0,0.0,1
2012-02,FIP,273866763.32,1,0.0,0.0,1
2012-02,FIP Multi,44546038.260000005,16,0.0,0.0,2
2012-02,FMP-FGTS,8353235308.04,303870,224761.59,63314146.1,68
2012-02,Multimercado,348889820288.44,103540,15277775405.93,14912635745.24,2997
2012-02,Renda Fixa,1143441540919.8,166092,151068744475.57,131700026642.28,1256
2012-03,Ações,125403051489.99,774767,2312940913.46,2261364184.04,1055
2012-03,Cambial,722041332.53,107,26245936.82,37858687.46,17
2012-03,FIDC,256699853.47000003,4,0.0,0.0,3
2012-03,FIDC-NP,36600653.72,2,0.0,0.0,2
2012-03,FII,75944105.22,1,0.0,0.0,1
2012-03,FIP,280025594.64,1,0.0,0.0,1
2012-03,FIP Multi,44824032.14,16,0.0,0.0,2
2012-03,FMP-FGTS,8008160944.48,301497,751381.42,70040182.74,68
2012-03,Multimercado,355228825046.68,105347,19764695789.93,17019240722.04,3000
2012-03,Renda Fixa,1183244344013.08,172331,188201678296.49,159219587906.02,1273
2012-04,Ações,124478061569.47,766951,2719464512.41,2221623481.09,1061
2012-04,Cambial,739579938.29,104,25899992.99,39285937.65,17
2012-04,FIDC,259260768.27999997,4,10000.0,0.0,3
2012-04,FIDC-NP,36720222.83,2,0.0,0.0,2
2012-04,FII,83112808.57,1,0.0,0.0,1
2012-04,FIP,275601620.58,1,0.0,0.0,1
2012-04,FIP Multi,45060250.89,16,0.0,0.0,2
2012-04,FMP-FGTS,7717261021.79,299361,1043386.8,60616923.62,68
2012-04,Multimercado,356450336669.95,107727,16729141603.74,21082892355.02,3031
2012-04,Renda Fixa,1205050647115.99,173747,161716240789.63,152607951716.72,1292
2012-05,Ações,118636750494.24,738971,4636617262.57,2423415585.77,1071
2012-05,Cambial,756497188.73,116,100807478.41,129075528.35,17
2012-05,FIDC,261650200.3,4,0.0,0.0,3
2012-05,FIDC-NP,36853267.12,2,0.0,0.0,2
2012-05,FII,83087661.44,1,0.0,0.0,1
2012-05,FIP,262288543.65,1,0.0,0.0,1
2012-05,FIP Multi,45307733.8,16,0.0,0.0,2
2012-05,FMP-FGTS,6784270067.79,297065,160588.66,60900923.58,68
2012-05,Multimercado,362706975400.26,107576,23432160234.36,19609684575.43,3067
2012-05,Renda Fixa,1216990821850.71,174472,192609108511.43,192023999996.68,1299
2012-06,Ações,120832098185.0,758875,3639530244.15,3297455540.96,1077
2012-06,Cambial,735144858.88,138,47671173.14,69169490.28999999,16
2012-06,FIDC,263412789.22,4,0.0,0.0,3
2012-06,FIDC-NP,36974677.94,2,0.0,0.0,2
2012-06,FII,97368662.4,1,14300000.0,0.0,1
2012-06,FIP,270513103.7,1,0.0,0.0,1
2012-06,FIP Multi,45520290.77,16,0.0,0.0,2
2012-06,FMP-FGTS,6837958558.309999,295041,713677.2,46255963.94,68
2012-06,Multimercado,365416118893.74,107139,17000767258.039999,22281833691.88,3113
2012-06,Renda Fixa,1227525317756.45,175879,188616081864.31,185308723124.54,1299
2012-07,Ações,121894439773.65,751343,2530232345.61,3448354646.35,1073
2012-07,Cambial,734060475.15,138,50713258.730000004,63048823.66,16
2012-07,FIDC,265763838.75,4,5000.0,0.0,3
2012-07,FIDC-NP,44998506.56,2,2000000.0,0.0,2
2012-07,FII,97892008.19,1,0.0,0.0,1
2012-07,FIP,272040078.24,1,0.0,0.0,1
2012-07,FIP Multi,45743393.44,16,0.0,0.0,2
2012-07,FMP-FGTS,6671501310.5,292800,448532.49,51403577.910000004,68
2012-07,Multimercado,375757846368.75,108312,17142597841.52,13453558765.21,3150
2012-07,Renda Fixa,1239728192846.53,171827,181068000152.43,181467741197.95,1309
2012-08,Ações,124375818320.53,743790,3763282530.12,3186521646.2,1084
2012-08,Cambial,657998032.99,126,25039780.450000003,95224827.66999999,16
2012-08,FIDC,267904052.48,4,0.0,0.0,3
2012-08,FIDC-NP,45215283.33,2,0.0,0.0,2
2012-08,FII,115867939.62,6,18027186.27,0.0,2
2012-08,FIP,267034082.53,1,0.0,0.0,1
2012-08,FIP Multi,45969300.970000006,16,0.0,0.0,2
2012-08,FMP-FGTS,6479194771.07,290652,375224.99,56760417.59,68
2012-08,Multimercado,386724236470.42,109890,22594855146.22,15968749059.0,3192
2012-08,Renda Fixa,1253571585425.61,171848,180756051282.67,179752108125.13,1323
2012-09,Ações,127781597238.45,736289,3005100042.52,2265196705.73,1093
2012-09,Cambial,610880523.1999999,117,15593502.9,63787118.33,16
2012-09,FIDC,269961527.47,4,10000.0,0.0,3
2012-09,FIDC-NP,45407705.769999996,2,0.0,0.0,2
2012-09,FII,121448189.25999999,6,2220000.0,0.0,2
2012-09,FIP,262634122.01,1,0.0,0.0,1
2012-09,FIP Multi,46144641.93,16,0.0,0.0,2
2012-09,FMP-FGTS,6990556493.18,289171,570969.39,44102250.89,68
2012-09,Multimercado,419315539721.81,110602,42853326126.82,16034491810.16,3231
2012-09,Renda Fixa,1254035259207.09,172811,160235138090.17,167515139505.77,1322
2012-10,Ações,129597907391.09,735916,3864014634.2,2160759489.0,1098
2012-10,Cambial,554366389.29,108,13521349.58,71274269.5,16
2012-10,FIDC,292503580.92,5,20000000.0,0.0,3
2012-10,FIDC-NP,45631986.32,2,0.0,0.0,2
2012-10,FII,123223280.34,6,2220000.0,0.0,2
2012-10,FIP,261257563.34,1,0.0,0.0,1
2012-10,FIP Multi,46338729.78,16,0.0,0.0,2
2012-10,FMP-FGTS,6853038514.68,286895,332017.19,58490597.72,68
2012-10,Multimercado,431785181207.03,108866,26841714018.58,17506633666.75,3276
2012-10,Renda Fixa,1269240580254.65,174080,183328228130.06,181526553210.31,1321
2012-11,Ações,132263114594.49,738848,9464469675.76,7805811220.2300005,1114
2012-11,Cambial,588671718.81,109,42819177.24,34073104.71,16
2012-11,FIDC,294496321.40999997,5,10000.0,0.0,3
2012-11,FIDC-NP,45822204.15,2,0.0,0.0,2
2012-11,FII,125070500.47,6,2220000.0,0.0,2
2012-11,FIP,268035304.59,1,0.0,0.0,1
2012-11,FIP Multi,46511968.48,16,0.0,0.0,2
2012-11,FMP-FGTS,6451433654.81,284939,228086.82,46713939.5,68
2012-11,Multimercado,443316127248.94,104111,22011164099.5,13787393410.28,3305
2012-11,Renda Fixa,1280950037324.37,174920,175575390261.94,171408687576.33,1328
2012-12,Ações,139458870518.81,734117,4983986481.5,2455574187.48,1130
2012-12,Cambial,585371682.51,109,76380297.57,59008433.919999994,15
2012-12,FIDC,297788329.5,5,0.0,0.0,3
2012-12,FIDC-NP,45998449.379999995,2,0.0,0.0,2
2012-12,FII,128972453.29,6,3595452.0,0.0,2
2012-12,FIP,276103304.52,1,0.0,0.0,1
2012-12,FIP Multi,66473618.489999995,16,0.0,0.0,2
2012-12,FMP-FGTS,6906711781.39,283335,557296.47,53017835.88,68
2012-12,Multimercado,441462742844.33,105329,28332829111.98,38809605956.74,3355
2012-12,Renda Fixa,1291893537335.52,175953,236055807607.67,238471847917.92,1347
2013-01,Ações,142741532765.57,725313,6027475858.61,2875231567.29,1130
2013-01,Cambial,567840502.63,111,55458332.65,58406047.31,15
2013-01,FIDC,299895195.81000006,3,10000.0,0.0,3
2013-01,FIDC-NP,46184383.53,2,0.0,0.0,2
2013-01,FII,134967539.25,6,1056000.0,0.0,2
2013-01,FIP,1285381094.8899999,8,0.0,0.0,2
2013-01,FIP Multi,66887761.58,16,0.0,0.0,2
2013-01,FMP-FGTS,6454911427.23,281164,192793.47999999998,60402644.35,68
2013-01,Multimercado,445814830544.87,107450,25613789625.95,23221797036.86,3382
2013-01,Renda Fixa,1337155549871.97,176634,245484605666.38,208168527952.91,1349
2013-02,Ações,143059771960.9,725372,3998390223.83,2280914229.78,1125
2013-02,Cambial,546798948.59,114,24718530.67,42493179.339999996,15
2013-02,FIDC,301197903.89,5,10000.0,0.0,3
2013-02,FIDC-NP,46329742.14,2,0.0,0.0,2
2013-02,FII,136061498.52,6,1200000.0,0.0,2
2013-02,FIP,1291499580.95,8,0.0,0.0,2
2013-02,FIP Multi,67216191.42999999,16,0.0,0.0,2
2013-02,FMP-FGTS,5629827221.04,279408,362531.12,40872915.39,68
2013-02,Multimercado,448159152355.94,108035,21415828637.38,17064779867.4,3407
2013-02,Renda Fixa,1349954023457.59,177232,224174134745.02,215014821503.0,1367
2013-03,Ações,146479167222.0,720970,5634275276.53,2189877927.85,1136
2013-03,Cambial,602828525.43,112,74770816.25,30847350.01,15
2013-03,FIDC,303764152.46,4,0.0,0.0,3
2013-03,FIDC-NP,46505639.29,2,0.0,0.0,2
2013-03,FII,138928269.58,6,1680000.0,0.0,2
2013-03,FIP,1292570445.1799998,8,0.0,0.0,2
2013-03,FIP Multi,67585167.62,17,1.64,1.65,2
2013-03,FMP-FGTS,5663948866.03,277609,117935.22,37508249.99,68
2013-03,Multimercado,451208230243.9,111179,24155454213.05,22146750341.26,3456
2013-03,Renda Fixa,1353984742568.91,175878,208937437884.79,208072838143.6,1369
2013-04,Ações,150496157871.87,709032,5807026757.47,3320742694.4700003,1141
2013-04,Cambial,581292515.9300001,111,26882007.09,45117482.11,15
2013-04,FIDC,306044854.8,4,10000.0,0.0,3
2013-04,FIDC-NP,46699282.46,2,0.0,0.0,2
2013-04,FII,140454453.82999998,6,1680000.0,0.0,2
2013-04,FIP,1285449281.45,8,0.0,0.0,2
2013-04,FIP Multi,57958712.879999995,17,0.0,0.0,2
2013-04,FMP-FGTS,6010538125.28,275601,308328.5,42656412.97,68
2013-04,Multimercado,455922713695.02,110720,23000555659.72,20780496299.83,3486
2013-04,Renda Fixa,1360921746627.96,176603,231885404783.06,235062149072.17,1380
2013-05,Ações,150622722433.94,730596,4221468459.2,3042124548.1,1157
2013-05,Cambial,621380404.03,142,55553425.04,55022370.44,15
2013-05,FIDC,306122308.79999995,4,0.0,0.0,3
2013-05,FIDC-NP,46810922.71,2,0.0,0.0,2
2013-05,FII,141413679.09,6,1680000.0,0.0,2
2013-05,FIP,1280555042.27,8,0.0,0.0,2
2013-05,FIP Multi,58320741.98,17,0.0,0.0,2
2013-05,FMP-FGTS,5576259481.03,273583,211468.62999999998,46419119.16,68
2013-05,Multimercado,462394953780.87,112003,23597828073.74,18740383177.56,3516
2013-05,Renda Fixa,1363762118506.71,177319,236955563022.17,233187121129.6,1380
2013-06,Ações,142357189137.42,720130,4579858348.03,3085486443.19,1176
2013-06,Cambial,719313863.51,170,165690927.05,234276081.65,15
2013-06,FIDC,306736052.36,4,10000.0,0.0,3
2013-06,FIDC-NP,46890429.32,2,0.0,0.0,2
2013-06,FII,137969762.22,6,1200000.0,0.0,2
2013-06,FIP,1263092580.1,8,0.0,0.0,2
2013-06,FIP Multi,58706904.51,17,0.0,0.0,2
2013-06,FMP-FGTS,4811418997.66,271779,92889.44,37141235.54,68
2013-06,Multimercado,457735121429.99,111662,24795935069.02,27021308242.09,3560
2013-06,Renda Fixa,1351582776773.85,177475,255700979363.1,270307379354.26,1390
2013-07,Ações,143664757993.33,708166,3536778904.59,4872393581.34,1193
2013-07,Cambial,896635943.94,213,200562395.67,261596213.42999998,15
2013-07,FIDC,309354052.8,4,10000.0,0.0,3
2013-07,FIDC-NP,47108392.08,2,0.0,0.0,2
2013-07,FII,150426570.19,6,1254000.0,0.0,2
2013-07,FIP,1362317757.76,39,120358688.22,0.0,4
2013-07,FIP Multi,66768284.07,18,7620000.0,0.0,3
2013-07,FMP-FGTS,5024573569.35,269932,138617.95,34762238.2,68
2013-07,Multimercado,471638800504.41,109998,25238103843.72,19809978080.76,3589
2013-07,Renda Fixa,1363382277827.19,177504,227856867639.34,226388907205.18,1398
2013-08,Ações,145227360531.52,698673,2618954043.12,3543472260.08,1201
2013-08,Cambial,1177255391.65,256,378787554.38,140357063.37,15
2013-08,FIDC,311189492.31,4,0.0,0.0,3
2013-08,FIDC-NP,47212473.83,2,0.0,0.0,2
2013-08,FII,151828508.93,6,1200000.0,0.0,2
2013-08,FIP,1369371909.15,40,700000.0,0.0,4
2013-08,FIP Multi,67260190.87,18,0.0,0.0,3
2013-08,FMP-FGTS,5363415162.38,267986,220756.21000000002,45278525.08,68
2013-08,Multimercado,474989202955.28,108790,25534288996.09,25538228641.47,3626
2013-08,Renda Fixa,1364694964219.93,176937,225629257554.31,227931437306.29,1411
2013-09,Ações,148949318085.3,691110,2748477406.76,3335721858.66,1210
2013-09,Cambial,1311786129.51,335,314907325.46000004,148924966.92000002,15
2013-09,FIDC,314060125.0,4,4999.99,0.0,3
2013-09,FIDC-NP,47392735.05,2,0.0,0.0,2
2013-09,FII,153406005.28,6,1200000.0,0.0,2
2013-09,FIP,1382809583.6,43,315000.0,0.0,4
2013-09,FIP Multi,67765130.19,18,0.0,0.0,3
2013-09,FMP-FGTS,5464832017.06,266520,344560.22,39979085.22,68
2013-09,Multimercado,466396026026.07,107205,18140784184.12,24815492578.21,3655
2013-09,Renda Fixa,1376066795600.26,178366,209549798569.25,214373557999.19,1420
2013-10,Ações,153564221301.13998,685628,2403813287.92,3172742908.81,1223
2013-10,Cambial,1428013679.62,358,214734164.93,110464032.17999999,16
2013-10,FIDC,317316751.8,4,10000.0,0.0,3
2013-10,FIDC-NP,64823294.83,2,500000.0,0.0,2
2013-10,FII,155012408.91,6,1200000.0,0.0,2
2013-10,FIP,1392349724.27,50,439000.0,0.0,4
2013-10,FIP Multi,68351042.63,18,0.0,0.0,3
2013-10,FMP-FGTS,5977945753.2,264999,514686.06,41357903.49,68
2013-10,Multimercado,464466585945.19,106064,17018926897.4,25062945815.11,3691
2013-10,Renda Fixa,1378612565514.09,178799,222671538916.11002,231423036086.35,1419
2013-11,Ações,152301651478.88,680366,2310256574.81,2553246295.82,1225
2013-11,Cambial,1455649357.8100002,364,81226816.02,121081847.6,16
2013-11,FIDC,319354163.3,4,2500.0,0.0,3
2013-11,FIDC-NP,64927128.41,2,0.0,0.0,2
2013-11,FII,156587525.92000002,6,1200000.0,0.0,2
2013-11,FIP,1450984370.0,62,1000000.0,0.0,4
2013-11,FIP Multi,68881478.41,18,0.0,0.0,3
2013-11,FMP-FGTS,5755699955.94,263211,551524.19,53977570.06,68
2013-11,Multimercado,459358653452.98,105743,14433275574.64,23080098737.48,3718
2013-11,Renda Fixa,1375398993600.07,178488,233710744513.57,239850489012.69,1431
2013-12,Ações,151511136372.96,647233,3032190661.42,2527667326.2599998,1236
2013-12,Cambial,1723778926.22,404,408709860.84000003,159043677.91,16
2013-12,FIDC,321705130.61,4,10000.0,0.0,3
2013-12,FIDC-NP,75221282.99000001,3,10000000.0,0.0,3
2013-12,FII,197261534.34,6,1200000.0,0.0,2
2013-12,FIP,1436358119.8899999,61,15000.0,0.0,4
2013-12,FIP Multi,88447829.45,18,18824981.54,0.0,3
2013-12,FMP-FGTS,5377949634.7300005,261786,245603.68000000002,33450741.98,68
2013-12,Multimercado,467205124679.1,93485,25336900139.81,23555190853.18,3769
2013-12,Renda Fixa,1381577612571.42,173414,300717702069.02,298496810132.37,1441
2014-01,Ações,141542682192.58,665878,2120972365.62,3291332189.99,1241
2014-01,Cambial,2417526816.21,431,728536886.8100001,76159512.55,18
2014-01,FIDC,320865473.77,4,5000.0,0.0,3
2014-01,FIDC-NP,84428073.21,3,1500000.0,0.0,3
2014-01,FII,212340818.73000002,6,1650000.0,0.0,2
2014-01,FIP,1388319079.83,63,270000.0,0.0,4
2014-01,FIP Multi,96651725.43,19,7282044.54,0.0,3
2014-01,FMP-FGTS,4791370451.52,259957,623113.09,39303489.98,68
2014-01,Multimercado,461252188796.45,92268,20607750616.18,25769134457.87,3788
2014-01,Renda Fixa,1386644620683.23,174867,249050373285.39,251089928227.57,1457
2014-02,Ações,140187913394.87,657420,2731055590.71,3238534642.82,1243
2014-02,Cambial,2350574353.74,502,322590264.84,318683259.03,18
2014-02,FIDC,324571701.69,4,5000.0,0.0,3
2014-02,FIDC-NP,84983708.16,3,0.0,0.0,3
2014-02,FII,216305313.76,6,3450000.0,0.0,2
2014-02,FIP,1386747094.14,63,0.0,0.0,4
2014-02,FIP Multi,97557169.98,19,0.0,0.0,3
2014-02,FMP-FGTS,4636557012.16,258212,313652.02,36942428.89,68
2014-02,Multimercado,460525542059.68,90276,17973125297.55,21574041157.35,3804
2014-02,Renda Fixa,1407649982352.76,176549,276901905277.18,267815648998.74,1469
2014-03,Ações,142611568136.64,649605,2347925789.9,3945226527.59,1239
2014-03,Cambial,2204490127.09,679,277179290.90999997,357970451.34,18
2014-03,FICFIDC-NP,4352105.04,3,3160000.0,0.0,1
2014-03,FIDC,328173926.22,4,1000.0,0.0,3
2014-03,FIDC-NP,85961208.41,3,0.0,0.0,3
2014-03,FII,218187451.12,6,1650000.0,0.0,2
2014-03,FIP,1394590851.8,63,0.0,0.0,4
2014-03,FIP Multi,102062167.47,19,3650000.0,0.0,3
2014-03,FMP-FGTS,4735299833.62,256624,55130.12,30242717.38,68
2014-03,Multimercado,461964231127.71,88409,22013654708.61,21325876771.56,3828
2014-03,Renda Fixa,1431228206537.67,178416,238268925256.27,225582535833.47,1493
2014-04,Ações,144677544305.06,617669,4740232770.54,4778074305.02,1250
2014-04,Cambial,2220408372.92,770,260192406.79,209564457.23,18
2014-04,FICFIDC-NP,10534443.87,4,5245736.59,0.0,1
2014-04,FIDC,306640055.07,4,3705000.0,3700000.0,3
2014-04,FIDC-NP,86938177.37,3,0.0,0.0,3
2014-04,FII,220110002.10000002,6,1650000.0,0.0,2
2014-04,FIP,1398741691.68,64,110000.0,0.0,4
2014-04,FIP Multi,103087002.69,19,0.0,0.0,3
2014-04,FMP-FGTS,4762230780.62,254920,228747.80000000002,37780106.83,68
2014-04,Multimercado,455555364888.47,84573,21890435781.95,31572443894.420002,3843
2014-04,Renda Fixa,1446734012598.41,179233,229587868098.48,228649926480.11002,1509
2014-05,Ações,143977259958.25,639552,1962033394.58,2951543518.39,1246
2014-05,Cambial,2187403396.95,759,117294656.16,162784876.35999998,18
2014-05,FICFIDC-NP,13331430.77,5,2600065.86,0.0,1
2014-05,FIDC,307761289.56,4,5000.0,0.0,3
2014-05,FIDC-NP,89373540.61000001,3,0.0,0.0,3
2014-05,FII,216777154.17999998,6,1710000.0,0.0,2
2014-05,FIP,1389309445.3500001,64,0.0,0.0,4
2014-05,FIP Multi,104146094.28999999,19,0.0,0.0,3
2014-05,FMP-FGTS,4651073181.03,253170,141750.96000000002,35511553.38,68
2014-05,Multimercado,462998841401.5,81585,22764969769.48,20620228927.34,3848
2014-05,Renda Fixa,1470125369519.08,180169,256739779572.09,251159152830.79,1520
2014-06,Ações,147264774162.26,635002,2026322690.78,2829257041.21,1238
2014-06,Cambial,1957293577.02,738,160816691.82999998,364097147.98,19
2014-06,FICFIDC-NP,14472325.22,5,755000.0,0.0,1
2014-06,FIDC,309072548.26,4,5000.0,0.0,3
2014-06,FIDC-NP,89784671.67999999,3,0.0,0.0,3
2014-06,FII,223091439.28,6,1650000.0,0.0,2
2014-06,FIP,1396372411.53,64,0.0,0.0,4
2014-06,FIP Multi,105023581.53,19,0.0,0.0,3
2014-06,FMP-FGTS,4755480454.07,251605,177247.99,32096122.37,68
2014-06,Multimercado,465909686115.81,80300,17812230484.56,17156250597.98,3854
2014-06,Renda Fixa,1491293144481.83,179011,243083526642.03,233165955290.99002,1549
2014-07,Ações,148704081596.7,622272,2202932976.11,3975313135.82,1243
2014-07,Cambial,2033947793.93,718,156160689.43,127205752.24,19
2014-07,FICFIDC-NP,14885153.75,5,14498240.99,0.0,1
2014-07,FIDC,308183315.25,4,0.0,0.0,3
2014-07,FIDC-NP,96775385.57,4,0.0,42033494.91,4
2014-07,FII,224975759.43,6,1650000.0,0.0,2
2014-07,FIP,1366656425.61,64,0.0,0.0,6
2014-07,FIP Multi,110142492.26,19,4000000.0,0.0,3
2014-07,FMP-FGTS,5222410194.82,249686,326717.88,48690418.19,68
2014-07,Multimercado,467719163852.83,77824,19334882253.28,22437279307.24,3862
2014-07,Renda Fixa,1535735166757.36,180614,308782721872.4,277619196967.85,1572
2014-08,Ações,156614696532.87,615398,2108708818.79,3260966148.23,1241
2014-08,Cambial,2180725716.2200003,733,290395426.61,118087594.69,19
2014-08,FICFIDC-NP,16300526.04,5,737000.0,0.0,1
2014-08,FIDC,313464723.6,4,5000.0,0.0,3
2014-08,FIDC-NP,97570082.78,4,0.0,0.0,4
2014-08,FII,226982411.61,6,1650000.0,0.0,2
2014-08,FIP,1560065484.3799999,67,50000.0,0.0,8
2014-08,FIP Multi,146954729.48,19,35600001.64,0.0,3
2014-08,FMP-FGTS,5444303725.62,247870,336931.83,48415441.63,68
2014-08,Multimercado,475901181115.72003,75377,20670924906.19,20024250738.63,3881
2014-08,Renda Fixa,1541366294143.1199,181504,300298550376.09,289548649787.06,1594
2014-09,Ações,144684025405.58,608673,2726880755.41,3696260708.51,1247
2014-09,Cambial,2407648325.73,638,337319005.99,309019481.15,19
2014-09,FICFIDC-NP,18201234.22,5,1088000.0,0.0,1
2014-09,FIDC,313239116.83,4,0.0,0.0,3
2014-09,FIDC-NP,98244232.07,4,0.0,0.0,4
2014-09,FII,230437227.72,6,1650000.0,0.0,2
2014-09,FIP,1511160292.68,67,0.0,1319.16,6
2014-09,FIP Multi,148024916.67000002,18,0.0,0.0,3
2014-09,FMP-FGTS,4550534204.91,246173,329281.77999999997,42415872.35,68
2014-09,Multimercado,477575468748.74,75799,18534179817.97,18852291789.81,3903
2014-09,Renda Fixa,1557434920205.76,182339,292080044003.48,281488443220.93,1608
2014-10,Ações,142174882946.02,606496,2613953731.98,3374242201.35,1250
2014-10,Cambial,2410838287.68,648,469233644.86,487102932.48,19
2014-10,FICFIDC-NP,20678978.69,5,1946000.0,0.0,1
2014-10,FIDC,317422533.86,4,5000.0,0.0,3
2014-10,FIDC-NP,101536311.77,4,2350000.0,0.0,4
2014-10,FII,276945933.15999997,8,1200000.0,0.0,3
2014-10,FIP,1484533283.45,67,0.0,0.0,6
2014-10,FIP Multi,149544799.4,18,0.0,0.0,3
2014-10,FMP-FGTS,4104257339.25,244977,965851.87,22768379.93,68
2014-10,Multimercado,476770392509.06,74933,18520341027.26,22320904763.97,3898
2014-10,Renda Fixa,1582712805861.16,184207,317742708594.81,308954811842.0,1607
2014-11,Ações,142974885770.06,602159,1845662767.6200001,2877301212.68,1240
2014-11,Cambial,2610360345.03,624,362980630.21999997,268610296.93,19
2014-11,FICFIDC-NP,23623692.2,5,2102000.0,0.0,1
2014-11,FIDC,321312042.87,4,5000.0,0.0,3
2014-11,FIDC-NP,102298982.77,4,0.0,0.0,4
2014-11,FII,278493395.38,8,1266300.0,0.0,3
2014-11,FIP,1485474473.6,66,0.0,46932.15,6
2014-11,FIP Multi,141386451.01999998,18,0.0,0.0,3
2014-11,FMP-FGTS,3605083236.08,243841,229573.55,17836825.35,68
2014-11,Multimercado,480197907496.44,73621,14681687326.17,20056877130.0,3877
2014-11,Renda Fixa,1614416079064.87,181910,285577450912.86,269079371739.91,1624
2014-12,Ações,134757570685.56999,599344,2566849495.2400002,3248007826.35,1243
2014-12,Cambial,2469517138.02,876,289403841.02,502262165.65000004,19
2014-12,FICFIDC-NP,25176869.23,5,1257000.0,0.0,1
2014-12,FIDC,320631322.55999994,4,0.0,0.0,3
2014-12,FIDC-NP,103753103.84,4,1000000.0,0.0,4
2014-12,FII,331496906.53999996,8,26242999.76,0.0,3
2014-12,FIP,1316530077.4499998,64,11802000.0,161026393.41,6
2014-12,FIP Multi,142787194.32,18,0.0,0.0,3
2014-12,FMP-FGTS,3127004618.82,242711,325785.35000000003,16718621.21,68
2014-12,Multimercado,478846443424.1,81658,21387179234.82,23929713620.42,3907
2014-12,Renda Fixa,1611506003735.9,190882,338418238869.52,352940902389.54,1632
2015-01,Ações,127791938449.96,596299,3127700522.69,3791870046.41,1243
2015-01,Cambial,2635325767.86,914,320484250.13,191161306.07,19
2015-01,FICFIDC-NP,25766506.64,5,5000.0,0.0,1
2015-01,FIDC,321691849.06,4,5000.0,0.0,3
2015-01,FIDC-NP,104693051.97999999,4,0.0,0.0,4
2015-01,FII,333355167.27,8,1200000.0,0.0,3
2015-01,FIP,1273605453.31,9,6618000.0,0.0,5
2015-01,FIP Multi,144159824.49,18,0.0,0.0,3
2015-01,FMP-FGTS,2629333381.2,241539,94377.87,14030121.33,68
2015-01,Multimercado,476534999896.06,79634,16149202660.22,22106594851.75,3913
2015-01,Renda Fixa,1644939492950.37,191872,318200670627.47,302456983807.22,1635
2015-02,Ações,133021076989.49,591869,1243734517.51,3759747568.51,1236
2015-02,Cambial,2825820856.69,937,224071678.3,204350687.68,19
2015-02,FICFIDC-NP,26619636.38,5,2000.0,0.0,1
2015-02,FIDC,325587555.96,2,0.0,0.0,3
2015-02,FIDC-NP,105654191.57,4,0.0,0.0,4
2015-02,FII,323484546.28000003,8,1200000.0,0.0,3
2015-02,FIP,1207829618.26,10,10000000.0,0.0,5
2015-02,FIP Multi,157177231.95000002,19,750000.0,0.0,4
2015-02,FMP-FGTS,3032450204.23,241201,58364.49,13774727.98,68
2015-02,Multimercado,487722374460.26,77674,14816563721.92,17080923330.94,3904
2015-02,Renda Fixa,1666051080916.94,188744,275875120158.38,268703665337.83002,1639
2015-03,Ações,133479025393.79,588820,2089028687.19,4137276715.45,1225
2015-03,Cambial,3550742795.9900002,1056,825714368.1999999,451126873.58,19
2015-03,FICFIDC-NP,27345657.35,5,2000.0,0.0,1
2015-03,FIDC,328499098.2,4,5000.0,0.0,3
2015-03,FIDC-NP,106472584.35999998,4,0.0,0.0,4
2015-03,FII,347804846.04,8,23699999.78,0.0,3
2015-03,FIP,1235340183.0700002,11,6000000.0,0.0,5
2015-03,FIP Multi,169998112.24,18,0.0,0.0,4
2015-03,FMP-FGTS,2752271627.12,240732,99547.83,16654682.26,68
2015-03,Multimercado,498562453299.65,77807,18394353406.31,23191768091.63,3911
2015-03,Renda Fixa,1684017178866.99,190572,305118097261.8,304158705035.08,1661
2015-04,Ações,137093027609.92,585144,2133336296.34,4091811200.56,1224
2015-04,Cambial,3669783060.88,1229,814651599.0699999,488296675.9,19
2015-04,FICFIDC-NP,28200907.34,5,5000.0,0.0,1
2015-04,FIDC,332028032.31,4,0.0,0.0,3
2015-04,FIDC-NP,107210315.11000001,4,0.0,0.0,4
2015-04,FII,349317604.67,8,1424999.98,0.0,3
2015-04,FIP,1225612581.96,12,3000000.0,10052663.43,5
2015-04,FIP Multi,180842858.51000002,18,0.0,0.0,4
2015-04,FMP-FGTS,3775440703.54,239577,187842.88,15642639.74,68
2015-04,Multimercado,492301365825.63,79366,18441771926.89,17125749587.93,3924
2015-04,Renda Fixa,1715689760190.53,196977,301841404001.8,290853391420.57,1670
2015-05,Ações,133817153431.48,582715,2426999947.52,2934916233.94,1219
2015-05,Cambial,4006672155.75,1263,452341510.56,332866507.87,19
2015-05,FICFIDC-NP,29042639.07,5,2000.0,0.0,1
2015-05,FIDC,332240835.33,4,604627.95,604627.95,3
2015-05,FIDC-NP,95579677.03999999,4,0.0,13000000.0,4
2015-05,FII,336900100.62,8,1200000.0,0.0,3
2015-05,FIP,1237342384.32,22,65136320.23,0.0,6
2015-05,FIP Multi,249841575.58999997,20,48000000.0,0.0,6
2015-05,FMP-FGTS,3405322313.48,238451,238584.4,20106513.84,68
2015-05,Multimercado,510722482772.5,80426,22907921386.760002,16628731464.18,3947
2015-05,Renda Fixa,1747101192429.57,200107,317489694092.25,305562875264.63,1685
2015-06,Ações,132214334651.81,577598,2246157950.89,3267256617.57,1205
2015-06,Cambial,3863219378.4100003,1326,290227766.79,331672883.18,20
2015-06,FICFIDC-NP,29744842.38,5,0.0,0.0,1
2015-06,FIDC,334451459.54,4,0.0,0.0,3
2015-06,FIDC-NP,96343936.13,4,0.0,0.0,4
2015-06,FII,337671795.5,8,3400000.0,0.0,3
2015-06,FIP,1254600260.78,22,30200000.0,0.0,6
2015-06,FIP Multi,229025137.16,20,0.0,0.0,6
2015-06,FMP-FGTS,3335635780.19,237216,125824.2,22852544.990000002,68
2015-06,Multimercado,507272304102.01,80366,29518377747.670002,36533107029.24,3962
2015-06,Renda Fixa,1779411220074.71,202792,309004831532.85,293934308240.61,1685
2015-07,Ações,131325363134.85,572336,2891232300.15,3589147187.39,1193
2015-07,Cambial,4145869934.33,1359,393816610.56,499386688.59000003,20
2015-07,FICFIDC-NP,30361381.06,5,0.0,0.0,1
2015-07,FIDC,338103366.46,4,1100604.82,1105615.34,3
2015-07,FIDC-NP,97130474.87,4,0.0,0.0,4
2015-07,FII,336252961.65999997,8,690000.0,0.0,3
2015-07,FIP,1246458617.37,22,24000000.0,0.0,6
2015-07,FIP Multi,230226755.89,21,0.0,0.0,6
2015-07,FMP-FGTS,2960216032.79,235853,102437.25,17615823.91,68
2015-07,Multimercado,517492006408.43,79309,16558128773.04,22291578644.8,3961
2015-07,Renda Fixa,1805872910920.15,205220,317431540180.12,309976014378.98,1694
2015-08,Ações,124174341365.15,567251,2711669454.17,3106673328.02,1191
2015-08,Cambial,4495394501.92,1365,558227139.87,466327774.06,20
2015-08,FICFIDC-NP,31169032.78,5,0.0,0.0,1
2015-08,FIDC,335435019.69,4,390055.49,380055.49,3
2015-08,FIDC-NP,98162364.84,4,0.0,0.0,4
2015-08,FII,333259866.45,8,630000.0,0.0,3
2015-08,FIP,1292788509.02,22,45000000.0,0.0,6
2015-08,FIP Multi,180533884.76999998,19,0.0,0.0,5
2015-08,FMP-FGTS,2817647940.82,234709,193484.76,13684608.92,68
2015-08,Multimercado,526364585610.78,79138,19892216304.59,15881823294.13,3975
2015-08,Renda Fixa,1819207748408.3699,208292,272785779000.72,272914263304.29,1705
2015-09,Ações,121706155314.78,560942,1759924640.21,3202650240.42,1187
2015-09,Cambial,5393474982.67,1440,1053776918.37,605642921.37,20
2015-09,FICFIDC-NP,31416258.67,5,0.0,0.0,1
2015-09,FIDC,336001835.8,4,414025.37,417907.61,3
2015-09,FIDC-NP,98898398.2,4,0.0,0.0,4
2015-09,FII,334201897.6,8,600000.0,0.0,3
2015-09,FIP,1341968856.21,23,46350000.0,0.0,6
2015-09,FIP Multi,183070592.57999998,19,1500000.0,0.0,5
2015-09,FMP-FGTS,2424466758.47,233633,117030.72,15004149.459999999,68
2015-09,Multimercado,538340508353.26,77930,22764688229.45,19985346199.59,3995
2015-09,Renda Fixa,1822319706344.89,211061,272456341865.28,285985879425.16,1727
2015-10,Ações,120828977881.09,557707,1747322667.76,2640189198.28,1175
2015-10,Cambial,5227407704.3,1476,699125858.5500001,696794748.97,20
2015-10,FICFIDC-NP,32131930.08,5,0.0,0.0,1
2015-10,FIDC,339648996.92,4,10000.0,0.0,3
2015-10,FIDC-NP,99890472.03,4,0.0,0.0,4
2015-10,FII,335230581.24,8,600000.0,0.0,3
2015-10,FIP,1713389532.02,27,271399999.98,0.0,8
2015-10,FIP Multi,188772380.48,20,0.0,0.0,6
2015-10,FMP-FGTS,2588411810.29,233050,66484.7,8987603.95,68
2015-10,Multimercado,540773726720.81,76562,17784838867.88,15799782839.11,3986
2015-10,Renda Fixa,1854454853551.05,228260,290217281257.35,281814283591.05,1743
2015-11,Ações,119496879609.0,553173,1128766797.63,1836706100.72,1172
2015-11,Cambial,5235932923.39,1356,632473740.26,674482326.09,20
2015-11,FICFIDC-NP,32752735.7,5,0.0,0.0,1
2015-11,FIDC,342679652.52,4,0.0,0.0,3
2015-11,FIDC-NP,61755707.44,3,0.0,39621704.63,4
2015-11,FII,320832293.01,8,600000.0,0.0,3
2015-11,FIP,1503897267.3899999,18,4000000.0,0.0,9
2015-11,FIP Multi,185279027.08,19,147000.0,0.0,6
2015-11,FMP-FGTS,2257965289.07,231504,198956.04,17672702.419999998,68
2015-11,Multimercado,540611917668.25,76667,13219720092.06,16697815416.99,3995
2015-11,Renda Fixa,1855919174804.42,264828,288615640701.19,307869098004.12,1744
2015-12,Ações,114578402088.39,547994,1777107230.3,3386250484.84,1176
2015-12,Cambial,5192875454.52,1221,539998358.92,686440606.72,20
2015-12,FICFIDC-NP,33703474.83,5,0.0,0.0,1
2015-12,FIDC,346547859.08,4,136669.44,136669.44,3
2015-12,FIDC-NP,62325716.43,3,0.0,0.0,4
2015-12,FII,343412394.18,8,14592683.620000001,0.0,3
2015-12,FIP,1486461665.65,17,0.0,0.0,9
2015-12,FIP Multi,187799040.32,19,0.0,0.0,6
2015-12,FMP-FGTS,2123132510.45,230115,94230.16,14450467.09,68
2015-12,Multimercado,551991979693.98,74241,31258991181.21,23665003556.88,4055
2015-12,Renda Fixa,1872035028046.25,345520,358502477209.01,365278556387.66003,1754
2016-01,Ações,109299452876.6,543797,2411348878.77,3912735661.96,1166
2016-01,Cambial,5140743287.42,1279,420138652.07,530148990.7,20
2016-01,FICFIDC-NP,34286549.05,5,0.0,0.0,1
2016-01,FIDC,351195173.09,4,0.0,0.0,3
2016-01,FIDC-NP,62748112.41,3,0.0,0.0,3
2016-01,FII,344475169.38,8,672999.99,0.0,3
2016-01,FIP,1472546804.88,17,0.0,0.0,8
2016-01,FIP Multi,187812500.15,19,0.0,0.0,6
2016-01,FMP-FGTS,1641606142.94,228878,84052.98,10015998.63,68
2016-01,Multimercado,552661991114.28,68091,14657119468.039999,19385060301.03,4059
2016-01,Renda Fixa,1920190236967.35,372990,302544978260.87,277920556716.47003,1747
2016-02,Ações,109981655124.16,539598,1195293057.25,2985192344.72,1147
2016-02,Cambial,5356963666.17,1410,567297627.26,338333120.40000004,21
2016-02,FICFIDC-NP,34590721.62,5,0.0,0.0,1
2016-02,FIDC,356771564.52,4,5000.0,0.0,3
2016-02,FIDC-NP,64730775.21,3,0.0,0.0,3
2016-02,FII,345771765.96,8,680000.0,0.0,3
2016-02,FIP,1493559689.68,17,0.0,0.0,8
2016-02,FIP Multi,188898094.75,19,0.0,0.0,6
2016-02,FMP-FGTS,1848994274.75,227983,16398.059999999998,7205388.04,68
2016-02,Multimercado,554867187149.41,67523,14775896315.05,19412248695.68,4070
2016-02,Renda Fixa,1945893652726.1199,391847,292412014870.12,288253752524.39,1749
2016-03,Ações,115690662289.66,535215,1835773591.68,3252336711.8,1143
2016-03,Cambial,4847411297.69,1524,776218779.21,768993265.5600001,21
2016-03,FICFIDC-NP,28149005.23,5,0.0,0.0,1
2016-03,FIDC,361361917.62,4,0.0,0.0,3
2016-03,FIDC-NP,64676347.09,3,0.0,0.0,3
2016-03,FII,345140056.14,8,62000.0,0.0,3
2016-03,FIP,1533724110.28,13,0.0,0.0,8
2016-03,FIP Multi,201600619.99,19,11400000.0,0.0,6
2016-03,FMP-FGTS,2505643222.04,226976,124614.04000000001,11498858.63,68
2016-03,Multimercado,550927662689.34,66790,23201337564.31,22484237429.97,4087
2016-03,Renda Fixa,1999351739434.77,413205,319922634984.42,294249030804.8,1756
2016-04,Ações,119845894547.1,532471,1594768059.77,2730265892.96,1138
2016-04,Cambial,4225112800.23,1336,284547442.03000003,734024129.8000001,22
2016-04,FICFIDC-NP,28280332.9,5,0.0,0.0,1
2016-04,FIDC,368318185.09,4,0.0,0.0,3
2016-04,FIDC-NP,65325647.620000005,3,0.0,0.0,3
2016-04,FII,346423130.62,8,87000.0,0.0,3
2016-04,FIP,2060357706.1100001,17,0.0,0.0,7
2016-04,FIP Multi,199453989.01,19,0.0,0.0,6
2016-04,FMP-FGTS,3165834326.28,226063,215561.91,15463060.030000001,68
2016-04,Multimercado,554683751114.3099,65806,17511175929.4,20080132448.16,4085
2016-04,Renda Fixa,2030419223291.51,433102,291434216059.76,284801308304.72,1745
2016-05,Ações,116339468206.7,529739,2096152718.78,1761980103.36,1129
2016-05,Cambial,4104785629.0899997,1195,203695502.7,534591702.71999997,23
2016-05,FICFIDC-NP,28830789.84,5,0.0,0.0,1
2016-05,FIDC,370667373.1999999,4,0.0,0.0,3
2016-05,FIDC-NP,66096561.72,3,0.0,0.0,3
2016-05,FII,348302052.05,8,621432.13,0.0,3
2016-05,FIP,1992653890.34,16,0.0,0.0,7
2016-05,FIP Multi,200777338.05,19,0.0,0.0,6
2016-05,FMP-FGTS,2347714212.16,225215,158763.54,13887822.29,68
2016-05,Multimercado,561647896382.12,64569,20256281091.93,19133226351.3,4094
2016-05,Renda Fixa,2061234311507.76,455902,301258842496.36,293264152464.6,1744
2016-06,Ações,120625700716.18,525929,2282222574.8,2216864747.02,1117
2016-06,Cambial,3757912853.64,1157,422716489.57,312617291.46,23
2016-06,FICFIDC-NP,29397414.03,5,0.0,0.0,1
2016-06,FIDC,375487750.0,4,0.0,0.0,3
2016-06,FIDC-NP,104130102.35999998,3,32014145.93,0.0,3
2016-06,FII,349559893.46,8,694000.0,0.0,3
2016-06,FIP,2126769461.86,16,0.0,0.0,7
2016-06,FIP Multi,202249660.41,19,0.0,0.0,5
2016-06,FMP-FGTS,2652882311.96,224187,81684.18,11418632.98,68
2016-06,Multimercado,559831376468.63,64625,22731329376.72,19572848911.72,4073
2016-06,Renda Fixa,2081491238874.11,481691,303868379383.31,307574469107.18,1748
2016-07,Ações,130657945086.83,541176,1921077478.23,2343593085.3,1115
2016-07,Cambial,3565070954.97,1063,269717468.76,515173317.33000004,23
2016-07,FICFIDC-NP,29966829.62,5,0.0,0.0,1
2016-07,FIDC,382480092.51,4,20000.0,0.0,3
2016-07,FIDC-NP,104680474.49000001,3,0.0,0.0,3
2016-07,FII,350579514.1,8,170580.0,0.0,3
2016-07,FIP,1903975354.6399999,13,0.0,278370420.51,7
2016-07,FIP Multi,201115242.41,19,0.0,0.0,5
2016-07,FMP-FGTS,3108658422.6,223111,206598.31,15630670.540000001,68
2016-07,Multimercado,567900207754.26,65623,20774636520.29,21032363102.25,4085
2016-07,Renda Fixa,2124935461794.9,495259,304951941380.3,286356068027.67,1752
2016-08,Ações,131995044702.57,539827,2517344900.74,2443066502.22,1114
2016-08,Cambial,3432940773.87,840,327588992.62,452488851.5,23
2016-08,FICFIDC-NP,30712985.92,5,0.0,0.0,1
2016-08,FIDC,387196731.39,4,10900.0,0.0,3
2016-08,FIDC-NP,106080620.60000001,3,0.0,0.0,3
2016-08,FII,350575382.0,8,0.0,0.0,3
2016-08,FIP,1888714767.17,13,0.0,0.0,7
2016-08,FIP Multi,202576832.28,19,0.0,0.0,5
2016-08,FMP-FGTS,3059810966.79,222031,68895.16,17194191.63,68
2016-08,Multimercado,581177228664.66,65839,24823571473.37,17812096455.98,4083
2016-08,Renda Fixa,2163568848865.55,509422,331302009768.44,317580818241.0,1762
2016-09,Ações,132872631764.27,540651,2692526571.45,1882889590.22,1110
2016-09,Cambial,3286463287.7000003,785,125137896.31,293531561.68,23
2016-09,FICFIDC-NP,31347008.22,5,0.0,0.0,1
2016-09,FIDC,392255488.18,4,0.0,0.0,3
2016-09,FIDC-NP,123829875.75,3,0.0,0.0,3
2016-09,FII,350582428.43,8,0.0,0.0,3
2016-09,FIP,1774252079.45,13,0.0,158084900.41,7
2016-09,FIP Multi,222659405.48000002,21,0.0,0.0,5
2016-09,FMP-FGTS,3158563364.4100003,221520,63468.48,11047405.23,68
2016-09,Multimercado,591968503938.78,67085,26752012165.77,23168465882.55,4125
2016-09,Renda Fixa,2173675302654.64,530450,323214369400.65,337505494123.01,1765
2016-10,Ações,141760461949.81,542680,2133672861.74,2497541734.54,1098
2016-10,Cambial,3258494850.75,727,252293882.4,194101416.21,22
2016-10,FICFIDC-NP,32174164.94,5,0.0,0.0,1
2016-10,FIDC,397908578.75,4,0.0,0.0,3
2016-10,FIDC-NP,125346255.41999999,3,0.0,0.0,3
2016-10,FII,350642848.96000004,8,37000.0,0.0,3
2016-10,FIP,1794255984.02,13,0.0,0.0,6
2016-10,FIP Multi,223997474.85,21,0.0,0.0,5
2016-10,FMP-FGTS,3866126088.9300003,221347,92386.2,26322691.82,68
2016-10,Multimercado,596844361964.11,66413,23229991529.82,24690021760.02,4154
2016-10,Renda Fixa,2210137597006.36,541843,326763287971.87,311557254303.73,1769
2016-11,Ações,135579840330.98,539943,2746011598.8,2530285359.06,1106
2016-11,Cambial,3505850738.07,746,241264240.94,204817264.75,21
2016-11,FICFIDC-NP,32482358.43,5,0.0,0.0,1
2016-11,FIDC,397977096.55,4,10000.0,0.0,3
2016-11,FIDC-NP,127001947.28999999,3,0.0,0.0,3
2016-11,FII,351252599.40999997,8,128855.89,0.0,3
2016-11,FIP,1849383307.4099998,15,10058572.66,0.0,8
2016-11,FIP Multi,225407496.96,22,2000000.0,0.0,6
2016-11,FMP-FGTS,4243444777.48,219859,202456.03000000003,36217661.43,68
2016-11,Multimercado,604239973040.2,67395,38502725809.9,35386456063.29,4178
2016-11,Renda Fixa,2241825929946.09,561878,324388581924.62,320382560975.3,1775
2016-12,Ações,138359699290.16,530974,5275699403.84,2109921971.97,1106
2016-12,Cambial,3279322096.58,745,143658875.71,236643981.19,21
2016-12,FICFIDC-NP,32819430.96,5,0.0,0.0,1
2016-12,FIDC,403937793.57,4,10000.0,0.0,3
2016-12,FIDC-NP,128054196.63,3,0.0,0.0,3
2016-12,FII,344316764.83,8,1225000.0,0.0,3
2016-12,FIP,1848541541.72,16,300000.0,7843862.92,9
2016-12,FIP Multi,276401025.52,23,42300000.0,0.0,7
2016-12,FMP-FGTS,3858217912.89,218374,40824.520000000004,40237056.06,68
2016-12,Multimercado,614087916395.99,68707,32464337333.29,26537335030.31,4208
2016-12,Renda Fixa,2282670183775.52,589178,424280797011.51,402242537739.37,1785
2017-01,Ações,141264342278.3,537361,2602801702.32,5992555322.059999,1096
2017-01,Cambial,3217768820.71,753,181143484.72,153097914.91,20
2017-01,FICFIDC-NP,33737005.46,5,0.0,0.0,1
2017-01,FIDC,410847274.65,4,0.0,0.0,3
2017-01,FIDC-NP,128820741.43,3,0.0,0.0,3
2017-01,FII,412690580.26,8,100000.0,0.0,3
2017-01,FIP,2092745091.07,16,0.0,365931.92,9
2017-01,FIP Multi,295400833.68,23,16500000.0,0.0,7
2017-01,FMP-FGTS,4190450780.15,216379,358327.32,43173362.01,68
2017-01,Multimercado,631615405736.43,70468,31398840014.85,21282842530.87,4210
2017-01,Renda Fixa,2347245242234.98,613057,379156915231.62,341168000326.11,1778
2017-02,Ações,146705901355.23,540157,3409428083.91,2179832839.0,1093
2017-02,Cambial,3144169248.21,778,124127166.41000001,158500871.89000002,20
2017-02,FICFIDC-NP,33717076.04,5,0.0,0.0,1
2017-02,FIDC,418442048.13,4,5000.0,0.0,3
2017-02,FIDC-NP,132605406.21000001,3,0.0,0.0,3
2017-02,FII,403251342.03999996,8,700.0,0.0,3
2017-02,FIP,2054484805.44,16,0.0,0.0,9
2017-02,FIP Multi,298227557.79,23,0.0,0.0,7
2017-02,FMP-FGTS,4141454281.97,213415,289895.86,58184863.93,68
2017-02,Multimercado,646785206013.29,72506,20561713584.68,15907096056.08,4225
2017-02,Renda Fixa,2391122967383.6,633449,314597971289.8,296336375234.73,1781
2017-03,Ações,146932151018.36,540653,4311397546.82,2152541517.21,1098
2017-03,Cambial,2733278568.27,892,246105602.52999997,685581382.45,20
2017-03,FICFIDC-NP,33662513.49,5,0.0,0.0,1
2017-03,FIDC,422237047.09999996,4,5000.0,0.0,3
2017-03,FIDC-NP,290569810.93,4,0.0,0.0,4
2017-03,FII,395587235.78999996,8,29900.0,0.0,3
2017-03,FIP,1988099949.88,16,0.0,0.0,9
2017-03,FIP Multi,277390306.09,23,0.0,0.0,7
2017-03,FMP-FGTS,3774486074.84,208906,234314.89,64640801.32,68
2017-03,Multimercado,663108678137.42,74625,29080261345.34,19614759727.61,4261
2017-03,Renda Fixa,2443697157824.44,651091,391029604236.85004,364932513710.47003,1788
2017-04,Ações,149168211688.9,538146,2211518477.98,1491457689.85,1099
2017-04,Cambial,2765045781.38,925,113916732.39,127734145.3,20
2017-04,FICFIDC-NP,34728931.71,5,0.0,0.0,1
2017-04,FIDC,423811576.13,4,0.0,0.0,3
2017-04,FIDC-NP,289870351.11,4,0.0,0.0,4
2017-04,FII,393806229.32,8,42000.0,0.0,3
2017-04,FIP,2043760110.46,15,0.0,0.0,8
2017-04,FIP Multi,279091832.79,23,0.0,0.0,7
2017-04,FMP-FGTS,3541533119.21,205641,148466.83000000002,43619416.67,68
2017-04,Multimercado,673974464564.66,76201,22287098124.36,15662385060.859999,4281
2017-04,Renda Fixa,2439624358869.86,658776,310426208983.76,330850998679.67,1787
2017-05,Ações,145738525605.06,534953,3074545534.82,2630392007.1,1101
2017-05,Cambial,3045712058.33,1076,382374257.87,153068821.65,20
2017-05,FICFIDC-NP,38418123.66,5,3000000.0,0.0,1
2017-05,FIDC,424852456.93,4,10000.0,0.0,3
2017-05,FIDC-NP,291150260.84999996,4,300000.0,0.0,4
2017-05,FII,395764635.6,8,0.0,0.0,3
2017-05,FIP,2048853941.71,15,0.0,1759164.56,8
2017-05,FIP Multi,282090732.37,23,0.0,0.0,7
2017-05,FMP-FGTS,3385098422.22,201875,711778.0700000001,50248737.89,68
2017-05,Multimercado,682136916340.83,76996,29591596188.35,21323319251.57,4329
2017-05,Renda Fixa,2462168035922.57,678338,411727748356.04,406872743548.13,1794
2017-06,Ações,146674092065.83,532222,2303015248.39,2168755140.14,1101
2017-06,Cambial,3061819495.76,1105,190968013.85,244570350.83,19
2017-06,FICFIDC-NP,38526947.15,5,0.0,0.0,1
2017-06,FIDC,427849386.22,4,200000.0,0.0,3
2017-06,FIDC-NP,271091889.94,4,0.0,0.0,4
2017-06,FII,403457903.78,8,0.0,0.0,3
2017-06,FIP,1532124252.47,18,15414.0,70346628.88000001,9
2017-06,FIP Multi,282981507.54,23,0.0,0.0,7
2017-06,FMP-FGTS,3417395210.93,198655,351744.53,40541311.82,68
2017-06,Multimercado,691077509345.22,78500,24186437025.48,22579874411.74,4345
2017-06,Renda Fixa,2489144959142.48,705819,356717740273.35004,349064055039.21,1801
2017-07,Ações,152744354872.85,530620,2352522478.56,1794047325.59,1094
2017-07,Cambial,2770201705.47,1114,141712585.47,268435314.06,19
2017-07,FICFIDC-NP,39011258.6,5,0.0,0.0,1
2017-07,FIDC,435945801.51,4,0.0,0.0,3
2017-07,FIDC-NP,271325505.4,4,0.0,0.0,4
2017-07,FII,437258098.99,8,0.0,0.0,4
2017-07,FIP,1532301301.23,18,0.0,165893.82,9
2017-07,FIP Multi,284811649.81,21,0.0,0.0,7
2017-07,FMP-FGTS,3583559806.58,195455,488163.91000000003,48486066.42,68
2017-07,Multimercado,722293197757.41,82114,27437308615.36,20219552701.579998,4378
2017-07,Renda Fixa,2545044643199.01,726371,416931794313.44,386728233805.86,1807
2017-08,Ações,163296169488.61,529903,3985234237.18,2383320825.95,1102
2017-08,Cambial,2814085325.42,1179,291605196.3,280903370.86,20
2017-08,FICFIDC-NP,39961525.31,5,0.0,0.0,1
2017-08,FIDC,443697394.18999994,4,340000.0,0.0,3
2017-08,FIDC-NP,273197521.62,4,150000.0,0.0,4
2017-08,FII,437524710.81,9,0.0,0.0,4
2017-08,FIP,2066647590.41,31,0.0,0.0,9
2017-08,FIP Multi,337950424.39,23,0.0,0.0,7
2017-08,FMP-FGTS,3792909678.48,193270,739754.83,51621505.9,68
2017-08,Multimercado,744372502611.23,84882,26987903905.05,19794196822.510002,4405
2017-08,Renda Fixa,2598509851637.39,760637,448424126067.58,417899731311.92,1810
2017-09,Ações,173457949369.71,532304,6231678426.33,2905340127.18,1101
2017-09,Cambial,2640992965.55,1204,123490118.11,317651419.49,20
2017-09,FICFIDC-NP,41391154.11,5,0.0,0.0,1
2017-09,FIDC,449811285.47,4,0.0,0.0,3
2017-09,FIDC-NP,274002342.16,4,0.0,0.0,4
2017-09,FII,496864425.36,8,54091057.11,37340770.1,5
2017-09,FIP,2180417149.61,31,0.0,0.0,9
2017-09,FIP Multi,334667210.54,21,0.0,0.0,7
2017-09,FMP-FGTS,3734466129.25,191473,31616.770000000004,46248670.46,68
2017-09,Multimercado,768622673101.43,91792,33653370395.05,21296044380.52,4451
2017-09,Renda Fixa,2610041891812.44,794677,390648468055.63,398716260123.59,1813
2017-10,Ações,176237908000.43,537466,5714174418.93,2588490833.86,1106
2017-10,Cambial,2676044461.31,1210,100160430.05,167013259.44,20
2017-10,FICFIDC-NP,42858950.03,5,0.0,0.0,1
2017-10,FIDC,451389977.32,4,270000.0,0.0,3
2017-10,FIDC-NP,279670840.37,4,0.0,0.0,4
2017-10,FII,498362428.62,10,2000000.0,0.0,5
2017-10,FIP,2134487434.55,30,0.0,0.0,9
2017-10,FIP Multi,318832177.24,24,230000.0,0.0,7
2017-10,FMP-FGTS,3879174600.13,189933,130212.84,37315609.72,68
2017-10,Multimercado,791679351368.22,99394,33326533953.53,20754317945.13,4458
2017-10,Renda Fixa,2634644281454.72,821325,393945253904.61,386746315779.01996,1782
2017-11,Ações,179245602562.15,534611,10822345656.380001,4091471504.96,1116
2017-11,Cambial,2663310286.65,1247,125929208.39,140077386.49,19
2017-11,FICFIDC-NP,44049178.64,5,0.0,0.0,1
2017-11,FIDC,453424517.34999996,4,280000.0,0.0,3
2017-11,FIDC-NP,282862127.17,4,0.0,0.0,4
2017-11,FII,499232093.5,11,880000.0,0.0,5
2017-11,FIP,2106038798.9199998,30,0.0,0.0,9
2017-11,FIP Multi,320332159.88,25,0.0,0.0,7
2017-11,FMP-FGTS,3874958078.6800003,188631,168060.94,36093654.19,68
2017-11,Multimercado,795115269704.48,108331,30244180901.75,23168597060.3,4459
2017-11,Renda Fixa,2623857648339.44,844461,373643695512.04004,396684443268.74,1782
2017-12,Ações,196501694810.55,533135,9718189790.9,5866954690.34,1153
2017-12,Cambial,2651780671.18,1368,241635969.0,281824747.84000003,19
2017-12,FICFIDC-NP,44467487.77,5,0.0,0.0,1
2017-12,FIDC,105031773.6,2,0.02,155749012.16,4
2017-12,FIDC-NP,96912726.33,5,66853991.6,110057249.91000001,5
2017-12,FII,532190830.72,12,57968913.69,0.0,5
2017-12,FIP,2766095278.69,43,0.0,0.0,12
2017-12,FIP Multi,333268694.89,12,26200.0,47720161.839999996,8
2017-12,FMP-FGTS,4270239586.99,187373,517248.58,43703179.71,68
2017-12,Multimercado,853322321080.12,116096,41753156561.51,45097159316.51,4528
2017-12,Renda Fixa,2631912868204.64,884030,475861600944.74,483812300798.34,1785
2018-01,Ações,212625223464.34,531978,5986848799.77,4672975471.91,1155
2018-01,Cambial,2725672737.24,1607,270812555.5,108417512.32,19
2018-01,FICFIDC-NP,45364550.35,5,0.0,0.0,1
2018-01,FIDC,105729937.81,2,0.0,0.0,4
2018-01,FIDC-NP,0.0,0,0.0,0.0,4
2018-01,FII,540218317.9,14,100000.0,0.0,5
2018-01,FIP,2683357527.33,37,0.0,0.0,10
2018-01,FIP Multi,222278964.14000002,8,90000.01,0.0,6
2018-01,FMP-FGTS,4717599761.92,185456,5459.62,75440509.05,68
2018-01,Multimercado,832337653639.79,131477,33749849669.5,26692406403.93,4505
2018-01,Renda Fixa,2666884153205.86,911740,458578775213.71,445179298514.44,1779
2018-02,Ações,216292862105.94,536036,5158203775.29,3076738020.08,1153
2018-02,Cambial,2837081142.79,1696,198598839.01999998,138998584.86,19
2018-02,FICFIDC-NP,45528211.91,5,0.0,0.0,1
2018-02,FIDC,109326588.62,1,10000000.0,0.0,2
2018-02,FIDC-NP,0.0,0,0.0,0.0,4
2018-02,FII,502759591.71,14,0.0,0.0,4
2018-02,FIP,2662811318.89,41,0.0,0.01,11
2018-02,FIP Multi,223768317.41,7,30000.0,0.0,6
2018-02,FMP-FGTS,5058596357.98,184025,521819.76999999996,59057011.65,68
2018-02,Multimercado,850333127683.05,139096,32271680204.97,19635470834.14,4499
2018-02,Renda Fixa,2670964049746.09,925668,367701253046.3,378091604184.77997,1762
2018-03,Ações,222713320008.66,540921,10752810907.61,4671485862.09,1178
2018-03,Cambial,2973844423.43,1920,232597156.87,150803560.87,19
2018-03,FICFIDC-NP,45673080.54,5,0.0,0.0,1
2018-03,FIDC,110225671.93,1,0.0,0.0,2
2018-03,FIDC-NP,0.0,0,0.0,0.0,4
2018-03,FII,359388443.31,14,0.0,0.0,3
2018-03,FIP,2520210463.12,37,285155.52,3044054.5,10
2018-03,FIP Multi,200991671.04,6,27100.0,0.0,5
2018-03,FMP-FGTS,4869608275.900001,182427,241426.47,66128913.6,68
2018-03,Multimercado,867695103655.45,147683,36068559982.88,24320721793.82,4520
2018-03,Renda Fixa,2688786220881.74,951451,421020716451.82,420941400657.23,1762
2018-04,Ações,234787574227.72,541060,5348881103.86,4742870038.51,1185
2018-04,Cambial,3072956024.16,1986,251136639.28,340293254.51,18
2018-04,FIDC,110917118.12,1,0.0,0.0,2
2018-04,FIDC-NP,0.0,0,0.0,0.0,4
2018-04,FII,359255480.11,14,15000.0,0.0,3
2018-04,FIP,2477782385.94,36,0.0,0.0,8
2018-04,FIP Multi,225710443.63,5,30000.0,0.0,5
2018-04,FMP-FGTS,5309215965.84,180928,23703.06,63646635.37,68
2018-04,Multimercado,889161689587.94,152291,37831207290.6,28435626729.27,4537
2018-04,Renda Fixa,2696559998328.35,970405,426640445408.53,432542863034.36,1743
2018-05,Ações,218780127260.12,534316,6771004292.46,4889130119.69,1187
2018-05,Cambial,3490693981.82,2612,478636667.66999996,277322373.51,17
2018-05,FIDC,111373362.58,1,0.0,0.0,1
2018-05,FIDC-NP,0.0,0,0.0,0.0,3
2018-05,FII,359513070.5,6,35000.0,0.0,3
2018-05,FIP,2237701296.2400002,36,0.0,0.0,8
2018-05,FIP Multi,158674169.85,4,0.0,0.0,4
2018-05,FMP-FGTS,5087637413.62,179084,100852.61,106120098.13,68
2018-05,Multimercado,892265283560.98,156002,39666236123.37,34609578433.6,4559
2018-05,Renda Fixa,2698769447246.8,998767,443997096636.3,445238628011.27997,1753
2018-06,Ações,209850962069.49,532912,4081362546.26,4619504156.16,1190
2018-06,Cambial,4623199570.97,3616,1345696077.65,360606750.11,17
2018-06,FIDC-NP,0.0,0,0.0,0.0,3
2018-06,FII,122620527.18,3,37000.0,0.0,2
2018-06,FIP,2024022560.42,35,0.0,0.0,8
2018-06,FIP Multi,158711388.27,5,0.0,0.0,4
2018-06,FMP-FGTS,4715638747.76,178000,24031.66,38376626.2,68
2018-06,Multimercado,893433560917.35,154858,29136013284.84,35938036268.7,4562
2018-06,Renda Fixa,2694462919560.83,1033814,462034200882.27,479798983793.61,1739
2018-07,Ações,221692472026.23,532669,2408210064.48,4270041426.52,1191
2018-07,Cambial,4670893142.88,4219,586129760.81,410110864.98,17
2018-07,FIDC-NP,0.0,0,0.0,0.0,3
2018-07,FII,56042571.22,0,37000.0,0.0,1
2018-07,FIP,2189149481.2400002,36,14227000.0,0.0,8
2018-07,FIP Multi,158423901.72,4,0.0,0.0,4
2018-07,FMP-FGTS,5207772257.74,176737,218468.68,41184692.230000004,68
2018-07,Multimercado,901886461839.58,155752,28739916216.61,26289118739.67,4572
2018-07,Renda Fixa,2718951559774.58,1061543,471006699835.12,466186691800.84,1741
2018-08,Ações,219392565382.7,535848,6665628248.09,5526397594.07,1200
2018-08,Cambial,4886223194.3,4817,426394733.56,599675399.99,17
2018-08,FIDC-NP,0.0,0,0.0,0.0,2
2018-08,FIP,2129819998.22,37,0.0,0.0,8
2018-08,FIP Multi,161734465.79,5,0.0,0.0,3
2018-08,FMP-FGTS,5171259479.25,175189,40875.74,62558740.37,68
2018-08,Multimercado,919454140256.85,157850,30749708802.97,27691015786.57,4615
2018-08,Renda Fixa,2742898674066.43,1110011,487234896971.4,476502330670.70996,1738
2018-09,Ações,224121071386.41,516188,3326205671.09,3642365352.9,1199
2018-09,Cambial,4965429365.25,5779,590504261.99,481951471.09000003,18
2018-09,FIDC-NP,0.0,0,0.0,0.0,2
2018-09,FIP,2159120235.1,35,5700000.0,0.0,8
2018-09,FIP Multi,164328357.51,4,60000.0,0.0,3
2018-09,FMP-FGTS,5650944010.85,173968,57389.420000000006,60137710.559999995,68
2018-09,Multimercado,926244827645.96,157796,24394495907.79,23098796161.75,4642
2018-09,Renda Fixa,2762753166905.42,1154912,418224483011.66003,412712522355.47003,1722
2018-10,Ações,246830865915.08,523078,6389312459.83,4959027728.53,1202
2018-10,Cambial,4224540483.6400003,4412,660614620.85,1022427626.42,18
2018-10,FIDC-NP,0.0,0,0.0,0.0,2
2018-10,FIP,2470887736.79,35,100000.0,0.0,8
2018-10,FIP Multi,164453612.04,4,0.0,0.0,3
2018-10,FMP-FGTS,5962789065.22,172514,164705.36000000002,83863696.25,68
2018-10,Multimercado,936968253796.35,159751,29401939469.8,25334149383.3,4675
2018-10,Renda Fixa,2791359191323.98,1215020,480544284469.36,481315240826.2,1725
2018-11,Ações,257542073776.02,539333,7244251550.63,3911245867.32,1199
2018-11,Cambial,4172248138.66,4356,192413024.75,424073842.19,18
2018-11,FIDC-NP,0.0,0,0.0,0.0,3
2018-11,FIP,2576615266.39,32,0.0,156120.9,8
2018-11,FIP Multi,165376762.58,4,0.0,0.0,3
2018-11,FMP-FGTS,5507747077.65,171591,480737.41,41146001.49,68
2018-11,Multimercado,940979003762.42,165262,26879203101.24,35032678870.97,4723
2018-11,Renda Fixa,2794565783290.72,1287162,448135667131.56,459579514836.91003,1697
2018-12,Ações,265628937856.11002,550604,8627942305.95,4909723964.59,1232
2018-12,Cambial,4021277002.14,4436,214150690.56,387814694.06,19
2018-12,FIDC-NP,15716877.74,3,15731004.98,0.0,4
2018-12,FIP,2764844300.79,35,10398200.0,0.0,8
2018-12,FIP Multi,166317033.88,4,0.0,0.0,3
2018-12,FMP-FGTS,5127693763.02,170791,45403.2,28807637.75,68
2018-12,Multimercado,958305386077.25,175984,43408945976.21,30242523001.21,4780
2018-12,Renda Fixa,2822354988482.98,1385570,535785570759.2,524677201767.57,1710
2019-01,Ações,293940689107.9,577580,9032941146.89,5651208939.43,1239
2019-01,Cambial,3771085867.37,4159,266621124.86,298669585.77,19
2019-01,FIDC-NP,15559582.5,3,0.0,0.0,4
2019-01,FIP,3183706167.11,35,0.0,0.0,8
2019-01,FIP Multi,197275652.25,6,0.0,0.0,4
2019-01,FMP-FGTS,5144685277.8,169192,232703.69,62125570.37,68
2019-01,Multimercado,983893940730.7,182242,37269339915.61,28428351894.46,4784
2019-01,Renda Fixa,2855648163598.36,1431899,499480678307.56,489779255781.01,1701
2019-02,Ações,296130975280.56,610470,10456230594.41,6179351907.23,1237
2019-02,Cambial,3750013671.94,4288,135931335.67,264799639.10999998,19
2019-02,FIDC-NP,20520108.47,4,5000000.0,0.0,3
2019-02,FIP,4205575407.5299997,36,293048.32,0.0,9
2019-02,FIP Multi,197619081.2,6,0.0,0.0,4
2019-02,FMP-FGTS,5212509946.76,168284,157751.65,40092616.43,68
2019-02,Multimercado,1002560946758.8,189597,38584457768.41,26291951412.02,4804
2019-02,Renda Fixa,2861433317338.56,1469460,446543425182.33,458114821905.7,1703
2019-03,Ações,298181513518.01,640050,7345183676.74,4435573325.1,1247
2019-03,Cambial,3966290080.9,4761,425699269.84999996,380631310.27,20
2019-03,FIDC-NP,20490048.75,4,0.0,0.0,3
2019-03,FIP,4148633478.33,35,0.0,47525.85,9
2019-03,FIP Multi,197773057.34,6,80000.0,0.0,4
2019-03,FMP-FGTS,5484089816.92,167435,277432.14,42068422.69,68
2019-03,Multimercado,1018938419513.86,198508,37642974655.88,32019483968.92,4817
2019-03,Renda Fixa,2878351028384.34,1515989,444774739195.72,443502042666.56,1708
2019-04,Ações,303244450091.15,655714,6857084027.3,5422735568.41,1257
2019-04,Cambial,3936075468.43,5059,240667727.14,295899171.89,21
2019-04,FIDC-NP,30012493.869999997,7,9559196.18,0.0,4
2019-04,FIP,4435850275.78,36,0.0,45757.03,10
2019-04,FIP Multi,198606590.0,7,84740.0,0.0,4
2019-04,FMP-FGTS,5280526670.79,166242,395678.81999999995,49925182.28,68
2019-04,Multimercado,1026754487961.34,199876,30153895990.38,33056023825.68,4840
2019-04,Renda Fixa,2885417831527.98,1571047,467007284409.08,478891300889.39,1715
2019-05,Ações,310573340894.29,658215,7980165669.16,5237890585.55,1267
2019-05,Cambial,3915479461.67,5762,433278576.01,463841781.44000006,22
2019-05,FIDC,150523228.76,1,0.0,0.0,1
2019-05,FIDC-NP,41112091.89,7,11361058.29,0.0,4
2019-05,FIP,4826451307.45,37,100.0,40.0,10
2019-05,FIP Multi,306395936.97,9,61260.0,0.0,5
2019-05,FMP-FGTS,5037634314.88,165150,418761.23,36799980.39,68
2019-05,Multimercado,1035365276036.38,199858,35092180691.090004,36625214341.62,4868
2019-05,Renda Fixa,2927355763653.37,1644169,535255523528.35,518389305098.04,1737
2019-06,Ações,329976816585.99,671167,9225994602.32,4700087865.76,1261
2019-06,Cambial,3664040772.6,5901,410201028.95,587485710.72,22
2019-06,FIDC,150964190.94,1,20000.0,0.0,1
2019-06,FIDC-NP,88476067.16,8,49750376.33,0.0,5
2019-06,FII,64757055.8,7,0.0,0.0,1
2019-06,FIP,5113699336.59,37,0.0,0.0,10
2019-06,FIP Multi,306896659.35,9,15000.0,0.0,5
2019-06,FMP-FGTS,5295092125.25,164181,51366.520000000004,39547428.15,68
2019-06,Multimercado,1050419684769.42,201734,32233363383.09,28965676275.67,4905
2019-06,Renda Fixa,2959639715997.05,1720537,505655974128.7,496631732789.63,1739
2019-07,Ações,348829401465.54,706172,12887992797.87,5553197303.79,1268
2019-07,Cambial,3505465766.75,6425,421269046.83,557944779.78,22
2019-07,FIDC,155195825.93,1,0.0,0.0,1
2019-07,FIDC-NP,85618589.75,8,210000.0,0.0,4
2019-07,FII,64719070.5,7,0.0,0.0,1
2019-07,FIP,5447684624.63,35,104535.99,74481.72,9
2019-07,FIP Multi,307580724.68,9,0.0,0.0,5
2019-07,FMP-FGTS,5022339861.21,162684,336301.69999999995,58371718.24,68
2019-07,Multimercado,1078267646785.41,219665,54822224861.62,37764832835.91,4946
2019-07,Renda Fixa,2993181492729.23,1768311,569246365100.5499,555242552017.64,1752
2019-08,Ações,361409152857.5,728850,17434918429.11,6331021898.2,1289
2019-08,Cambial,3561054999.6,6973,346266422.46,585659987.55,22
2019-08,FIDC,155323695.91,1,0.0,0.0,1
2019-08,FIDC-NP,102890401.35,8,17605140.02,0.0,4
2019-08,FII,63389731.67,7,0.0,0.0,1
2019-08,FIP,5355314711.400001,31,0.0,471093522.67,10
2019-08,FIP Multi,375150084.49,10,0.0,0.0,6
2019-08,FMP-FGTS,4737797818.2,161457,558035.52,37315110.07,68
2019-08,Multimercado,1111207134488.28,236492,55750923513.46,42739115816.65,4983
2019-08,Renda Fixa,2991428912926.64,1817670,536798476094.17,547340253257.74,1770
2019-09,Ações,377921076402.92,747638,15549237969.41,6605792501.53,1308
2019-09,Cambial,3444067773.42,7264,398038544.83,543298170.51,22
2019-09,FIDC-NP,144306500.81,7,40612206.65,0.0,3
2019-09,FII,50269261.52,0,0.0,0.0,1
2019-09,FIP,5363070717.900001,30,0.0,256335069.25,9
2019-09,FIP Multi,374937833.35,9,0.0,0.0,6
2019-09,FMP-FGTS,4962256615.75,160373,747631.41,40985642.39,68
2019-09,Multimercado,1129803804151.76,251295,57331789129.41,49384514672.3,5011
2019-09,Renda Fixa,3024853084804.12,1866930,524413712550.07,513576296751.08,1782
2019-10,Ações,396662434065.27,768659,16635783946.0,7057919686.74,1322
2019-10,Cambial,3513297171.14,7699,393362116.8,229096275.25,22
2019-10,FIDC-NP,195226017.54999998,7,48874126.56,0.0,3
2019-10,FII,50192123.38,7,0.0,0.0,1
2019-10,FIP,5619641181.0,30,1800000.0,0.0,9
2019-10,FIP Multi,365919670.47,10,0.0,0.0,6
2019-10,FMP-FGTS,5093901518.9800005,159107,260966.18,52167179.0,68
2019-10,Multimercado,1147180964674.68,270365,52859469100.82,44526718323.409996,5051
2019-10,Renda Fixa,3056270566192.35,1916333,705922350016.54,698547834960.18,1798
2019-11,Ações,415491151683.84,801022,20907134258.6,7118853328.44,1344
2019-11,Cambial,3689754533.85,8328,487752078.62,499549213.14000005,23
2019-11,FIDC-NP,196824056.73000002,7,1108943.3900000001,0.0,3
2019-11,FII,50152120.13,7,0.0,0.0,1
2019-11,FIP,6080549135.28,30,0.0,16801.28,9
2019-11,FIP Multi,397322492.38,10,0.0,0.0,6
2019-11,FMP-FGTS,5057995574.13,157918,1418982.5,59549137.41,68
2019-11,Multimercado,1169151683607.32,289191,52036499026.03,41498155409.42,5121
2019-11,Renda Fixa,3030785435225.0,1926391,586548395297.39,614500436154.97,1811
2019-12,Ações,471246001330.59,874201,27539138001.93,8213689051.4,1388
2019-12,Cambial,3583985871.94,9123,415684454.28,350060813.23,23
2019-12,FIDC-NP,381456491.59000003,10,136227403.63,8825289.48,5
2019-12,FII,50078414.12,0,0.0,0.0,1
2019-12,FIP,6723075310.889999,28,0.0,0.0,8
2019-12,FIP Multi,481264474.04,11,36013426.06,0.0,7
2019-12,FMP-FGTS,5300848449.37,156834,172647.37000000002,47442980.81,68
2019-12,Multimercado,1203793936495.93,321236,71700835762.83,52711691312.53,5201
2019-12,Renda Fixa,3005053229526.76,1947107,702409300541.47,757506111574.51,1827
2020-01,Ações,501937163215.44,977203,37476685455.03,12538292799.97,1405
2020-01,Cambial,3906924104.41,10866,498972477.16,429934328.63,23
2020-01,FIDC-NP,507091849.12,10,109099432.22,0.0,5
2020-01,FII,50068166.96,0,0.0,0.0,1
2020-01,FIP,6879579821.1,28,0.0,0.0,8
2020-01,FIP Multi,426175654.94,14,0.0,0.0,8
2020-01,FMP-FGTS,4959080842.66,155468,923216.55,58356437.730000004,68
2020-01,Multimercado,1239260330126.21,367423,71326725461.5,56622969743.17,5243
2020-01,Renda Fixa,2999789024170.25,1961177,609860757850.6901,629565814116.9,1823
2020-02,Ações,483516943329.29,1019333,25321809478.76,9609249717.25,1429
2020-02,Cambial,4261691717.31,13031,641341319.6600001,482983360.03000003,23
2020-02,FIDC,89987518.31,2,0.0,0.0,1
2020-02,FIDC-NP,517743956.36,10,2034544.5,0.0,5
2020-02,FII,50041985.01,7,0.0,0.0,1
2020-02,FIP,5220976930.04,27,0.0,1290080866.13,8
2020-02,FIP Multi,375547291.86,12,0.0,0.0,8
2020-02,FMP-FGTS,4373182638.9800005,154588,347508.9,41178067.01,68
2020-02,Multimercado,1254360275953.85,401538,67698517355.770004,50346998365.38,5296
2020-02,Renda Fixa,3005864876162.19,1966284,520396648538.37,525337560988.43,1826
2020-03,Ações,355044982974.67,979304,28490906387.45,17627696543.09,1440
2020-03,Cambial,5791288439.71,22951,1841489223.88,1006350768.9,25
2020-03,FIDC,81621576.14,6,0.0,0.0,2
2020-03,FIDC-NP,543283943.79,10,18554928.29,11396548.07,5
2020-03,FII,50003314.88,7,0.0,0.0,1
2020-03,FIP,3646206180.9700003,27,0.0,375000000.0,8
2020-03,FIP Multi,361422706.98,11,0.0,14812684.37,7
2020-03,FMP-FGTS,3249607943.5,154174,214145.71,12038135.77,68
2020-03,Multimercado,1217540200071.95,373904,76749045375.06,76015599256.58,5366
2020-03,Renda Fixa,2937122416382.19,1922761,677444207749.07,728831713583.79,1831
2020-04,Ações,394577242318.75,982022,13621230567.6,12652686345.9,1456
2020-04,Cambial,6408297256.4800005,29204,1337836854.58,990716078.48,26
2020-04,FIDC,109092526.24000001,11,0.0,0.0,3
2020-04,FIDC-NP,569980509.77,10,15092088.14,3415310.34,5
2020-04,FII,50016635.56,7,0.0,0.0,1
2020-04,FIP,3734953560.02,27,0.0,75000000.0,7
2020-04,FIP Multi,503006381.62,16,0.0,0.0,8
2020-04,FMP-FGTS,3685223621.21,154064,564642.02,3616150.35,68
2020-04,Multimercado,1225101428236.93,411607,45467880364.6,55365878890.96,5389
2020-04,Renda Fixa,2892109955018.68,1904881,529934430752.71,585796978191.49,1835
2020-05,Ações,422094438291.14,989934,8387289279.6,9366329297.43,1461
2020-05,Cambial,6925547988.28,36741,1885545326.41,1240628330.88,26
2020-05,FIDC,115219034.75,11,0.0,0.0,3
2020-05,FIDC-NP,604625505.83,10,36231557.18,5588157.36,5
2020-05,FII,49982327.89,7,0.0,0.0,1
2020-05,FIP,3932469499.7,26,0.0,0.0,7
2020-05,FIP Multi,498616597.35,16,0.0,0.0,8
2020-05,FMP-FGTS,4231457245.28,153845,342209.74,6958096.46,68
2020-05,Multimercado,1253671198535.49,431807,50050153340.62,45449338063.92,5422
2020-05,Renda Fixa,2897732244643.7,1906495,486325381482.28,495287379246.6,1852
2020-06,Ações,460400476218.17,1030308,10880607649.67,10381341736.43,1488
2020-06,Cambial,7279008610.639999,36445,1884315949.97,1593695936.19,26
2020-06,FIDC,123080983.93,11,0.0,0.0,3
2020-06,FIDC-NP,1545776830.23,12,14546590.96,16063044.16,7
2020-06,FII,49992335.68,7,0.0,0.0,1
2020-06,FIP,4531638070.190001,28,0.0,160000000.0,7
2020-06,FIP Multi,535993580.26,13,9900.0,4585763.38,8
2020-06,FMP-FGTS,4464369484.21,153390,75291.98,18901095.08,68
2020-06,Multimercado,1285318699522.97,447906,52057597046.28,42206130500.13,5486
2020-06,Renda Fixa,2949559078108.94,1934047,571371119644.42,534264773406.38,1864
2020-07,Ações,505551205705.34,1103315,18102228397.71,12176961931.93,1523
2020-07,Cambial,6065385425.18,35792,665925414.29,1596755817.99,26
2020-07,FIDC,128153272.26,11,0.0,0.0,3
2020-07,FIDC-NP,1573989286.6399999,13,7673294.94,5642220.94,8
2020-07,FII,87684917.69,35,37700000.0,0.0,2
2020-07,FIP,4999298881.55,28,0.0,140000000.0,7
2020-07,FIP Multi,537893757.71,13,0.0,0.0,8
2020-07,FMP-FGTS,4689676444.17,152681,533090.3300000001,38779529.660000004,68
2020-07,Multimercado,1328296946961.82,491175,75394314024.85,52855201470.38,5532
2020-07,Renda Fixa,3027843170609.15,1971559,657485238147.41,601983866675.61,1874
2020-08,Ações,508959608661.77,1176806,17455981463.92,10798650234.91,1545
2020-08,Cambial,6336797708.18,37638,799281668.31,824855849.76,27
2020-08,FIDC,152344935.12,12,0.0,0.0,4
2020-08,FIDC-NP,1605084618.32,13,24866994.54,9300000.0,8
2020-08,FII,117244419.71000001,35,0.0,0.0,2
2020-08,FIP,4540048148.84,26,0.0,70000000.0,6
2020-08,FIP Multi,402421935.17,11,176500.0,0.0,6
2020-08,FMP-FGTS,4569628220.12,151934,29858.09,36399486.15,68
2020-08,Multimercado,1358693938386.33,554100,69347232090.08,48345105924.4,5583
2020-08,Renda Fixa,3077958488706.36,2004218,624449288277.61,575958750517.35,1869
2020-09,Ações,491956228103.77,1197951,13782911931.16,10430045602.5,1568
2020-09,Cambial,6449872771.08,38744,715205074.25,781101339.1899999,27
2020-09,FIDC,149450631.84,12,0.0,0.0,4
2020-09,FIDC-NP,1713200054.88,13,108139653.42,5500000.0,8
2020-09,FII,116992202.22999999,35,0.0,0.0,2
2020-09,FIP,4295238099.66,26,0.0,20000000.0,6
2020-09,FIP Multi,417653887.63,11,0.0,0.0,6
2020-09,FIP PD&I,81521036.84,2,81523000.0,0.0,1
2020-09,FMP-FGTS,4422783746.38,151331,44417.51,24540082.39,68
2020-09,Multimercado,1366410704287.28,577887,61664048642.8,50515669638.97,5659
2020-09,Renda Fixa,3099282866646.96,2017682,618811499202.7,596103771139.49,1873
2020-10,Ações,494143475249.41003,1232166,11661839989.5,10329000601.94,1588
2020-10,Cambial,6545075666.68,39958,563836524.22,602273212.5600001,27
2020-10,FIDC,149061576.54,12,0.0,0.0,4
2020-10,FIDC-NP,1301018163.68,12,337641654.88,17357849.509999998,7
2020-10,FII,66686756.73,28,0.0,0.0,1
2020-10,FIP,4474575998.04,26,0.0,0.0,6
2020-10,FIP Multi,457248303.46,11,0.0,0.0,6
2020-10,FIP PD&I,81460692.11,2,0.0,0.0,1
2020-10,FMP-FGTS,4394613761.29,150611,71601.34,32275687.990000002,68
2020-10,Multimercado,1381253962480.82,592988,62609423414.8,54384229503.13,5735
2020-10,Renda Fixa,3060753666732.16,2001467,565247984431.61,611596607756.0701,1885
2020-11,Ações,551016861539.7,1248154,13035070185.54,13496537913.35,1637
2020-11,Cambial,6699155310.21,39985,1217792585.23,628939060.8,27
2020-11,FIDC,165597623.76999998,12,0.0,0.0,4
2020-11,FIDC-NP,1370799066.95,14,22539921.45,5000000.0,8
2020-11,FII,116584311.8,36,1500000.0,0.0,2
2020-11,FIP,5123114683.2,29,0.0,0.0,7
2020-11,FIP Multi,447578357.9,9,0.0,0.0,7
2020-11,FIP PD&I,81410320.77,2,0.0,0.0,1
2020-11,FMP-FGTS,5681243346.9,149820,193536.90000000002,43844845.39,68
2020-11,Multimercado,1411458675941.27,602912,55686786618.32,51437320784.3,5815
2020-11,Renda Fixa,3064636340243.5,2007771,570215142672.05,580610019811.97,1899
2020-12,Ações,594324307111.11,1277539,16429534246.4,15957893931.19,1694
2020-12,Cambial,6508659471.03,39283,1554871772.75,1546151538.05,27
2020-12,FIDC,173661800.48,12,513479.79,0.0,4
2020-12,FIDC-NP,1374090594.1100001,14,51572535.87,53269968.81999999,8
2020-12,FII,116623429.84,36,0.0,0.0,2
2020-12,FIP,5307213860.83,30,220000.0,45600000.0,7
2020-12,FIP Multi,463519378.61,9,0.0,0.0,7
2020-12,FIP PD&I,81364501.74,2,0.0,0.0,1
2020-12,FMP-FGTS,6297708693.43,148803,200680.59,74671957.74,68
2020-12,Multimercado,1462141567147.0,605973,85879923942.53,69101975966.26,5946
2020-12,Renda Fixa,3100091680222.45,2040478,724716891189.3,718922016916.11,1908
2021-01,Ações,627276812558.21,1311795,20701534006.73,17136733306.71,1712
2021-01,Cambial,6620440732.11,40232,565101087.02,825373594.35,27
2021-01,FIDC,173927557.28,12,0.0,0.0,4
2021-01,FIDC-NP,1166992487.55,14,5985890.94,232438419.42000002,8
2021-01,FII,116457801.53999999,36,0.0,0.0,2
2021-01,FIP,5205258563.73,28,0.0,67000000.0,6
2021-01,FIP Multi,481895444.22999996,10,0.0,0.0,8
2021-01,FIP PD&I,81323535.16,2,0.0,0.0,1
2021-01,FMP-FGTS,6115500919.41,147645,338163.82,86473187.43,68
2021-01,Multimercado,1489120943070.96,628463,68705309014.59,56341064077.23,5992
2021-01,Renda Fixa,3134984198576.66,2053712,642590281150.84,612493105700.03,1901
2021-02,Ações,629798064308.54,1349920,19877786266.91,11352198719.87,1752
2021-02,Cambial,6631465694.88,40273,689128513.55,802313600.36,27
2021-02,FIDC,171972900.87,12,180000.0,0.0,4
2021-02,FIDC-NP,1147386265.0900002,14,3803902.28,27359510.48,8
2021-02,FII,124146311.09,36,8000000.0,0.0,2
2021-02,FIP,5398150279.68,28,0.0,20000000.0,6
2021-02,FIP Multi,423339862.13,10,60000.0,0.0,8
2021-02,FIP PD&I,81282766.62,2,0.0,0.0,1
2021-02,FMP-FGTS,5959814513.59,146825,424277.32,52379794.03,68
2021-02,Multimercado,1519936466039.95,644440,74135288460.08,51205896812.38,6064
2021-02,Renda Fixa,3143557668380.84,2055088,558667162181.12,547792108957.44,1910
2021-03,Ações,655109143634.63,1394412,23415658422.41,15473572630.949999,1787
2021-03,Cambial,7023427884.29,40977,1246253169.5,931545620.9300001,27
2021-03,FIDC,239731875.69,50,0.0,0.0,5
2021-03,FIDC-NP,1205247126.99,16,36300271.730000004,3916823.67,9
2021-03,FII,123488413.33,36,0.0,0.0,2
2021-03,FIP,5346327538.789999,28,0.0,9000000.0,6
2021-03,FIP Multi,445277227.0,11,23578148.79,0.0,8
2021-03,FIP PD&I,81241405.03,2,0.0,0.0,1
2021-03,FMP-FGTS,6386072304.57,146080,786.84,48852243.6,68
2021-03,Multimercado,1569645646418.31,658185,106325846559.97,79499559607.83,6188
2021-03,Renda Fixa,3154047603947.1,2060370,665431193315.52,665940203439.28,1925
2021-04,Ações,690126309534.98,1481463,22728476246.49,15250613255.27,1827
2021-04,Cambial,6874264254.68,40424,810966273.9599999,708703990.37,26
2021-04,FIDC,243119194.97,50,0.0,0.0,5
2021-04,FIDC-NP,1220430412.78,16,200000.0,4364555.49,9
2021-04,FII,123113214.41,35,0.0,41195.17,2
2021-04,FIP,4800091331.889999,26,0.0,40675895.85,6
2021-04,FIP Multi,481830076.08,12,75000.0,0.0,9
2021-04,FIP PD&I,81194357.47,2,0.0,0.0,1
2021-04,FMP-FGTS,6819574779.82,145266,0.0,67606183.8,68
2021-04,Multimercado,1610056432527.39,687715,85842492022.21,58769231684.29,6284
2021-04,Renda Fixa,3169207379244.95,2066078,635617676745.4,632425928812.0499,1932
2021-05,Ações,725745115904.34,1514353,24512565664.48,15482228431.24,1866
2021-05,Cambial,7165062601.78,39413,1086183827.1100001,547487404.8,26
2021-05,FIDC,246141115.57,50,0.0,0.0,5
2021-05,FIDC-NP,1241046537.2,16,112000.0,5321868.74,9
2021-05,FII,126098370.86,35,0.0,0.0,2
2021-05,FIP,5762693497.61,28,600000.0,0.0,7
2021-05,FIP Multi,524406710.0,15,0.0,0.0,9
2021-05,FIP PD&I,81153226.53,2,0.0,0.0,1
2021-05,FMP-FGTS,7275327850.09,144319,57101.78,74585990.97,68
2021-05,Multimercado,1644875026049.32,703941,87284034685.61,70573660697.59,6402
2021-05,Renda Fixa,3214614568084.66,2075448,665859610068.04,636046135805.4401,1936
2021-06,Ações,743145166391.32,1556715,25785087438.97,18531703050.14,1910
2021-06,Cambial,6432168967.62,39108,1016488877.96,1426078330.56,26
2021-06,FIDC,260088978.7,50,12000000.01,0.0,5
2021-06,FIDC-NP,1217652444.3,14,15769231.93,4615555.86,8
2021-06,FII,53460606.38,7,0.0,0.0,1
2021-06,FIP,5397035865.55,28,0.0,0.0,6
2021-06,FIP Multi,538730673.54,14,0.0,0.0,9
2021-06,FIP PD&I,81402719.88,2,300000.0,0.0,1
2021-06,FMP-FGTS,7476381913.14,143147,313556.81,99811085.65,68
2021-06,Multimercado,1671312965402.9,733572,92580687166.55,69899837772.39,6520
2021-06,Renda Fixa,3251326820144.63,2101418,706621486287.36,682313789497.4501,1944
2021-07,Ações,731541385192.4,1586979,25513383192.96,16819002037.46,1957
2021-07,Cambial,7061743125.41,38809,1309356399.6200001,944579945.64,27
2021-07,FIDC,257955169.29,50,1354885.71,1354885.71,5
2021-07,FIDC-NP,1498558277.1399999,16,19971580.42,940000.0,9
2021-07,FII,53527669.87,7,0.0,0.0,1
2021-07,FIP,5105618558.679999,26,300000.0,68848839.55,6
2021-07,FIP Multi,572418970.62,14,70000000.0,36892186.98,9
2021-07,FIP PD&I,81373931.0,2,0.0,0.0,1
2021-07,FMP-FGTS,6982036312.4,142143,113979.43,73668648.03,68
2021-07,Multimercado,1681985655374.44,769119,80207325160.7,71013418732.4,6579
2021-07,Renda Fixa,3299750513696.5,2139544,709028625238.48,672020732045.7001,1949
2021-08,Ações,722724106616.28,1580748,23115857031.87,19196697907.53,1999
2021-08,Cambial,7448450924.41,38143,1091829601.42,676523329.86,28
2021-08,FIDC,257492061.81,57,11239261.32,10239261.3,5
2021-08,FIDC-NP,1508991560.4299998,16,9462423.35,1627136.47,9
2021-08,FII,53560657.69,7,0.0,0.0,1
2021-08,FIP,4872758376.440001,26,2298000.0,0.0,6
2021-08,FIP Multi,598243324.87,19,0.0,70000.0,10
2021-08,FIP PD&I,81357795.22,2,0.0,0.0,1
2021-08,FMP-FGTS,6605860597.53,141167,288623.77,70077211.83,68
2021-08,Multimercado,1696838442189.67,795714,78260986219.06,70579645480.94,6655
2021-08,Renda Fixa,3356582353793.36,2159669,790237575812.23,742844117540.45,1960
2021-09,Ações,690984011437.24,1568078,22026291768.73,17252127894.29,2030
2021-09,Cambial,8041308484.52,38485,769448564.74,572869969.99,28
2021-09,FIDC,252938979.13,58,0.0,0.0,5
2021-09,FIDC-NP,1520545205.3,16,48412364.32,4217611.11,9
2021-09,FII,53561363.79,8,0.0,0.0,1
2021-09,FIP,5027718180.099999,26,0.0,0.0,6
2021-09,FIP Multi,603574844.91,20,24500000.0,31191183.15,10
2021-09,FIP PD&I,92207907.36,2,10900000.0,0.0,1
2021-09,FMP-FGTS,5938647383.09,140369,9849.05,47466771.0,68
2021-09,Multimercado,1703625907459.45,817446,86474273911.1,85470169859.85,6739
2021-09,Renda Fixa,3392707985374.1,2180757,785404571852.92,766376303365.29,1970
2021-10,Ações,639279655174.87,1549249,15033106415.56,20287042954.62,2069
2021-10,Cambial,7842808537.96,38129,496243341.39,936332041.36,28
2021-10,FIDC,153878490.84,56,0.0,92677957.29,5
2021-10,FIDC-NP,1457410974.69,15,10019628.989999998,73318292.4,9
2021-10,FII,54005150.57,8,0.0,0.0,1
2021-10,FIP,4408535621.9,25,0.0,23901147.19,6
2021-10,FIP Multi,557369905.36,20,0.0,4278140.93,10
2021-10,FIP PD&I,92158587.96,2,0.0,0.0,1
2021-10,FMP-FGTS,5609121892.7300005,139528,251421.38,63154635.95,68
2021-10,Multimercado,1681578601342.03,843445,79773390614.78,86932985045.16,6789
2021-10,Renda Fixa,3405053189363.38,2220335,661663208215.28,659557453116.64,1971
2021-11,Ações,616562319748.33,1537538,14848469396.92,21542820189.06,2099
2021-11,Cambial,7778280441.38,37323,470610460.81,570558991.62,28
2021-11,FIDC,375179988.01,57,0.0,0.0,7
2021-11,FIDC-NP,1455117259.36,14,0.0,4916470.81,8
2021-11,FII,53179208.84,8,0.0,0.0,1
2021-11,FIP,4311990772.82,27,24694321.64,0.0,7
2021-11,FIP Multi,555726607.09,21,10084929.71,933356.11,11
2021-11,FIP PD&I,92102352.52,2,0.0,0.0,1
2021-11,FMP-FGTS,5666206712.06,138792,115557.83,41620893.22,68
2021-11,Multimercado,1691130319466.09,842044,65310295911.34,71261170242.75,6872
2021-11,Renda Fixa,3464539455959.09,2228123,718222370915.36,695137063810.95,1980
2021-12,Ações,623263883431.31,1533178,16370362537.83,19087272528.170002,2127
2021-12,Cambial,8019229801.78,37155,1272469802.53,958058092.23,28
2021-12,FIDC,375332048.09000003,57,0.0,0.0,6
2021-12,FIDC-NP,1466794784.53,14,189541.64,0.0,8
2021-12,FII,38777064.89,8,0.0,0.0,1
2021-12,FIP,5462067445.98,27,0.0,0.0,8
2021-12,FIP Multi,601521761.53,24,18940000.0,53273817.91,13
2021-12,FIP PD&I,92043111.51,2,0.0,0.0,1
2021-12,FMP-FGTS,6252045127.72,137860,89462.87,74598348.91,68
2021-12,Multimercado,1707331788804.37,846601,74421102509.8,82700604919.69,7001
2021-12,Renda Fixa,3442297162257.7803,2266348,903963779642.6901,948260128951.64,2018
2022-01,Ações,622621475080.75,1493542,10836131523.55,23341291282.65,2151
2022-01,Cambial,7456059226.47,38031,1173073067.79,1375194170.66,28
2022-01,FIDC,374498247.15,57,150000.0,0.0,6
2022-01,FIDC-NP,1492508811.16,14,0.0,0.0,8
2022-01,FII,38799900.53,8,0.0,0.0,1
2022-01,FIP,4219574644.18,26,0.0,2223319868.11,8
2022-01,FIP Multi,628731211.16,25,20600000.0,1568844.26,13
2022-01,FIP PD&I,92004694.36,2,0.0,0.0,1
2022-01,FMP-FGTS,6648539520.29,136900,102100.88,104697905.28,68
2022-01,Multimercado,1693328338361.61,834630,71571935419.38,94720031360.99,7042
2022-01,Renda Fixa,3519833449113.07,2242755,757929891371.49,706238398827.32,2034
2022-02,Ações,610627765130.57,1452339,12246564090.29,20658487597.46,2174
2022-02,Cambial,8201826522.9,41428,2012263683.9299998,1071937169.79,29
2022-02,FIDC,376513437.15999997,57,0.0,0.0,6
2022-02,FIDC-NP,1492980092.5900002,18,158441.22,33693972.79,10
2022-02,FII,38809896.33,7,0.0,0.0,1
2022-02,FIP,4203569532.06,25,750000.0,0.0,7
2022-02,FIP Multi,611757480.45,22,602685.68,871281.46,12
2022-02,FIP PD&I,92081191.93,2,120000.0,0.0,1
2022-02,FMP-FGTS,7172621718.89,135892,2107945.87,100538062.8,68
2022-02,Multimercado,1671680654483.76,810384,49245049342.22,70526324905.39,7065
2022-02,Renda Fixa,3580133836758.25,2225880,721035679173.51,690991462275.47,2043
2022-03,Ações,617666932012.03,1396811,10526787440.43,26439389385.77,2190
2022-03,Cambial,8786060753.58,44226,2256195399.92,1021224854.89,29
2022-03,FIDC,282564901.78999996,56,850000.0,100549991.2,6
2022-03,FIDC-NP,1478360260.93,14,22500.0,0.0,10
2022-03,FII,38812537.0,7,0.0,0.0,1
2022-03,FIP,4556958804.55,25,990000.0,0.0,6
2022-03,FIP Multi,630842478.81,21,6500000.0,14355240.32,12
2022-03,FIP PD&I,92029960.13,2,0.0,0.0,1
2022-03,FMP-FGTS,7281922124.49,134497,0.0,134837575.85,68
2022-03,Multimercado,1680758321971.3,795189,72287586971.78,89279234988.4,7129
2022-03,Renda Fixa,3663706848201.71,2218308,819965548650.65,780966803380.14,2058
2022-04,Ações,557935527292.23,1362994,13367874047.869999,19359916419.55,2194
2022-04,Cambial,8509871962.05,46358,904521341.29,1486391781.71,29
2022-04,FIDC,287447971.86,50,1075000.0,0.0,5
2022-04,FIDC-NP,1480680387.08,15,55806569.75,17911263.55,11
2022-04,FII,190900299.29000002,70,0.0,0.0,2
2022-04,FIP,4232652066.29,25,0.0,0.0,6
2022-04,FIP Multi,636440115.74,21,0.0,1791000.0,12
2022-04,FIP PD&I,91952812.99,2,0.0,0.0,1
2022-04,FMP-FGTS,6671396463.54,133469,115098.19,95858802.21,68
2022-04,Multimercado,1684025614827.08,791093,58230855767.84,65673946651.68,7187
2022-04,Renda Fixa,3707170023477.05,2217928,705931188115.79,695216920361.29,2075
2022-05,Ações,555643782830.7,1318413,13668091293.26,19939111737.63,2202
2022-05,Cambial,8399546039.809999,45808,1307659503.94,1134557135.18,31
2022-05,FIDC,244157886.65,42,266000.0,53639922.36,6
2022-05,FIDC-NP,1495321363.1599998,15,4173500.0,0.0,11
2022-05,FII,190613550.99,70,0.0,9602.89,2
2022-05,FIP,4615751125.26,25,2001000.0,72385765.59,6
2022-05,FIP Multi,674215889.82,22,15000.0,5062476.56,13
2022-05,FIP PD&I,91971454.17,2,90000.0,0.0,1
2022-05,FMP-FGTS,6961537026.44,132439,26936.489999999998,98111438.61,68
2022-05,Multimercado,1687534582729.56,770823,59485161439.13,66899860810.22,7243
2022-05,Renda Fixa,3724272846267.06,2223260,744906733364.16,767065984292.0,2100
2022-06,Ações,503881570526.23,1301827,11745006684.1,15134794724.2,2218
2022-06,Cambial,9683891036.01,43828,1543268280.71,1107714195.25,31
2022-06,FIDC,246091220.45,42,0.0,0.0,6
2022-06,FIDC-NP,1967147551.6899998,17,257485017.25,0.0,11
2022-06,FII,196245323.21,70,0.0,0.0,2
2022-06,FIP,4383573856.2,26,0.0,0.0,6
2022-06,FIP Multi,649719193.44,20,123167760.0,109361853.64,14
2022-06,FIP PD&I,91898909.12,2,0.0,0.0,1
2022-06,FMP-FGTS,12810486490.14,503446,5889062974.110001,77238665.19,83
2022-06,Multimercado,1689904531661.92,756320,65865538348.0,69930451841.35,7307
2022-06,Renda Fixa,3753155182805.7397,2218194,876075994087.79,884388546886.31,2119
2022-07,Ações,520982801403.73,1266212,8382162284.2300005,18990345337.58,2228
2022-07,Cambial,8024011172.2699995,41425,384929069.22,2019817611.9,31
2022-07,FIDC,247662739.45999998,42,1000000.0,0.0,6
2022-07,FIDC-NP,1967238608.61,17,37048214.45,37300000.0,11
2022-07,FII,50983588.41,7,0.0,149719469.81,2
2022-07,FIP,4554625491.25,25,0.0,0.0,6
2022-07,FIP Multi,625394012.1800001,18,2568374.8,1719000.0,14
2022-07,FIP PD&I,91856369.84,2,0.0,0.0,1
2022-07,FMP-FGTS,12892625075.22,502621,316199.5,61583286.65,83
2022-07,Multimercado,1688277861767.42,760760,55238573712.22,74314927353.31,7359
2022-07,Renda Fixa,3791133798785.41,2236026,764190580837.2999,757941159781.5599,2137
2022-08,Ações,541724338777.36,1238786,8189452627.26,16888292155.25,2257
2022-08,Cambial,8060665847.65,40309,527114229.45,555291523.5799999,31
2022-08,FICFIDC-NP,74809553.25,7,0.0,0.0,1
2022-08,FIDC,251646006.64,42,5000.0,0.0,6
2022-08,FIDC-NP,2049731683.98,17,51631500.0,1371246.53,11
2022-08,FII,51064390.72,7,0.0,0.0,2
2022-08,FIP,4665774625.7699995,25,0.0,0.0,6
2022-08,FIP CS,383698.47,1,0.0,0.0,1
2022-08,FIP Multi,576188351.15,17,3236467.77,4217598.390000001,13
2022-08,FIP PD&I,91869388.63,2,130000.0,0.0,1
2022-08,FMP-FGTS,13231844322.21,501377,166932.24,171508284.91,83
2022-08,Multimercado,1722023298222.82,751414,75832554229.25,72563161522.6,7408
2022-08,Renda Fixa,3857925055607.87,2276268,810009178881.37,784408231353.21,2158
2022-09,Ações,532073564097.96,1205346,6960295605.16,11880683010.59,2246
2022-09,Cambial,7740432237.8,38907,399614868.32,964120336.26,31
2022-09,FICFIDC-NP,75294815.33,7,0.0,0.0,1
2022-09,FIDC,267379501.89999998,42,12009000.0,0.0,6
2022-09,FIDC-NP,2185687237.21,16,154561101.41,260814.49,11
2022-09,FII,51059071.69,7,0.0,0.0,1
2022-09,FIP,4370238999.58,27,6000000.0,0.0,6
2022-09,FIP CS,109205.84,1,0.0,0.0,1
2022-09,FIP Multi,558316300.26,16,2826440.3800000004,18264852.68,13
2022-09,FIP PD&I,91948144.72,2,150000.0,0.0,1
2022-09,FMP-FGTS,12700322180.45,500386,33793.17,88491994.92999999,83
2022-09,Multimercado,1735661314254.69,737072,62407082536.39,69149921504.02,7454
2022-09,Renda Fixa,3886456553750.39,2303822,716924194827.78,728160288833.46,2174
2022-10,Ações,557886032763.66,1175062,7164981407.91,11280492811.75,2245
2022-10,Cambial,7461513477.03,38397,635403030.01,654150773.73,31
2022-10,FICFIDC-NP,75978464.4,7,0.0,0.0,1
2022-10,FIDC,270355480.75,42,5000.0,0.0,6
2022-10,FIDC-NP,2130322719.2399998,16,7047381.2,0.0,10
2022-10,FII,51269425.98,7,0.0,0.0,1
2022-10,FIP,4347464974.86,55,0.0,0.0,7
2022-10,FIP CS,104903.81,1,0.0,0.0,1
2022-10,FIP Multi,512594007.55,15,8505659.4,7435432.58,13
2022-10,FIP PD&I,91900891.82,2,0.0,0.0,1
2022-10,FMP-FGTS,13310082269.85,499191,325612.69,149819599.97,83
2022-10,Multimercado,1751950112343.74,728068,55711368349.83,55183496017.37,7504
2022-10,Renda Fixa,3923154168356.79,2324351,654313569339.42,657184179058.96,2205
2022-11,Ações,525847834961.24,1141247,6171594750.84,10371875207.880001,2248
2022-11,Cambial,7444001264.559999,37583,511146581.98,652826553.83,31
2022-11,FICFIDC-NP,76498248.49,7,0.0,0.0,1
2022-11,FIDC,268980607.82,43,1675000.0,0.0,7
2022-11,FIDC-NP,2142541402.1699998,14,8034000.0,0.0,9
2022-11,FII,51298156.22,7,0.0,0.0,1
2022-11,FIP,3800433418.8500004,53,0.0,31475.89,7
2022-11,FIP CS,92536.67,1,0.0,0.0,1
2022-11,FIP Multi,501380445.24,15,0.0,4285445.8,11
2022-11,FIP PD&I,91829188.83,2,0.0,0.0,1
2022-11,FMP-FGTS,13809887981.8,498037,237425.37,98782721.81,85
2022-11,Multimercado,1740143218594.72,718725,55461238226.659996,62613889058.01,7553
2022-11,Renda Fixa,3933712557658.43,2333415,661246885853.99,682288584009.84,2220
2022-12,Ações,543350013390.32,1119024,7442677124.0199995,11161077490.06,2253
2022-12,Cambial,7742951053.84,37415,1166931243.8799999,1019072769.86,32
2022-12,FICFIDC-NP,76970792.57,7,0.0,0.0,1
2022-12,FIDC,462113332.67,45,712100.0,0.0,9
2022-12,FIDC-NP,2323248420.79,13,9945000.0,224959754.77,10
2022-12,FII,51367832.9,7,0.0,0.0,1
2022-12,FIP,3992286384.26,56,347000000.02,0.0,7
2022-12,FIP CS,1420.71,1,0.0,0.0,1
2022-12,FIP Multi,951881721.6,40,53434912.63,28441171.25,11
2022-12,FIP PD&I,91786548.86,2,0.0,0.0,1
2022-12,FMP-FGTS,12823404062.710001,493260,284134661.7,478289092.64,85
2022-12,Multimercado,1743029549202.11,687432,53732079873.09,62871213746.590004,7594
2022-12,Renda Fixa,3853165228881.68,2356351,810348751842.61,931195094241.39,2243
2023-01,Ações,551070854516.97,1097966,8502651078.86,17830174416.26,2243
2023-01,Cambial,7252896509.09,37180,638019218.48,880507238.11,32
2023-01,FICFIDC-NP,74523481.88,7,0.0,0.0,1
2023-01,FIDC,468742032.18000007,45,5000.0,0.0,9
2023-01,FIDC-NP,2331033429.27,13,3444368.85,91369974.1,9
2023-01,FII,56222884.14,15,0.0,0.0,2
2023-01,FIP,4017219169.44,56,1500000.0,0.0,7
2023-01,FIP CS,0.01,1,0.0,0.0,1
2023-01,FIP Multi,915704235.31,40,6397281.0,5000000.0,11
2023-01,FIP PD&I,91737424.32,2,0.0,0.0,1
2023-01,FMP-FGTS,13003160027.3,494153,253323427.75000003,284513616.9,85
2023-01,Multimercado,1747520228439.88,683355,57777231141.53,70846760438.21,7583
2023-01,Renda Fixa,3902355230973.9,2381815,843125111421.38,829155241884.77,2246
2023-02,Ações,517990740053.56,1076528,4299070069.97,11111897863.49,2235
2023-02,Cambial,6728379909.78,36462,471790767.37,1221045632.48,32
2023-02,FICFIDC-NP,76300770.86,7,0.0,0.0,1
2023-02,FIDC,487530083.03,47,11205000.0,0.0,10
2023-02,FIDC-NP,2367152473.67,12,1522500.0,0.0,8
2023-02,FII,56204007.870000005,15,0.0,0.0,2
2023-02,FIP,3869313585.77,56,0.0,0.0,7
2023-02,FIP Multi,950816335.62,40,1000.0,0.0,11
2023-02,FIP PD&I,91693007.05,2,0.0,0.0,1
2023-02,FMP-FGTS,11658853049.87,493958,339153950.82,356679655.71,89
2023-02,Multimercado,1734313517968.53,673059,43541625760.74,58236969820.42,7600
2023-02,Renda Fixa,3948434654653.9897,2386724,706224457008.32,695188094858.37,2265
2023-03,Ações,497171459696.37,1050135,7867229484.63,15095827431.86,2236
2023-03,Cambial,6255569969.58,35065,847844715.73,1176875186.69,32
2023-03,FICFIDC-NP,77935209.7,7,0.0,0.0,1
2023-03,FIDC,502867334.9,47,297000.0,0.0,10
2023-03,FIDC-NP,2761304267.22,13,180172342.18,0.0,8
2023-03,FII,56348448.739999995,15,0.0,0.0,2
2023-03,FIP,3599760247.71,56,1133333.33,0.0,7
2023-03,FIP Multi,900050793.3,36,600.0,0.0,10
2023-03,FIP PD&I,91649368.0,2,0.0,0.0,1
2023-03,FMP-FGTS,11083091472.5,493857,127645500.75,210734716.5,92
2023-03,Multimercado,1730341793432.55,658677,56808468743.0,70265608159.55,7653
2023-03,Renda Fixa,3969991645216.6,2429028,834086425496.25,861880805127.41,2300
2023-04,Ações,502153706269.28,1033325,4763915067.44,9955763840.45,2225
2023-04,Cambial,6889211936.89,35242,1158884044.96,443975073.39,31
2023-04,FICFIDC-NP,78332661.15,7,0.0,0.0,1
2023-04,FIDC,513343054.5,47,204000.0,0.0,10
2023-04,FIDC-NP,3587250311.6,12,13536610.719999999,0.0,7
2023-04,FII,51580576.06,8,0.0,4839819.29,2
2023-04,FIP,3878842814.4399996,56,566666.67,0.0,7
2023-04,FIP Multi,885973585.14,36,101200.0,0.0,10
2023-04,FIP PD&I,91797372.48,2,212000.0,0.0,1
2023-04,FMP-FGTS,11026031926.03,493279,26892235.87,90068732.17999999,92
2023-04,Multimercado,1764908692380.79,650530,50546573385.07,65190248179.88,7673
2023-04,Renda Fixa,3970783800447.86,2504497,605769087361.84,641999825463.23,2317
2023-05,Ações,528020997115.11,1020771,6412358420.09,12356576237.44,2221
2023-05,Cambial,6724279111.83,34993,365189648.61,670446147.25,31
2023-05,FICFIDC-NP,78845304.61,7,0.0,0.0,1
2023-05,FIDC,529818142.71,47,50500.0,0.0,10
2023-05,FIDC-NP,3932989201.25,10,30174500.0,968939793.07,7
2023-05,FII,51609148.04,8,0.0,0.0,2
2023-05,FIP,3983954055.03,56,0.0,0.0,7
2023-05,FIP Multi,785278770.91,36,6047500.0,0.0,10
2023-05,FIP PD&I,91696558.12,2,0.0,0.0,1
2023-05,FMP-FGTS,10981479837.85,492463,25828097.259999998,102266474.7,92
2023-05,Multimercado,1792100420883.43,641343,68421742388.99,75054581262.12,7714
2023-05,Renda Fixa,3995266003897.36,2521777,745526604802.14,769145404782.23,2355
2023-06,Ações,559452863447.13,1023577,7718970402.46,13051074702.3,2218
2023-06,Cambial,6345178924.2,34888,624365049.71,673383124.46,31
2023-06,FIDC,540959464.32,47,16400.0,0.0,10
2023-06,FIDC-NP,4622871520.650001,9,59418000.0,0.0,7
2023-06,FII,51689439.23,8,0.0,0.0,2
2023-06,FIP,4228096443.86,56,0.0,0.0,7
2023-06,FIP Multi,858325906.03,41,471131.70999999996,147131.71,10
2023-06,FIP PD&I,91648780.37,2,0.0,0.0,1
2023-06,FMP-FGTS,11977457120.85,488512,25747857.23,160691315.5,93
2023-06,Multimercado,1803888783436.72,632060,59364057201.47,68025405942.93,7745
2023-06,Renda Fixa,4039827216518.29,2602800,759011468860.42,760909938276.83,2390
2023-07,Ações,575841575132.42,1028458,8234811946.3,8678873065.98,2215
2023-07,Cambial,6119336927.52,34476,345571985.94,531237264.27,31
2023-07,FIDC,553518107.0600001,48,4382714.4,0.0,10
2023-07,FIDC-NP,5469606996.41,12,157519997.7,0.0,9
2023-07,FII,51750666.29,8,0.0,0.0,2
2023-07,FIP,4557630787.84,55,0.0,5964011.67,7
2023-07,FIP Multi,1141967723.2,43,146682000.0,311802.39,12
2023-07,FIP PD&I,91601630.66,2,0.0,0.0,1
2023-07,FMP-FGTS,12135019702.06,484827,23585651.51,129461387.52,93
2023-07,Multimercado,1823946308348.27,599825,57071505322.67,57726798799.68,7769
2023-07,Renda Fixa,4104857493935.01,2712006,721926254298.78,700049176716.49,2416
2023-08,Ações,555345260173.27,1021027,11312884630.53,9318850937.16,2208
2023-08,Cambial,6141504572.21,34166,262260708.55,545907102.99,31
2023-08,FIDC,541483614.5600001,48,1213984.4,1198984.4,10
2023-08,FIDC-NP,5827459442.6,13,539615894.94,270000000.0,9
2023-08,FII,51796807.76,8,0.0,0.0,1
2023-08,FIP,4126228314.5,55,0.0,0.0,7
2023-08,FIP Multi,975114842.26,42,21129000.0,51917.3,11
2023-08,FIP PD&I,91554134.82,2,0.0,0.0,1
2023-08,FMP-FGTS,11564947443.77,481692,53898920.269999996,173437837.64000002,94
2023-08,Multimercado,1831818009476.1,599045,59977722508.37,59751375733.66,7776
2023-08,Renda Fixa,4184080920293.8,2791302,764528664080.05,727494004130.39,2449
2023-09,Ações,552676057197.13,1010088,8847987943.62,9996827990.46,2232
2023-09,Cambial,6338942971.150001,33561,677571112.98,602088255.14,32
2023-09,FIDC,549318492.04,49,505000.0,0.0,10
2023-09,FIDC-NP,5958749718.33,12,1319603484.49,980046735.17,9
2023-09,FII,51847812.9,8,0.0,0.0,1
2023-09,FIP,4371706685.09,58,215496124.32,0.0,7
2023-09,FIP Multi,971761954.8799999,42,2029000.0,103882.12,11
2023-09,FIP PD&I,91747598.56,2,0.0,0.0,1
2023-09,FMP-FGTS,12051861617.05,479138,25989855.28,149079905.99,94
2023-09,Multimercado,1828821728879.78,602179,53365608267.86,56148793477.47,7878
2023-09,Renda Fixa,4224276360316.85,2836956,654991977004.86,648014572142.02,2526
2023-10,Ações,538470646369.81,998424,18747610020.93,8892602882.710001,2215
2023-10,Cambial,6032200409.5,32808,479698589.18,832261840.25,32
2023-10,FIDC,564148148.23,49,6971550.0,0.0,10
2023-10,FIDC-NP,7016993271.63,13,434588766.67,0.0,10
2023-10,FII,51770695.73,8,0.0,0.0,1
2023-10,FIP,3996089963.48,58,0.0,0.0,7
2023-10,FIP Multi,866673981.3,42,408000.0,0.0,11
2023-10,FIP PD&I,108127994.79,2,16491868.0,0.0,1
2023-10,FMP-FGTS,11724127871.67,476590,11850887.09,135466224.3,93
2023-10,Multimercado,1800760897798.8,595586,54353971648.48,79246317895.54,7858
2023-10,Renda Fixa,4251359357922.7397,2844934,672538399882.05,679750996916.86,2520
2023-11,Ações,590066274947.07,990124,14886794408.11,12698998454.99,2225
2023-11,Cambial,6208699334.37,32673,822566878.52,549700101.65,32
2023-11,FIDC,643109122.3,51,17700.0,0.0,11
2023-11,FIDC-NP,7282302698.75,13,311439556.2,571771.89,10
2023-11,FII,88767036.29,39,0.0,304704.37,2
2023-11,FIP,4617719948.78,59,0.0,0.0,7
2023-11,FIP Multi,949748478.48,42,4275000.0,104344.98,11
2023-11,FIP PD&I,109061797.71,2,1000000.0,0.0,1
2023-11,FMP-FGTS,12798393077.01,473145,23262778.34,144978297.24,93
2023-11,Multimercado,1809217756305.86,591406,55328833493.0,87157872526.22,7851
2023-11,Renda Fixa,4326475941471.0103,2864653,686401411727.58,659192323981.99,2540
2023-12,Ações,622693429646.55,994877,17165667918.28,18778088873.68,2299
2023-12,Cambial,5798226100.73,32159,518141667.90000004,881909087.47,31
2023-12,FIDC,650444909.75,51,38400.0,841060.37,11
2023-12,FIDC-NP,5695398497.17,11,1250168657.63,2996634496.59,11
2023-12,FII,89881508.52,39,0.0,0.0,2
2023-12,FIP,4953588134.11,32,1510258.16,26983903.87,6
2023-12,FIP Multi,4107469094.33,41,350000.0,0.0,11
2023-12,FIP PD&I,112021366.26,2,3000000.0,0.0,1
2023-12,FMP-FGTS,13156339509.39,468865,19108690.99,151739887.95,93
2023-12,Multimercado,1831283828584.44,600021,63343688435.44,88275078419.95,7950
2023-12,Renda Fixa,4326785003520.64,2923275,760621935735.26,807890261530.38,2552
2024-01,Ações,604763987051.72,1006705,11150923947.84,11571366953.28,2306
2024-01,Cambial,5648423244.27,31417,242891866.44,523677311.96,31
2024-01,FIDC,220234287.16000003,47,330000.0,151338115.43,9
2024-01,FIDC-NP,6528803014.3,8,65012372.43,0.0,8
2024-01,FII,38810418.03,31,0.0,0.0,1
2024-01,FIP,4424288413.43,27,4355485.0,44342456.0,4
2024-01,FIP Multi,3694125002.18,35,80000.0,626513.23,5
2024-01,FMP-FGTS,12640487912.5,465381,33551231.19,182332808.08,93
2024-01,Multimercado,1784312878682.93,605982,59773382489.659996,70969471953.79001,7845
2024-01,Renda Fixa,4440786456596.48,2975403,771267848538.95,696470803181.75,2569
2024-02,Ações,610472760760.28,1013218,8306495665.63,10291167330.77,2307
2024-02,Cambial,5648309373.29,31098,222252484.26999998,283444497.26,31
2024-02,FIDC,158914973.59,44,0.0,62722714.26,8
2024-02,FIDC-NP,6167250798.85,5,579385139.72,0.0,5
2024-02,FII,0.0,0,0.0,38453614.02,1
2024-02,FIP,4043322842.48,20,370121695.2,823479930.54,5
2024-02,FIP Multi,589626978.09,35,0.0,0.0,5
2024-02,FMP-FGTS,12690517276.33,461793,17025140.84,146481795.48,93
2024-02,Multimercado,1792732663087.61,611643,63471763222.77,64698885658.25,7857
2024-02,Renda Fixa,4521477843693.32,3028589,679741343930.54,635956790641.89,2612
2024-03,Ações,613705860952.03,1016208,7904611689.93,9259179435.19,2298
2024-03,Cambial,5890743124.47,30475,646155327.49,476385392.36,31
2024-03,FIDC,159913258.96,44,0.0,0.0,8
2024-03,FIDC-NP,6785549418.750001,5,564427495.61,807300.0,5
2024-03,FII,0.0,0,0.0,0.0,1
2024-03,FIP,3999453070.28,15,27647.17,13271698.25,4
2024-03,FIP Multi,592740421.38,35,820000.0,104694.4,5
2024-03,FMP-FGTS,11996140429.039999,458623,14676289.719999999,102984044.98,93
2024-03,Multimercado,1805867689572.42,619875,69912872004.66,70614029908.96,7836
2024-03,Renda Fixa,4574443966416.97,3065297,745183187749.12,728752568533.21,2677
2024-04,Ações,598018532852.68,1016531,9796737751.19,10948389689.8,2311
2024-04,Cambial,6108211195.82,29696,421924388.51,445287337.98,31
2024-04,FIDC,123626082.35,39,0.0,0.0,6
2024-04,FIDC-NP,7514739226.04,6,353723485.77,137392.13,6
2024-04,FII,0.0,0,0.0,0.0,1
2024-04,FIP,3883411777.5099998,15,0.0,0.0,4
2024-04,FIP Multi,601497621.27,36,75307289.19,104728.19,6
2024-04,FMP-FGTS,12198683919.119999,455917,13095825.62,114153170.16,93
2024-04,Multimercado,1793195229410.95,629295,72959982942.2,80814753692.34,7844
2024-04,Renda Fixa,4622499369169.82,3101397,802974622338.23,783367088591.0,2751
2024-05,Ações,587333331466.14,1012447,7319014596.53,12459235877.33,2318
2024-05,Cambial,6196684963.28,29324,357906297.8,371273906.39,31
2024-05,FIDC,124516382.45,39,0.0,190183.03000000003,6
2024-05,FIDC-NP,8660014357.18,5,1419664162.7,189489150.86,6
2024-05,FIP,3900277344.62,15,1500000.0,50415.51,3
2024-05,FIP Multi,616028703.29,36,7238158.5,557675.67,6
2024-05,FMP-FGTS,11587412637.720001,453290,8597357.26,109558723.75,93
2024-05,Multimercado,1793927396253.84,640161,77634534691.48,90938504589.24,7813
2024-05,Renda Fixa,4687844205735.8,3135128,811166106690.45,785881682474.11,2835
2024-06,Ações,602779214564.78,1006530,24392477990.170002,15425174398.17,2333
2024-06,Cambial,6577588254.91,29610,718662350.73,769777140.69,31
2024-06,FIDC,126255630.59,39,25000.0,0.0,6
2024-06,FIDC-NP,7591300125.79,4,519029886.62,0.0,5
2024-06,FIP,3984540890.66,15,0.0,1031.93,3
2024-06,FIP Multi,609499729.95,36,0.0,3329999.9,6
2024-06,FMP-FGTS,11631555362.67,450937,7207356.84,98877923.86,93
2024-06,Multimercado,1768613454378.05,643001,70600266378.76,88364306672.42,7761
2024-06,Renda Fixa,4736078533907.29,3067665,749074575634.41,733957111459.47,2910
2024-07,Ações,609236896904.79,1013257,10889698911.48,13348143389.87,2336
2024-07,Cambial,6262426681.93,29959,519550002.26,914170899.29,31
2024-07,FIDC,91401398.97,35,40000.0,0.0,5
2024-07,FIDC-NP,7591645123.81,5,726219320.68,0.0,5
2024-07,FIP,3963820747.78,15,1999999.05,0.0,3
2024-07,FIP Multi,1308027151.6100001,36,352112000.0,134794625.14,7
2024-07,FMP-FGTS,11918501217.51,447865,9040927.36,128279849.55,93
2024-07,Multimercado,1771110222064.52,644705,78593362856.91,99846751642.26,7710
2024-07,Renda Fixa,4859884619094.09,3166173,905717748720.69,830205033603.04,2998
2024-08,Ações,632510204924.79,1009957,9606650228.9,13243379321.92,2356
2024-08,Cambial,6331937363.21,30364,1032614702.5899999,1002742818.0,32
2024-08,FIDC,92611597.5,35,0.0,0.0,5
2024-08,FIDC-NP,7567647744.17,5,123177707.0,0.0,5
2024-08,FIP,4119888154.12,14,0.0,0.0,3
2024-08,FIP Multi,1666649016.4499998,28,65860891.61,46896088.59,6
2024-08,FMP-FGTS,12358034721.31,443917,5813482.3100000005,136866236.08,93
2024-08,Multimercado,1796499890020.63,653909,83117501537.32,116187607059.77,7661
2024-08,Renda Fixa,4944084509713.7705,3233544,856505030444.02,817182103961.01,3082
2024-09,Ações,613911692359.47,995300,6970265243.44,12653178618.6,2344
2024-09,Cambial,6021992651.78,30374,341476623.66,469975077.35,31
2024-09,FIDC,54475077.95,31,0.0,0.0,3
2024-09,FIDC-NP,7074346286.839999,5,677162282.8299999,0.0,5
2024-09,FIP,4368726356.75,13,0.0,13402699.52,3
2024-09,FIP Multi,1853422878.0100002,29,54057000.0,8849999.99,4
2024-09,FMP-FGTS,11799653074.37,440341,10861814.74,141744782.14,93
2024-09,Multimercado,1784530179972.97,659906,67255095023.0,82921769381.15001,7595
2024-09,Renda Fixa,4992634735001.14,3296534,896109967012.96,885632656075.67,3154
2024-10,Ações,614596082076.51,990466,13718575536.69,15249628814.09,2346
2024-10,Cambial,6741014593.64,30810,701729443.39,383846292.31,31
2024-10,FIDC,55331448.66,31,0.0,0.0,3
2024-10,FIDC-NP,6853980234.0199995,4,0.0,0.0,4
2024-10,FIP,4090158718.8,13,0.0,0.0,3
2024-10,FIP Multi,388959057.86,27,0.0,19909999.72,3
2024-10,FMP-FGTS,11439440431.42,437364,18294378.77,148626379.99,93
2024-10,Multimercado,1686755818102.1,674177,62575223365.26,158599567084.71,7537
2024-10,Renda Fixa,5058102673958.53,3352703,832095216777.79,811251986112.63,3239
2024-11,Ações,599827483089.98,988804,9730618788.94,11505090484.89,2329
2024-11,Cambial,7462638029.78,31222,1129125402.18,777440210.78,31
2024-11,FIDC,55855736.28,32,0.0,0.0,3
2024-11,FIDC-NP,6508301629.49,4,0.0,0.0,4
2024-11,FIP,3611576130.38,13,0.0,0.0,2
2024-11,FIP Multi,287120166.81,26,0.0,13982815.97,3
2024-11,FMP-FGTS,11085027523.12,435114,7000469.62,89667586.6,93
2024-11,Multimercado,1681579900377.42,681896,55028001723.15,70331574007.35,7488
2024-11,Renda Fixa,5083882969069.04,3375269,795735895099.79,806983371376.95,3301
2024-12,Ações,575521513898.56,989261,10874956579.19,15713042055.58,2338
2024-12,Cambial,7931110623.26,32562,1064525196.96,844357424.53,31
2024-12,FIDC,57099442.59,32,0.0,0.0,3
2024-12,FIDC-NP,12535453699.29,4,0.0,0.0,4
2024-12,FIP,3292434859.57,13,0.0,0.0,2
2024-12,FIP Multi,251262369.74,26,0.0,0.0,2
2024-12,FMP-FGTS,10803815451.25,432962,4114177.16,79372395.27,93
2024-12,Multimercado,1701474955181.79,730545,80295722078.01,107233470254.45,7439
2024-12,Renda Fixa,4998637902011.92,3383837,887686976474.59,1006380599793.24,3362
2025-01,Ações,586861386616.22,980332,7687646345.39,16973860323.380001,2336
2025-01,Cambial,6762970876.7699995,32866,753169266.13,1566471482.2,31
2025-01,FIDC,57525968.61,32,0.0,0.0,3
2025-01,FIDC-NP,12691750940.34,5,151000000.0,0.0,4
2025-01,FIP,3689236886.85,13,0.0,0.0,2
2025-01,FIP Multi,293249008.6,25,0.0,0.0,1
2025-01,FMP-FGTS,11146316995.08,430102,5785274.09,98360198.35,93
2025-01,Multimercado,1692852424033.18,751733,65312309624.8,88327937215.45,7390
2025-01,Renda Fixa,5120004261082.83,3224749,872408732048.01,810292767519.0,3415
2025-02,Ações,569721517154.22,969885,7138059454.19,12070327697.25,2336
2025-02,Cambial,7094067034.04,33209,660862771.83,433668393.65000004,31
2025-02,FIDC,57677013.14,32,0.0,0.0,3
2025-02,FIDC-NP,15782847533.55,5,0.0,0.0,4
2025-02,FIP,3682719195.0,8,0.0,0.0,2
2025-02,FIP Multi,366373091.91,25,0.0,0.0,1
2025-02,FMP-FGTS,11039781600.17,427373,5654348.16,95930186.97,93
2025-02,Multimercado,1700446231824.26,762329,87081252218.38,105998579540.13,7406
2025-02,Renda Fixa,5172674272390.96,3248105,806363683446.71,803274080822.74,3479
2025-03,Ações,574100865686.36,948381,7588720858.5,12452056584.32,2344
2025-03,Cambial,6774430623.61,33625,612560731.78,738518970.24,31
2025-03,FIDC,27304499.81,1,0.0,0.0,1
2025-03,FIDC-NP,15819726500.990002,5,12000.0,0.0,4
2025-03,FIP,3072751986.98,8,250000.0,631422314.08,2
2025-03,FIP Multi,344736009.82,25,31225336.24,31225336.23,1
2025-03,FMP-FGTS,11564991809.61,423428,5592114.7,111459389.65,93
2025-03,Multimercado,1711456600164.36,764137,86918733831.89,81809635065.27,7406
2025-03,Renda Fixa,5228749110861.23,3240574,784028714745.79,774877448182.28,3521
2025-04,Ações,594184009060.27,933296,9127305131.45,15071117413.38,2330
2025-04,Cambial,7562391710.400001,33750,1440915985.71,601972589.59,31
2025-04,FIDC,25292344.96,1,0.0,0.0,1
2025-04,FIDC-NP,7583412243.150001,5,0.0,0.0,4
2025-04,FIP,3509894613.14,8,1000000.0,0.0,2
2025-04,FIP Multi,437685091.22,25,0.0,0.0,1
2025-04,FMP-FGTS,11018098098.58,419605,8313555.8100000005,111489107.97,93
2025-04,Multimercado,1703486837547.25,767854,70929656746.56999,88730709234.02,7395
2025-04,Renda Fixa,5257935078135.96,3285700,808959934069.34,836843699905.07,3552
2025-05,Ações,615555068999.75,930110,6425440036.94,9377552427.2,2331
2025-05,Cambial,8042512752.36,33505,960370673.17,579646290.27,32
2025-05,FIDC,26458641.82,1,0.0,0.0,1
2025-05,FIDC-NP,7576832151.969999,5,58000.0,0.0,4
2025-05,FIP,3629103433.1,8,0.0,0.0,2
2025-05,FIP Multi,510764941.06,25,0.0,0.0,1
2025-05,FMP-FGTS,10835000365.710001,415687,8224359.71,101299208.6,93
2025-05,Multimercado,1713706061917.67,789485,73337947693.19,80105436517.73999,7396
2025-05,Renda Fixa,5328185840031.71,3317159,869905479206.65,844104724611.97,3623
2025-06,Ações,617554002137.52,958181,5728026628.07,9956620729.74,2327
2025-06,Cambial,7124318528.37,36004,731362501.31,1288378075.81,32
2025-06,FIDC,26520603.71,1,0.0,0.0,1
2025-06,FIDC-NP,7510554930.25,2,0.0,0.0,2
2025-06,FIP,3589018074.34,8,20000000.0,0.0,1
2025-06,FIP Multi,473878751.99,24,0.0,45793032.21,1
2025-06,FMP-FGTS,10799063987.539999,412792,6216810.08,75766050.24,93
2025-06,Multimercado,1748412693489.2,725245,63115029357.54,64958850325.26,7387
2025-06,Renda Fixa,5388759415515.54,3304280,826530468434.77,824261246071.92,3687
2025-07,Ações,578549642816.73,954537,8155694986.94,12784340896.59,2333
2025-07,Cambial,7328519134.57,35684,971772613.14,1018734161.8000001,32
2025-07,FIDC-NP,7521439656.839999,2,0.0,0.0,2
2025-07,FIP,3554425155.43,8,0.0,0.0,1
2025-07,FIP Multi,480659139.14,24,0.0,0.0,1
2025-07,FMP-FGTS,10595666114.29,409559,6331469.850000001,93152476.9,93
2025-07,Multimercado,1766826912284.62,794608,76593925609.81,72288286853.2,7425
2025-07,Renda Fixa,5474266770263.11,3407292,884833539033.75,846874559239.4,3749
2025-08,Ações,605772906121.96,947208,8086178156.8,7667513098.58,2345
2025-08,Cambial,7088762907.21,35600,645498274.77,685762685.36,32
2025-08,FIDC-NP,7534528135.2699995,2,0.0,55000000.0,2
2025-08,FIP,3334079782.41,8,0.0,0.0,1
2025-08,FIP Multi,493481186.08,24,0.0,0.0,1
2025-08,FMP-FGTS,11459081718.130001,405908,6330997.75,97550294.59,93
2025-08,Multimercado,1787234610532.84,828418,72970651703.13,61101019386.479996,7487
2025-08,Renda Fixa,5520212350903.86,3494569,824629213022.35,846539223456.39,3818
2025-09,Ações,622849736327.72,944942,6108510013.84,7867580122.18,2354
2025-09,Cambial,7090959227.97,35156,746915200.57,642980561.35,31
2025-09,FIDC-NP,7535264178.120001,2,0.0,0.0,2
2025-09,FIP,3533242609.71,8,0.0,0.0,1
2025-09,FIP Multi,500670677.22,24,0.0,0.0,1
2025-09,FMP-FGTS,12146860680.08,402019,5523204.05,138473372.01,93
2025-09,Multimercado,1818976803441.75,806397,75895368126.48,71648530751.23,7539
2025-09,Renda Fixa,5634609360074.47,3492602,898519329424.3099,858530363949.59,3890
2025-10,Ações,631539619510.26,940913,7915917512.26,8049832184.0,2369
2025-10,Cambial,7313063731.14,34600,726060871.79,616091104.9599999,31
2025-10,FIDC-NP,7537366888.99,2,0.0,0.0,2
2025-10,FIP,1606782543.92,10,0.0,0.0,1
2025-10,FIP Multi,508658280.37,24,0.0,0.0,1
2025-10,FMP-FGTS,12469394889.52,398383,7599866.45,126878254.53999999,93
2025-10,Multimercado,1842822379315.79,879676,75940121408.18,71543187360.46,7634
2025-10,Renda Fixa,5709590514476.97,3575450,904274638765.24,893927668106.24,3991
2025-11,Ações,657381155184.32,942752,10844598661.07,10214095148.24,2389
2025-11,Cambial,7302438434.79,34243,534884850.07,505059677.99,31
2025-11,FIDC-NP,7542975462.97,2,0.0,0.0,2
2025-11,FIP,1733407416.63,10,0.0,0.0,1
2025-11,FIP Multi,0.0,0,0.0,513438592.33,1
2025-11,FMP-FGTS,13464058644.23,395449,6496381.34,117777478.8,93
2025-11,Multimercado,1865883355079.13,872048,65949080642.4,59319903715.32,7702
2025-11,Renda Fixa,5749353915302.11,3574651,807079273845.9,823668984215.73,4078
2025-12,Ações,660314203738.51,956918,12130823949.13,11728607959.62,2419
2025-12,Cambial,7150900424.28,33896,1284428401.19,1666433476.67,31
2025-12,FIDC-NP,449650.13,1,0.0,0.0,1
2025-12,FIP,1140673980.56,10,0.0,0.0,1
2025-12,FIP Multi,0.0,0,0.0,0.0,1
2025-12,FMP-FGTS,13771443803.62,392646,7988672.23,113427539.98,93
2025-12,Multimercado,1788822558942.34,899914,96090052755.06,87829230575.68,7816
2025-12,Renda Fixa,5753574456286.57,3624125,1100939901932.81,1164671702851.88,4189
2026-01,Ações,697693992549.26,977674,7489026578.21,10784103180.12,2432
2026-01,Cambial,7126618012.21,33544,861684166.3,608286414.63,31
2026-01,FIDC-NP,434927.47,1,0.0,0.0,1
2026-01,FIP,1184029593.24,10,0.0,0.0,1
2026-01,FIP Multi,0.0,0,0.0,0.0,1
2026-01,FMP-FGTS,15383729307.0,389636,4176801.28,155643522.61,93
2026-01,Multimercado,1936402892220.1199,971939,104366268160.55,85079825629.83,7871
2026-01,Renda Fixa,5909673710583.87,3680052,940668407790.34,878098657675.87,4268
2026-02,Ações,706897303700.63,1000387,10390326271.94,13215670231.85,2446
2026-02,Cambial,6789540105.19,33512,467905916.33,675914015.69,31
2026-02,FIDC-NP,428046.05,1,0.0,0.0,1
2026-02,FIP,0.0,0,0.0,1181779918.08,1
2026-02,FIP Multi,0.0,0,0.0,0.0,1
2026-02,FMP-FGTS,16365683613.54,386573,4136274.9699999997,186471596.84,93
2026-02,Multimercado,1943497923954.34,971716,61917837414.04,65948849615.45,7925
2026-02,Renda Fixa,6048916779479.7,3719691,910779294126.1,834249413374.52,4325
2026-03,Ações,691083132099.85,1005392,10841501098.98,9071091387.51,2457
2026-03,Cambial,6760625126.46,33352,536449294.95,665077190.7,31
2026-03,FIDC-NP,416338.19,1,0.0,0.0,1
2026-03,FIP Multi,0.0,0,0.0,0.0,1
2026-03,FMP-FGTS,16415108557.72,382982,9854891.53,324615982.98,93
2026-03,Multimercado,1815176182595.91,966077,82839962871.86,82849256323.33,8000
2026-03,Renda Fixa,6143778835926.27,3776170,1053824316016.34,1020801485959.97,4399
2026-04,Ações,709274806275.9,1019217,9163177674.82,7364453504.48,2467
2026-04,Cambial,7195638427.44,33734,1313991066.46,601568714.01,31
2026-04,FIDC-NP,440501.08,1,0.0,0.0,1
2026-04,FIP PD&I,136269523.15,2,0.0,0.0,1
2026-04,FMP-FGTS,16527540786.82,379761,13923802.74,306390124.18,93
2026-04,Multimercado,1833883451299.99,1002393,71009292190.83,75638794164.89,8064
2026-04,Renda Fixa,6216351244314.54,3786897,941724058370.23,924631814199.88,4468
2026-05,Ações,684995315168.54,1017564,8999419166.11,7218309830.93,2477
2026-05,Cambial,7444366383.68,33751,544067291.6899999,443956041.78,31
2026-05,FIDC-NP,447488.75,1,0.0,0.0,1
2026-05,FIP PD&I,136250855.69,2,0.0,0.0,1
2026-05,FMP-FGTS,14633215685.539999,377317,6671692.66,165753419.04,93
2026-05,Multimercado,1845007773022.43,957817,63214195483.96,62600651719.14,8110
2026-05,Renda Fixa,6266069468880.4,3839030,870394604129.11,878110721925.46,4526
2026-06,Ações,684241031802.88,1010007,8480068048.05,7732954490.93,2504
2026-06,Cambial,7776624838.82,33389,599352537.71,479900954.15,31
2026-06,FIDC-NP,310314.58,1,0.0,0.0,1
2026-06,FIP PD&I,136126269.91,2,0.0,0.0,1
2026-06,FMP-FGTS,14199077828.0,375184,7060961.86,98823612.52,93
2026-06,Multimercado,1843699350518.83,966930,71994389018.06999,80856102109.7,8163
2026-06,Renda Fixa,6343821616296.49,3840484,955129731212.1,945300236420.41,4586
2026-07,Ações,685818492634.01,1012065,10063778341.18,8903894753.95,2529
2026-07,Cambial,7121297186.690001,34328,978163149.23,1519572868.47,31
2026-07,FIDC-NP,0.0,0,0.0,0.0,1
2026-07,FIP PD&I,138574772.99,2,2550000.0,0.0,1
2026-07,FMP-FGTS,14394383058.2,373662,3460277.89,91329592.1,93
2026-07,Multimercado,1842452853516.53,927954,55362048284.97,60415972530.26,8216
2026-07,Renda Fixa,6411901759997.64,3903467,949291975059.07,955191826849.84,4659
2026-08,Ações,695218686098.12,1009033,12371876343.12,11413322387.44,2542
2026-08,Cambial,7727057413.5,33844,882278790.02,459701280.79,31
2026-08,FIP PD&I,138088269.15,2,0.0,0.0,1
2026-08,FMP-FGTS,14674215718.04,371445,3090327.99,84760937.22,93
2026-08,Multimercado,1867274421414.8,913400,91917212645.58,81459113211.99,8306
2026-08,Renda Fixa,6533070970850.66,3953539,965784034547.41,908780449788.11,4721
2026-09,Ações,717943093781.3099,984970,10997519714.94,13161837256.64,2566
2026-09,Cambial,7784162382.33,33549,762892274.7099999,707018171.5,31
2026-09,FIP PD&I,138009185.76,2,0.0,0.0,1
2026-09,FMP-FGTS,14778625750.49,369845,5065285.24,116134655.67,93
2026-09,Multimercado,1889711209510.31,952418,103200857814.94,87778929243.8,8356
2026-09,Renda Fixa,6574394016220.77,3710179,932540618091.59,955963507577.89,4783
2026-10,Ações,769398892111.13,988919,2131842514.8,2962983889.2,2559
2026-10,Cambial,7520918493.81,33451,151748585.31,137379887.0,31
2026-10,FIP PD&I,138114150.73,2,0.0,0.0,1
2026-10,FMP-FGTS,15806867637.68,369445,1021599.24,32111338.9,93
2026-10,Multimercado,1765806225964.43,910351,9641187682.66,11654803509.24,8177
2026-10,Renda Fixa,6586895949248.73,3681515,163155269492.83,171960806718.94,4781
