mes,TP_FUNDO,pl,cotistas,captacao,resgate,n_fundos
2005-01,FACFIF,145096222487.8,2260336,14571322698.1,12157675651.1,569
2005-01,FI,169127628969.4,2722637,20035269761.21,17698239763.63,1960
2005-01,FIC-FITVM,1727507219.83,57541,212046732.4,156038517.73,42
2005-01,FIDC,45483984.45,4,1066605.01,48616.8,1
2005-01,FIEX,2201263776.82,2692,487235162.12,806789773.6800001,75
2005-01,FIF,598943681638.01,1136436,65364500849.840004,62332159006.37,2644
2005-01,FIFDIV,7229508531.19,3578,4080325180.18,3177300558.3900003,4
2005-01,FIQ-FMIA,910861559.77,125646,392450566.52000004,367598308.71,18
2005-01,FITVM,13016391912.63,129265,612512801.43,631803036.2,233
2005-01,FMIA,2094988294.29,3768237,51193827.18,68419354.74,53
2005-01,FMIA-CL,28850440502.5,89744,454578706.55,512551882.42,226
2005-01,FMP-FGTS,5940330446.41,516914,1766239.1900000002,43742520.95,79
2005-01,FMP-FGTS CL,6307879.78,288,0.0,38847.520000000004,5
2005-02,FACFIF,147509347887.53,2249446,12571340369.21,11826886026.7,531
2005-02,FI,170356932603.88,2691954,15899429027.92,16654740766.88,2013
2005-02,FIC-FITVM,1991206566.59,60722,186758038.09,133708603.73,42
2005-02,FIDC,45874466.95,4,0.0,188385.2,1
2005-02,FIEX,1979038614.24,2473,516344674.46,755494884.86,59
2005-02,FIF,605525297430.5,1122107,52181166581.66,53735238583.5,2611
2005-02,FIFDIV,7256328051.21,978,2415721110.5499997,2474149263.94,4
2005-02,FIQ-FMIA,936498636.09,122774,352465339.67999995,349770245.93,13
2005-02,FITVM,14537413749.26,131958,661663423.43,399129764.56,232
2005-02,FMIA,2329974039.42,3766585,45902748.94,101590407.4,53
2005-02,FMIA-CL,30264521013.43,87507,359878656.34999996,512371813.57,220
2005-02,FMP-FGTS,6893275859.96,512864,937604.15,50350329.18,78
2005-02,FMP-FGTS CL,7112357.250000001,288,0.0,0.0,5
2005-03,FACFIF,150899188884.26,2257801,17619693470.61,16299491272.09,513
2005-03,FI,180007243970.16,2661869,29025398617.920002,21828926643.2,2081
2005-03,FIC-FITVM,1901600594.74,65847,235377816.04,206287849.53,42
2005-03,FIDC,46484607.91,4,0.0,97083.83,1
2005-03,FIEX,1649238463.6599998,2309,1713456972.21,2047182390.3500001,58
2005-03,FIF,620604639596.11,1150066,78908523886.17,72373110366.48,2574
2005-03,FIFDIV,7803402810.530001,1012,3463849121.7,3032722128.62,4
2005-03,FIQ-FMIA,949765380.7099999,120232,454703077.82,429858476.58,13
2005-03,FITVM,14057947683.65,144289,969927556.78,827787200.87,232
2005-03,FMIA,2143089450.3500001,3765673,84815794.3,119370251.57000001,53
2005-03,FMIA-CL,28879064721.899998,87876,465214689.46,652392840.08,220
2005-03,FMP-FGTS,6307548942.94,508155,498025.88,61224768.089999996,78
2005-03,FMP-FGTS CL,6564679.2299999995,287,17066.9,184116.78,5
2005-04,FACFIF,153158640564.55,2261329,13519607864.94,13189863098.52,492
2005-04,FI,184351975465.0,2655319,20121845063.82,17637948743.22,2121
2005-04,FIC-FITVM,1768749762.53,64338,102990726.07,108762662.44,42
2005-04,FIDC,47078568.61,4,0.0,58124.27,1
2005-04,FIEX,1816085861.6299999,2182,645270843.86,387468523.55,53
2005-04,FIF,621899669771.32,1118787,54498415627.88,61791389234.87,2514
2005-04,FIFDIV,8234190103.18,1059,3178072849.4900002,2858826840.87,4
2005-04,FIQ-FMIA,896946556.63,118777,384168999.8,423146212.05,13
2005-04,FITVM,13362333361.92,201661,352961392.32,314087756.79,232
2005-04,FMIA,1968878097.83,3732161,51979903.56,54274713.160000004,53
2005-04,FMIA-CL,28113205591.16,83189,252160443.11,325535975.64,220
2005-04,FMP-FGTS,5478916990.08,504223,840529.87,37568721.79,78
2005-04,FMP-FGTS CL,6108331.99,285,0.0,93890.88,5
2005-05,FACFIF,154157154431.25,2270420,14929017365.5,15957670346.9,490
2005-05,FI,184501644837.48,2589729,19414434221.15,21625947601.89,2134
2005-05,FIC-FITVM,1786759869.54,61967,62156572.77,89293574.5,42
2005-05,FIDC,47253124.58,4,94645.51,639513.9099999999,1
2005-05,FIEX,1776585953.0,2058,304493014.7,272939334.58,52
2005-05,FIF,623779488609.39,1115248,54184383014.89,59337017082.42,2462
2005-05,FIFDIV,8520123258.85,1092,3562673695.91,3400367539.6,4
2005-05,FIQ-FMIA,883601713.77,116312,402124570.3,419174913.82,13
2005-05,FITVM,13490173059.29,144827,245276901.81,243875939.09,225
2005-05,FMIA,1969283114.6200001,3761103,34020618.4,81620747.31,53
2005-05,FMIA-CL,28279008795.72,83458,413801185.73,312144025.39,213
2005-05,FMP-FGTS,5684303373.21,500019,274167.77,41756429.99,78
2005-05,FMP-FGTS CL,6258112.4399999995,280,0.0,49559.9,5
2005-06,FACFIF,157245475719.49,2289900,15340027899.94,14497627685.59,490
2005-06,FI,188678938044.23,2518999,24104004987.91,20885665990.07,2155
2005-06,FIC-FITVM,1424488534.74,60570,76824241.33,441185773.95,42
2005-06,FIDC,47843797.23,4,0.0,165887.37,1
2005-06,FIEX,1724363488.61,1963,656155883.25,668945100.88,52
2005-06,FIF,627173534669.25,1115302,58600615711.909996,62823658670.03,2427
2005-06,FIFDIV,8645596791.94,1125,2775458978.89,2785155034.62,4
2005-06,FIQ-FMIA,863542846.9499999,115375,417047646.97999996,437919921.84000003,13
2005-06,FITVM,13565153515.18,144737,354846743.72,290317671.88,223
2005-06,FMIA,1916322766.22,3748072,52889851.39,112779725.61,52
2005-06,FMIA-CL,27998011149.81,81583,390456319.67,433478307.34999996,212
2005-06,FMP-FGTS,5876602249.54,495423,362188.52999999997,46869106.45,78
2005-06,FMP-FGTS CL,6379529.52,279,0.0,34974.24,5
2005-07,FACFIF,160180915871.05,2300129,14500229217.91,13723873949.9,486
2005-07,FAPI,20425970.53,12616,13750.0,198578.71,10
2005-07,FI,195228154119.24,2483485,22937846723.0,19417044348.34,2168
2005-07,FIC-FITVM,1395747634.24,57381,25418173.740000002,96199487.77,41
2005-07,FIDC,48529255.5,4,90355.69,129861.6,1
2005-07,FIEX,1460662954.3600001,1868,380170885.42,683534317.73,51
2005-07,FIF,637502944063.96,1118486,57481158301.89,55053651160.63,2374
2005-07,FIFDIV,8912073113.88,1128,3099586633.9,2964414372.88,4
2005-07,FIQ-FMIA,861078531.92,114428,400182815.89000005,414561237.45000005,13
2005-07,FITVM,13814608665.44,144086,171874092.0,333795988.5,221
2005-07,FMIA,1928099717.51,3716854,23878381.58,73236765.31,51
2005-07,FMIA-CL,28301954804.44,78503,296141732.02,445826586.93,210
2005-07,FMP-FGTS,6285177452.97,490984,1614656.02,52497966.03,77
2005-07,FMP-FGTS CL,6476427.100000001,274,0.0,98419.56,5
2005-08,FACFIF,163316773863.54,2304964,15377214378.76,14629756420.82,486
2005-08,FAPI,20304742.64,12657,28067.14,442727.12,10
2005-08,FI,210622278570.49,2466042,31750120882.98,18530878685.91,2194
2005-08,FIC-FITVM,1421401359.84,56026,59707636.38,104415810.34,41
2005-08,FIDC,49396408.58,4,102000.0,46753.240000000005,1
2005-08,FIEX,1939214156.02,1801,838607084.9,345771892.68,51
2005-08,FIF,643091779203.33,1121456,56918444672.14,58561239213.17,2340
2005-08,FIFDIV,9431322010.85,1134,3520218735.2999997,3145989207.7999997,4
2005-08,FIQ-FMIA,875920083.97,112256,425011758.67,426786736.53,13
2005-08,FITVM,14481964927.3,147129,293304658.0,371684124.15,221
2005-08,FMIA,2025565113.8,3702292,37753161.54,76344170.34,51
2005-08,FMIA-CL,29645120123.05,75671,832795754.3299999,348261931.29,207
2005-08,FMP-FGTS,6874410928.110001,486071,804658.22,70807884.42,77
2005-08,FMP-FGTS CL,6994268.779999999,271,0.0,9504.329999999998,5
2005-09,FACFIF,165049149903.4,2303674,13624072396.9,14249683103.19,486
2005-09,FAPI,20365375.6,12683,18670.0,313702.89,10
2005-09,FI,215569264117.36,2460669,21597476153.19,19009937126.48,2227
2005-09,FIC-FITVM,1550191049.41,56254,87527645.71000001,102562546.6,41
2005-09,FIDC,50072419.38,4,0.0,78239.81999999999,1
2005-09,FIEX,1948227765.99,1679,320932269.65000004,225035223.51000002,50
2005-09,FIF,651242850458.5,1121260,52396651478.68,52647372124.41,2305
2005-09,FIFDIV,9645118970.56,1141,2244544966.69,2173057799.29,4
2005-09,FIQ-FMIA,877365399.17,110881,381806626.23,408669798.15999997,13
2005-09,FITVM,15644239111.09,157172,551282275.25,623737537.3,220
2005-09,FMIA,2269437904.47,3714272,96001193.64999999,84306797.1,51
2005-09,FMIA-CL,30627872975.66,75078,296661158.13,505881943.55,204
2005-09,FMP-FGTS,7731813929.33,481958,914525.38,63533655.300000004,77
2005-09,FMP-FGTS CL,7825266.99,268,248210.78,47990.979999999996,5
2005-10,FACFIF,166586488685.61,2308535,13322848019.74,13933850545.14,485
2005-10,FAPI,17046863.810000002,12039,10650.0,51911.11,7
2005-10,FI,222304766353.18,2459378,21488529049.23,18447042155.67,2244
2005-10,FIC-FITVM,1464843952.55,55683,67242356.29,96758876.9,40
2005-10,FIDC,50771642.39,4,85015.6,98052.45,1
2005-10,FIEX,1968382463.04,1552,388758921.53,394070169.25,50
2005-10,FIF,659042410791.63,1122956,54123297128.81,54840453533.92,2277
2005-10,FIFDIV,9396216011.45,1146,3087101868.04,3470133644.16,4
2005-10,FIQ-FMIA,866618588.9100001,109284,388094435.03000003,395541135.06,13
2005-10,FITVM,15173500644.41,161957,351342751.96,399029368.2,216
2005-10,FMIA,2141216108.49,3679129,48031379.78,71879015.71,51
2005-10,FMIA-CL,30229809193.18,74528,247554118.71,290674391.49,202
2005-10,FMP-FGTS,7082884104.76,478346,121443.36,47354474.160000004,77
2005-10,FMP-FGTS CL,7414006.65,263,0.0,32793.99,5
2005-11,FACFIF,166493011770.72,2315060,13669999356.49,16048496440.36,485
2005-11,FAPI,20419508.98,2132,26892.0,191661.45,10
2005-11,FI,229316997736.38,2434992,24415177946.239998,20374845964.45,2263
2005-11,FIC-FITVM,1505064444.95,55456,62525736.86,79147985.51,39
2005-11,FIDC,50736594.37,4,0.0,751765.99,1
2005-11,FIEX,870317678.2099999,1462,238063864.04000002,203521648.01000002,44
2005-11,FIF,660613797225.74,1123180,53769103557.58,61522006583.64,2254
2005-11,FIFDIV,10412296290.76,1662,4332846550.38,3471720632.6200004,4
2005-11,FIQ-FMIA,911636072.64,109194,421669452.78999996,393909454.99,13
2005-11,FITVM,16766976187.88,165382,338347247.55,458086946.24,216
2005-11,FMIA,2235385127.16,3707410,36403114.15,66135688.56,51
2005-11,FMIA-CL,30269188786.89,73761,214267121.16,651623475.3100001,202
2005-11,FMP-FGTS,7277817909.96,474393,799302.35,54672603.03,77
2005-11,FMP-FGTS CL,7511424.29,261,0.0,213131.53,5
2005-12,FACFIF,168091360018.31,2342067,16864138147.960001,17624655235.8,485
2005-12,FAPI,20566395.14,13036,85410.0,259527.25,10
2005-12,FI,234915938174.43,2432144,27288289956.52,25722323230.57,2284
2005-12,FIC-FITVM,1586256022.85,56717,97253556.16,120944445.66,39
2005-12,FIDC,51889392.16,4,545573.99,157580.94,1
2005-12,FIEX,962569647.37,1447,489715242.04999995,487300970.36,41
2005-12,FIF,666134522008.41,1127087,66610839934.37,72077495098.62,2242
2005-12,FIFDIV,8222588756.91,1365,3407575215.96,5752183735.34,4
2005-12,FIQ-FMIA,937610444.43,112095,502577510.67999995,493650125.04999995,13
2005-12,FITVM,17133483498.01,172318,444656049.62,718867931.55,215
2005-12,FMIA,2317470264.45,3704999,49674318.82,72266736.78,51
2005-12,FMIA-CL,32004694492.54,74084,281611343.47,592757146.53,201
2005-12,FMP-FGTS,7659198814.48,470611,270855.0,56214627.06,77
2005-12,FMP-FGTS CL,7955524.93,258,0.0,18756.81,5
2006-01,FACFIF,171839747119.0,2361883,23339472382.760002,14176055415.58,483
2006-01,FAPI,20693853.84,13068,23962.27,395947.79000000004,10
2006-01,FI,240527089511.75,2454245,27495186969.25,26224534236.19,2301
2006-01,FIC-FITVM,1904975341.15,61964,223596306.09,128559229.39,39
2006-01,FIDC,52611322.04,4,26000.0,75187.15,1
2006-01,FIEX,680589768.08,1392,359766916.59,609893773.18,41
2006-01,FIF,704461808083.1,1135313,92415875845.7,72863122655.94,2241
2006-01,FIFDIV,9258765723.89,1473,4489475728.78,3581157277.3500004,4
2006-01,FIQ-FMIA,979053712.1500001,107864,465967541.89000005,461765825.28000003,13
2006-01,FITVM,19810025312.68,205936,1189321905.91,545146053.15,211
2006-01,FMIA,2695138871.17,3703110,114529636.43,97595009.28,51
2006-01,FMIA-CL,33990132677.89,79699,515319543.53000003,548403160.56,200
2006-01,FMP-FGTS,9181879358.16,466498,720578.61,76859839.67999999,77
2006-01,FMP-FGTS CL,8709234.790000001,256,0.0,458628.61,5
2006-02,FACFIF,174880965123.38,2380752,15119904972.2,14062185692.84,483
2006-02,FAPI,20675224.14,2079,8750.0,215697.44,10
2006-02,FI,249121285279.15,2471871,26204134902.48,20867576448.1,2315
2006-02,FIC-FITVM,1919934852.25,64807,124740720.77,108629743.03,37
2006-02,FIDC,53012027.43,4,0.0,238906.25,1
2006-02,FIEX,670280006.31,1339,216644329.35,220346663.43,40
2006-02,FIF,719804541884.15,1141270,61201887348.63,55009299072.38,2224
2006-02,FIFDIV,8961667254.19,1513,2620740443.23,3022279087.8199997,4
2006-02,FIQ-FMIA,946879752.5999999,107551,366600430.82,402866881.31,12
2006-02,FITVM,20058052157.25,229586,855217791.98,587485963.07,209
2006-02,FMIA,2689845629.33,3702482,80109168.3,76086178.0,50
2006-02,FMIA-CL,33888764920.01,83369,433236298.54,461231044.64,191
2006-02,FMP-FGTS,8638366185.25,463263,693917.43,52341121.05,77
2006-02,FMP-FGTS CL,8843627.38,255,269123.93,56725.25,5
2006-03,FACFIF,178823776950.87,2402595,18498098959.2,16794317236.960001,483
2006-03,FAPI,20718333.779999997,13101,16740.0,159484.13,10
2006-03,FI,262090275707.28,2506712,34012671367.01,23643779563.64,2357
2006-03,FIC-FITVM,1973657747.43,70120,143509925.21,83506513.60000001,37
2006-03,FIDC,53476813.99,4,0.0,308730.14,1
2006-03,FIEX,1005927339.49,1267,734740130.0,389602273.04,39
2006-03,FIF,735204111833.91,1145536,71760708698.84,66050232300.37,2203
2006-03,FIFDIV,8574532275.469999,1505,3120911431.58,3626869407.98,4
2006-03,FIQ-FMIA,946270324.38,104099,448875690.37000006,450143463.93,12
2006-03,FITVM,20199665543.05,250175,808448019.28,474006203.76,209
2006-03,FMIA,2604871454.87,3742280,75390233.49,102873171.39,50
2006-03,FMIA-CL,33498296236.280003,86934,387258867.52,387564301.65,189
2006-03,FMP-FGTS,8381092417.5199995,459272,947350.6499999999,60349112.2,77
2006-03,FMP-FGTS CL,8576485.62,250,70000.0,129575.77,5
2006-04,FACFIF,180796093068.24,2403666,14304183721.13,14141887763.9,481
2006-04,FAPI,20868661.43,13120,248174.48,333381.23,10
2006-04,FI,267745093983.68,2513988,25810855160.1,22980247704.34,2397
2006-04,FIC-FITVM,2095782384.26,74766,120129701.93,72493303.54,37
2006-04,FIDC,53968639.23,4,99000.0,207734.23,1
2006-04,FIEX,1078966675.52,1237,433883619.28000003,328428276.03,39
2006-04,FIF,740515797386.67,1145944,53221289866.13,55328847381.23,2187
2006-04,FIFDIV,8490145886.1,1555,3314124017.09,3487092671.1200004,4
2006-04,FIQ-FMIA,934972312.73,102933,355079521.79999995,381700990.41,12
2006-04,FITVM,21349440114.61,264957,625103331.59,464734833.53000003,207
2006-04,FMIA,2735353860.66,3739980,47767498.1,76141508.96,50
2006-04,FMIA-CL,34411838342.34,88738,245888423.52,343886688.73,188
2006-04,FMP-FGTS,8975033356.47,456068,6842636.909999999,63776153.62,77
2006-04,FMP-FGTS CL,9134185.84,249,0.0,19216.53,5
2006-05,FACFIF,182293449228.99,2405418,17815265510.94,18319647391.97,481
2006-05,FAPI,20744479.28,13146,50779.86,204856.62,8
2006-05,FI,270104674034.29,2521461,29969941645.74,28802476850.989998,2439
2006-05,FIC-FITVM,2058521176.91,78207,178118812.52,140314406.77,36
2006-05,FIDC,53873203.41,4,0.0,812030.3300000001,1
2006-05,FIEX,611984117.46,1154,427552097.72,958396379.44,39
2006-05,FIF,745367914974.23,1144112,66838615164.47,67643784470.6,2174
2006-05,FIFDIV,8401538996.79,1543,3814417212.8900003,4006581040.4199996,4
2006-05,FIQ-FMIA,926745672.28,101661,446447746.47999996,439562161.29,12
2006-05,FITVM,21102954233.94,287753,1385280119.03,661359685.6600001,207
2006-05,FMIA,2538107123.83,3738805,121305759.92999999,98162705.76,50
2006-05,FMIA-CL,33181672420.989998,91418,584545281.7,427562645.86,188
2006-05,FMP-FGTS,8710650259.4,452173,716215.01,82950633.52,75
2006-05,FMP-FGTS CL,8599409.75,247,0.0,30168.929999999997,5
2006-06,FACFIF,188331594721.63,2415036,20052773302.58,16036127226.14,481
2006-06,FAPI,20417208.99,13160,16710.0,570196.51,8
2006-06,FI,271674073920.62,2529880,24163531358.86,25292784476.73,2470
2006-06,FIC-FITVM,2027510857.35,76721,78550412.63000001,97425537.21,36
2006-06,FIDC,54249636.11,4,0.0,276514.93,1
2006-06,FIEX,884046692.95,1116,547401544.45,239195486.33,38
2006-06,FIF,750837089528.15,1145808,79062443638.42,82525314795.43,2160
2006-06,FIFDIV,8181871169.099999,1566,3368727930.99,3684727400.6,4
2006-06,FIQ-FMIA,912274014.54,101120,408216292.19000006,424589464.27000004,12
2006-06,FITVM,20993115687.43,291476,512580222.76,468690371.2,207
2006-06,FMIA,2495232245.48,3735960,43602595.65,59672165.35,50
2006-06,FMIA-CL,32721049590.16,89932,222902252.07999998,475194420.54,188
2006-06,FMP-FGTS,8390422176.01,448997,349710.95,48371099.55,75
2006-06,FMP-FGTS CL,8503562.180000002,245,0.0,1688.9299999999998,5
2006-07,FACFIF,191429860461.7,2422241,16748225064.76,15730200729.65,481
2006-07,FAPI,20553542.33,13192,15004.17,86987.22,8
2006-07,FI,276964883556.25,2522981,26981315590.46,26060887060.29,2493
2006-07,FIC-FITVM,2030592488.21,78017,68821989.91,81638071.78999999,36
2006-07,FIDC,55131376.85,4,388362.89,152596.16,1
2006-07,FIEX,794118214.0100001,1108,267817497.4,388491316.39,38
2006-07,FIF,758117499306.53,1145929,61749707275.83,63879680392.69,2141
2006-07,FIFDIV,9347837643.77,1625,4696741088.71,3625331865.35,4
2006-07,FIQ-FMIA,933984067.4300001,100466,423701651.13,408518136.59,12
2006-07,FITVM,21386274316.93,297284,511241452.38,371779980.02,206
2006-07,FMIA,2523078835.29,3733629,33629729.15,39146021.4,50
2006-07,FMIA-CL,32983212024.24,90048,415810428.45,376593449.74,187
2006-07,FMP-FGTS,8404849369.48,445498,273155.36,53962571.41,75
2006-07,FMP-FGTS CL,8650254.93,242,0.0,19411.41,5
2006-08,FACFIF,193888112105.97,2442227,16687004717.460001,16705790523.21,481
2006-08,FAPI,20371133.33,1959,13210.0,263100.33,8
2006-08,FI,277969306466.54,2497651,27076814879.42,25984335785.11,2526
2006-08,FIC-FITVM,2046772869.29,80025,96512499.62,70597174.51,36
2006-08,FIDC,55820922.19,5,119744.04000000001,127848.16,1
2006-08,FIEX,817612983.37,1075,330231164.13000005,302969963.09000003,36
2006-08,FIF,761563604468.9,1137664,61572793549.909996,67748249976.380005,2118
2006-08,FIFDIV,9001762702.4,1657,5525717599.73,5988246218.71,4
2006-08,FIQ-FMIA,937590632.5300001,99499,460364758.15999997,461175002.21,12
2006-08,FITVM,21344878057.16,305549,717576293.07,488217154.11,205
2006-08,FMIA,2454729312.43,3727518,46172125.839999996,50091059.45,50
2006-08,FMIA-CL,32944876417.399998,90329,287683291.73,272200945.9,185
2006-08,FMP-FGTS,7819530266.78,441854,864838.7,64141941.78,75
2006-08,FMP-FGTS CL,8363753.18,240,0.0,40515.37,5
2006-09,FACFIF,196744349505.88,2447175,16996046858.29,16023541490.68,481
2006-09,FAPI,20477342.5,1955,122043.84,126419.28,8
2006-09,FI,280961656394.52,2509331,24066324128.84,23815993666.95,2539
2006-09,FIC-FITVM,2038148518.76,80894,65119097.52,65902873.010000005,35
2006-09,FIDC,95429105.03,6,38930400.0,99325.81999999999,2
2006-09,FIEX,641248208.3,1049,199563630.89,388194873.46,36
2006-09,FIF,769286595009.79,1140810,56649398518.75,57417324374.99,2082
2006-09,FIFDIV,9359398270.94,1650,3200701098.9,2935926559.44,4
2006-09,FIQ-FMIA,949290552.43,99729,397485625.66999996,386762798.08,12
2006-09,FITVM,21278854915.88,307838,413520338.41,361150323.31,203
2006-09,FMIA,2409807953.97,3684789,74244970.23,125344378.03,50
2006-09,FMIA-CL,39126479801.4,88760,273304939.49,434312577.46,185
2006-09,FMP-FGTS,7569183345.86,438678,2417403.8,51081280.58,75
2006-09,FMP-FGTS CL,8207747.56,237,0.0,22762.52,5
2006-10,FACFIF,195887763929.1,2442625,19838079932.95,22769395123.69,481
2006-10,FAPI,20672448.15,1951,19255.0,98155.48000000001,8
2006-10,FI,283127777464.33,2146711,34518091820.96,36275420865.28,2603
2006-10,FIC-FITVM,2150857072.64,82097,86747156.39,83174036.04,35
2006-10,FIDC,128195875.93,6,31251209.480000004,191383.55,2
2006-10,FIEX,747982743.13,1023,385634045.72999996,273342928.5,36
2006-10,FIF,762858359669.1,1114154,68253158350.31,84257384575.46,2060
2006-10,FIFDIV,9058366917.59,1642,4104237667.6400003,4507295486.97,4
2006-10,FIQ-FMIA,859351921.48,89971,283853424.84000003,393867456.73999995,12
2006-10,FITVM,22262472180.53,309051,445872002.66,584431658.73,198
2006-10,FMIA,2527700531.94,3676627,38436061.49,78692173.91,47
2006-10,FMIA-CL,40142567006.27,88217,621983142.93,418139837.46,182
2006-10,FMP-FGTS,8159191582.45,435644,610496.13,49286579.76,75
2006-10,FMP-FGTS CL,8596323.39,236,0.0,6599.76,5
2006-11,FACFIF,196057317690.36,2437334,19190986870.89,20950507307.28,481
2006-11,FAPI,12216913.46,817,21920.27,8643890.18,8
2006-11,FI,284269439407.12,2135653,26811804635.45,29432976994.2,2639
2006-11,FIC-FITVM,2280762914.11,86718,130787005.36,131646836.87,35
2006-11,FIDC,128702872.55000001,6,0.0,1008571.54,2
2006-11,FIEX,703971708.16,990,134440280.66,193260873.63,35
2006-11,FIF,769582599885.98,1107698,63925034302.94,66217053706.950005,2031
2006-11,FIFDIV,10030915882.11,1595,4427468337.9,3556894965.1899996,4
2006-11,FIQ-FMIA,750704739.98,79953,5829321.290000001,142630344.66,12
2006-11,FITVM,23485494492.489998,317460,638228146.39,751559051.72,195
2006-11,FMIA,2674986565.57,3672511,54959808.19,82089943.5,47
2006-11,FMIA-CL,41249343425.71,90417,733977252.04,580302435.52,182
2006-11,FMP-FGTS,8956875147.76,432402,1282073.6800000002,66002362.75,75
2006-11,FMP-FGTS CL,8962354.81,233,0.0,240504.77,5
2006-12,FACFIF,194023109998.54,2425390,21286480183.34,25188514935.24,481
2006-12,FAPI,12354922.5,811,80009.36,120562.15000000001,4
2006-12,FI,294543296320.81,2143601,41839296578.35,35589472882.42,2747
2006-12,FIC-FITVM,2476017066.92,93980,201698919.59,109219169.11,34
2006-12,FIDC,128914219.06,6,0.0,1128583.71,2
2006-12,FIEX,1007847190.9399999,964,364189164.19,59573321.96,34
2006-12,FIF,770697196306.83,1075901,81259546187.92,88692975752.87,2003
2006-12,FIFDIV,7257264665.26,1341,3368509596.11,6242762618.52,4
2006-12,FIQ-FMIA,720841847.9,74863,11345125.02,75321173.13,11
2006-12,FITVM,26000701457.97,337090,1034689057.3199999,875077195.13,195
2006-12,FMIA,2818431578.08,3670860,64743531.43,92921748.65,44
2006-12,FMIA-CL,43279267730.5,93289,421651868.63,491474266.88,177
2006-12,FMP-FGTS,9475640396.06,429440,617372.21,74109216.13,74
2006-12,FMP-FGTS CL,9168063.46,230,0.0,267845.32,5
2007-01,FACFIF,198837598999.29,2443390,23505020230.420002,20650456207.03,481
2007-01,FAPI,12222810.21,12241,22930.0,160431.12999999998,4
2007-01,FI,301341900569.49,2116129,35014304450.07,31276164582.88,2813
2007-01,FIC-FITVM,2646847869.9,102675,267167743.63,110364248.99,34
2007-01,FIDC,148510742.93,6,42000000.0,3066288.36,2
2007-01,FIEX,832437070.8000001,924,323144483.49999994,494614167.21999997,34
2007-01,FIF,784607648162.45,1066167,76865200377.94,71313008930.23,1967
2007-01,FIFDIV,9060462870.2,1488,5390778725.809999,3670152566.79,4
2007-01,FIQ-FMIA,710972411.51,70955,13127221.71,39746446.480000004,11
2007-01,FITVM,27319272160.399998,362013,1670620402.82,727892019.1899999,195
2007-01,FMIA,2881896427.1,3669645,113840375.58,66416731.07,44
2007-01,FMIA-CL,43686644544.19,103617,687584033.84,494956478.09999996,176
2007-01,FMP-FGTS,9554809628.64,425959,643903.44,70322811.82000001,74
2007-01,FMP-FGTS CL,8957614.18,226,0.0,89332.57,5
2007-02,FACFIF,197910898867.99,2422008,17286160076.95,19765761922.61,481
2007-02,FAPI,12268519.360000001,12273,11030.0,85657.84999999999,4
2007-02,FI,310621964503.97,2111249,32074468174.43,25509313732.23,2906
2007-02,FIC-FITVM,2617282842.5,108055,186481029.42,178615292.55,34
2007-02,FIDC,169628207.45,6,19691115.11,290489.63,2
2007-02,FIEX,924406059.3299999,911,429688910.90999997,339523049.58,32
2007-02,FIF,792740803667.78,1061849,60239623358.58,58703754763.86,1950
2007-02,FIFDIV,9339855913.36,1520,3953508867.2799997,3757227175.21,4
2007-02,FIQ-FMIA,711661256.39,67968,21674133.59,26586089.8,11
2007-02,FITVM,27767526924.61,388960,1408290328.1399999,774271865.77,193
2007-02,FMIA,2890335379.84,3669099,128421311.00999999,63897224.18,44
2007-02,FMIA-CL,43655709474.99,107528,716362217.64,564378933.05,173
2007-02,FMP-FGTS,9254701573.72,423231,6626276.109999999,63608831.87,74
2007-02,FMP-FGTS CL,8468585.93,225,0.0,268118.99,5
2007-03,FACFIF,199322728338.99,2406958,19582079332.76,20119479476.04,481
2007-03,FAPI,12219674.22,12305,18180.0,170390.06,4
2007-03,FI,315736424939.39,2081311,32747876631.57,31102855594.87,3018
2007-03,FIC-FITVM,2709161013.94,108515,132645447.50999999,120989644.25999999,34
2007-03,FIDC,213072980.1,6,40820580.0,62494.29,2
2007-03,FIEX,582257622.12,862,480828103.83000004,809976316.46,31
2007-03,FIF,797507499608.35,1059444,70786377319.09,75383536884.36,1941
2007-03,FIFDIV,9936339394.42,1584,4199794841.3900003,3708496113.79,4
2007-03,FIQ-FMIA,714524298.5,65020,15512878.78,26530973.32,11
2007-03,FITVM,29427442279.32,419710,1383689484.1499999,788021911.01,193
2007-03,FMIA,3013225898.35,3665709,84213970.36,80879595.86,44
2007-03,FMIA-CL,44288611023.06,107517,551293944.08,581037985.73,171
2007-03,FMP-FGTS,9755086455.29,419918,1871168.6700000002,66289421.79,72
2007-03,FMP-FGTS CL,8833450.9,223,181574.32,183174.18,5
2007-04,FACFIF,201454895062.67,2381571,20145012298.54,19925018699.96,481
2007-04,FAPI,12253539.48,12337,8345.0,236391.07,4
2007-04,FI,326728111222.41,2064998,40424447946.74,34856954796.94,3173
2007-04,FIC-FITVM,2897786480.99,110955,172294747.93,163031426.87,33
2007-04,FIDC,232445155.59,6,6415528.0,59974.58,2
2007-04,FIEX,600224444.2499999,826,474225894.14,457270171.65999997,31
2007-04,FIF,811325063624.8,1052597,78655836111.03,74986901207.98,1923
2007-04,FIFDIV,12287996642.43,1621,6080760645.28,3879368141.22,4
2007-04,FIQ-FMIA,740243031.23,62708,19900752.48,23854181.41,11
2007-04,FITVM,31237736397.88,443043,1459734339.71,1067658644.76,190
2007-04,FMIA,3250987348.2999997,2962179,157449825.7,120631771.62,44
2007-04,FMIA-CL,46579551531.68,109504,903049494.1700001,562080083.46,171
2007-04,FMP-FGTS,10269370581.61,416255,1441409.16,116234559.63,72
2007-04,FMP-FGTS CL,8747938.91,221,0.0,518067.6,5
2007-05,FACFIF,200225081219.12,2375382,20713864410.35,23979609456.57,481
2007-05,FAPI,12409247.28,12367,14840.0,112833.66,4
2007-05,FI,336359674156.6,2050187,40129660220.35,36034526089.47,3286
2007-05,FIC-FITVM,3278086884.06,121909,350827153.68,159004309.43,33
2007-05,FIDC,236901790.39999998,6,30000.0,582327.54,2
2007-05,FIEX,649105712.8100001,772,133127615.11,51138837.660000004,29
2007-05,FIF,823901938837.52,1055093,84654868711.93,83121876163.03,1906
2007-05,FIFDIV,12937936574.43,1639,4380473982.66,3882120032.8,4
2007-05,FIQ-FMIA,778168089.85,60652,25035826.91,22897139.93,11
2007-05,FITVM,33908305728.81,479320,2230611828.4900002,1144902705.65,189
2007-05,FMIA,3580264924.05,3664828,204832622.67,80394168.56,44
2007-05,FMIA-CL,47980949080.32,118422,1153403312.52,1149588103.56,170
2007-05,FMP-FGTS,10401349798.59,413079,3537024.39,99701653.72,72
2007-05,FMP-FGTS CL,8831812.1,217,0.0,221867.35,5
2007-06,FACFIF,200383886185.17,2358497,19674427160.3,21172666897.39,481
2007-06,FAPI,12435421.09,12392,635222.23,737821.03,4
2007-06,FI,345778544137.59,2042601,42072089026.52,36126462282.09,3462
2007-06,FIC-FITVM,3739900190.7400002,135742,463461455.18,144059844.22,33
2007-06,FIDC,235600859.01000002,6,0.0,84060.63,2
2007-06,FIEX,213187534.22,723,123918655.71000001,556296993.51,29
2007-06,FIF,830023047517.35,1051659,76861449379.51,78061091342.02,1892
2007-06,FIFDIV,13909435339.38,1656,4929558257.34,4057133333.36,4
2007-06,FIQ-FMIA,815798515.08,58760,24165752.77,23810642.06,11
2007-06,FITVM,36159104110.87,514445,2235352163.25,1053055277.52,189
2007-06,FMIA,3855568339.9,3667423,233628196.17999998,90318133.6,44
2007-06,FMIA-CL,49438792512.54,131488,1707924489.65,1128975313.94,169
2007-06,FMP-FGTS,10809088461.23,409786,2197874.31,102585993.12,72
2007-06,FMP-FGTS CL,9202786.91,216,0.0,91123.42,5
2007-07,FACFIF,199445251895.63,2333349,22365676331.45,25007309691.920002,481
2007-07,FAPI,12336255.58,12431,80090.0,137225.53000000003,4
2007-07,FI,358832120441.1,2051693,55179950045.08,45949929981.13,3675
2007-07,FIC-FITVM,4265468311.98,156005,665787286.0,204513752.53,33
2007-07,FIDC,231921854.20999998,6,0.0,141288.03,2
2007-07,FIEX,517377917.01,668,432068164.03,108822466.66999999,29
2007-07,FIF,835278084346.58,1040550,83500839944.03,85361516327.62,1869
2007-07,FIFDIV,13438052933.72,1660,3899180813.25,4472717314.21,4
2007-07,FIQ-FMIA,855971600.53,57332,33496584.730000004,16777303.939999998,11
2007-07,FITVM,39291138296.89,574964,3376851648.47,1234292248.72,188
2007-07,FMIA,4186831171.42,3672188,390853169.96000004,138691646.35,44
2007-07,FMIA-CL,50793094952.32,146413,1637628183.67,636808612.34,168
2007-07,FMIEE,11420807.04,5,11400000.0,0.0,1
2007-07,FMP-FGTS,11486406478.33,406734,2089046.09,106299287.24,72
2007-07,FMP-FGTS CL,9084765.82,211,0.0,422665.26,5
2007-08,FACFIF,200739309451.34,2317516,24113470956.4,24227431980.25,481
2007-08,FAPI,12102330.45,12462,9890.0,178755.19,4
2007-08,FI,351612750773.97,2036175,43797159363.26,50646826510.63,3808
2007-08,FIC-FITVM,4018034051.76,152208,360207772.16,497317031.03000003,33
2007-08,FIDC,232725073.32999998,6,0.0,446429.23,2
2007-08,FIEX,231027582.21,643,67367701.81,368354601.34000003,29
2007-08,FIF,832388897991.17,1026862,91030574366.21,98964732024.02,1858
2007-08,FIFDIV,13162087487.829998,1598,3144858471.27,3502486826.55,4
2007-08,FIQ-FMIA,823443085.44,55696,23384978.200000003,40047341.349999994,11
2007-08,FITVM,38837211942.29,582572,2571334610.94,2516134240.18,187
2007-08,FMIA,4037985086.83,3666817,193559020.35999998,260231030.92000002,44
2007-08,FMIA-CL,50424678541.56,141218,1183477035.71,1106627524.08,167
2007-08,FMIEE,11480903.06,5,0.0,0.0,1
2007-08,FMP-FGTS,11498977564.68,403461,3259872.1999999997,102165213.48,72
2007-08,FMP-FGTS CL,8804399.21,207,14047.11,205251.88,5
2007-09,FACFIF,201702600018.06,2302470,19191593031.6,19823507046.71,481
2007-09,FAPI,12383138.35,12495,27220.0,88023.29000000001,3
2007-09,FI,351677074303.75,2022946,32704186372.28,37709294077.37,3880
2007-09,FIC-FITVM,4274074879.7400002,153008,254506689.78,286919310.96999997,33
2007-09,FIDC,250153973.52,6,0.0,273524.14,2
2007-09,FIEX,444586245.04,616,376965543.03999996,144183802.69,29
2007-09,FIF,839016161843.5,1019252,64496559360.22,68088697151.08,1846
2007-09,FIFDIV,13928963364.02,1589,3073835203.83,2443411592.38,4
2007-09,FIQ-FMIA,860782122.74,54336,17405965.330000002,18637575.38,11
2007-09,FITVM,42790999438.87,623107,2129327221.3899999,2031448288.41,186
2007-09,FMIA,4443377600.76,3666301,118748104.21,187855958.67,44
2007-09,FMIA-CL,52547940492.14,138640,690506946.9,790873199.78,168
2007-09,FMIEE,11531226.08,5,0.0,0.0,1
2007-09,FMP-FGTS,13818597551.39,400570,3040088.51,116449352.25,72
2007-09,FMP-FGTS CL,9604402.27,202,0.0,108938.01000000001,5
2007-10,FACFIF,201070356342.14,2276026,20788635173.22,23117538139.68,481
2007-10,FAPI,12432286.84,743,72345.05,275612.49,3
2007-10,FI,366360613868.13,2023941,48967000428.04,37028976633.77,4027
2007-10,FIC-FITVM,4748896000.75,165386,443618492.74,234981565.83,33
2007-10,FIDC,358607988.90999997,6,104887221.74,248896.83000000002,2
2007-10,FIEX,573618185.37,595,325483551.36,164061068.94000003,28
2007-10,FIF,843022675324.48,1009778,81753946768.11,86618366284.22,1833
2007-10,FIFDIV,13928202731.619999,1627,4280319750.01,4396335276.4,4
2007-10,FIQ-FMIA,874890775.44,53106,21019976.51,41351473.71,11
2007-10,FITVM,47457247183.38,734883,3971391271.86,2386364727.91,185
2007-10,FMIA,4865086303.43,3663643,282524556.75,137437973.6,44
2007-10,FMIA-CL,53930628373.81,144870,929670695.42,1276930208.38,165
2007-10,FMIEE,11588783.29,5,0.0,0.0,1
2007-10,FMP-FGTS,15241308026.81,397784,3735219.82,142655454.47,72
2007-10,FMP-FGTS CL,10257114.14,199,0.0,199825.0,5
2007-11,FACFIF,198808009287.96,2246475,20626271420.91,24182353161.44,481
2007-11,FAPI,12065815.45,12563,38290.0,328657.27,3
2007-11,FI,367953452294.04,2011584,39755618166.450005,38984700902.590004,4145
2007-11,FIC-FITVM,4684476386.31,167113,320031538.46000004,244322964.74,33
2007-11,FIDC,394780550.16,6,27833331.12,542397.9099999999,2
2007-11,FIEX,204917790.99,571,20557860.080000002,409726908.14000005,26
2007-11,FIF,840623936614.4401,997651,76902265523.9,88750371694.37,1817
2007-11,FIFDIV,14061888992.56,1639,3550583451.73,3498824002.2,4
2007-11,FIQ-FMIA,870006570.5699999,52201,33056738.61,16985548.549999997,11
2007-11,FITVM,47665686203.06,834344,3324913888.96,2144364221.78,182
2007-11,FMIA,4894239675.48,3660571,280221976.53,123926242.7,44
2007-11,FMIA-CL,53080687467.24,152305,999927270.16,1079050818.56,164
2007-11,FMIEE,11641328.74,5,0.0,0.0,1
2007-11,FMP-FGTS,15247906823.23,395356,2021661.49,127070975.31,72
2007-11,FMP-FGTS CL,10162112.58,198,33828.53,180008.86,5
2007-12,FACFIF,195245382488.53,2216731,23272078708.2,28248920799.6,481
2007-12,FAPI,11839271.93,12594,54660.0,386169.24,3
2007-12,FI,370245299663.09,1986318,45983505557.409996,45532088987.01,4262
2007-12,FIC-FITVM,4660073620.42,166367,176725154.31,216925025.11,33
2007-12,FIDC,404819889.49,6,70000.0,248791.65,2
2007-12,FIEX,192403404.48,561,98714895.60000001,109927391.8,26
2007-12,FIF,822836790005.21,985316,86725940070.95,113237966330.14,1807
2007-12,FIFDIV,11733377759.91,1407,3513207195.19,5938843243.700001,4
2007-12,FIQ-FMIA,881450335.0699999,51419,22566617.099999998,15089688.92,11
2007-12,FITVM,52844866696.37,899525,2507735922.2,2067901169.1399999,181
2007-12,FMIA,4905922536.35,3657620,163055912.55,197237741.17000002,44
2007-12,FMIA-CL,66558038589.75,147625,520047183.65,897962743.96,164
2007-12,FMIEE,11657466.38,5,0.0,0.0,1
2007-12,FMP-FGTS,16283379216.02,393287,1062556.69,95812694.04,72
2007-12,FMP-FGTS CL,10613664.57,197,39214.31,171584.55,5
2008-01,FACFIF,201412749552.38,2211404,32068155129.14,27450351702.010002,481
2008-01,FAPI,11567502.260000002,12629,36040.0,140353.81,3
2008-01,FI,373755140982.31,1985746,53546249560.0,50928784892.39,4335
2008-01,FIC-FITVM,4101729414.53,161311,148249593.56,273358630.86,33
2008-01,FIDC,413918869.36,6,0.0,37459.9,2
2008-01,FIEX,186990652.52,734,5971012.68,5881690.3100000005,26
2008-01,FIF,840979485083.0599,976629,109509513724.28,98328011757.7,1797
2008-01,FIFDIV,13353631846.27,1608,5968998877.67,4469021436.42,4
2008-01,FIQ-FMIA,808797232.9599999,50461,19137300.93,23428512.95,11
2008-01,FITVM,48814170501.21,941747,3324417172.77,2701588063.49,179
2008-01,FMIA,4410787600.07,3654429,209602283.81,223687205.52,44
2008-01,FMIA-CL,64226972970.8,145359,719833354.0600001,885240960.27,162
2008-01,FMIEE,11715707.06,5,0.0,0.0,1
2008-01,FMP-FGTS,14367540754.79,390389,2952705.88,124066757.63000001,72
2008-01,FMP-FGTS CL,9617458.19,193,0.0,219192.49,5
2008-02,FACFIF,204386390598.31,2192887,24232298953.16,22930922606.75,481
2008-02,FAPI,11727621.56,12661,27600.0,136750.91999999998,3
2008-02,FI,370239489868.49,1987638,37524550251.32,46329805946.94,4369
2008-02,FIC-FITVM,4296231968.96,157397,69768473.72,219966047.81,32
2008-02,FIDC,602896247.0999999,6,181350000.0,64185.76,2
2008-02,FIEX,169294948.69,660,30368787.310000002,40056193.8,25
2008-02,FIF,852228422948.95,970438,89129950839.9,87626694754.78,1786
2008-02,FIFDIV,13340357999.33,1646,4219368998.1800003,4357897924.32,4
2008-02,FIP,2635907.86,16,2635132.5,0.0,1
2008-02,FIQ-FMIA,864870904.8299999,49570,16110470.51,12867590.02,10
2008-02,FITVM,52743756594.52,983272,1846339240.81,1722454447.23,176
2008-02,FMIA,4696181515.57,3650784,92761023.29,199406862.88,43
2008-02,FMIA-CL,65873671948.0,143862,437202545.8,826129167.37,162
2008-02,FMIEE,11765889.28,5,0.0,0.0,1
2008-02,FMP-FGTS,15622427847.720001,387980,2805006.48,108019808.67,72
2008-02,FMP-FGTS CL,10165237.99,190,0.0,74122.66,5
2008-03,FACFIF,205319186213.53,2179584,24411848911.0,24684024598.82,481
2008-03,FAPI,11374711.21,12692,13690.0,222517.28000000003,3
2008-03,FI,366007405297.97,1982909,44367529834.09,47497154496.51,4424
2008-03,FIC-FITVM,3973903304.22,154973,70420135.19,157108651.43,32
2008-03,FIDC,610694445.45,6,0.0,89315.61,2
2008-03,FIEX,166235299.91,641,501515.19,8519317.379999999,24
2008-03,FIF,859791396316.96,962535,99387197821.62,94906104769.86,1772
2008-03,FIFDIV,13949512239.58,1664,4588736696.73,4058814273.96,4
2008-03,FIP,2338968.2,15,0.0,292678.84,1
2008-03,FIQ-FMIA,813895230.4200001,48693,12982168.1,18198801.27,10
2008-03,FITVM,50160983614.59,1002537,1485565125.14,1734177048.32,176
2008-03,FMIA,4379938869.76,3648190,90305660.79,99785584.79,43
2008-03,FMIA-CL,63767263533.909996,143276,600501538.6999999,578271355.04,162
2008-03,FMIEE,11819134.54,5,0.0,0.0,1
2008-03,FMP-FGTS,14661266461.81,385286,1240634.0,105119824.79,72
2008-03,FMP-FGTS CL,9516376.61,188,0.0,88967.76000000001,5
2008-04,FACFIF,203879656825.67,2159655,27339603977.55,30320660319.85,481
2008-04,FAPI,11186475.100000001,12721,23148.5,342361.26999999996,3
2008-04,FI,367052469958.6,1975395,51589768776.68,55298646979.58,4503
2008-04,FIC-FITVM,4124737636.58,149306,71590529.37,246213421.6,32
2008-04,FIDC,623174947.41,6,0.0,36777.25,2
2008-04,FIEX,132149879.03,628,603046.83,29213165.39,24
2008-04,FIF,854904854939.1,951518,107589818155.81999,121070447906.40001,1767
2008-04,FIFDIV,14319023644.939999,1723,4577332362.82,4317575115.64,4
2008-04,FIP,2323907.35,15,0.0,0.0,1
2008-04,FIQ-FMIA,846263638.4,47771,8682884.83,22800997.32,10
2008-04,FITVM,52191765188.590004,986708,1266037672.99,2829548184.46,176
2008-04,FMIA,4639730458.41,3643753,62849005.53,179586655.92,43
2008-04,FMIA-CL,66267494432.53,138079,1452059844.72,1874984416.4499998,161
2008-04,FMIEE,11875323.89,5,0.0,0.0,1
2008-04,FMP-FGTS,15969464144.76,381942,1316738.68,162688314.47,72
2008-04,FMP-FGTS CL,10186960.66,185,0.0,148321.14,5
2008-05,FACFIF,203268984059.58,2129071,26637738370.16,28960021859.44,481
2008-05,FAPI,11154556.44,12750,9150.0,312779.06,3
2008-05,FI,366244022093.23,1950086,44441602527.19,50147694232.93,4553
2008-05,FIC-FITVM,4593451090.21,148579,224265595.41,206253578.54,32
2008-05,FIDC,725467392.87,6,99489797.44,10867366.629999999,2
2008-05,FIEX,126174810.49,587,1114716.8599999999,3348615.16,24
2008-05,FIF,850493800868.7,930863,89720848956.19,102997686618.64,1756
2008-05,FIFDIV,15283574417.019999,1753,4667489471.14,3839304892.61,4
2008-05,FIP,2537633.03,15,275200.0,0.0,1
2008-05,FIQ-FMIA,930049230.13,46435,34953786.57,23943964.93,10
2008-05,FITVM,56938932958.66,1042317,3019339846.31,2042505180.43,176
2008-05,FMIA,5135105380.72,3641458,172749926.37,140170750.61,43
2008-05,FMIA-CL,68709855444.76,133716,912430606.09,1624062041.18,160
2008-05,FMIEE,11929127.36,5,0.0,0.0,1
2008-05,FMP-FGTS,17184687093.079998,379065,4103133.67,160293312.41,72
2008-05,FMP-FGTS CL,11116481.43,183,0.0,73078.97,5
2008-06,FACFIF,204628373177.91998,2254851,35146388718.88,35363552519.23,481
2008-06,FAPI,9278329.6,158,8630.0,1695642.16,3
2008-06,FI,374433147632.18,1978208,49542085693.69,41226151417.77,4625
2008-06,FIC-FITVM,4262683099.16,154354,195064097.45,126827715.59,32
2008-06,FIDC,767781447.62,6,18298984.85,2641022.4499999997,2
2008-06,FIEX,121097339.52,538,1276238.33,1988833.19,23
2008-06,FIF,840534523136.08,932825,94305563396.27,110302984545.21,1744
2008-06,FIFDIV,15378341721.599998,1734,4556915527.94,4575566543.07,4
2008-06,FIP,2530731.64,15,0.0,0.0,1
2008-06,FIQ-FMIA,870438955.23,46262,17379557.14,19552262.35,10
2008-06,FITVM,54314851229.46,1101451,2366970582.35,1195592425.41,176
2008-06,FMIA,4669309398.83,3642427,151077876.53,109580170.04,43
2008-06,FMIA-CL,66734638589.85999,142965,954908437.87,778311511.4,158
2008-06,FMIEE,11934554.82,5,0.0,0.0,1
2008-06,FMP-FGTS,15999056402.56,376694,1106563.16,102240868.03999999,72
2008-06,FMP-FGTS CL,10411047.46,181,0.0,32180.34,5
2008-07,FACFIF,203921161118.23,2228341,33875365304.82,36488954736.060005,481
2008-07,FAPI,9209154.22,12284,13275.0,28424.29,3
2008-07,FI,370517539337.97,1814396,42244358520.65,46202051193.79,4671
2008-07,FIC-FITVM,3849925551.52,150643,66518211.85,142471606.12,31
2008-07,FIDC,796973396.0799999,6,32300634.51,1145597.68,2
2008-07,FIEX,118540436.94,518,510719.33,1723557.23,23
2008-07,FIF,827008280495.34,923971,94519889526.16,117008396540.65999,1731
2008-07,FIFDIV,16647729802.64,1797,5306428654.28,4226049830.09,4
2008-07,FIP,2525363.49,15,0.0,0.0,1
2008-07,FIQ-FMIA,809399756.45,45425,7374278.15,30477121.24,10
2008-07,FITVM,48011655361.18,1084364,1229704703.81,1669370889.75,172
2008-07,FMIA,4086738959.59,3638382,53886981.54,124051592.22,43
2008-07,FMIA-CL,64430248712.32,140653,801985133.93,804674747.9499999,158
2008-07,FMP-FGTS,12657462761.67,373990,1820190.14,102439026.21000001,72
2008-07,FMP-FGTS CL,9029301.94,180,0.0,80680.98999999999,5
2008-08,FACFIF,204519152539.28,2234908,32646804175.949997,33811821694.17,481
2008-08,FAPI,9030736.69,12337,8350.0,149273.08000000002,3
2008-08,FI,367550189993.37,1797899,38582600800.88,42124820451.46,4713
2008-08,FIC-FITVM,3488961745.71,146662,32128659.26,126805295.36,31
2008-08,FIDC,801868625.1400001,6,63653.32,227210.74,2
2008-08,FIEX,110964158.31,522,14066023.28,27163259.14,23
2008-08,FIF,820897647745.2,918360,83580203234.3,96319511279.2,1712
2008-08,FIFDIV,17247583900.440002,1844,4542370732.900001,4115326428.7,4
2008-08,FIP,2981901.56,15,462336.0,0.0,1
2008-08,FIQ-FMIA,762913789.77,44682,4972278.43,12314749.3,10
2008-08,FITVM,45168392480.29,1069087,551304788.63,884630402.82,172
2008-08,FMIA,3734731856.1299996,3634480,24345697.44,104456493.32,43
2008-08,FMIA-CL,60821739658.770004,137753,695573766.81,1672853742.0,157
2008-08,FMP-FGTS,11933837975.86,371726,1200834.23,73087173.24000001,72
2008-08,FMP-FGTS CL,8640025.41,180,0.0,0.0,5
2008-09,FACFIF,203081276504.59,2232270,32210344236.69,35328478468.79,481
2008-09,FAPI,8804005.99,12391,7950.0,58519.799999999996,3
2008-09,FI,362687581179.25,1782643,42857861729.65,49866709165.01,4700
2008-09,FIC-FITVM,2949637010.98,140694,31548853.67,163935031.62,29
2008-09,FIDC,902600874.35,6,91500965.46,48197.91,2
2008-09,FIEX,121445074.11,414,1047132.52,6203937.72,20
2008-09,FIF,817690206394.23,907855,93322202769.89,101899922850.52,1696
2008-09,FIFDIV,18316124206.38,1104,5450806400.3,4545229438.09,4
2008-09,FIP,2975918.3,15,0.0,0.0,1
2008-09,FIQ-FMIA,660492358.9,43824,3570124.3899999997,15714071.82,10
2008-09,FITVM,40732872630.51,1039646,739414299.59,1356385789.25,170
2008-09,FMIA,3270140886.85,3621789,39544284.57,118907007.69,43
2008-09,FMIA-CL,58096405749.83,133219,877049908.1999999,927161868.52,156
2008-09,FMP-FGTS,11009723996.5,369135,1410936.89,88226242.45,72
2008-09,FMP-FGTS CL,8074682.13,178,0.0,90827.63,5
2008-10,FACFIF,197041320469.37,2199434,35260393149.78,42587436707.25,481
2008-10,FAPI,8553466.84,12442,70000.0,120106.74,3
2008-10,FI,348504132726.7,1708246,54545817174.6,65161810083.13,4678
2008-10,FIC-FITVM,2175740093.05,133064,30453093.97,151176693.57,29
2008-10,FIDC,918767291.41,6,0.0,109977.54999999999,2
2008-10,FIEX,113328651.68,445,22987414.24,34983028.07,20
2008-10,FIF,783155538617.79,888586,109545902567.81,147379886856.68,1677
2008-10,FIFDIV,19040509069.07,1120,4712191831.01,4127805931.0800004,4
2008-10,FIP,4172484.47,15,1204100.0,0.0,1
2008-10,FIQ-FMIA,527320577.34000003,42923,5624471.07,20082886.87,10
2008-10,FITVM,32361453069.77,1000316,655816904.27,1266796064.74,170
2008-10,FMIA,2392413670.0,2923025,41589104.37,109048014.62,43
2008-10,FMIA-CL,54240191323.909996,128254,597211209.43,725829019.39,154
2008-10,FMP-FGTS,7856314637.66,366650,608200.22,74673411.03,72
2008-10,FMP-FGTS CL,6113088.22,178,0.0,182083.24000000002,5
2008-11,FACFIF,193514102024.23,2171497,29367718351.85,34966312845.52,481
2008-11,FAPI,8475899.24,12493,6250.0,101162.81000000001,3
2008-11,FI,340317810319.52,1680746,42660671431.79,56089997220.909996,4594
2008-11,FIC-FITVM,2198652657.7999997,131289,32703875.42,43067960.62,29
2008-11,FIDC,924405436.48,6,150000.0,1014341.5,2
2008-11,FIEX,128141837.17999999,515,9710862.18,7871795.529999999,19
2008-11,FIF,780497812020.88,878957,85497719374.36,97434101995.77,1650
2008-11,FIFDIV,18991961543.82,1124,4634758506.08,4907804956.87,4
2008-11,FIIM,27368460.0,1,27368460.0,0.0,1
2008-11,FIP,4161809.05,15,0.0,0.0,1
2008-11,FIQ-FMIA,549065996.7900001,42282,10354940.879999999,9957514.24,10
2008-11,FITVM,31151237190.99,985949,365166494.21999997,702402825.83,170
2008-11,FMIA,2552274721.03,3619650,232175562.32,44120640.7,43
2008-11,FMIA-CL,54221483971.04,125117,639534204.91,1038823288.65,154
2008-11,FMP-FGTS,6921688827.54,364779,910455.04,36012617.77,72
2008-11,FMP-FGTS CL,5611278.71,175,0.0,191020.84,5
2008-12,FACFIF,188376807897.59,2151752,37548546728.38,45241985891.74,481
2008-12,FAPI,8515426.88,148,50750.0,132323.63,3
2008-12,FI,349789354151.9,1621647,55682383805.7,51513061435.11,4529
2008-12,FIC-FITVM,2170290325.28,129110,16981251.6,51880816.099999994,28
2008-12,FIDC,590700804.26,7,0.0,57061.14000000001,3
2008-12,FIEX,132048516.78,685,3817501.79,6781236.58,18
2008-12,FIF,775062716789.3,869257,104146252109.17,120878692838.26,1633
2008-12,FIFDIV,15662294095.86,982,4679598357.38,8320210324.95,4
2008-12,FIIM,28247320.58,1,0.0,0.0,1
2008-12,FIP,4154208.68,15,0.0,0.0,1
2008-12,FIQ-FMIA,547454856.94,41465,4240583.01,10086531.030000001,10
2008-12,FITVM,31667357054.24,971053,246578615.39,614411796.76,167
2008-12,FMIA,2567241152.17,3616351,14095551.620000001,51360298.37,42
2008-12,FMIA-CL,51081157624.25001,123844,416754226.84000003,606509770.03,152
2008-12,FMP-FGTS,7626499979.150001,362778,325888.22000000003,39511786.410000004,72
2008-12,FMP-FGTS CL,5939943.92,174,0.05,36677.44,5
2009-01,FACFIF,194873508472.94,2138913,32968964610.32,28474803553.37,481
2009-01,FAPI,8575713.709999999,12607,7970.0,53268.399999999994,3
2009-01,FI,346655658704.32,1605731,35410193918.42,42505142376.93,4447
2009-01,FIC-FITVM,2186624090.35,127902,14237807.76,27735428.509999998,28
2009-01,FIDC,164459853.91,6,0.0,323221.18000000005,2
2009-01,FIEX,127401463.59,584,1383484.83,3081142.43,18
2009-01,FIF,785249842358.31,865996,89435171730.04,88096547718.57,1617
2009-01,FIFDIV,16791148212.34,1169,5091750187.76,4153000193.04,4
2009-01,FIIM,29287881.36,1,0.0,0.0,1
2009-01,FIP,4146426.36,15,0.0,0.0,1
2009-01,FIQ-FMIA,552445767.7,40822,6149024.46,8541963.98,10
2009-01,FITVM,33047700759.14,963940,346792962.87,417625652.89,167
2009-01,FMIA,2621302521.39,3614328,11495613.48,30735598.31,42
2009-01,FMIA-CL,54883438115.54,123292,3957418407.3900003,812845198.27,150
2009-01,FMP-FGTS,8558492892.8,360643,301897.52999999997,43019834.85,72
2009-01,FMP-FGTS CL,6158305.93,172,0.0,72980.65,5
2009-02,FACFIF,197983433472.88,2131099,29724864194.010002,28243820503.239998,481
2009-02,FAPI,8571020.24,12651,70350.0,89132.65000000001,3
2009-02,FI,348111252589.81,1592169,32622853372.87,34201319763.38,4342
2009-02,FIC-FITVM,2143278698.8500001,126493,10959471.92,30931146.580000002,28
2009-02,FIDC,165821170.42,6,0.0,258818.04000000004,2
2009-02,FIEX,128696980.67,517,620572.85,2419304.29,16
2009-02,FIF,791794076438.51,862222,69263689079.23,69891557242.48,1603
2009-02,FIFDIV,17638367612.36,1215,7935973134.27,7248366776.900001,4
2009-02,FIIM,29126628.63,1,0.0,0.0,1
2009-02,FIP,4918122.45,15,778518.38,0.0,1
2009-02,FIQ-FMIA,541406346.67,40305,3895956.49,11902055.52,10
2009-02,FITVM,32563422209.91,959361,301344516.7,769941228.75,167
2009-02,FMIA,2562847240.98,3612460,12913261.75,26839730.89,42
2009-02,FMIA-CL,54369986807.34,122180,315462078.0,444389355.09000003,149
2009-02,FMP-FGTS,8713063978.21,358906,361826.8,40933973.79,72
2009-02,FMP-FGTS CL,6252966.5,170,0.0,22953.269999999997,5
2009-03,FACFIF,199502076446.96,2130866,34421077030.43,34816628951.93,481
2009-03,FAPI,8634356.79,12701,10100.0,53407.899999999994,2
2009-03,FI,350688059555.27,1564937,33833894016.35,35224238787.43,4343
2009-03,FIC-FITVM,2197917326.41,124401,11490148.82,78869282.71,28
2009-03,FIDC,180297700.26,6,13215000.0,0.0,2
2009-03,FIEX,113313513.32000001,490,620280.72,14750279.72,16
2009-03,FIF,798067242006.04,856030,85965875284.62,87379886901.04,1597
2009-03,FIFDIV,18272594327.68,1248,5733152488.07,5300366833.03,4
2009-03,FIIM,31402947.3,1,0.0,0.0,1
2009-03,FIP,5013440.28,15,101487.66,0.0,1
2009-03,FIQ-FMIA,549143343.51,39688,1879269.48,8447285.39,10
2009-03,FITVM,33349980491.82,945872,302502413.54,676320848.39,167
2009-03,FMIA,2676765789.16,3609822,11950976.1,74188558.17,42
2009-03,FMIA-CL,55825237198.08,120249,408456657.47,685920895.51,147
2009-03,FMP-FGTS,9093877931.03,356464,269413.2,54655984.980000004,72
2009-03,FMP-FGTS CL,6381439.8,163,0.0,258353.56,5
2009-04,FACFIF,199536582861.38,2129862,33943404152.38,35515758024.15,481
2009-04,FAPI,8708947.87,12744,5700.0,101723.85,2
2009-04,FI,351431942854.56,1560074,37058077897.79,40435058543.75,4336
2009-04,FIC-FITVM,2476107978.51,123435,29253619.05,39134490.04,28
2009-04,FIDC,182129050.97,6,0.0,0.0,2
2009-04,FIEX,102764471.29,457,402361.47,1531298.8499999999,14
2009-04,FIF,806038137061.01,850760,91514565815.76001,89634379178.43,1587
2009-04,FIFDIV,18246510632.239998,58929,4298443708.25,4462302390.0,4
2009-04,FIIM,35167637.96,1,0.0,0.0,1
2009-04,FIP,4997621.45,15,0.0,0.0,1
2009-04,FIQ-FMIA,618104282.03,39117,3107489.84,7822417.909999999,10
2009-04,FITVM,36050814161.58,937762,491885845.81,972577478.22,167
2009-04,FMIA,3039594794.79,3608123,20650135.76,32822365.02,42
2009-04,FMIA-CL,58662784892.47,120470,521643419.55,559138708.0799999,145
2009-04,FMP-FGTS,9902132192.63,354285,461110.93,60674421.47,72
2009-04,FMP-FGTS CL,6853151.52,163,0.0,9152.49,5
2009-05,FACFIF,200871807826.35,2129416,34649435091.39,34980209543.0,481
2009-05,FAPI,8870348.55,12786,6570.0,14913.21,2
2009-05,FI,359777559079.29,1563180,38202876762.67,34699574999.78,4336
2009-05,FIC-FITVM,2685631521.61,123324,48912571.66,60343303.3,28
2009-05,FIDC,182701657.01,6,0.0,1488169.21,2
2009-05,FIEX,94482446.38,440,603738.36,722651.97,14
2009-05,FIF,812423283101.82,848497,93481818976.70999,94583194908.26,1579
2009-05,FIFDIV,18568588819.86,46118,4335846405.5,4175766929.54,4
2009-05,FIIM,7790361.6,1,0.0,29358490.6,1
2009-05,FIP,4981306.63,15,0.0,0.0,1
2009-05,FIQ-FMIA,656593306.81,38585,3664709.23,10346231.0,10
2009-05,FITVM,38787098707.64,933604,584682443.33,678107385.43,166
2009-05,FMIA,3375899098.78,3607159,57830399.58,49510866.19,42
2009-05,FMIA-CL,59462751555.55,122001,515528032.43,822775963.81,145
2009-05,FMP-FGTS,11017312927.42,351921,1135096.03,82947613.08,72
2009-05,FMP-FGTS CL,7330912.56,160,0.0,250547.80999999997,5
2009-06,FACFIF,203050362279.92,2138143,37552035826.02,36716214700.810005,481
2009-06,FAPI,8808200.97,135,9380.0,27736.390000000003,2
2009-06,FI,361620260645.84,1581207,42790398845.64,42675608015.73,4375
2009-06,FIC-FITVM,2648664782.42,122521,48797453.46,51888549.839999996,28
2009-06,FIDC,185428604.58,6,0.0,0.0,2
2009-06,FIEX,92780022.35,409,747915.99,1733750.6,14
2009-06,FIF,811974405157.8,841209,95742277301.57,101980848191.91,1569
2009-06,FIFDIV,18778961067.469997,37415,5688879014.35,5617183808.75,4
2009-06,FII,14070174.38,1,14006593.94,0.0,1
2009-06,FIIM,7465858.16,1,0.0,0.0,1
2009-06,FIP,4972636.96,15,0.0,0.0,1
2009-06,FIQ-FMIA,644401533.04,37991,3520842.09,12156414.530000001,10
2009-06,FITVM,37394652886.06,927635,591693807.16,657624915.8199999,166
2009-06,FMIA,3241126375.67,3605741,39743495.92,43549702.449999996,42
2009-06,FMIA-CL,57961414628.44,123262,516585826.24,1330892729.17,144
2009-06,FMP-FGTS,10082033196.03,349621,1111024.27,78801534.29,72
2009-06,FMP-FGTS CL,6903296.5200000005,157,0.0,109162.72,5
2009-07,FACFIF,204004436389.13,2156883,35972165063.02,36606663664.53,481
2009-07,FAPI,8767341.81,12882,12610.0,130271.85,2
2009-07,FI,376089579054.06,1575171,46910155479.47,36965032295.45,4384
2009-07,FIC-FITVM,2794745920.33,121689,49782194.09,59929015.82,28
2009-07,FIDC,187689529.62,6,0.0,0.0,2
2009-07,FIEX,89275137.00999999,395,263217.66000000003,792816.09,14
2009-07,FIF,823429506412.63,835185,113263668714.28,108923625815.38,1556
2009-07,FIFDIV,18925419739.850002,33086,4337450742.62,4338054627.75,4
2009-07,FII,14227326.63,1,0.0,0.0,1
2009-07,FIIM,7762791.92,13,0.0,0.0,1
2009-07,FIP,4964727.37,15,0.0,0.0,1
2009-07,FIQ-FMIA,689433925.04,37465,10192903.219999999,7389854.49,10
2009-07,FITVM,38482878379.06,913374,379268994.3,597609219.26,166
2009-07,FMIA,3420128916.5499997,3603607,28925664.1,47907670.71,42
2009-07,FMIA-CL,59364303287.560005,122458,540515701.09,574396012.78,142
2009-07,FMP-FGTS,10064812807.36,346886,1861964.42,79118768.88,72
2009-07,FMP-FGTS CL,7008249.18,157,0.0,0.0,4
2009-08,FACFIF,205031542150.56,2166255,35780441901.85,36104216814.46,481
2009-08,FAPI,8722384.620000001,12938,6650.0,140961.78,2
2009-08,FI,385463038404.34,1585183,40051138025.79,33098046440.83,4390
2009-08,FIC-FITVM,2891754828.9900002,122284,77909600.57000001,62834034.199999996,28
2009-08,FIDC,180021093.19,4,0.0,10111346.120000001,2
2009-08,FIEX,87010609.42,368,285676.44999999995,3643441.7800000003,14
2009-08,FIF,828928047525.42,830849,93401563809.6,88755359521.77,1539
2009-08,FIFDIV,19071770582.72,30579,4631905433.070001,4601937671.299999,4
2009-08,FII,14312229.77,1,0.0,0.0,1
2009-08,FIIM,7867046.98,13,0.0,0.0,1
2009-08,FIP,4963250.84,15,0.0,0.0,1
2009-08,FIQ-FMIA,846740801.34,36992,137050262.07999998,7079041.41,10
2009-08,FITVM,39073396873.97,902651,743459264.0,577623639.27,166
2009-08,FMIA,3509314942.81,3602083,54223124.78,49118952.660000004,42
2009-08,FMIA-CL,59679058532.6,123904,556515366.65,568422352.39,142
2009-08,FMP-FGTS,9786087730.3,344409,787702.9400000001,76716285.66,72
2009-08,FMP-FGTS CL,7008985.390000001,156,0.0,25090.1,4
2009-09,FACFIF,208246088044.44,2192096,37251103850.240005,35314386101.59,481
2009-09,FAPI,8826625.94,12986,26480.0,24659.049999999996,2
2009-09,FI,399346936141.8,1598163,43300514887.72,34325529576.81,4450
2009-09,FIC-FITVM,3102877479.13,122571,84011045.16,77569673.08,28
2009-09,FIDC,182174790.29000002,4,0.0,0.0,2
2009-09,FIEX,83246733.12,359,362167.61,383636.49,13
2009-09,FIF,837467664149.53,827404,89168917068.92,86703466453.12,1538
2009-09,FIFDIV,19312461903.760002,27534,4851145126.53,4738197127.71,4
2009-09,FII,14467189.68,1,0.0,0.0,1
2009-09,FIIM,8638523.33,13,0.0,0.0,1
2009-09,FIP,4955546.47,15,0.0,0.0,1
2009-09,FIQ-FMIA,887627050.72,36545,3655686.33,13137171.17,10
2009-09,FITVM,41599728313.590004,893878,592272232.31,753353175.85,165
2009-09,FMIA,3809920484.29,3599863,73838766.28999999,70236187.22,42
2009-09,FMIA-CL,61154059976.71,125588,542442373.23,550754967.9,142
2009-09,FMP-FGTS,10667684163.880001,342063,1387378.8199999998,91710020.3,72
2009-09,FMP-FGTS CL,7174851.48,156,0.0,318423.91,4
2009-10,FACFIF,211023870325.38998,2206355,39799630070.18,38308609463.12,481
2009-10,FAPI,8855661.799999999,13028,6302.85,30143.629999999997,2
2009-10,FI,409537092984.03,1610234,57185774210.67,49786990694.24,4507
2009-10,FIC-FITVM,3132565231.21,123717,135959049.6,122650264.81,28
2009-10,FIDC,183822222.94,4,0.0,0.0,2
2009-10,FIEX,38199973.54,351,431777.37,43673904.37,13
2009-10,FIF,836266147106.31,821916,93517721824.37,100005738303.34,1530
2009-10,FIFDIV,19838717333.12,22357,4976389274.42,4583110910.969999,4
2009-10,FII,14543629.38,1,0.0,0.0,1
2009-10,FIIM,8654155.5,13,0.0,0.0,1
2009-10,FIP,4946476.31,15,0.0,0.0,1
2009-10,FIQ-FMIA,889071894.91,36045,3708009.02,19355467.0,10
2009-10,FITVM,42419118304.99,890873,1027312411.86,973815023.89,165
2009-10,FMIA,3824333812.62,3597923,101865430.56,102852358.98,42
2009-10,FMIA-CL,61285911626.01,128632,949724928.93,1143925923.33,142
2009-10,FMP-FGTS,10967569309.29,340247,496744.55,81966308.24,72
2009-10,FMP-FGTS CL,7142001.16,154,0.0,22524.39,4
2009-11,FACFIF,210690998809.49,2236109,40112360544.82,41760440142.83,481
2009-11,FAPI,8937845.67,13071,7430.0,46609.91,2
2009-11,FI,415087907384.72,1604572,48567249121.54,47857985040.47,4495
2009-11,FIC-FITVM,3352757734.58,123762,91875168.11,89509315.69,28
2009-11,FIDC,185639706.54,4,0.0,0.0,2
2009-11,FIEX,39080844.83,346,272349.12,371260.78,12
2009-11,FIF,837598778554.17,816682,91685712422.99,91880652465.14,1523
2009-11,FIFDIV,19309242328.940002,19643,4255264606.48,4869583075.860001,4
2009-11,FII,14571249.99,1,0.0,99645.17,1
2009-11,FIIM,9350136.25,13,0.0,0.0,1
2009-11,FIP,7289804.67,29,2349000.0,185.84,2
2009-11,FIQ-FMIA,941992125.2,35563,14529035.01,15064111.68,10
2009-11,FITVM,44819723162.38,886382,911912175.01,1126278770.8999999,165
2009-11,FMIA,4103415283.77,3595356,65008276.839999996,89290780.47,42
2009-11,FMIA-CL,62805138756.11,127655,529892701.46,993003594.0699999,142
2009-11,FMP-FGTS,11845696767.28,337762,826871.4,98475247.4,72
2009-11,FMP-FGTS CL,7627450.77,152,0.0,55373.64,4
2009-12,FACFIF,209211636405.52,2266536,51166436183.21,54060596706.68,481
2009-12,FAPI,9040993.680000002,13122,61430.0,65868.6,2
2009-12,FI,412263174188.07,1600001,57927759607.33,58717895034.06,4593
2009-12,FIC-FITVM,3482629465.18,124772,129038552.6,114905086.61,28
2009-12,FIDC,190688365.18,4,3000000.0,0.0,2
2009-12,FIEX,37945448.730000004,344,225398.72999999998,656453.2100000001,12
2009-12,FIF,844971676161.47,810271,120203109057.43,119128251185.15,1513
2009-12,FIFDIV,17994220569.63,11747,5954250998.440001,7408852129.21,4
2009-12,FII,14692280.93,1,0.0,0.0,1
2009-12,FIIM,9482560.73,13,0.0,0.0,1
2009-12,FIP,86238898.32000001,37,78960343.0,0.0,6
2009-12,FIQ-FMIA,976488856.6600001,35076,6897175.92,12770134.06,10
2009-12,FITVM,46256660176.49,880710,988092813.45,1001580879.83,165
2009-12,FMIA,4169488965.55,3594104,75799785.8,90801941.98,41
2009-12,FMIA-CL,67030439520.75,131021,805601625.33,1637328976.43,141
2009-12,FMP-FGTS,11439225539.84,335506,617505.85,89024612.9,72
2009-12,FMP-FGTS CL,7564635.02,150,0.0,32460.489999999998,4
2010-01,FACFIF,215372823247.4,2272933,40157655465.28,35368118985.51,481
2010-01,FAPI,8923543.18,13158,6130.0,78399.98000000001,2
2010-01,FI,418845185450.67,1603120,47016270412.94,42832681169.42,4638
2010-01,FIC-FITVM,3439646073.32,126941,171194033.76,100720371.82000001,28
2010-01,FIDC,196397788.88,6,4000000.0,0.0,2
2010-01,FIEX,40624686.89,350,413668.83,414872.92000000004,12
2010-01,FIF,853444625920.71,805842,96454696233.83,94689939432.69,1500
2010-01,FIFDIV,19407965635.72,11278,5430814263.58,4138238779.8900003,4
2010-01,FII,14706066.81,1,0.0,0.0,1
2010-01,FIIM,9095938.09,24,0.0,0.0,1
2010-01,FIP,88002720.41999999,37,0.0,0.0,6
2010-01,FIQ-FMIA,957005159.5799999,34684,3135404.4299999997,8189159.05,10
2010-01,FITVM,45198254052.78,877572,984342463.6,867357193.9,163
2010-01,FMIA,3971964685.2,3593508,84124695.2,74605759.28,41
2010-01,FMIA-CL,67215557613.34,133762,748852640.36,520336432.61,140
2010-01,FMP-FGTS,10763085304.36,333401,558385.9199999999,81151381.4,72
2010-01,FMP-FGTS CL,7092358.77,147,0.0,93566.11,4
2010-02,FACFIF,217571071747.95,2273285,36822307558.03,35723122864.97,481
2010-02,FAPI,8819317.92,13205,8500.0,142551.62,2
2010-02,FI,422115355360.92,1606397,42441320350.87,41778499648.6,4672
2010-02,FIC-FITVM,3429176712.14,126235,75308883.16,104919732.45,28
2010-02,FIDC,199763531.85,6,2400000.0,0.0,2
2010-02,FIEX,29145877.93,363,381628.05,11323060.45,11
2010-02,FIF,858719343138.93,804011,84113037185.46,84884061804.59,1493
2010-02,FIFDIV,21425820481.36,10763,7627501487.39,5726451715.710001,4
2010-02,FII,14793591.58,1,0.0,0.0,1
2010-02,FIIM,45558576.230000004,30,37046560.0,0.0,3
2010-02,FIP,87958037.72,37,0.0,0.0,6
2010-02,FIQ-FMIA,950279427.9100001,34316,1754289.91,8926287.54,10
2010-02,FITVM,45553874736.35,867700,621305032.57,662297004.39,163
2010-02,FMIA,3991689412.63,3592027,38047998.85,53709427.64,41
2010-02,FMIA-CL,67211073299.65,133195,584187017.07,760476403.28,139
2010-02,FMP-FGTS,10915053748.26,331442,754621.39,66374086.42,72
2010-02,FMP-FGTS CL,7175402.130000001,146,0.0,3261.58,4
2010-03,FACFIF,219995309666.53,2275612,47084076135.26,46164102093.96,481
2010-03,FAPI,8802595.35,13265,8200.0,99427.35,2
2010-03,FI,446022865803.87,1606193,72495079774.11,53100462565.07,4745
2010-03,FIC-FITVM,3499547231.63,124063,68245278.53,128118082.66999999,28
2010-03,FIDC,215779069.76,6,13820000.0,0.0,2
2010-03,FIEX,19015931.89,356,167055.44,10140858.79,10
2010-03,FIF,856138364235.45,800138,106966556612.77,117867729199.79,1487
2010-03,FIFDIV,21299711040.79,10058,6776592853.97,7072881098.14,4
2010-03,FII,12491006.09,1,0.0,2415823.0,1
2010-03,FIIM,39803438.93,53,0.0,4672659.2,3
2010-03,FIP,88220701.93,37,302720.0,0.0,6
2010-03,FIQ-FMIA,971939924.06,33842,10895397.78,8148939.83,10
2010-03,FITVM,46982159148.77,853068,543928522.5,939548177.51,163
2010-03,FMIA,4127356171.44,3589566,38989446.4,79222804.14,41
2010-03,FMIA-CL,68378193687.67,131355,862882351.04,638535571.9,139
2010-03,FMP-FGTS,11589451727.34,328553,1175838.45,121238618.14,72
2010-03,FMP-FGTS CL,7428913.73,145,0.0,24689.03,4
2010-04,FACFIF,223891247049.07,2282834,43947036241.44,41067652636.48,481
2010-04,FAPI,8753971.07,13317,4300.0,29423.32,2
2010-04,FI,449796498249.35,1599517,48891985423.159996,46685211414.56,4820
2010-04,FIC-FITVM,3360851066.69,122170,65423679.37,113301873.97,28
2010-04,FIDC,218165505.14,6,0.0,0.0,2
2010-04,FIEX,17789445.23,352,140800.0,905713.62,10
2010-04,FIF,860871436527.11,796805,98918566756.84999,98731813174.69,1482
2010-04,FIFDIV,21689621470.95,2874,4562378973.73,4313058812.059999,4
2010-04,FII,8847684.32,1,0.0,3717747.36,1
2010-04,FIIM,40054553.18,74,0.0,0.0,3
2010-04,FIP,88139904.38,37,0.0,0.0,6
2010-04,FIQ-FMIA,944719376.01,33454,11343111.86,16903483.36,10
2010-04,FITVM,45517295152.659996,840924,927404323.1899999,802776682.8,163
2010-04,FMIA,3924044167.43,3587338,42143952.1,77649052.8,42
2010-04,FMIA-CL,67323986186.7,129262,1491896202.1399999,1341842682.7,139
2010-04,FMP-FGTS,10761512333.619999,326168,1288091.98,93074704.88,72
2010-04,FMP-FGTS CL,6976807.2700000005,141,0.0,154525.32,4
2010-05,FACFIF,223020734395.82,2285313,43218688424.39,45683187795.17,481
2010-05,FAPI,8607009.09,13359,5100.0,53203.61,2
2010-05,FI,448710793858.04,1588945,52788252557.58,55346070956.33,4881
2010-05,FIC-FITVM,3141030968.25,118458,57746017.23,120314046.35000001,28
2010-05,FIDC,237508347.42000002,8,16291981.96,0.0,3
2010-05,FIEX,18968102.88,380,791867.13,450420.28,10
2010-05,FIF,865333860639.99,791988,107380373732.51,109225853670.36,1478
2010-05,FIFDIV,22106082697.0,2798,5315487353.929999,5066895243.360001,4
2010-05,FII,8871649.34,1,0.0,49130.5,1
2010-05,FIIM,39256576.32000001,96,0.0,0.0,3
2010-05,FIP,88167028.06,37,0.0,0.0,6
2010-05,FIQ-FMIA,942447686.99,33068,38927774.3,9392786.09,10
2010-05,FITVM,43078094742.82,822496,593847653.73,1005154857.35,163
2010-05,FMIA,3594851157.82,3584136,37618892.19,112103847.7,42
2010-05,FMIA-CL,65587103013.49,125628,607853440.8,1471532982.98,138
2010-05,FMP-FGTS,9969658013.5,323741,688003.6599999999,74820531.34,72
2010-05,FMP-FGTS CL,6562808.74,141,0.0,0.0,4
2010-06,FACFIF,224704440559.13,2287010,40359602179.89,40237855009.020004,481
2010-06,FAPI,8594397.7,13398,6400.0,43185.560000000005,2
2010-06,FI,455460150480.02997,1583822,52446699321.21,49124109113.549995,4945
2010-06,FIC-FITVM,3091216225.65,116482,34978540.11,69071386.13,28
2010-06,FIDC,240658165.68,8,6000.0,0.0,3
2010-06,FIEX,18757788.65,371,343863.99,744799.83,7
2010-06,FIF,870771265855.98,788849,96605435851.99,97929509099.93001,1472
2010-06,FIFDIV,23080678545.95,2724,5755277957.370001,4965829416.08,4
2010-06,FII,8944969.49,1,0.0,0.0,1
2010-06,FIIM,43165441.72,107,3381687.9,0.0,3
2010-06,FIP,88328356.50999999,37,124877.94,0.0,6
2010-06,FIQ-FMIA,939163300.09,32656,863381.1699999999,8364372.84,10
2010-06,FITVM,41198413571.85,812137,309696419.29,465910485.85999995,163
2010-06,FMIA,3417347004.9500003,3581673,15086091.29,47892631.96,42
2010-06,FMIA-CL,64504521061.96,123265,585306923.14,1001472439.0600001,138
2010-06,FMP-FGTS,8836623979.460001,321834,754669.3,54482168.75,72
2010-06,FMP-FGTS CL,6256109.25,141,0.0,0.0,4
2010-07,FACFIF,226077874881.79,2297367,41365729048.11,41953309638.62,481
2010-07,FAPI,8712331.85,13413,6650.0,20439.030000000002,2
2010-07,FI,465270029725.52,1614541,52155755975.87,52631061689.18,5013
2010-07,FIC-FITVM,3302463219.5699997,114468,35525404.19,77814838.23,28
2010-07,FIDC,249008411.82999998,8,4530000.0,0.0,3
2010-07,FIEX,18896671.13,388,668710.76,489639.11,7
2010-07,FIF,878679170060.66,783490,99255123828.28,100385694017.02,1463
2010-07,FIFDIV,23660377316.92,2664,5497224323.8,5115189692.41,4
2010-07,FII,19047205.49,1,10000000.0,0.0,1
2010-07,FIIM,51067824.69,109,1781996.3,0.0,3
2010-07,FIP,94165542.94999999,37,5844556.86,0.0,6
2010-07,FIQ-FMIA,997431997.36,32305,1564380.5899999999,8259335.859999999,10
2010-07,FITVM,43655976583.51,800482,538085020.96,694433719.13,163
2010-07,FMIA,3737813593.08,3577429,17009181.97,45372211.96,42
2010-07,FMIA-CL,66686447065.18,120878,590881406.0,595753213.4300001,137
2010-07,FMP-FGTS,9398742707.77,319859,1545159.43,51609702.26,72
2010-07,FMP-FGTS CL,6127059.33,137,0.0,507045.63,4
2010-08,FACFIF,228479385624.69,2308919,43789157076.9,43274412020.0,481
2010-08,FAPI,8671632.74,13458,4650.0,19335.76,2
2010-08,FI,469758213630.08,1603881,56294839339.74,55987580958.61,5048
2010-08,FIC-FITVM,3222957150.52,112481,40266804.01,82783873.65,28
2010-08,FIDC,254550761.17000002,8,1783000.0,0.0,3
2010-08,FIEX,19251128.75,400,1086158.6,949128.57,7
2010-08,FIF,880402671982.64,780065,95860845846.11,102195562982.05,1452
2010-08,FIFDIV,23727139803.26,2607,5352159063.26,5497092676.670001,4
2010-08,FII,19243499.82,1,0.0,0.0,1
2010-08,FIIM,54061094.480000004,148,17917040.7,13380540.4,3
2010-08,FIP,94119984.22,37,0.0,0.0,6
2010-08,FIQ-FMIA,1028534845.25,31952,30106320.96,10852221.42,10
2010-08,FITVM,42396739667.57,789354,401282986.85,705609062.86,163
2010-08,FMIA,3492504086.53,3572327,25377011.279999997,136595374.03,42
2010-08,FMIA-CL,66100396383.74,118768,494083109.15,655869958.14,137
2010-08,FMP-FGTS,8829111055.32,317697,440623.38,70013197.48,72
2010-08,FMP-FGTS CL,5887827.029999999,137,0.0,0.0,4
2010-09,FACFIF,228277917769.56,2317130,41477160953.56,43491117253.85,481
2010-09,FAPI,9069978.42,13474,335450.0,91094.98999999999,2
2010-09,FI,493356666079.18,1598815,75956584115.01,58082633537.63,5137
2010-09,FIC-FITVM,3336520136.79,110321,36068709.5,86036705.71,28
2010-09,FIDC,259167479.09,8,1032000.0,0.0,3
2010-09,FIEX,18636576.759999998,384,382605.45,607894.99,7
2010-09,FIF,892401688659.07,777410,108654966323.03,104773023716.02,1448
2010-09,FIFDIV,23559597330.54,2550,4512907622.7300005,4879399144.53,4
2010-09,FII,19410003.6,1,0.0,0.0,1
2010-09,FIIM,41377620.03,159,4925135.8,21246032.4,3
2010-09,FIP,94136375.94,37,0.0,0.0,6
2010-09,FIQ-FMIA,1063890757.99,31599,2090005.76,10344268.86,10
2010-09,FITVM,44397906417.1,779799,639722572.94,654931953.17,163
2010-09,FMIA,3660293949.4700003,3568251,14101259.909999998,63621500.61,42
2010-09,FMIA-CL,67010780838.67,116204,441579902.85999995,709056282.81,137
2010-09,FMP-FGTS,9778722946.68,315719,399073599.15,60421530.68,72
2010-09,FMP-FGTS CL,6297291.890000001,135,198486.0,48289.18,4
2010-10,FACFIF,230583192695.28,2326929,44327652365.77,43749022881.45,481
2010-10,FAPI,8779900.639999999,13590,25600.0,379101.16,2
2010-10,FI,504686562911.55,1601864,65898396673.729996,57548946411.13,5189
2010-10,FIC-FITVM,3436205951.8599997,109140,63468610.96,91855530.41,28
2010-10,FIDC,264127181.39999998,8,1325000.0,0.0,3
2010-10,FIEX,18924780.77,362,382370.22,460882.85,7
2010-10,FIF,902774973889.25,775562,101222793048.52,99056217193.64,1444
2010-10,FIFDIV,23470799760.52,2505,4708354420.27,4988222476.179999,4
2010-10,FII,19646876.89,1,0.0,0.0,1
2010-10,FIIM,43467115.04000001,204,4313569.5,4266005.0,3
2010-10,FIP,94126113.63,37,0.0,0.0,6
2010-10,FIQ-FMIA,1097656754.52,31242,1505585.88,7458304.98,10
2010-10,FITVM,44798047858.08,767288,465587711.87,700790813.53,162
2010-10,FMIA,3651863573.4,3561309,12314858.86,76229072.49000001,42
2010-10,FMIA-CL,67417265388.07,113693,481382852.54,873679983.27,137
2010-10,FMP-FGTS,9578148803.92,313842,249553.05,66221805.57,72
2010-10,FMP-FGTS CL,5971769.9,129,0.0,266641.17,4
2010-11,FACFIF,230881445612.21,2340898,46192350029.21,47344101973.4,481
2010-11,FAPI,8694084.65,13638,5150.0,66311.53,2
2010-11,FI,504486623845.82,1586406,60885366159.55,62739519165.81,5232
2010-11,FIC-FITVM,3341235188.29,107631,32294503.16,77593134.35,28
2010-11,FIDC,266794618.74,8,0.0,201437.26,3
2010-11,FIEX,18791059.75,365,507149.9,495873.05000000005,7
2010-11,FIF,900447598601.89,773382,104217574856.38,104793835369.09,1430
2010-11,FIFDIV,23426751103.64,2437,5024160696.860001,5261397918.33,4
2010-11,FII,92746796.65,1,87729279.1,15248789.3,1
2010-11,FIIM,44344531.1,258,8279210.199999999,6271243.3,3
2010-11,FIP,15030687.18,29,0.0,0.0,2
2010-11,FIQ-FMIA,1093968286.6799998,30836,3334067.37,7910431.48,10
2010-11,FITVM,44088922658.98,755066,542502668.92,776004630.35,162
2010-11,FMIA,3465298356.0699997,3558034,18595658.54,74282014.7,42
2010-11,FMIA-CL,67197306989.84,111882,1117223524.53,949915913.9100001,137
2010-11,FMP-FGTS,9323891971.31,311448,866515.0,77605571.09,72
2010-11,FMP-FGTS CL,5774092.949999999,129,0.0,0.0,4
2010-12,FACFIF,227229650641.79,2362402,55014879792.13,60710805089.09,481
2010-12,FAPI,8604489.26,13693,28150.0,180608.39,2
2010-12,FI,518949414239.95,1578058,83634446791.26,76294149687.68001,5366
2010-12,FIC-FITVM,3334390294.49,105712,37011101.35,90169393.03999999,28
2010-12,FIDC,272362805.83000004,9,2000000.0,0.0,4
2010-12,FIEX,17795315.560000002,361,254855.07,384439.09,7
2010-12,FIF,894845718665.29,768685,129385888590.21,145103387214.38,1428
2010-12,FIFDIV,21556997673.819996,1352,5387174024.09,7465608996.32,4
2010-12,FII,63490237.1,1,0.0,30066208.55,1
2010-12,FIIM,40886841.41,292,0.0,4035901.6,3
2010-12,FIP,107657724.08,30,97013382.74,0.0,3
2010-12,FIQ-FMIA,1093945096.1699998,30427,8444932.81,18722331.38,9
2010-12,FITVM,48543592644.130005,740938,501723642.85,930868611.4,162
2010-12,FMIA,3475490970.13,3554852,12817872.700000001,69484921.45,42
2010-12,FMIA-CL,72040558329.34,110168,492297927.39,946327602.84,137
2010-12,FMP-FGTS,9935329287.050001,309271,1208353.14,76331430.88,72
2010-12,FMP-FGTS CL,6010742.9,127,0.0,10655.14,4
2011-01,FACFIF,232848926487.43,2369167,49178663586.58,45140853809.26,481
2011-01,FAPI,8531263.629999999,13737,39765.93,99027.1,2
2011-01,FI,516716306852.13,1573031,60800311070.549995,61666769485.16,5381
2011-01,FIC-FITVM,3182538637.77,104523,40895169.37,76002186.93,28
2011-01,FIDC,275332594.05,9,0.0,0.0,4
2011-01,FIEX,18145333.78,357,251135.45,120293.37,7
2011-01,FIF,912029200877.67,767111,117559538523.38,106474496574.40001,1415
2011-01,FIFDIV,23066281272.35,1365,9393837038.66,8076091772.639999,4
2011-01,FII,63811467.18,1,0.0,0.0,1
2011-01,FIIM,64428822.010000005,351,40050891.3,10949680.5,3
2011-01,FIP,111050557.45,30,750000.0,0.0,3
2011-01,FIQ-FMIA,1053467351.8100001,30072,1483442.71,7281155.040000001,9
2011-01,FITVM,47773874942.28,729939,449207382.75,809784409.38,162
2011-01,FMIA,3277904740.29,3552320,15072629.24,78838277.32,42
2011-01,FMIA-CL,71964859591.7,108929,852734756.04,760429267.47,136
2011-01,FMP-FGTS,9957857747.43,307073,216379.5,77840116.21,72
2011-01,FMP-FGTS CL,5862611.81,126,0.0,4284.4,4
2011-02,FACFIF,238097039382.59,2386924,47070500251.42,43582478138.75,481
2011-02,FAPI,8510380.99,13776,4050.0,136899.31,2
2011-02,FI,533836530037.55,1580367,63043411532.22,52662630867.29,5413
2011-02,FIC-FITVM,3154005285.59,102882,30782159.380000003,59185640.03,28
2011-02,FIDC,295345884.13,8,16230000.0,0.0,4
2011-02,FIEX,17599938.58,352,229191.62,642309.51,7
2011-02,FIF,922045129594.46,764094,100751356974.37999,98986868852.12,1409
2011-02,FIFDIV,24218701887.699997,1294,6095457822.46,5142274801.33,4
2011-02,FII,64316691.44,1,0.0,0.0,1
2011-02,FIIM,66209039.76,477,5292289.0,3530551.4,3
2011-02,FIP,111102480.9,30,0.0,0.0,3
2011-02,FIQ-FMIA,1028966027.3299999,29781,1100945.53,17919221.39,9
2011-02,FITVM,47959234434.06,718629,432058704.72,570010228.0600001,162
2011-02,FMIA,3256168830.87,3527107,12786040.5,71618840.26,42
2011-02,FMIA-CL,72114465380.87,107782,673830009.73,844892985.1999999,135
2011-02,FMP-FGTS,10207379117.62,304910,992173.66,71458752.21,72
2011-02,FMP-FGTS CL,5914382.96,125,0.0,125186.12999999999,4
2011-03,FACFIF,241949797574.71,2403209,48472516341.630005,46750841189.86,481
2011-03,FAPI,8488482.38,13693,6100.0,95750.76000000001,2
2011-03,FI,549692017016.0,1575940,75623971750.92,65370718527.71,5465
2011-03,FIC-FITVM,3250327235.79,100737,47881984.12,67729041.32,28
2011-03,FIDC,602929435.0,9,301200000.0,0.0,5
2011-03,FIEX,17119550.13,337,138390.03,360153.01,7
2011-03,FIF,932435571872.24,762211,112634763700.66,111926298236.36,1401
2011-03,FIFDIV,25257647987.45,1257,5283549994.150001,4473340538.17,4
2011-03,FII,64849594.27,1,0.0,0.0,1
2011-03,FIIM,76317735.3,572,8971180.7,1860864.4,3
2011-03,FIP,111632458.72,30,225000.0,0.0,3
2011-03,FIQ-FMIA,1046347915.4100001,29434,2199502.59,13672039.86,9
2011-03,FITVM,47875059280.44,705674,396615550.35999995,691337616.85,162
2011-03,FMIA,3265123766.06,3545949,5701826.7,47389028.86,42
2011-03,FMIA-CL,70883934742.78,105829,559196275.89,2325233773.2,135
2011-03,FMP-FGTS,9883805690.42,302677,217018.24,75732119.75,72
2011-03,FMP-FGTS CL,5937338.6899999995,124,0.0,26257.58,4
2011-04,FACFIF,245199968408.91,2435917,47280194988.53,45885582198.39,481
2011-04,FAPI,8409998.61,13845,3291.77,85859.54000000001,2
2011-04,FI,540992663714.57,1570104,58134845713.38,68625270568.63,5501
2011-04,FIC-FITVM,3160284868.12,97537,22523964.9,105225150.5,28
2011-04,FIDC,609454294.56,10,10000.0,0.0,5
2011-04,FIEX,16850468.59,334,151652.7,100805.55,7
2011-04,FIF,943163735400.92,759333,104416965765.11,101125909904.65,1393
2011-04,FIFDIV,25845804877.690002,1229,5452144384.21,5078445963.59,4
2011-04,FII,73132212.33,1,11820000.0,4032644.52,1
2011-04,FIIM,75574939.28,644,7666449.9,8810346.0,3
2011-04,FIP,150919295.69,31,39400000.0,0.0,4
2011-04,FIQ-FMIA,1054443890.0600001,29104,4014357.64,5431925.649999999,9
2011-04,FITVM,46583042681.31,694354,440304411.27,817427013.32,161
2011-04,FMIA,3117446072.83,3543437,14672027.26,50031452.160000004,42
2011-04,FMIA-CL,70859548294.99,105076,605271190.23,574312618.58,134
2011-04,FMP-FGTS,9159968662.16,300729,711403.43,65859934.1,72
2011-04,FMP-FGTS CL,5609893.01,124,0.0,0.0,4
2011-05,FACFIF,247063761025.69,2493614,53605472414.29,53927682944.229996,481
2011-05,FAPI,7733815.1,13887,6650.73,678046.6499999999,2
2011-05,FI,542588093524.21,1567672,71094543535.15,72577768559.20999,5558
2011-05,FIC-FITVM,3116208773.09,95657,27631528.76,61449409.519999996,28
2011-05,FIDC,616902480.76,10,730000.0,2250000.0,5
2011-05,FIEX,17064984.26,333,95359.6,190442.45,7
2011-05,FIF,944352302917.97,757087,111767694437.93001,120084913034.51,1387
2011-05,FIFDIV,25881906821.010002,1185,5135645237.190001,5353977836.950001,4
2011-05,FII,79044015.33,1,4630000.0,5056326.82,1
2011-05,FIIM,69942050.04,712,3628891.8,7524698.4,3
2011-05,FIP,296802862.61,31,275000.0,0.0,4
2011-05,FIQ-FMIA,1032182950.4,28705,467278.52999999997,14943981.559999999,9
2011-05,FITVM,45350802587.520004,681394,246319947.33,649347325.99,160
2011-05,FMIA,3010902742.92,3540606,14418328.209999999,39599696.55,42
2011-05,FMIA-CL,70462259458.39,103790,427014992.14,793158275.24,133
2011-05,FMP-FGTS,8660990750.62,298520,1083679.41,62812748.01,72
2011-05,FMP-FGTS CL,5419793.17,123,0.0,7717.64,4
2011-06,FACFIF,249155408958.38998,2509118,50609413440.94,50532787372.89,481
2011-06,FAPI,7533993.57,13925,3250.0,213666.37999999998,2
2011-06,FI,547051502489.23,1560605,67815152817.16,65779700565.42,5627
2011-06,FIC-FITVM,2992351752.9900002,93640,19441912.82,68778935.0,28
2011-06,FIDC,626470695.21,10,2680000.0,0.0,5
2011-06,FIEX,16972402.32,341,327925.53,350885.58,7
2011-06,FIF,945455213891.5,754789,107853738141.67,113971540386.42,1382
2011-06,FIFDIV,26045471774.31,1155,4017966016.94,4101802174.62,4
2011-06,FII,82876876.27,1,1700000.0,0.0,1
2011-06,FIIM,69162987.88,759,3547735.8,1782704.7,3
2011-06,FIP,300288997.23999995,31,0.0,0.0,4
2011-06,FIQ-FMIA,962178145.02,28350,704691.66,59374627.51,9
2011-06,FITVM,44467062000.659996,667021,205591153.34,542241073.58,160
2011-06,FMIA,2885273552.97,3536400,13007043.360000001,50555291.77,41
2011-06,FMIA-CL,69814801299.61,101739,478464003.75,722147715.02,133
2011-06,FMP-FGTS,8431658322.58,296307,186140.66,63281918.54,72
2011-06,FMP-FGTS CL,4801756.08,122,0.0,484271.33999999997,4
2011-07,FACFIF,251906932390.7,2527331,49818690321.54,49250829824.14,481
2011-07,FAPI,7470651.07,13963,6750.0,4366.799999999999,2
2011-07,FI,545590654862.93,1552932,62074341352.73,65589037256.69,5679
2011-07,FIC-FITVM,2760048100.4700003,91043,21094373.48,115614641.03999999,28
2011-07,FIDC,636698376.01,10,3900000.0,0.0,5
2011-07,FIEX,12961512.51,320,151685.91,4310839.12,7
2011-07,FIF,954479530706.34,751633,114622793832.06999,113438761224.35,1374
2011-07,FIFDIV,26433068883.3,1153,4667748311.84,4532343825.309999,4
2011-07,FII,83171443.08,1,0.0,0.0,1
2011-07,FIIM,63889569.39,745,1669305.0,3328955.3,3
2011-07,FIP,299273890.3,31,0.0,0.0,4
2011-07,FIQ-FMIA,912306512.93,28046,403832.76,3535775.43,9
2011-07,FITVM,43427900778.38,650924,511566864.28000003,648476538.13,159
2011-07,FMIA,2701423886.57,3531982,15931461.700000001,50791951.28,40
2011-07,FMIA-CL,69189390114.78,99098,561903773.84,551061549.87,133
2011-07,FMP-FGTS,8371863052.55,293646,1318774.99,82338289.38,72
2011-07,FMP-FGTS CL,4553313.8100000005,122,0.0,103593.19,4
2011-08,FACFIF,255434204095.06,2555860,55549920156.75,54845072159.19,481
2011-08,FAPI,7347051.71,14006,7550.0,108290.22,2
2011-08,FI,548612962526.88,1807374,72915392311.45999,75324661207.7,5777
2011-08,FIC-FITVM,2576686607.7,88218,28162408.5,135178672.41,28
2011-08,FIDC,646940847.7,10,148605.16,0.0,5
2011-08,FIEX,11625136.57,315,155346.0,1876506.5600000003,7
2011-08,FIF,964792507110.88,749848,119266640007.37999,122739490559.34,1373
2011-08,FIFDIV,26594183544.59,1127,5676311123.559999,5796961433.410001,4
2011-08,FII,82811679.14,1,0.0,1053891.25,1
2011-08,FIIM,64724259.97,691,0.0,0.0,3
2011-08,FIP,296619695.44,31,0.0,0.0,4
2011-08,FIQ-FMIA,991393420.11,27734,115685192.75000001,7200987.279999999,9
2011-08,FITVM,41239771400.840004,637033,382028470.95,783598271.28,159
2011-08,FMIA,2547033385.51,3563653,19347391.259999998,54127315.56,41
2011-08,FMIA-CL,68150563142.549995,96750,688898278.98,819839708.88,132
2011-08,FMP-FGTS,7470714893.04,291301,86314591.03,147181793.21,72
2011-08,FMP-FGTS CL,4288152.67,122,0.0,0.0,4
2011-09,FACFIF,255837651495.64,2577800,51682597972.19,53559342073.81,481
2011-09,FAPI,7181345.64,14043,2696.2,22083.86,2
2011-09,FI,554657735810.33,1534633,72044207846.05,69158110578.57,5793
2011-09,FIC-FITVM,2450861714.11,86757,16457171.73,51026716.58,28
2011-09,FIDC,654387551.13,10,0.0,0.0,5
2011-09,FIEX,13255460.07,323,364290.86,267118.83,6
2011-09,FIF,971465653165.49,750279,111305821420.92,113710165133.09999,1368
2011-09,FIFDIV,27033875448.57,1122,3452156220.58,3261857030.21,4
2011-09,FII,82520454.38,1,0.0,726802.02,1
2011-09,FIIM,60529819.16,702,4911381.3,3040471.8,3
2011-09,FIP,294793616.13,31,0.0,0.0,4
2011-09,FIQ-FMIA,962350776.8900001,27483,52000.0,3596504.4899999998,8
2011-09,FITVM,39588906684.43,631280,202719932.72,615362709.42,158
2011-09,FMIA,2389901760.43,3561667,11488933.92,22375221.810000002,41
2011-09,FMIA-CL,67245480001.38,95325,459549913.21,625927131.5,130
2011-09,FMP-FGTS,6917315127.849999,289517,529513.6,46051166.96,72
2011-09,FMP-FGTS CL,4024492.4699999997,122,0.0,0.0,4
2011-10,FACFIF,256004498018.1,2582900,50272563600.28,52021102627.74,481
2011-10,FAPI,7327620.71,14078,50650.0,54217.58,2
2011-10,FI,559788375094.48,1518337,61292197600.75,64722871399.33,5801
2011-10,FIC-FITVM,2586655318.05,85393,16592517.24,45777441.57,28
2011-10,FIDC,937741386.36,14,272000000.0,164169.65,9
2011-10,FIEX,12285670.629999999,331,378635.0,334047.83,5
2011-10,FIF,975904146644.77,748117,105765460256.94,110572967493.61,1362
2011-10,FIFDIV,26939412971.02,1102,4485889256.42,4817937236.490001,4
2011-10,FII,76140280.2,1,0.0,6469806.57,1
2011-10,FIIM,66445029.93,639,0.0,0.0,3
2011-10,FIP,304108463.84000003,31,0.0,0.0,4
2011-10,FIQ-FMIA,1012947357.8100001,27258,1094533.95,4385297.54,8
2011-10,FITVM,40880514445.54,623764,133996475.82,578193568.53,158
2011-10,FMIA,2575877410.96,3559988,9864253.91,33588940.34,41
2011-10,FMIA-CL,68575033536.20999,94002,400222833.2,680996072.74,130
2011-10,FMP-FGTS,7388235388.09,288046,36478.49,36211436.949999996,72
2011-10,FMP-FGTS CL,4328575.6,121,0.0,46874.09,4
2011-11,FACFIF,256452162481.49,2593955,54543559541.69,56321957155.89,481
2011-11,FAPI,7249156.890000001,14102,18900.0,41101.350000000006,2
2011-11,FI,575586804881.48,1508312,82979008822.33,72081411866.67,5793
2011-11,FIC-FITVM,2525054588.79,83920,23486017.38,52030455.3,28
2011-11,FIDC,954347868.67,13,6700000.0,0.0,9
2011-11,FIEX,13247699.11,340,278897.73,218850.04,5
2011-11,FIF,977074808764.71,748005,120056187602.67,125874787814.18001,1356
2011-11,FIFDIV,26828015984.39,1088,4738143214.83,5081071845.38,4
2011-11,FII,73151364.73,1,0.0,5965079.28,1
2011-11,FIIM,65782909.01,623,0.0,0.0,3
2011-11,FIP,310120145.90000004,42,1800728.93,0.0,5
2011-11,FIQ-FMIA,1012546170.43,26955,8480987.42,5940029.489999999,8
2011-11,FITVM,40094885673.89,614265,171499042.38,547620153.52,158
2011-11,FMIA,2501352463.75,3558312,9581973.67,25852508.46,41
2011-11,FMIA-CL,68014549969.4,92497,363132834.25,800440226.0600001,130
2011-11,FMP-FGTS,7330760071.04,285924,218493.16999999998,59661724.39,71
2011-11,FMP-FGTS CL,4293346.13,120,0.0,45995.45,4
2011-12,FACFIF,252050893959.56,2663738,66700249559.79,73043402298.35,481
2011-12,FAPI,7282167.02,14102,6250.62,28457.68,2
2011-12,FI,580783998733.08,1483225,85909785056.45999,84147038472.2,5816
2011-12,FIC-FITVM,2587684251.69,82381,41481438.94,54875048.0,28
2011-12,FIDC,943960922.91,14,11711900.12,0.0,9
2011-12,FIEX,14498069.82,412,973778.8099999999,355626.88,5
2011-12,FIF,965650742963.64,745718,145965584299.88,164463557963.65,1349
2011-12,FIFDIV,25988655251.16,1013,4620836448.5,5698318856.870001,4
2011-12,FII,73659608.28,1,1000000.0,100098.99,1
2011-12,FIIM,60719089.82000001,596,0.0,4878458.4,3
2011-12,FIP,319321479.69,46,18138.0,0.0,5
2011-12,FIQ-FMIA,997768327.27,26642,824305.1,41261356.68,8
2011-12,FITVM,41857627886.0,605207,192523543.9,524051487.29,158
2011-12,FMIA,2480488362.96,3556446,7354509.6899999995,36575257.96,40
2011-12,FMIA-CL,69927089975.57,91261,772001429.11,1000941096.9399999,128
2011-12,FMP-FGTS,6920073160.91,284192,148643.96,43226722.38,71
2011-12,FMP-FGTS CL,4204198.87,119,0.0,14050.06,4
2012-01,FACFIF,263338271103.44,2638185,62606395512.17,53577293496.22,481
2012-01,FAPI,7435057.61,14190,37150.0,28188.21,2
2012-01,FI,588597000604.9401,1469175,68855962377.35,72479072542.36,5804
2012-01,FIC-FITVM,2693994868.62,82045,42143287.84,57870005.83,28
2012-01,FIDC,986940464.63,15,0.0,0.0,10
2012-01,FIEX,13497176.309999999,408,634411.13,713412.22,5
2012-01,FIF,992312386478.7,745299,133359834223.03,119705061796.51001,1342
2012-01,FIFDIV,27597514576.28,971,9865437383.33,8493041378.56,4
2012-01,FII,76468071.88,1,0.0,620988.36,1
2012-01,FIIM,23352668.71,577,12712167.8,53200045.7,3
2012-01,FIP,321048737.39,46,0.0,0.0,5
2012-01,FIQ-FMIA,1037172557.67,26391,250000.0,4870839.89,7
2012-01,FITVM,43609838753.12,595708,291096702.19,740503082.5600001,157
2012-01,FMIA,2663165658.58,3554829,12286127.07,38693515.37,40
2012-01,FMIA-CL,71610094005.59999,90041,965048800.98,1347507972.4899998,128
2012-01,FMP-FGTS,7926745191.16,282035,16606.71,58401363.230000004,71
2012-01,FMP-FGTS CL,4676589.5,119,0.0,0.0,4
2012-02,FACFIF,265336643357.24,2627004,50795857002.159996,50713522368.25,481
2012-02,FAPI,7442144.64,14218,2850.0,78347.69,2
2012-02,FI,597927275667.45,1463174,68124715746.700005,65233328146.770004,5828
2012-02,FIC-FITVM,2800941347.37,81145,30895454.05,83555765.35,28
2012-02,FIDC,998488042.67,15,0.0,0.0,10
2012-02,FIEX,13503620.120000001,391,268506.96,176602.11,5
2012-02,FIF,1000900666792.76,746154,109598113531.36,108967149763.72,1336
2012-02,FIFDIV,28362670281.3,908,4804917356.5,4244974589.2599998,4
2012-02,FII,76143363.11,1,0.0,0.0,1
2012-02,FIIM,19630981.98,546,1761868.9,7180159.6,3
2012-02,FIP,333249469.96999997,46,0.0,0.0,5
2012-02,FIQ-FMIA,1081669610.53,26134,205872.88,5704850.5600000005,7
2012-02,FITVM,44060119336.23,588442,365397050.37,553252220.39,155
2012-02,FMIA,2726137317.44,3553588,16658917.96,54982729.04,40
2012-02,FMIA-CL,72682767351.40999,89365,393760255.05,806510493.7,128
2012-02,FMP-FGTS,7583294016.7300005,280129,159850.91999999998,55233906.56,71
2012-02,FMP-FGTS CL,4686142.6,119,0.0,1698.26,4
2012-03,FACFIF,267218476849.6,2628725,56649871551.6,56891543506.42,481
2012-03,FAPI,7358689.850000001,14155,8600.0,122860.02999999998,2
2012-03,FI,604712890398.42,1429212,84714806176.81,82427708776.63,5834
2012-03,FIC-FITVM,2840409905.83,80655,43299452.86,61418058.72,28
2012-03,FIDC,1011496559.69,15,0.0,0.0,10
2012-03,FIEX,14341564.05,379,325486.32,361498.77,5
2012-03,FIF,1036596970802.59,749223,148467878749.18,122410029260.57,1324
2012-03,FIFDIV,28620876804.129997,870,5668964956.33,5646894084.320001,4
2012-03,FII,75944105.22,1,0.0,0.0,1
2012-03,FIIM,23814427.55,561,4098079.9,0.0,3
2012-03,FIP,339669212.19,46,0.0,0.0,5
2012-03,FIQ-FMIA,1087025862.27,25827,768300.0,5040189.0,7
2012-03,FITVM,43766492005.5,579460,291975791.33,453986042.11,152
2012-03,FMIA,2670676716.13,3552271,25560516.62,51701806.96,39
2012-03,FMIA-CL,72193971535.59,89420,460409637.77,785544799.82,128
2012-03,FMP-FGTS,7262187582.6,277941,751310.99,64823938.33,68
2012-03,FMP-FGTS CL,4470324.4399999995,118,0.0,87704.11,4
2012-04,FACFIF,266516615315.16,2603541,53394467535.83,56135094334.44,481
2012-04,FAPI,7316019.75,14289,16635.0,22939.16,2
2012-04,FI,607719775063.55,1420213,78806109359.94,80071703442.64,5830
2012-04,FIC-FITVM,2833463494.54,80237,39694775.4,53429752.69,28
2012-04,FIDC,1023026062.78,15,10000.0,0.0,10
2012-04,FIEX,15356699.540000001,404,462329.97,139467.09,5
2012-04,FIF,1042952250429.47,751269,118423562420.54001,124466470236.65001,1306
2012-04,FIFDIV,28064509663.03,850,4122795736.95,4880499537.890001,4
2012-04,FII,83112808.57,1,0.0,0.0,1
2012-04,FIIM,19420645.93,558,0.0,4032572.1,3
2012-04,FIP,335464172.26,46,0.0,0.0,5
2012-04,FIQ-FMIA,1085964953.21,25574,790076.55,4535213.87,7
2012-04,FITVM,43120908004.13,570614,286682686.51,668370860.1899999,151
2012-04,FMIA,2561512535.4,3550741,13837671.75,37530621.28,39
2012-04,FMIA-CL,71224872349.06,88816,364368808.34,1168341847.77,126
2012-04,FMP-FGTS,6980673599.6,275999,986441.2400000001,55504433.78,67
2012-04,FMP-FGTS CL,4244450.95,117,0.0,4321.34,4
2012-05,FACFIF,263304909742.07,2580850,61703363293.59,66766413223.19,481
2012-05,FAPI,7065340.9,14327,5350.0,144153.38,2
2012-05,FI,605035307739.0,1416688,93428445151.26,96128190829.79,5854
2012-05,FIC-FITVM,2643826761.64,79200,49330846.82,52486967.15,28
2012-05,FIDC,1034364038.65,15,1420000.0,0.0,10
2012-05,FIEX,17338292.9,519,1587705.05,474046.48,5
2012-05,FIF,1038796227466.99,757659,138126450512.8,151320637400.82,1303
2012-05,FIFDIV,29040161904.43,639,5953887225.45,5172736980.299999,3
2012-05,FII,83087661.44,1,0.0,0.0,1
2012-05,FIIM,20504997.13,610,2778091.6,0.0,4
2012-05,FIP,333268950.32,79,10888000.0,0.0,6
2012-05,FIQ-FMIA,1030161548.04,25309,187000.0,6117317.42,7
2012-05,FITVM,41082034216.86,534862,565988200.7,414219033.41,150
2012-05,FMIA,2300889937.4,3549111,15783252.47,29430344.72,39
2012-05,FMIA-CL,68195278122.090004,87950,413426472.02000004,1258433081.39,126
2012-05,FMP-FGTS,6140139612.34,273922,81290.12,53356516.5,67
2012-05,FMP-FGTS CL,3851290.99,116,0.0,17924.19,4
2012-06,FACFIF,262581376643.28,2573736,55298464519.04,57566051195.26,481
2012-06,FAPI,6952495.45,14363,2850.0,122193.62,2
2012-06,FI,609203826040.5,1406053,81989951864.05,86838434649.25,5885
2012-06,FIC-FITVM,2708010603.2799997,78308,45576662.47,44798006.03,28
2012-06,FIDC,1060056078.34,15,25630000.0,0.0,10
2012-06,FIEX,23180606.1,825,6117023.12,528970.4,5
2012-06,FIF,1040121893335.92,757751,140808866204.47,145329851380.62,1297
2012-06,FIFDIV,29104918227.75,625,4347800498.71,4465480333.17,3
2012-06,FII,97368662.4,1,14300000.0,0.0,1
2012-06,FIIM,20964672.509999998,642,0.0,0.0,4
2012-06,FIP,341667768.9,79,0.0,0.0,6
2012-06,FIQ-FMIA,1046532530.12,25093,237372.21,4374820.24,7
2012-06,FITVM,41286928381.15,554647,354185769.98,610089466.82,149
2012-06,FMIA,2321656254.63,3525329,9136825.15,25591610.72,39
2012-06,FMIA-CL,68778080842.33,86913,506301769.25,659317707.02,125
2012-06,FMP-FGTS,6171243299.57,272059,693015.28,42315653.92,67
2012-06,FMP-FGTS CL,3791442.58,116,0.0,0.0,4
2012-07,FACFIF,262169908526.33,2579992,59558282667.340004,61653966868.88,481
2012-07,FAPI,6737943.87,14400,5150.0,287313.29000000004,2
2012-07,FI,618446421292.09,1387695,83708345305.04,81660541853.35,5926
2012-07,FIC-FITVM,2756440754.05,77590,39309030.56,51266965.85,28
2012-07,FIDC,1077684603.08,16,3525000.0,0.0,10
2012-07,FIEX,27129965.6,994,4811473.2,1815467.8599999999,5
2012-07,FIF,1044750825349.16,764459,128889976949.67,134841584624.81,1293
2012-07,FIFDIV,28617835268.88,627,4579705468.95,5258175047.93,3
2012-07,FII,97892008.19,1,0.0,0.0,1
2012-07,FIIM,21485978.12,644,0.0,0.0,4
2012-07,FIP,340109418.74,75,2954000.0,6232871.94,6
2012-07,FIQ-FMIA,1070996417.1800001,24842,7497644.12,5639160.4399999995,7
2012-07,FITVM,41313587527.44,546780,281897821.96999997,450246921.98,149
2012-07,FMIA,2334656311.65,3521390,9540826.51,30224457.060000002,39
2012-07,FMIA-CL,68336324971.520004,85751,377106808.44,690726456.9499999,125
2012-07,FMP-FGTS,6040306041.41,269988,301457.58,46959255.81,67
2012-07,FMP-FGTS CL,3924324.21,116,0.0,0.0,4
2012-08,FACFIF,259546149552.88998,2570348,54574187054.490005,58715036206.25,481
2012-08,FAPI,6676868.45,14428,3550.0,63328.87,2
2012-08,FI,624505544534.65,1381722,89790837895.56,91956532848.05,5978
2012-08,FIC-FITVM,2781645968.67,77362,83210653.7,44761310.410000004,28
2012-08,FIDC,1089998046.23,16,2500000.0,0.0,10
2012-08,FIEX,28133567.4,1027,3467858.64,2191080.04,5
2012-08,FIF,1053227182927.9299,765439,126189923846.71,125581754184.92,1287
2012-08,FIFDIV,28237097584.18,630,4292057183.95,4866697973.62,3
2012-08,FII,115867939.62,6,18027186.27,0.0,2
2012-08,FIIM,23015834.83,658,2899244.2,1652455.1,4
2012-08,FIP,335297847.08,75,0.0,0.0,6
2012-08,FIQ-FMIA,1110043498.76,24599,26149000.0,11528516.78,7
2012-08,FITVM,40325591988.21,538774,455728383.73,1366138990.19,146
2012-08,FMIA,2314711780.47,3516971,10826818.99,34397015.24,39
2012-08,FMIA-CL,67197382025.29,84548,236366753.73000002,800790489.0,124
2012-08,FMP-FGTS,5888048036.33,268020,236206.41,51906464.379999995,67
2012-08,FMP-FGTS CL,4005285.67,115,0.0,6958.7,4
2012-09,FACFIF,255573256192.32,2563401,47854965612.23,53149267421.27,481
2012-09,FAPI,6652800.5,14457,5200.0,90440.66,2
2012-09,FI,633171398269.79,1374672,100779616855.45,95930962568.0,6020
2012-09,FIC-FITVM,2792820890.79,77126,50945073.74,49033877.24,28
2012-09,FIDC,1100815254.42,16,10000.0,0.0,10
2012-09,FIEX,26143641.61,959,884917.12,2999508.67,5
2012-09,FIF,1043155708949.9,765815,120448119632.56,130248054267.85,1284
2012-09,FIFDIV,27678763813.25,629,4425436814.77,5131320813.28,3
2012-09,FII,121448189.25999999,6,2220000.0,0.0,2
2012-09,FIIM,23255947.509999998,661,0.0,0.0,4
2012-09,FIP,2359964698.88,83,0.0,0.0,11
2012-09,FIQ-FMIA,1125161190.3,24393,480979.95,3404648.59,7
2012-09,FITVM,40851602650.79,531498,339064428.68,627062530.17,144
2012-09,FMIA,2356871785.07,3535719,8262779.760000001,32044104.13,39
2012-09,FMIA-CL,67723596798.54,83354,162418272.22,370389437.73,123
2012-09,FMP-FGTS,6355695991.04,266684,549674.9099999999,39078761.73,67
2012-09,FMP-FGTS CL,4166487.76,113,0.0,39380.43,4
2012-10,FACFIF,252074872865.09,2535296,65125388896.54,70192048685.13,481
2012-10,FAPI,6522820.0,14487,4950.0,54250.560000000005,2
2012-10,FI,641250744793.94,1350015,86846579998.25,82877716041.53,6052
2012-10,FIC-FITVM,2808634411.4300003,76815,63450694.43,49861773.11,28
2012-10,FIDC,1130950962.65,16,20000000.0,0.0,10
2012-10,FIEX,25487701.74,914,1967201.37,2611600.34,5
2012-10,FIF,1048560642356.6,768837,138225989731.59,143211832834.18,1273
2012-10,FIFDIV,27305095544.71,621,6044585796.08,6585308256.53,3
2012-10,FII,123223280.34,6,2220000.0,0.0,2
2012-10,FIIM,23304231.740000002,700,0.0,0.0,4
2012-10,FIP,2708273487.76,83,0.0,0.0,17
2012-10,FIQ-FMIA,1133209987.35,24133,29000.0,2661033.76,7
2012-10,FITVM,40959280162.49,524333,366176714.91,380275391.35,142
2012-10,FMIA,2280077455.37,3528515,8008812.25,32963544.810000002,39
2012-10,FMIA-CL,67610349177.53,82258,218699628.68,775189846.34,123
2012-10,FMP-FGTS,6208986708.03,264593,319507.9,53696100.33,67
2012-10,FMP-FGTS CL,3966061.74,109,0.0,32980.68,4
2012-11,FACFIF,251447948469.45,2526628,59215967089.01,61072097219.47,481
2012-11,FAPI,6492592.35,14416,7730.0,52645.87,2
2012-11,FI,660723002138.1,1326875,95422047531.97,79605314177.08,6093
2012-11,FIC-FITVM,2849411276.07,76081,48672772.67,62474210.239999995,28
2012-11,FIDC,1137513674.0,17,10000.0,0.0,10
2012-11,FIEX,31198435.64,1000,5571163.97,849040.2999999999,5
2012-11,FIF,1053186330864.53,770867,130565573017.11,132009261995.17,1264
2012-11,FIFDIV,27051611695.95,601,4478219221.56,4878728971.96,3
2012-11,FII,125070500.47,6,2220000.0,0.0,2
2012-11,FIIM,23451426.689999998,700,0.0,0.0,4
2012-11,FIP,2689074335.42,83,5080.74,0.0,17
2012-11,FIQ-FMIA,1172632855.79,23873,1193000.0,4628382.36,7
2012-11,FITVM,35528975604.93,535985,370105739.18,5832730558.66,141
2012-11,FMIA,2269591577.2400002,3524514,6297364.72,33431361.35,39
2012-11,FMIA-CL,67171596926.95,80893,211985608.38,534863419.46000004,123
2012-11,FMP-FGTS,5828760369.54,262831,151233.46000000002,40831788.49,67
2012-11,FMP-FGTS CL,3807592.41,108,0.0,13597.05,4
2012-12,FACFIF,246159951085.16998,2521681,68708981570.45,75261286115.81,481
2012-12,FAPI,7016514.46,14544,473904.28,17479.71,2
2012-12,FI,648200848971.04,1317943,109518221169.08,130259606042.53,6186
2012-12,FIC-FITVM,3002386164.85,75949,75363212.53,66530869.5,28
2012-12,FIDC,1200018784.44,17,4000000.0,6227038.11,10
2012-12,FIEX,31691728.5,1070,2648446.39,1254752.95,5
2012-12,FIF,1051941591836.96,775307,181035380903.86,193702952923.16,1252
2012-12,FIFDIV,24986231597.04,569,5191308799.49,7399233216.6,3
2012-12,FII,128972453.29,6,3595452.0,0.0,2
2012-12,FIIM,24192221.55,862,0.0,0.0,4
2012-12,FIP,2680417303.53,89,4282.75,0.0,17
2012-12,FIQ-FMIA,1211030973.24,23691,241061.63,2255761.84,7
2012-12,FITVM,35921824769.72,509078,384728229.93,488546295.07,139
2012-12,FMIA,2403877259.29,3701499,56707617.72,37463288.04,38
2012-12,FMIA-CL,67753401035.57,78488,439811699.12,656802262.86,120
2012-12,FMP-FGTS,6224591009.07,261174,499493.93,49566433.16,67
2012-12,FMP-FGTS CL,3942872.08,108,0.0,0.0,4
2013-01,FACFIF,253306348615.07,2492581,64592865498.86,58675888396.299995,481
2013-01,FAPI,6925534.03,14579,5080.0,75691.95,2
2013-01,FI,650248771665.55,1316755,97348612522.43,98937390708.79,6223
2013-01,FIC-FITVM,3024141855.7200003,76352,103195765.91,68131654.52,28
2013-01,FIDC,1201710158.92,15,10000.0,3000000.0,10
2013-01,FIEX,33699585.32,982,5359886.85,2091715.6600000001,5
2013-01,FIF,1068028636338.84,788847,163361262577.91,152878711839.88,1240
2013-01,FIFDIV,26602510641.22,587,6503054062.61,5037217934.42,3
2013-01,FII,134967539.25,6,1056000.0,0.0,2
2013-01,FIIM,24485413.89,924,0.0,0.0,4
2013-01,FIP,3633127618.05,90,18832.690000000002,0.0,18
2013-01,FIQ-FMIA,1229920405.96,23451,12694376.99,2953246.88,7
2013-01,FITVM,35938256353.15,502615,765029782.89,562053463.0,138
2013-01,FMIA,2353333812.32,3699132,11266358.870000001,36760483.68,37
2013-01,FMIA-CL,71764311509.67,75152,324822736.3,283859541.83,118
2013-01,FMP-FGTS,5815578841.08,259196,56966.45,52792125.77,67
2013-01,FMP-FGTS CL,3812235.29,108,0.0,0.0,4
2013-02,FACFIF,259297465294.25,2477101,59397944130.71,54273976226.04,481
2013-02,FAPI,6756729.96,14607,1880.0,57338.84,2
2013-02,FI,656915827392.64,1312303,84073650765.05,76223312599.62,6251
2013-02,FIC-FITVM,3014434499.3,75755,54353485.050000004,42301871.949999996,27
2013-02,FIDC,1208735613.53,17,10000.0,0.0,10
2013-02,FIEX,32648282.23,887,774517.52,1552304.42,5
2013-02,FIF,1073279311782.62,787931,174996914524.66,171391911639.54,1234
2013-02,FIFDIV,27372146262.19,589,7782359037.099999,7141733883.31,3
2013-02,FII,136061498.52,6,1200000.0,0.0,2
2013-02,FIIM,26501903.98,926,9454660.2,7049205.7,4
2013-02,FIP,3639111955.29,90,4939052.87,0.0,18
2013-02,FIQ-FMIA,1188573602.28,23252,5717826.62,57029018.96,7
2013-02,FITVM,35262522923.44,496735,459285875.51,360911064.21,137
2013-02,FMIA,2267391772.56,3697372,11616405.85,23630193.68,37
2013-02,FMIA-CL,71217597078.0,74421,198188415.88,376417612.61,114
2013-02,FMP-FGTS,5052121406.49,257603,271600.43,35941525.23,67
2013-02,FMP-FGTS CL,3490695.02,107,0.0,34431.84,4
2013-03,FACFIF,262232876269.0,2485341,59850419365.14,58002754281.69,481
2013-03,FAPI,6493791.739999999,14637,3680.0,253371.24,2
2013-03,FI,660258864952.16,1312972,89312766457.06,85924037831.15001,6330
2013-03,FIC-FITVM,2984527145.1,74698,51498741.18,47732623.67,27
2013-03,FIDC,1227281810.51,16,0.0,0.0,10
2013-03,FIEX,32785897.23,867,267264.88,693551.38,5
2013-03,FIF,1076746655314.26,789093,171680384125.15,170892347022.83,1232
2013-03,FIFDIV,26897937598.82,603,5649893906.240001,6270786754.83,3
2013-03,FII,138928269.58,6,1680000.0,0.0,2
2013-03,FIIM,26062558.150000002,938,0.0,0.0,4
2013-03,FIP,3568217792.49,97,3368.3599999999997,1.65,18
2013-03,FIQ-FMIA,1151863570.3600001,23061,609404.21,34526243.71,7
2013-03,FITVM,35996225968.31,491135,1315397895.55,510837879.56,137
2013-03,FMIA,2251157452.4900002,3695470,39573105.85,26455632.16,37
2013-03,FMIA-CL,71128341378.86,73572,140671659.85999998,187623970.94,114
2013-03,FMP-FGTS,5112961533.17,255973,87930.95000000001,32155677.27,67
2013-03,FMP-FGTS CL,3547948.7,106,0.0,14151.29,4
2013-04,FACFIF,264974710514.57,2469783,65682402604.15,64416026115.49,481
2013-04,FAPI,6481088.22,14664,3730.0,9321.59,2
2013-04,FI,660162552643.3,1301354,91622083370.49,95682457434.64,6370
2013-04,FIC-FITVM,2946514792.2799997,72695,44776171.71,90611742.56,27
2013-04,FIDC,1239011845.61,16,10000.0,0.0,10
2013-04,FIEX,32604266.42,850,944405.1,1325371.49,5
2013-04,FIF,1074186834026.83,779148,182350039243.38,191744393699.41,1228
2013-04,FIFDIV,26709484872.98,539,6444743223.62,6793015814.8,3
2013-04,FII,140454453.82999998,6,1680000.0,0.0,2
2013-04,FIIM,26262653.22,924,0.0,0.0,4
2013-04,FIP,3621674884.42,91,10262.68,0.0,18
2013-04,FIQ-FMIA,1136688852.63,22842,465492.89999999997,25937127.0,7
2013-04,FITVM,37672935175.6,482894,1925916837.8,689268956.24,137
2013-04,FMIA,2230785885.7999997,3693553,13364738.05,37835917.86,37
2013-04,FMIA-CL,71657590016.28,71876,244367143.99,321060889.82,114
2013-04,FMP-FGTS,5444041925.2,254119,294578.27,39188073.49,67
2013-04,FMP-FGTS CL,3701815.04,106,0.0,0.0,4
2013-05,FACFIF,268331858755.22,2497031,66424608576.02,64067120451.829994,481
2013-05,FAPI,6392307.390000001,14694,3730.0,94518.77,2
2013-05,FI,666388267856.6,1291615,101743961302.62,94699706049.91,6424
2013-05,FIC-FITVM,2887163829.86,71241,28070727.32,68683723.27,27
2013-05,FIDC,1242895347.32,16,450000.0,0.0,10
2013-05,FIEX,33074779.7,835,463464.43,1073091.7,5
2013-05,FIF,1073638193995.66,775992,177997532009.88998,177769881369.83,1222
2013-05,FIFDIV,26869808206.52,558,5603426307.06,5598645734.9,3
2013-05,FII,141413679.09,6,1680000.0,0.0,2
2013-05,FIIM,26152139.04,903,0.0,0.0,4
2013-05,FIP,3714027929.89,96,17003164.03,0.0,18
2013-05,FIQ-FMIA,1134261713.07,22631,143706.99,10032753.22,7
2013-05,FITVM,36816370637.22,476787,405552875.01,520718747.08,136
2013-05,FMIA,2163203141.61,3691783,6627416.76,27485500.91,37
2013-05,FMIA-CL,71581828975.04999,70468,247700536.7,528981159.53000003,114
2013-05,FMP-FGTS,5065617789.76,252248,163953.0,40346231.54,67
2013-05,FMP-FGTS CL,3646974.7,106,0.0,0.0,4
2013-06,FACFIF,267628506595.3,2492766,65183896810.75,66843966827.61,481
2013-06,FAPI,6263492.54,14620,3530.0,10212.6,2
2013-06,FI,663119778060.85,1279513,90608248467.16,94673768553.89,6493
2013-06,FIC-FITVM,2656570942.73,69630,28631124.28,57247440.26,27
2013-06,FIDC,1257354054.86,17,10710000.0,0.0,10
2013-06,FIEX,33696876.41,833,1155141.2,1361339.8599999999,5
2013-06,FIF,1046718291818.18,764387,175643471791.75,198834250551.91,1215
2013-06,FIFDIV,29019730507.68,567,6642597916.74,4658326982.31,3
2013-06,FII,137969762.22,6,1200000.0,0.0,2
2013-06,FIIM,22618594.46,910,0.0,1424330.1,4
2013-06,FIP,3591591991.27,97,3004124.28,0.0,18
2013-06,FIQ-FMIA,1069106443.5699999,22444,649768.59,3196820.1,7
2013-06,FITVM,34127493484.71,470752,304870510.96,507953764.5,136
2013-06,FMIA,1938096637.91,3690383,14736420.75,27378875.88,37
2013-06,FMIA-CL,69399158583.56999,69474,217448080.99,265652362.15,114
2013-06,FMP-FGTS,4350001431.28,250617,92023.37,32026077.61,67
2013-06,FMP-FGTS CL,3182540.92,105,0.0,38908.44,4
2013-07,FACFIF,265582984720.48,2470742,63938347999.46,67785225680.83,481
2013-07,FAPI,6257865.609999999,14757,5480.0,44074.19,2
2013-07,FI,664088705925.13,1260706,92057324232.97,95844304251.87,6518
2013-07,FIC-FITVM,2668854728.1,68313,20949775.82,58103829.77,27
2013-07,FIDC,1268132875.13,17,10000.0,0.0,10
2013-07,FIEX,37886562.04,909,3530054.9,700659.71,5
2013-07,FIF,1051533747873.68,755715,169018781263.96002,172582831670.22,1208
2013-07,FIFDIV,28031909045.25,544,5807598641.05,6994577525.13,3
2013-07,FII,150426570.19,6,1254000.0,0.0,2
2013-07,FIIM,22983748.58,891,0.0,0.0,4
2013-07,FIP,3745234188.44,129,128033688.22000001,0.0,21
2013-07,FIQ-FMIA,1141648679.42,22234,54061584.83,3238218.27,7
2013-07,FITVM,34655148463.43,465313,315119723.27,553615446.63,136
2013-07,FMIA,1949776588.4,3688990,13098648.86,25110621.22,37
2013-07,FMIA-CL,68645312464.979996,68557,188807089.07999998,2702705252.21,114
2013-07,FMP-FGTS,4539741250.23,248946,69124.48000000001,31106690.95,66
2013-07,FMP-FGTS CL,3243779.1,105,0.0,0.0,4
2013-08,FACFIF,265277997401.78,2568668,62035188055.71,64556670135.24,481
2013-08,FAPI,6254014.22,14786,2430.0,47324.69,2
2013-08,FI,667904670765.68,1169516,97421078580.38,98089726073.16,6542
2013-08,FIC-FITVM,2635736858.32,67109,22411112.92,56174599.21,27
2013-08,FIDC,1225834643.13,16,0.0,0.0,10
2013-08,FIEX,42196531.760000005,999,4080778.54,828867.07,5
2013-08,FIF,1041546233588.51,737067,166305326618.92,179085181290.07,1203
2013-08,FIFDIV,27577427816.74,537,4616294235.46,5263051146.34,3
2013-08,FII,151828508.93,6,1200000.0,0.0,2
2013-08,FIIM,22575634.49,881,0.0,0.0,4
2013-08,FIP,3684554904.6299996,129,700000.0,0.0,21
2013-08,FIQ-FMIA,1142833202.7,22053,73500.0,3978361.79,7
2013-08,FITVM,34759866571.96,460321,169557246.56,632766424.1,136
2013-08,FMIA,1960955841.84,3687616,4281505.54,28731799.97,37
2013-08,FMIA-CL,67402512522.01,67556,185991152.77,1081030260.22,113
2013-08,FMP-FGTS,4838202906.77,247174,220756.21000000002,40368711.07,66
2013-08,FMP-FGTS CL,3304665.98,103,0.0,20899.989999999998,4
2013-09,FACFIF,266030584278.63,2567560,61957890001.19,62463996230.89,481
2013-09,FAPI,6325561.359999999,14807,3030.0,27193.519999999997,2
2013-09,FI,664134660106.13,1147351,80466804291.76,95659209219.89,6576
2013-09,FIC-FITVM,2686773328.55,66026,16011580.31,59389774.5,27
2013-09,FIDC,1238154823.69,17,4999.99,0.0,10
2013-09,FIEX,38443046.92,939,1562587.45,3182332.36,5
2013-09,FIF,1041553122075.5599,746193,151649190830.46,160180974398.99,1194
2013-09,FIFDIV,29184246754.44,530,8223559996.31,6813216571.650001,3
2013-09,FII,153406005.28,6,1200000.0,0.0,2
2013-09,FIIM,23751717.59,697,0.0,0.0,4
2013-09,FIP,3712711655.68,133,315000.0,0.0,21
2013-09,FIQ-FMIA,1150840445.34,21858,212665.18,6136325.29,7
2013-09,FITVM,35276959917.659996,455395,195181322.71,602660811.08,136
2013-09,FMIA,2027486327.95,3686335,9966866.4,26790861.44,37
2013-09,FMIA-CL,67565871214.439995,66460,177773946.74,407725790.01,113
2013-09,FMP-FGTS,4937792529.309999,245861,344560.22,35211528.91,66
2013-09,FMP-FGTS CL,3448459.76,103,0.0,0.0,4
2013-10,FACFIF,266217541404.13,2560706,66728292652.85,68378284003.979996,481
2013-10,FAPI,6283466.42,14842,5130.0,97265.93000000001,2
2013-10,FI,659029375476.8,1143885,84430028437.45,95164542212.95,6620
2013-10,FIC-FITVM,2750576557.84,64823,25793670.64,64957354.46,27
2013-10,FIDC,1284610804.03,17,510000.0,0.0,10
2013-10,FIEX,36299445.05,837,550814.0,2574237.96,5
2013-10,FIF,1038884413310.28,739518,166591449809.01,177641745375.02,1190
2013-10,FIFDIV,28389468286.510002,519,6237023419.47,7261811572.92,3
2013-10,FII,155012408.91,6,1200000.0,0.0,2
2013-10,FIIM,24253782.0,676,0.0,0.0,4
2013-10,FIP,3702123740.04,140,439000.0,0.0,21
2013-10,FIQ-FMIA,1148848240.89,21646,107000.0,38345150.21,7
2013-10,FITVM,35277303347.08,458084,160924849.49,533938319.93,135
2013-10,FMIA,2107151738.18,3676566,20284307.61,39107219.58,37
2013-10,FMIA-CL,68138153347.71001,65213,164170027.89,331035935.62,113
2013-10,FMP-FGTS,5412687109.22,244475,326500.77999999997,36867009.300000004,66
2013-10,FMP-FGTS CL,3565136.9699999997,102,0.0,154641.08,4
2013-11,FACFIF,267597311661.58002,2573956,62518402476.37,64883585673.58,481
2013-11,FAPI,5953530.649999999,14882,2130.0,100562.31,2
2013-11,FI,647645847145.6,1118603,77137463407.0,93900128103.71,6623
2013-11,FIC-FITVM,2687003477.94,63780,24182227.07,52596989.22,27
2013-11,FIDC,1291350716.97,17,502500.0,0.0,10
2013-11,FIEX,37615526.77,826,732527.01,880062.97,5
2013-11,FIF,1026793986728.02,732873,174500598012.37,189371982044.28,1187
2013-11,FIFDIV,27543609907.86,513,5272244463.17,6314534625.99,3
2013-11,FII,156587525.92000002,6,1200000.0,0.0,2
2013-11,FIIM,23952760.03,663,0.0,0.0,4
2013-11,FIP,3801395636.63,152,1000000.0,0.0,21
2013-11,FIQ-FMIA,1084082442.91,21339,340614.28,63694323.1,7
2013-11,FITVM,34501119433.3,453261,201231165.11,594104586.73,135
2013-11,FMIA,2035355448.92,3653036,7050911.4,26104058.87,37
2013-11,FMIA-CL,67738777435.87,64359,117386149.0,545156682.42,110
2013-11,FMP-FGTS,5204070013.42,242824,521789.01,47500968.54,66
2013-11,FMP-FGTS CL,3388370.34,101,0.0,35579.29,4
2013-12,FACFIF,264674505021.83,2589423,82181661158.88,86808495440.9,481
2013-12,FAPI,244740.17,104,1280.0,5718102.79,2
2013-12,FI,648712494114.53,1105914,105919494487.35,102503558996.0,6650
2013-12,FIC-FITVM,2582124332.2000003,62527,15307172.36,63543951.63,26
2013-12,FIDC,1318938745.22,19,14810000.0,0.0,12
2013-12,FIEX,37582199.18,833,640522.51,1056764.77,5
2013-12,FIF,1016861183601.6,720126,222267056911.28,240991944523.61,1184
2013-12,FIFDIV,24664718365.850002,492,6006857022.17,9088189632.33,3
2013-12,FII,197261534.34,6,1200000.0,0.0,2
2013-12,FIIM,23357743.87,644,0.0,0.0,4
2013-12,FIP,3916058738.88,155,20839981.54,0.0,22
2013-12,FIQ-FMIA,1060909917.49,21143,6683939.14,16085969.84,7
2013-12,FITVM,33596919548.12,420947,147475600.68,447905864.9,133
2013-12,FMIA,1960907501.96,3673894,4129483.27,22197932.15,36
2013-12,FMIA-CL,70690492533.79001,62645,173514402.25,420836029.23,109
2013-12,FMP-FGTS,4847027346.47,241528,220612.11000000002,29478821.919999998,66
2013-12,FMP-FGTS CL,3129631.3899999997,99,0.0,44526.92,4
2014-01,FACFIF,273144504365.61,2573620,79020828127.45999,72865161819.05,481
2014-01,FAPI,246329.06,104,80.0,0.0,2
2014-01,FI,634772465850.38,1085219,92297509451.02,103707288157.86,6666
2014-01,FIC-FITVM,2349188749.46,60833,14471857.54,77632322.61,26
2014-01,FIDC,1340880884.8500001,19,1505000.0,0.0,12
2014-01,FIEX,40471064.45,884,2145747.0,493534.73,5
2014-01,FIF,1018800372218.5599,715135,192525847449.7,193967912729.61002,1178
2014-01,FIFDIV,26553816903.969997,495,7387408775.11,5707573397.9,3
2014-01,FII,212340818.73000002,6,1650000.0,0.0,2
2014-01,FIIM,21536711.160000004,638,0.0,0.0,4
2014-01,FIP,3856701521.18,161,14172693.01,0.0,23
2014-01,FIQ-FMIA,961930535.38,20957,5060901.71,47670479.66,7
2014-01,FITVM,31523699672.09,441850,192523586.66,397910814.65,130
2014-01,FMIA,1781193897.23,3672546,6527179.69,26333855.93,36
2014-01,FMIA-CL,69009489065.28,61273,133642512.13,340579647.57,108
2014-01,FMP-FGTS,4310143631.72,239829,621674.15,35843503.39,66
2014-01,FMP-FGTS CL,2826106.81,99,0.0,0.0,4
2014-02,FACFIF,277284891591.65,2587948,70737651260.12,68227557682.35,481
2014-02,FAPI,247839.28,104,80.0,0.0,2
2014-02,FI,628232984244.24,1077770,76961680878.2,82811120244.34,6646
2014-02,FIC-FITVM,2279431981.69,59216,16067651.52,64775438.49,26
2014-02,FIDC,1360238331.87,20,1005000.0,0.0,13
2014-02,FIEX,39558268.6,943,1734589.23,1678226.3599999999,5
2014-02,FIF,1034098873219.62,712415,209918628614.12,209961602006.78,1174
2014-02,FIFDIV,27175373064.86,491,8040608394.74,7621504147.09,3
2014-02,FII,216305313.76,6,3450000.0,0.0,2
2014-02,FIIM,21419735.84,625,0.0,0.0,4
2014-02,FIP,3724027175.31,103,600000.0,0.0,20
2014-02,FIQ-FMIA,934678320.49,20789,58000.0,27457992.86,7
2014-02,FITVM,31010760607.69,436221,202185701.83,505191789.45,129
2014-02,FMIA,1732500571.67,3671062,4855735.4799999995,30811793.32,36
2014-02,FMIA-CL,68292916607.590004,60625,107817463.64,259275693.66,108
2014-02,FMP-FGTS,4165850124.09,238237,221533.52,31930835.98,66
2014-02,FMP-FGTS CL,2672638.52,97,0.0,72919.19,4
2014-03,FACFIF,277590984904.36,2586947,66029583929.34,67331671113.93,481
2014-03,FAPI,249328.54,104,80.0,0.0,2
2014-03,FI,634910864516.47,1066354,83807636796.98,80677076657.0,6643
2014-03,FIC-FITVM,2337112113.68,57876,17132531.21,71605710.46000001,25
2014-03,FIDC,1385947555.77,25,8991000.0,0.0,14
2014-03,FIEX,37740779.29,916,515909.49,1202570.65,5
2014-03,FIF,1038838566252.99,710730,181206829112.29,184724478999.11002,1170
2014-03,FIFDIV,28201320234.120003,488,6460870267.33,5631086257.67,3
2014-03,FII,218187451.12,6,1650000.0,0.0,2
2014-03,FIIM,22787542.66,606,0.0,0.0,4
2014-03,FIP,3843995289.39,103,3650000.0,0.0,20
2014-03,FIQ-FMIA,954827105.02,20616,7510920.88,19232078.09,7
2014-03,FITVM,31395344158.12,430053,255639589.95999998,630625243.24,128
2014-03,FMIA,1821160231.99,3670581,11276508.68,20772821.48,36
2014-03,FMIA-CL,69065192044.22,59463,157441881.13,310457991.56,108
2014-03,FMP-FGTS,4273987955.26,236769,43994.26,28080150.06,66
2014-03,FMP-FGTS CL,2878349.9,96,0.0,770.31,4
2014-04,FACFIF,279343357925.18,2589861,70440994500.94,70635494661.98,481
2014-04,FAPI,250943.73,104,80.0,0.0,2
2014-04,FI,625579629148.42,1057771,87446153701.89,101571278806.25,6636
2014-04,FIC-FITVM,2329161780.51,56752,11349831.08,43326585.93,25
2014-04,FIDC,1386095283.97,28,12490736.59,3700000.0,15
2014-04,FIEX,36197639.8,862,381155.74,1715732.05,5
2014-04,FIF,1049142980127.33,706889,165857803912.25,165176650549.81,1163
2014-04,FIFDIV,27266360175.41,486,6454280717.27,7608184970.84,3
2014-04,FII,220110002.10000002,6,1650000.0,0.0,2
2014-04,FIIM,23283295.68,790,0.0,0.0,4
2014-04,FIP,3640360372.66,104,110000.0,0.0,20
2014-04,FIQ-FMIA,958687514.47,20453,25000.0,4365202.45,7
2014-04,FITVM,31480534957.6,398039,359220038.01,574543240.55,127
2014-04,FMIA,1841266983.34,3668940,2679848.17,21485324.14,36
2014-04,FMIA-CL,68811571483.77,58379,210003948.22,332579774.39,108
2014-04,FMP-FGTS,4310951204.0,235216,212516.89,33959923.23,66
2014-04,FMP-FGTS CL,2984778.34,96,0.0,0.0,4
2014-05,FACFIF,283614512888.5,2626628,75802607761.16,73847279751.12,481
2014-05,FAPI,252656.97,104,80.0,0.0,2
2014-05,FI,630069045200.37,1054699,86130469552.36,88762756684.17,6619
2014-05,FIC-FITVM,2310828390.75,55693,19162280.22,50456472.82,25
2014-05,FIDC,1417017394.57,30,5605065.859999999,0.0,16
2014-05,FIEX,51446139.19,818,15845697.96,1148973.8900000001,5
2014-05,FIF,1054155488650.95,706354,182845016546.62,189281383774.83,1159
2014-05,FIFDIV,26815634898.84,513,5793132202.08,6469345542.5,3
2014-05,FII,216777154.17999998,6,1710000.0,0.0,2
2014-05,FIIM,23410349.56,597,0.0,0.0,4
2014-05,FIP,3624112383.03,102,45000000.0,19809664.75,20
2014-05,FIQ-FMIA,944923744.65,20261,21000.0,21054913.229999997,7
2014-05,FITVM,31218447793.71,420626,292587396.65999997,471798543.77,127
2014-05,FMIA,1810610879.5,3667837,8557931.43,18181731.06,36
2014-05,FMIA-CL,68292850087.770004,57304,327718289.77000004,582355583.4300001,106
2014-05,FMP-FGTS,4215244067.36,233592,97421.59,32961030.35,66
2014-05,FMP-FGTS CL,2972349.08,96,0.0,0.0,4
2014-06,FACFIF,285365920197.99,2698482,73445225712.58,73617997498.38,481
2014-06,FAPI,254302.89,104,80.0,0.0,2
2014-06,FI,627845544114.74,1061027,82030013217.95,88704060907.78,6616
2014-06,FIC-FITVM,2384944315.88,54706,32708661.26,39066799.36,24
2014-06,FIDC,1442548438.57,32,4560000.0,0.0,17
2014-06,FIEX,50483881.4,788,2876729.98,3122951.48,5
2014-06,FIF,1067464220672.62,705541,173021761994.32,167408967866.15,1155
2014-06,FIFDIV,25048613977.58,519,5895844706.75,7869836624.030001,3
2014-06,FII,223091439.28,6,1650000.0,0.0,2
2014-06,FIIM,24541105.0,578,0.0,0.0,4
2014-06,FIP,3773163169.31,102,222103.61,0.0,20
2014-06,FIQ-FMIA,977598199.2800001,19988,19162965.32,18576314.18,6
2014-06,FITVM,31078519813.82,416046,190847054.65,947276300.95,126
2014-06,FMIA,1857876272.0700002,3666851,2802472.65,20433477.19,36
2014-06,FMIA-CL,69488069261.18001,56271,244469091.25,309727131.71,104
2014-06,FMP-FGTS,4309923540.96,232148,123847.17,29085049.5,66
2014-06,FMP-FGTS CL,3038639.3099999996,96,0.0,0.0,4
2014-07,FACFIF,289345740331.05,2751936,84411903416.81999,82963325613.45999,481
2014-07,FAPI,256205.62,104,80.0,0.0,1
2014-07,FI,635321244934.43,1069013,99001494754.64,96474604680.28,6594
2014-07,FIC-FITVM,2381077286.22,53674,13783018.65,54436889.94,24
2014-07,FIDC,1422119444.72,29,31260789.21,84066989.96,18
2014-07,FIEX,51498845.81,763,340214.91,529607.85,5
2014-07,FIF,1093854920511.17,705358,214619302165.66998,198391803819.36,1154
2014-07,FIFDIV,24140717432.670002,511,6014072235.4,7144039864.64,3
2014-07,FII,224975759.43,6,1650000.0,0.0,2
2014-07,FIIM,24981640.42,750,0.0,0.0,4
2014-07,FIP,3726015863.57,102,4000000.0,0.0,22
2014-07,FIQ-FMIA,963735378.35,19831,0.0,21364349.26,6
2014-07,FITVM,31726895055.22,410249,130150237.29,495007223.28,126
2014-07,FMIA,1920079552.46,3660252,18900346.52,26092180.03,36
2014-07,FMIA-CL,70106498616.33,55275,172922763.52,314964288.78000003,104
2014-07,FMP-FGTS,4732854487.17,230391,270246.21,43811730.76,66
2014-07,FMP-FGTS CL,3219030.92,95,0.0,16080.59,4
2014-08,FACFIF,293093961005.32,2828447,79912941212.6,78443816149.16,481
2014-08,FAPI,257968.06,104,80.0,0.0,1
2014-08,FI,619290297306.34,1072189,66885597724.2,70306345220.65,6571
2014-08,FIC-FITVM,2451796453.82,52411,13002027.370000001,102372298.91,24
2014-08,FIDC,1448128846.64,34,7292000.0,0.0,18
2014-08,FIEX,48334343.25,729,290040.03,3266721.72,5
2014-08,FIF,1114146507923.75,704340,237021060740.72,229979807309.52,1148
2014-08,FIFDIV,22945387159.78,498,4820606458.860001,6207601572.57,3
2014-08,FII,226982411.61,6,1650000.0,0.0,2
2014-08,FIIM,27293493.22,543,0.0,0.0,4
2014-08,FIP,4231266018.67,107,35650001.64,0.0,25
2014-08,FIQ-FMIA,1011588886.3499999,19662,0.0,2643758.4000000004,6
2014-08,FITVM,32608158915.85,404648,132518797.86,680602821.16,124
2014-08,FMIA,2074622308.46,3659108,5823167.61,27818079.169999998,36
2014-08,FMIA-CL,72224723453.54,54295,318629732.99,410651513.42,104
2014-08,FMP-FGTS,4974203230.93,228730,259868.79000000004,43974352.88,66
2014-08,FMP-FGTS CL,3651754.8100000005,94,0.0,13926.13,4
2014-09,FACFIF,296933608294.47003,2864032,82614248818.35,81288425078.6,481
2014-09,FAPI,204944.07,98,80.0,54802.920000000006,1
2014-09,FI,614572082581.98,1084168,77491867547.21,82013972448.71,6575
2014-09,FIC-FITVM,2212112286.86,51575,15858912.29,52081311.0,24
2014-09,FIDC,1415834256.43,32,13730597.120000001,0.0,18
2014-09,FIEX,51427104.370000005,698,276453.15,1160737.44,5
2014-09,FIF,1115592548329.18,712440,216695774164.78,220685263779.66998,1142
2014-09,FIFDIV,22371712401.29,487,6941511328.57,7706367568.38,3
2014-09,FII,230437227.72,6,1650000.0,0.0,2
2014-09,FIIM,19480455.13,540,0.0,5176625.1,4
2014-09,FIP,3894627558.8,106,330000.0,1319.16,23
2014-09,FIQ-FMIA,943497676.94,19492,145000.0,14450374.26,6
2014-09,FITVM,30136100632.15,400409,437059246.37,549487736.37,123
2014-09,FMIA,1829852743.31,3654815,29046082.02,35466080.5,36
2014-09,FMIA-CL,68511947283.86001,53552,424630197.27,843418820.1800001,104
2014-09,FMP-FGTS,4139090639.94,227154,314037.24,39283815.36,66
2014-09,FMP-FGTS CL,3036326.59,93,0.0,38243.2,4
2014-10,FACFIF,298503266557.94,2894198,85001405848.98,85746266652.59,481
2014-10,FAPI,206516.36,92,80.0,0.0,1
2014-10,FI,616486939466.89,1092986,80441128541.4,86732962397.3,6529
2014-10,FIC-FITVM,2215843620.21,50972,24642080.18,30121735.08,24
2014-10,FIDC,1443981488.09,37,6811000.0,0.0,18
2014-10,FIEX,51490391.7,702,597388.32,811012.61,5
2014-10,FIF,1114811686617.47,712967,224843041047.27,236435590099.49,1137
2014-10,FIFDIV,21844488619.739998,473,5646317136.6,6369710248.32,3
2014-10,FII,276945933.15999997,8,1200000.0,0.0,3
2014-10,FIIM,19603997.740000002,538,0.0,0.0,4
2014-10,FIP,3808159052.95,106,370000.0,0.0,23
2014-10,FIQ-FMIA,937380240.92,19326,100000.0,21202458.86,6
2014-10,FITVM,27999887402.63,399598,508906446.06,346899584.33,122
2014-10,FMIA,1837531387.23,3653944,14627130.549999999,16290624.26,36
2014-10,FMIA-CL,67988959571.159996,53371,358776079.39,396923777.26,103
2014-10,FMP-FGTS,3720151555.98,226057,897695.74,20614946.880000003,66
2014-10,FMP-FGTS CL,2895793.31,92,0.0,1141.71,4
2014-11,FACFIF,297824183615.09,2936112,76214150492.03,79997744889.91,481
2014-11,FAPI,199062.12,91,80.0,8840.25,1
2014-11,FI,617464715211.18,1081038,66021660761.13,85281459234.67,6448
2014-11,FIC-FITVM,2219864650.35,50246,9877692.08,27168394.13,24
2014-11,FIDC,1470306956.13,37,7814232.84,0.0,18
2014-11,FIEX,53395561.65,719,600246.61,1052072.84,5
2014-11,FIF,1133662720992.04,709406,210827369183.81,203683570349.67,1134
2014-11,FIFDIV,21453391166.530003,438,5754823281.7699995,6116522544.61,2
2014-11,FII,278493395.38,8,1266300.0,0.0,3
2014-11,FIIM,19950319.03,528,0.0,0.0,4
2014-11,FIP,3898149081.71,106,1000000.0,46932.15,23
2014-11,FIQ-FMIA,970253267.48,19162,5000.0,3095813.71,6
2014-11,FITVM,28010436190.13,397373,342154320.26,229387505.93,121
2014-11,FMIA,1805946551.02,3644626,1886200.04,37232061.83,34
2014-11,FMIA-CL,68326181570.03001,52715,135445639.84,586858718.85,101
2014-11,FMP-FGTS,3258967793.14,225023,183413.0,14796081.34,66
2014-11,FMP-FGTS CL,2688324.7600000002,91,0.0,40486.43,4
2014-12,FACFIF,296459187270.64,2998428,100621664305.29,104385303192.51,481
2014-12,FAPI,200631.56,91,80.0,0.0,1
2014-12,FI,608885527321.9,1095179,82045355421.33,89645990057.34,6451
2014-12,FIC-FITVM,2071592361.91,49459,11737536.52,40106921.58,24
2014-12,FIDC,1719166311.36,40,63776778.16,0.0,19
2014-12,FIEX,55825814.54,786,1453649.0,386862.87,5
2014-12,FIF,1104958871202.41,715553,245816366728.3,260504120284.4,1131
2014-12,FIFDIV,17831570612.98,408,6388062138.02,10187696668.21,2
2014-12,FII,331496906.53999996,8,26242999.76,0.0,3
2014-12,FIIM,18716453.23,513,0.0,0.0,4
2014-12,FIP,3685270319.12,106,13830601.84,161026393.41,23
2014-12,FIQ-FMIA,871112316.22,18972,108369.8,64448138.44,6
2014-12,FITVM,26962215201.34,395511,520708648.45000005,286615703.96,121
2014-12,FMIA,1651668149.01,3651407,4659556.35,16652459.41,34
2014-12,FMIA-CL,62159730648.29,51832,208590541.26,297605647.72,99
2014-12,FMP-FGTS,2814390882.79,224008,283922.91,14876002.049999999,66
2014-12,FMP-FGTS CL,2412696.81,91,0.0,0.0,4
2015-01,FACFIF,303850305293.58,2966571,82461845561.31,77824597130.55,481
2015-01,FAPI,202183.06,91,80.0,0.0,1
2015-01,FI,598528750298.67,1098513,65200836133.28,76564255362.1,6430
2015-01,FIC-FITVM,1923864907.4099998,48627,7472043.380000001,36207680.29,24
2015-01,FIDC,1748578542.3700001,40,10000.0,0.0,19
2015-01,FIEX,40567147.39,815,872579.76,16049228.44,5
2015-01,FIF,1129740814064.01,715588,240387652944.87,228046207316.47,1124
2015-01,FIFDIV,19574152126.57,400,7977214256.85,6395792151.700001,2
2015-01,FII,333355167.27,8,1200000.0,0.0,3
2015-01,FIIM,22472737.41,516,4956804.7,0.0,4
2015-01,FIP,3541713501.4,51,6618000.0,0.0,22
2015-01,FIQ-FMIA,751034692.91,18807,9528.7,86304190.74,6
2015-01,FITVM,25615945887.76,393948,168234175.67,318328495.3,121
2015-01,FMIA,1547859249.66,3643160,1427171.38,10281422.81,34
2015-01,FMIA-CL,60682266646.009995,51220,106019810.83,268248133.08,99
2015-01,FMP-FGTS,2365296723.58,222905,94377.87,12808708.11,66
2015-01,FMP-FGTS CL,2224018.8,90,0.0,1988.51,4
2015-02,FACFIF,310220783713.3,2976734,79684361881.85,76139219647.45999,481
2015-02,FAPI,199212.32,89,80.0,4321.93,1
2015-02,FI,603891800896.28,1107445,62745663014.28,68529620759.409996,6354
2015-02,FIC-FITVM,2040895987.0700002,47847,11634803.5,35444974.13,24
2015-02,FIDC,1753597630.8,36,2000.0,0.0,19
2015-02,FIEX,44144896.78,882,2826360.1,2286233.21,5
2015-02,FIF,1140485976624.64,712672,203988779716.08002,204240187318.22,1113
2015-02,FIFDIV,20355936357.100002,400,6408033295.71,5778575457.91,2
2015-02,FII,323484546.28000003,8,1200000.0,0.0,3
2015-02,FIIM,21759308.11,516,0.0,1968952.4,4
2015-02,FIP,3636445322.98,53,28250000.0,0.0,23
2015-02,FIQ-FMIA,805672360.75,18674,2870000.0,1940958.15,6
2015-02,FITVM,26643512603.77,392041,94024897.08,460878108.38,121
2015-02,FMIA,1660676110.3999999,3642367,2533349.98,17770135.74,34
2015-02,FMIA-CL,62140628389.07,50428,114296114.28999999,210047805.59,96
2015-02,FMP-FGTS,2721188075.64,222001,42058.25,22584905.86,66
2015-02,FMP-FGTS CL,2420553.9899999998,90,0.0,0.0,4
2015-03,FACFIF,316560451593.35,3038121,90565475453.12,88013666475.11,481
2015-03,FAPI,200927.49,89,80.0,0.0,1
2015-03,FI,604578898952.34,1128788,71761181956.99,82027411109.44,6323
2015-03,FIC-FITVM,2015246303.9099998,46852,7580238.07,50890216.699999996,24
2015-03,FIDC,1772601713.4099998,39,7000.0,0.0,19
2015-03,FIEX,52277082.849999994,1095,4444137.47,1311679.75,4
2015-03,FIF,1148268177133.83,711237,224246259467.00998,230237828093.81,1109
2015-03,FIFDIV,19010565230.55,394,5401552018.45,6938473252.9800005,2
2015-03,FII,347804846.04,8,23699999.78,0.0,3
2015-03,FIIM,22090082.57,510,0.0,0.0,4
2015-03,FIP,4167248613.1400003,55,6000000.0,0.0,24
2015-03,FIQ-FMIA,832031975.48,18509,0.0,2100053.0,6
2015-03,FITVM,26283326998.63,389274,131563551.4,526730740.02,121
2015-03,FMIA,1629662051.03,3641207,1058500.83,15766982.53,34
2015-03,FMIA-CL,62939340855.03001,49597,148673411.46,520387075.08000004,96
2015-03,FMP-FGTS,2481304062.34,221645,85984.15,14325496.8,66
2015-03,FMP-FGTS CL,2412486.39,90,0.0,0.0,4
2015-04,FACFIF,321792279671.97003,3112693,90524890011.78,87187183224.74,481
2015-04,FAPI,202522.81,89,80.0,0.0,1
2015-04,FI,605218930113.22,1146055,63070015515.36,73005376509.76,6287
2015-04,FIC-FITVM,2064562973.54,45974,12098449.52,67459853.07,24
2015-04,FIDC,1799431430.68,39,5000.0,400000.0,19
2015-04,FIEX,48736688.769999996,1010,2388433.78,3223096.94,4
2015-04,FIF,1153840245256.63,711403,222056615237.07,214906431146.14,1108
2015-04,FIFDIV,17995240669.719997,384,4459010435.71,5639330868.200001,2
2015-04,FII,349317604.67,8,1424999.98,0.0,3
2015-04,FIIM,23280436.549999997,503,0.0,0.0,4
2015-04,FIP,4144921349.7,61,3000000.0,10052663.43,24
2015-04,FIQ-FMIA,859951938.49,18359,2173000.0,1938824.18,6
2015-04,FITVM,27439146450.84,386857,142305907.27,598781233.26,120
2015-04,FMIA,1742686634.93,3640302,1622219.3900000001,17641327.53,34
2015-04,FMIA-CL,62496704489.659996,48943,168665284.28,977926468.3,96
2015-04,FMP-FGTS,3416235301.51,220601,176270.06,13643218.69,66
2015-04,FMP-FGTS CL,2805005.63,90,0.0,0.0,4
2015-05,FACFIF,323928741470.95,3141392,87410838845.47,88932612924.23999,481
2015-05,FAPI,204204.97,89,80.0,0.0,1
2015-05,FI,619801966333.33,1167286,86677205841.48,82373455468.47,6262
2015-05,FIC-FITVM,1982065586.49,45278,9583003.129999999,37046155.98,24
2015-05,FIDC,1824341202.28,40,13106668.669999998,13609459.799999999,20
2015-05,FIEX,55541238.91,1009,4811113.36,1070807.51,4
2015-05,FIF,1165249421041.65,711072,221687211255.32,222408527860.98,1104
2015-05,FIFDIV,17543453864.46,372,5009375878.19,5629902320.18,2
2015-05,FII,336900100.62,8,1200000.0,0.0,3
2015-05,FIIM,22579791.81,516,0.0,0.0,4
2015-05,FIP,4162176852.94,73,113136320.23,52404372.75,27
2015-05,FIQ-FMIA,849619796.34,18205,0.0,1660118.72,6
2015-05,FITVM,26535501576.12,385097,245995080.39000002,323474019.8,119
2015-05,FMIA,1633344809.6399999,3639409,6178774.95,15115017.48,34
2015-05,FMIA-CL,61712638756.47,48399,92079637.12,478587885.85,96
2015-05,FMP-FGTS,3085504307.32,219562,238584.4,18246069.08,66
2015-05,FMP-FGTS CL,2672743.51,90,0.0,0.0,4
2015-06,FACFIF,328892375009.82,3231786,95138370637.34,92597795627.52,481
2015-06,FAPI,206046.64,89,80.0,0.0,1
2015-06,FI,628668241998.7,1187893,83243732939.31999,77434759149.34,6228
2015-06,FIC-FITVM,1948710570.86,44376,7649083.95,39251850.1,24
2015-06,FIDC,1840028833.15,40,3500000.0,0.0,20
2015-06,FIEX,54423979.4,1068,1556423.65,959744.2,4
2015-06,FIF,1172647052542.16,709876,213643553908.91,215722862645.80002,1103
2015-06,FIFDIV,17320882051.01,365,6091914751.15,6485630035.26,2
2015-06,FII,337671795.5,8,3400000.0,0.0,3
2015-06,FIIM,22568028.42,501,0.0,0.0,4
2015-06,FIP,4892786424.44,76,30245260.46,0.0,28
2015-06,FIQ-FMIA,852289452.36,18027,0.0,2282429.21,6
2015-06,FITVM,26370686650.45,381721,367937574.81,489674731.59000003,118
2015-06,FMIA,1618356801.72,3638313,1409045.7100000002,20336401.82,34
2015-06,FMIA-CL,61520424765.28,47647,194910055.81,213292126.56,96
2015-06,FMP-FGTS,3035622421.08,218420,103224.59,18502710.42,66
2015-06,FMP-FGTS CL,2713123.0700000003,90,0.0,0.0,4
2015-07,FACFIF,331698986536.92,3245248,93501243397.78,95453030910.52,481
2015-07,FAPI,208098.19,89,80.0,0.0,1
2015-07,FI,629545476482.66,1205671,68892709915.94,79903162539.33,6185
2015-07,FIC-FITVM,1895459942.69,43268,4726836.51,49692164.24,24
2015-07,FIDC,1868209935.42,40,14900693.8,1105615.34,20
2015-07,FIEX,59540005.870000005,1099,1292494.85,920302.73,4
2015-07,FIF,1185380055161.39,710205,206526034575.96002,209081694605.5,1100
2015-07,FIFDIV,16921454575.32,357,5571989102.69,6158890461.97,2
2015-07,FII,336252961.65999997,8,690000.0,0.0,3
2015-07,FIIM,17455525.21,434,0.0,4664694.3,4
2015-07,FIP,4921644224.22,77,24000000.0,0.0,28
2015-07,FIQ-FMIA,835161403.84,17847,27185903.05,48366004.68000001,6
2015-07,FITVM,25663651410.69,375661,413738983.02,783539513.86,113
2015-07,FMIA,1544152785.31,3637124,2510216.3,17233557.98,34
2015-07,FMIA-CL,62011100177.52,46654,77708000.46000001,253089934.86,96
2015-07,FMP-FGTS,2682282975.45,217156,75502.04000000001,15808093.53,63
2015-07,FMP-FGTS CL,2512706.59,89,0.0,9396.14,4
2015-08,FACFIF,335492364533.82,3253844,89066331180.75,88582968847.87,481
2015-08,FAPI,210073.52,89,80.0,0.0,1
2015-08,FI,626783663797.0,1218335,69492559265.16,71026107610.24,6144
2015-08,FIC-FITVM,1749727617.8,42268,6868975.129999999,38964198.78,24
2015-08,FIDC,1871345233.3400002,40,2390055.49,380055.49,20
2015-08,FIEX,66275119.599999994,1235,4199007.97,1263974.57,4
2015-08,FIF,1188856968366.21,710902,185127374051.94,191463013833.93,1097
2015-08,FIFDIV,15773216280.970001,342,4747252196.55,6067355078.46,2
2015-08,FII,333259866.45,8,630000.0,0.0,3
2015-08,FIIM,16013888.04,435,0.0,0.0,4
2015-08,FIP,4852138018.13,77,45000000.0,0.0,28
2015-08,FIQ-FMIA,800577497.38,17693,676611.3,1522864.77,6
2015-08,FITVM,24576011126.43,372672,304244276.24,389416600.82,112
2015-08,FMIA,1407133778.44,3636011,4984516.64,15860732.27,34
2015-08,FMIA-CL,59861213760.89001,45821,228305445.78,170995629.29,96
2015-08,FMP-FGTS,2546857633.53,216129,95235.69,12264691.95,63
2015-08,FMP-FGTS CL,2341932.6399999997,89,0.0,0.0,4
2015-09,FACFIF,337377692790.23,3249407,90936901578.14,93068278699.55,481
2015-09,FAPI,212001.73,89,80.0,0.0,1
2015-09,FI,627080587382.7,1227062,70948895221.41,74640074548.26,6129
2015-09,FIC-FITVM,1681270372.46,41315,9280709.94,44002328.16,24
2015-09,FIDC,1876296156.73,40,5414025.37,417907.61,20
2015-09,FIEX,75754944.59,1570,8699625.959999999,2224718.45,4
2015-09,FIF,1181239867025.29,708505,183008883823.03998,200786209992.38998,1090
2015-09,FIFDIV,14452337210.51,130,5406703963.700001,6886172168.31,2
2015-09,FII,334201897.6,8,600000.0,0.0,3
2015-09,FIIM,15999317.209999999,422,0.0,0.0,4
2015-09,FIP,4832008228.45,77,47850000.0,550000.0,28
2015-09,FIQ-FMIA,825670646.01,17538,50000.0,4005841.21,6
2015-09,FITVM,23601472652.31,369501,107291069.1,682511235.98,112
2015-09,FMIA,1340976501.79,3634880,2889877.9699999997,20494941.42,34
2015-09,FMIA-CL,59257722147.840004,45003,157344016.63,291812111.47,96
2015-09,FMP-FGTS,2184016767.22,215156,0.0,12470389.04,63
2015-09,FMP-FGTS CL,2157920.5700000003,87,0.0,15922.02,4
2015-10,FACFIF,336727847436.0,3236030,87386911370.85,90815121053.45,479
2015-10,FAPI,213943.19,89,80.0,0.0,1
2015-10,FI,625099485898.52,1214387,70982990854.45999,77855272307.95,6057
2015-10,FIC-FITVM,1694623977.83,40825,11581920.85,29352357.39,24
2015-10,FIDC,1910817623.6699998,40,9370000.0,0.0,20
2015-10,FIEX,74390890.74000001,1540,3311162.59,4345894.18,4
2015-10,FIF,1193872581601.9,498186,190254657865.38998,190016026062.16998,1082
2015-10,FIFDIV,14952421162.609999,94,5839513979.830001,5489612802.0,2
2015-10,FII,335230581.24,8,600000.0,0.0,3
2015-10,FIIM,10967879.89,411,0.0,5337926.7,4
2015-10,FIP,5209005332.98,82,271399999.98,1954810.11,31
2015-10,FIQ-FMIA,841822181.11,17369,50000.0,1681050.89,6
2015-10,FITVM,22237713102.7,367457,91940687.39,540526234.12,112
2015-10,FMIA,1341060446.08,3634103,1861175.94,9839262.58,34
2015-10,FMIA-CL,59599732296.01,44466,125677793.7,297140595.52,94
2015-10,FMP-FGTS,2334967089.15,214645,52696.79,7498678.87,63
2015-10,FMP-FGTS CL,2203312.04,87,0.0,0.0,4
2015-11,FACFIF,333452671729.92,3227216,87047289149.83,93556702800.32,479
2015-11,FAPI,211820.76,89,80.0,0.0,1
2015-11,FI,614988807828.05,1216726,62546767143.4,76642010945.65,5994
2015-11,FIC-FITVM,1647825682.08,40159,5824795.7700000005,42099613.15,24
2015-11,FIDC,1897959852.26,39,3900000.0,39915436.42,20
2015-11,FIEX,71668260.77,1445,1197889.09,3772435.69,4
2015-11,FIF,1186455045356.6199,487348,188177054574.1,208854078227.27,1078
2015-11,FIFDIV,14479921540.65,87,4931551323.9,5549894722.699999,2
2015-11,FII,320832293.01,8,600000.0,0.0,3
2015-11,FIIM,2928868.36,201,0.0,8249942.0,3
2015-11,FIP,4996725202.05,77,4147000.0,0.0,33
2015-11,FIQ-FMIA,838712603.04,17202,0.0,1420349.47,5
2015-11,FITVM,21850217632.33,364183,93739485.42999999,252479935.23,112
2015-11,FMIA,1312780245.92,3611173,6240034.89,12346838.1,34
2015-11,FMIA-CL,59669312018.07001,43897,94949154.28,203802634.88,93
2015-11,FMP-FGTS,2049915898.73,213214,198956.04,16343781.29,63
2015-11,FMP-FGTS CL,2051615.17,79,0.0,133736.67,4
2015-12,FACFIF,331428525079.25,3254718,109346575894.39,114380117134.73,479
2015-12,FAPI,213902.7,89,80.0,0.0,1
2015-12,FI,612211500375.64,1233457,88084106308.39,94954543239.98,6040
2015-12,FIC-FITVM,1563624350.01,39358,4727709.25,57690014.29,24
2015-12,FIDC,1925432956.44,40,21316669.44,136669.44,21
2015-12,FIEX,70475991.17,1491,2197301.29,2515393.61,4
2015-12,FIF,1186994598323.46,480518,241314620404.2,253273307731.79,1071
2015-12,FIFDIV,15293025445.78,81,8222330055.240001,7568818049.37,2
2015-12,FII,343412394.18,8,14592683.620000001,0.0,3
2015-12,FIIM,0.0,0,0.0,2894777.3,3
2015-12,FIP,5043761222.3,76,5657000.0,2606506.0,33
2015-12,FIQ-FMIA,739558221.62,17038,0.0,25826370.849999998,5
2015-12,FITVM,21316092420.93,360882,74307146.03,239517072.18,109
2015-12,FMIA,1255063215.42,3632754,3979336.7699999996,10541765.86,34
2015-12,FMIA-CL,49887118111.98,43273,71771745.58,317276656.52,93
2015-12,FMP-FGTS,1924521045.91,211972,57582.549999999996,11852482.209999999,63
2015-12,FMP-FGTS CL,1828916.23,78,0.0,124149.33,4
2016-01,FACFIF,343309640518.36,3239281,92888266165.82,84666748785.76001,479
2016-01,FAPI,215660.06,88,80.0,162.13,1
2016-01,FI,611009798277.84,1231293,63778453467.55,69669429612.45,5987
2016-01,FIC-FITVM,1496095365.6799998,38656,8492042.56,22564126.53,24
2016-01,FIDC,1962575213.64,40,769500.0,292339.01,20
2016-01,FIEX,79330624.48,1914,7025417.33,1361222.58,4
2016-01,FIF,1207421292273.35,479625,203734298230.28,197774269319.13,1059
2016-01,FIFDIV,17085350826.62,81,7941713810.65,6308863909.650001,2
2016-01,FII,344475169.38,8,672999.99,0.0,3
2016-01,FIIM,0.0,0,0.0,0.0,3
2016-01,FIP,5140858765.27,76,0.0,1176470.59,32
2016-01,FIQ-FMIA,749401563.82,16901,34542000.0,1207759.69,5
2016-01,FITVM,20336263977.14,358415,157225151.78,388576368.69,109
2016-01,FMIA,1172905584.71,3631978,3410709.3600000003,10632680.26,34
2016-01,FMIA-CL,49635823581.149994,42900,79521920.64999999,339436150.69,89
2016-01,FMP-FGTS,1490670239.52,210841,77843.5,9055582.87,63
2016-01,FMP-FGTS CL,1664694.2200000002,78,0.0,0.0,4
2016-02,FACFIF,348457121415.76,3229410,94278267467.07,92175222856.29,479
2016-02,FAPI,209595.67,87,80.0,3846.12,1
2016-02,FI,614062013415.57,1229122,58707866764.86,62716556871.74,5928
2016-02,FIC-FITVM,1529325954.81,38066,7683874.220000001,18746955.62,24
2016-02,FIDC,2035238409.7,41,35985000.0,0.0,20
2016-02,FIEX,81262283.7,2048,10772864.48,8478651.92,4
2016-02,FIF,1220736226740.24,478942,198098797859.18,198985580265.91,1049
2016-02,FIFDIV,17166697152.800001,78,7815554727.89,7897558842.4800005,2
2016-02,FII,345771765.96,8,680000.0,0.0,3
2016-02,FIIM,0.0,0,0.0,0.0,3
2016-02,FIP,5195972154.79,76,60000.0,0.0,32
2016-02,FIQ-FMIA,734526823.1,16756,9556000.0,39660332.79,5
2016-02,FITVM,20237588867.63,356117,75437673.14,673439390.61,107
2016-02,FMIA,1217697075.3,3631230,1854158.4000000001,9490795.209999999,34
2016-02,FMIA-CL,49685653207.78,42426,74823207.74000001,282975965.03000003,87
2016-02,FMP-FGTS,1672463676.49,209887,16398.059999999998,8187579.67,63
2016-02,FMP-FGTS CL,1733476.8,78,0.0,0.0,3
2016-03,FACFIF,349734217392.99,3227387,96360750068.84,97466288890.73,479
2016-03,FAPI,208444.11,86,0.0,2988.05,1
2016-03,FI,612762032746.53,1233426,64410620902.979996,69710212793.98,5885
2016-03,FIC-FITVM,1628813519.03,37557,10678533.75,32565813.259999998,24
2016-03,FIDC,2084839568.69,46,9550500.0,0.0,21
2016-03,FIEX,70480050.91999999,1763,5525818.48,9707979.12,4
2016-03,FIF,1248600142037.64,479217,222052003900.77,208303139347.77002,1046
2016-03,FIFDIV,19065022394.100002,76,7306172892.76,5612796681.589999,2
2016-03,FII,345140056.14,8,62000.0,0.0,3
2016-03,FIP,5507745153.79,71,11400000.0,1245748.12,32
2016-03,FIQ-FMIA,797229438.03,16605,4813310.66,1630152.54,5
2016-03,FITVM,21656723043.09,353785,158567144.65,407390834.03000003,107
2016-03,FMIA,1377576831.24,3630490,6805221.61,16291033.38,34
2016-03,FMIA-CL,51312187829.48,41959,261307883.85999998,308976574.0,87
2016-03,FMP-FGTS,2273962537.23,208976,57346.27,10291705.01,63
2016-03,FMP-FGTS CL,2063781.88,78,0.0,0.0,3
2016-04,FACFIF,352449867232.14,3227607,93437923643.45,93997413055.07,479
2016-04,FAPI,210183.23,86,0.0,0.0,1
2016-04,FI,614213490898.85,1232548,59471810799.2,65792466608.0,5799
2016-04,FIC-FITVM,1682961975.28,37158,7933707.22,28463588.88,24
2016-04,FIDC,2136744591.67,45,5349650.0,0.0,21
2016-04,FIEX,64723369.70999999,1532,5606061.209999999,9988292.639999999,4
2016-04,FIF,1260940678404.06,479928,192125368586.04,193465614364.9,1038
2016-04,FIFDIV,18969533720.100002,75,6763611611.93,7045152384.76,2
2016-04,FII,346423130.62,8,87000.0,0.0,3
2016-04,FIP,6082218890.76,75,32048000.0,0.0,31
2016-04,FIQ-FMIA,831748338.62,16486,1970000.0,1619885.71,5
2016-04,FITVM,22720781970.5,352244,130088420.54,257811571.46,107
2016-04,FMIA,1480231785.46,3637592,23675890.450000003,13285929.49,34
2016-04,FMIA-CL,51935394057.090004,41869,158418602.5,201123953.63,85
2016-04,FMP-FGTS,2870799682.92,208155,215561.91,13876280.95,61
2016-04,FMP-FGTS CL,2306587.58,78,0.0,0.0,3
2016-05,FACFIF,356945410229.31,3218943,103128225469.01,102419407668.79001,479
2016-05,FAPI,211964.46,86,0.0,0.0,1
2016-05,FI,617640098757.71,1236444,60379114204.43,62111448343.520004,5763
2016-05,FIC-FITVM,1599318466.83,36810,9177014.66,24020482.19,23
2016-05,FIDC,2155211258.16,46,265000.0,66535.97,21
2016-05,FIEX,58054433.019999996,1417,417393.85,9588053.77,4
2016-05,FIF,1265080267461.55,481382,195792051661.02,205178764090.24,1037
2016-05,FIFDIV,18881626724.41,72,6475101079.110001,6754182648.56,2
2016-05,FII,348302052.05,8,621432.13,0.0,3
2016-05,FIP,5922496840.71,75,271700.0,0.0,31
2016-05,FIQ-FMIA,814772793.99,16348,953025.92,1975186.4400000002,5
2016-05,FITVM,21630316521.34,350788,176052946.28,138738927.99,106
2016-05,FMIA,1345181009.04,3636945,13536857.829999998,8604609.77,34
2016-05,FMIA-CL,51106809828.51,41660,173232800.49,156859638.0,82
2016-05,FMP-FGTS,2131805531.6699998,207386,111749.46,12394647.71,61
2016-05,FMP-FGTS CL,1927633.1099999999,76,0.0,91373.87999999999,3
2016-06,FACFIF,358341333866.88,3222470,104785177293.81999,106252385408.48,479
2016-06,FAPI,213832.5,85,0.0,131.4,1
2016-06,FI,612976889275.41,1228720,64835279287.54,71200855710.37,5632
2016-06,FIC-FITVM,1652493711.54,36404,5427189.72,19066220.6,23
2016-06,FIDC,2291199449.7,50,57701995.93,0.0,25
2016-06,FIEX,50044070.82,1281,10821753.84,14074362.47,3
2016-06,FIF,1265502150669.31,482920,198483988404.16,207773463834.23,1033
2016-06,FIFDIV,19040297099.67,68,6060564713.12,6106528903.16,2
2016-06,FII,349559893.46,8,694000.0,0.0,3
2016-06,FIP,6186711078.54,75,0.0,0.0,30
2016-06,FIQ-FMIA,843394810.87,16226,4369472.48,651334.1799999999,5
2016-06,FITVM,22532276252.73,348670,133914009.13,129682805.09,106
2016-06,FMIA,1407154199.48,3636228,3301637.79,19751312.740000002,34
2016-06,FMIA-CL,52813126896.17,41145,102582296.66000001,172432496.86,82
2016-06,FMP-FGTS,2408311764.3,206457,46730.520000000004,10417397.64,61
2016-06,FMP-FGTS CL,1997764.54,75,0.0,33962.28,3
2016-07,FACFIF,360885287697.45,3232021,101626076874.58,102974745658.46,479
2016-07,FAPI,215729.07,85,0.0,0.0,1
2016-07,FI,612206332465.57,1212790,60746591330.659996,69731137253.1,5561
2016-07,FIC-FITVM,1856220060.35,36098,77381004.17,21925394.080000002,22
2016-07,FIDC,2352618949.28,52,26620000.0,0.0,27
2016-07,FIEX,49787330.269999996,1163,2111471.6900000004,3121383.92,3
2016-07,FIF,1293537348286.22,485755,200031340934.5,186878157510.32,1022
2016-07,FIFDIV,18429854179.16,65,6293194030.03,7095724697.379999,2
2016-07,FII,350579514.1,8,170580.0,0.0,3
2016-07,FIP,6092045395.5199995,72,560875.04,278370420.51,30
2016-07,FIQ-FMIA,890526425.7,16125,6453008.78,15194206.45,5
2016-07,FITVM,23921593712.33,346166,116062709.82000001,291335494.74,105
2016-07,FMIA,1519517396.15,3745733,8536979.51,47070570.96,34
2016-07,FMIA-CL,54512066695.84,41053,178938658.81,272206837.01,80
2016-07,FMP-FGTS,2826588487.13,205466,192273.89999999997,14662847.98,61
2016-07,FMP-FGTS CL,2244076.48,75,0.0,27777.87,3
2016-08,FACFIF,364404595887.81,3223405,103905878097.9,104273007179.04001,479
2016-08,FAPI,217807.25,85,0.0,0.0,1
2016-08,FI,611366555174.49,1194456,71524576064.27,78355024858.41,5513
2016-08,FIC-FITVM,1887570585.11,35968,50568621.39,18463128.49,22
2016-08,FIDC,2376776659.66,52,1010900.0,5104999.98,27
2016-08,FIEX,46880291.980000004,1035,4678320.95,8064556.35,3
2016-08,FIF,1311118411244.6501,489882,207157578212.25,203651148052.15,1013
2016-08,FIFDIV,18206492478.309998,60,6585237953.21,7010929229.46,2
2016-08,FII,350575382.0,8,0.0,0.0,3
2016-08,FIP,6125048361.679999,72,0.0,3730352.62,30
2016-08,FIQ-FMIA,904855593.1999999,15996,54900986.77,40889927.63,5
2016-08,FITVM,24109871358.71,344900,192380669.16,219636900.73,105
2016-08,FMIA,1462603403.61,3583350,14819301.41,11718495.7,34
2016-08,FMIA-CL,54761741855.82,41363,239810205.65,235928379.31,78
2016-08,FMP-FGTS,2791883826.78,204467,60739.97,15520993.81,61
2016-08,FMP-FGTS CL,2288968.69,75,0.0,0.0,3
2016-09,FACFIF,364134938562.65,3218270,96977214611.11,101104534971.33,479
2016-09,FAPI,219664.54,85,0.0,0.0,1
2016-09,FI,618064497790.23,1171987,66419250388.69,65918350639.049995,5504
2016-09,FIC-FITVM,1880985647.19,35704,20863223.9,22155516.240000002,22
2016-09,FIDC,2449557265.7,52,14260000.0,299999.96,27
2016-09,FIEX,47087541.97,980,1332535.31,1213529.22,3
2016-09,FIF,1307379401144.54,492070,178645671319.75,196785527579.44,1011
2016-09,FIFDIV,17433159790.71,59,4807866114.37,5768856703.9,2
2016-09,FII,350582428.43,8,0.0,0.0,3
2016-09,FIP,6130748270.98,74,0.0,158084900.41,30
2016-09,FIQ-FMIA,915979872.26,15894,10592000.0,5878299.08,5
2016-09,FITVM,24224408513.34,344001,125729439.53999999,193241773.08,105
2016-09,FMIA,1461673365.8899999,3575366,8153175.250000001,12045135.44,34
2016-09,FMIA-CL,50340759528.08,41498,149806292.64000002,4889505015.55,78
2016-09,FMP-FGTS,2880863235.6,204027,42406.94,9536621.21,61
2016-09,FMP-FGTS CL,2239476.1,74,0.0,62191.31,3
2016-10,FACFIF,367470000135.15,3218464,102278806963.9,102437057944.39,479
2016-10,FAPI,221384.31,85,0.0,0.0,1
2016-10,FI,616950141885.35,1155976,62375360746.78,72348123833.27,5495
2016-10,FIC-FITVM,2001279588.76,35488,19192003.02,32538465.97,22
2016-10,FIDC,2483247575.9,52,4995000.0,210000.02,27
2016-10,FIEX,46350890.43,910,3943769.2,3545607.6,3
2016-10,FIF,1326006668992.35,494760,209298370793.85,202737393868.32,1008
2016-10,FIFDIV,16913392933.12,57,5073436215.95,5760325570.3,2
2016-10,FII,350642848.96000004,8,37000.0,0.0,3
2016-10,FIP,6135318954.83,74,0.0,930.0,29
2016-10,FIQ-FMIA,973284946.93,15781,9524428.07,1853338.6099999999,5
2016-10,FITVM,26024403672.79,344628,323369791.39,447559495.03,104
2016-10,FMIA,1608660331.31,3582495,7232183.8100000005,17133721.77,34
2016-10,FMIA-CL,51256541327.14,41907,153786208.96,230142171.14,77
2016-10,FMP-FGTS,3525308979.03,203929,92386.2,24582376.05,61
2016-10,FMP-FGTS CL,2570805.5,74,0.0,0.0,3
2016-11,FACFIF,370594058377.8,3228735,111425770889.0,111935771524.63,479
2016-11,FAPI,223222.23,85,0.0,0.0,1
2016-11,FI,601591130534.56,1143489,65541324507.74,79371646522.05,5472
2016-11,FIC-FITVM,1860044643.43,35239,25295684.07,42632140.41,21
2016-11,FIDC,2492255335.65,52,4510000.0,240800.93,27
2016-11,FIEX,48266644.06,877,767505.0,784734.4,3
2016-11,FIF,1324906649291.45,495525,202837220654.47,214924405566.6,1002
2016-11,FIFDIV,17879888721.890003,54,6859663641.9800005,6057104415.72,2
2016-11,FII,351252599.40999997,8,128855.89,0.0,3
2016-11,FIP,5069186862.57,78,12058572.66,1206797225.28,33
2016-11,FIQ-FMIA,921921810.4799999,15656,6870497.04,5117428.220000001,5
2016-11,FITVM,25101264780.59,342114,237169681.34,640434653.18,104
2016-11,FMIA,1516785692.22,3581849,8596910.6,13675009.46,34
2016-11,FMIA-CL,47582028527.37,41692,116792804.88,202900963.45,77
2016-11,FMP-FGTS,3845612752.81,202576,202456.03000000003,32776901.21,61
2016-11,FMP-FGTS CL,2483902.2199999997,74,0.0,0.0,3
2016-12,FACFIF,381395582092.48,3257483,144410206347.51,137056789853.95,479
2016-12,FAPI,225246.12,85,0.0,0.0,1
2016-12,FI,607780977350.25,1136950,77227755729.82,74851847698.38,5461
2016-12,FIC-FITVM,1839005886.67,34826,8592753.51,22316774.740000002,21
2016-12,FIDC,2554066175.32,52,6190685.81,1121607.48,27
2016-12,FIEX,43775411.449999996,862,333617.08999999997,4085175.3899999997,3
2016-12,FIF,1340140788129.41,495862,270515091729.07,268890439105.56998,993
2016-12,FIFDIV,16136138552.050001,49,6480274768.099999,8399212860.559999,2
2016-12,FII,344316764.83,8,1225000.0,0.0,3
2016-12,FIP,5190912120.690001,80,42600000.0,7843862.92,35
2016-12,FIQ-FMIA,916127865.6199999,15500,9928090.97,13402993.8,5
2016-12,FITVM,24871452092.7,340038,350581374.6,243517213.78,103
2016-12,FMIA,1466984221.54,3581421,3144299.55,10857048.129999999,34
2016-12,FMIA-CL,44975850684.0,41401,123436368.08,2079276787.54,77
2016-12,FMP-FGTS,3497068977.57,201196,32959.67,35251019.0,61
2016-12,FMP-FGTS CL,2341031.04,73,0.0,24308.53,3
2017-01,FACFIF,392782835989.07,3313827,122792234245.27,115245642051.24,479
2017-01,FAPI,226748.77,84,0.0,339.92,1
2017-01,FI,605470384500.66,1029359,65762054907.17,74048037024.04001,5396
2017-01,FIC-FITVM,1956699587.08,34737,31357923.229999997,27579681.33,21
2017-01,FIDC,2625155604.32,52,2100000.0,0.0,27
2017-01,FIEX,36186658.05,817,127519.0,6158671.199999999,3
2017-01,FIF,1388491550733.35,500291,237461835239.22998,204456582639.66,988
2017-01,FIFDIV,18764377135.77,48,10086569028.75,7636489807.03,2
2017-01,FII,412690580.26,8,100000.0,0.0,3
2017-01,FIP,5687405295.690001,80,16500000.0,1542402.52,35
2017-01,FIQ-FMIA,974179291.93,15410,5915370.06,476237.4,5
2017-01,FITVM,26193763886.329998,339405,296512217.15000004,314548006.9,102
2017-01,FMIA,1569062240.14,3580990,15147602.63,17780176.99,34
2017-01,FMIA-CL,45935023773.87,42085,172895875.49,140716379.44,77
2017-01,FMP-FGTS,3770895416.33,199340,256143.34,39586763.69,61
2017-01,FMP-FGTS CL,2414313.74,73,0.0,0.0,3
2017-02,FACFIF,408292067750.93,3387262,110298114796.67,98098790408.18,479
2017-02,FAPI,167426.78,82,0.0,60648.119999999995,1
2017-02,FI,616648774373.77,973455,50403345356.65,46201634462.49,5375
2017-02,FIC-FITVM,2182117482.54,35674,180120796.98000002,26218870.84,21
2017-02,FIDC,2690689102.89,54,11866000.0,149999.48,29
2017-02,FIEX,35878018.34,786,133384.0,640299.85,3
2017-02,FIF,1403226077228.93,507000,197766926268.93997,197764376482.71,986
2017-02,FIFDIV,19410761457.609997,50,6194685839.41,5702825336.35,2
2017-02,FII,403251342.03999996,8,700.0,0.0,3
2017-02,FIP,5691696303.93,80,100000.0,0.0,35
2017-02,FIQ-FMIA,1042627982.02,15316,42199456.309999995,500216.86,5
2017-02,FITVM,26932500068.76,338991,247487417.39,300553010.85,102
2017-02,FMIA,1629149242.03,3572784,20541183.93,11262437.06,34
2017-02,FMIA-CL,46749469110.759995,43326,411365618.29,128486507.78,77
2017-02,FMP-FGTS,3724651632.12,196624,212229.65,51285890.18,61
2017-02,FMP-FGTS CL,2295155.2800000003,70,0.0,172593.02,3
2017-03,FACFIF,413422527911.15,3426386,127154306284.13,125990115004.95,479
2017-03,FAPI,168609.82,81,0.0,141.78,1
2017-03,FI,627763470811.67,969342,64590531214.15,59284038207.4,5384
2017-03,FIC-FITVM,2215566802.13,36281,101165052.68,40448136.35,21
2017-03,FIDC,2887455508.19,55,3044135.78,320074.08999999997,30
2017-03,FIEX,38436927.79,755,2406583.36,592329.51,3
2017-03,FIF,1432480569093.31,517787,250563996848.47,235727294374.07,985
2017-03,FIFDIV,20049015840.760002,50,7677711564.17,7232759734.55,2
2017-03,FII,395587235.78999996,8,29900.0,0.0,3
2017-03,FIP,5536729696.03,76,115000.0,84693400.13,35
2017-03,FIQ-FMIA,1055999347.78,15198,5433049.45,2423252.51,5
2017-03,FITVM,26744624757.83,337199,893558468.26,604578440.77,102
2017-03,FMIA,1580045385.67,3555892,10382712.73,21696418.4,34
2017-03,FMIA-CL,46573800467.65,44128,199046224.52,105837208.52,77
2017-03,FMP-FGTS,3394743875.22,192377,0.0,61203216.19,61
2017-03,FMP-FGTS CL,2135646.91,69,0.0,76811.63,3
2017-04,FACFIF,416284321276.75,3481251,107329338465.22,107336582134.01999,479
2017-04,FAPI,169583.31,81,0.0,0.0,1
2017-04,FI,627287679856.29,971858,46889394941.11,51071660190.19,5355
2017-04,FIC-FITVM,2249403788.25,36441,44931619.42,34578593.37,21
2017-04,FIDC,3235711602.07,58,301731000.0,0.0,33
2017-04,FIEX,40628938.7,738,1683627.0,277570.19,3
2017-04,FIF,1414762764800.86,523518,195684364831.8,222882968382.77,983
2017-04,FIFDIV,20464922223.11,49,5497814275.37,5225916770.34,2
2017-04,FII,393806229.32,8,42000.0,0.0,3
2017-04,FIP,5695384058.69,78,0.0,119815.26,35
2017-04,FIQ-FMIA,1075969196.66,15112,3208327.19,1900387.61,5
2017-04,FITVM,26827107044.45,334975,151493840.01999998,143333627.11,102
2017-04,FMIA,1585051031.94,3555469,3380061.6,10620263.36,33
2017-04,FMIA-CL,46696789219.55,43940,105715252.92999999,120240665.21000001,77
2017-04,FMP-FGTS,3184048980.42,189325,92229.97,39804135.75,61
2017-04,FMP-FGTS CL,2064451.47,68,0.0,42163.64,3
2017-05,FACFIF,420774980365.86,3531215,128260558805.87,126788176626.25,479
2017-05,FAPI,170739.84,81,0.0,0.0,1
2017-05,FI,630005373637.49,977132,59778720209.4,57855780232.01,5387
2017-05,FIC-FITVM,2223679742.01,36674,80635034.92999999,50600884.93,21
2017-05,FIDC,3258926444.46,58,6660000.0,0.0,33
2017-05,FIEX,40930063.32,715,195751.3,473613.14,3
2017-05,FIF,1412230535416.65,526812,246744329950.78,258333274761.0,977
2017-05,FIFDIV,20459602921.66,50,7263605955.99,7435015119.72,2
2017-05,FII,395764635.6,8,0.0,0.0,3
2017-05,FIP,5702251429.54,77,48000.0,1762763.4300000002,34
2017-05,FIQ-FMIA,1038675940.26,15009,3175380.71,26924432.52,5
2017-05,FITVM,26479264585.239998,331803,476394372.38,305702100.71,102
2017-05,FMIA,1504160766.14,3554921,9993671.78,15790253.34,33
2017-05,FMIA-CL,46824163797.17,43776,568606530.6,530505623.24,76
2017-05,FMP-FGTS,3040041778.7799997,185860,579439.7,45678044.18,61
2017-05,FMP-FGTS CL,1946643.8399999999,67,0.0,7420.54,3
2017-06,FACFIF,427752234950.35,3590378,121380880277.39,117633143628.65,479
2017-06,FAPI,168567.51,80,0.0,3217.46,1
2017-06,FI,632961627568.9,975348,53077209782.64,53405429454.7,5381
2017-06,FIC-FITVM,2221396672.9700003,36393,22905473.98,27488643.549999997,21
2017-06,FIDC,3274215368.96,59,2700000.0,425703.5,33
2017-06,FIEX,53779020.39,709,13222568.47,1173344.26,3
2017-06,FIF,1423108558264.61,525376,229893022852.13,230284011203.86002,971
2017-06,FIFDIV,20891812503.91,52,6520970695.19,6247286953.87,2
2017-06,FII,403457903.78,8,0.0,0.0,3
2017-06,FIP,5234656804.6,80,15414.0,70346628.88000001,35
2017-06,FIQ-FMIA,1048732922.1899999,14923,4341097.109999999,5352161.16,5
2017-06,FITVM,26599407462.23,330010,175106797.78,131545997.77,101
2017-06,FMIA,1504543363.25,3546261,3484415.86,10064827.48,33
2017-06,FMIA-CL,43006811073.9,43494,51821480.15,3927014442.8500004,76
2017-06,FMP-FGTS,3057308706.15,182698,351744.53,37227565.22,59
2017-06,FMP-FGTS CL,1907823.78,66,0.0,26668.35,3
2017-07,FACFIF,430188351465.76,3622804,121197850990.86,121857337657.33,479
2017-07,FAPI,169546.65,80,0.0,0.0,1
2017-07,FI,638379972459.52,980265,57381461244.58,58875481784.94,5382
2017-07,FIC-FITVM,2284834457.3,36479,26357059.28,54698943.74,21
2017-07,FIDC,3385052369.61,59,30506767.69,102147.0,34
2017-07,FIEX,51349301.510000005,692,285470.33,431536.19,3
2017-07,FIF,1446099017606.24,524006,244855123377.36002,235369173674.01,969
2017-07,FIFDIV,20275640004.39,54,6636007162.349999,7410477648.25,2
2017-07,FII,437258098.99,8,0.0,0.0,4
2017-07,FIP,5291775659.6,77,0.0,165893.82,35
2017-07,FIQ-FMIA,1080532597.4,14838,492125.97,443987.92,5
2017-07,FITVM,26592387057.99,328592,132470797.8,1174092316.06,100
2017-07,FMIA,1568361765.22,3545539,4736671.77,11524233.79,33
2017-07,FMIA-CL,43567759023.93,43544,116484294.3,141570301.63,74
2017-07,FMP-FGTS,3201789051.44,179684,485476.4,205173984.3,58
2017-07,FMP-FGTS CL,1977099.4300000002,65,2687.51,13571.73,3
2017-08,FACFIF,433740685559.01,3651987,122927538462.29,122582156107.53,479
2017-08,FAPI,170450.52,80,0.0,0.0,1
2017-08,FI,656790725273.29,988466,57809961663.16,52499560975.36,5380
2017-08,FIC-FITVM,2416446481.32,37052,74580870.81,68431842.82000001,21
2017-08,FIDC,3721448603.4,60,276905000.0,0.0,34
2017-08,FIEX,51859533.019999996,683,1840622.06,2202552.4699999997,3
2017-08,FIF,1473027097926.81,526173,267698470542.95,253509070428.55002,964
2017-08,FIFDIV,21731915194.420002,56,6949525963.93,5649038943.530001,2
2017-08,FII,437524710.81,9,0.0,0.0,4
2017-08,FIP,5992825243.88,93,0.0,600000.0,35
2017-08,FIQ-FMIA,1122998570.61,14767,5027520.13,4057999.3000000007,5
2017-08,FITVM,27824172885.57,326677,275278498.31,377869496.1,100
2017-08,FMIA,1672431189.21,3544786,9298772.68,17921776.45,32
2017-08,FMIA-CL,46915559850.76,43431,186164169.28,141875714.23,74
2017-08,FMP-FGTS,3379250546.69,177688,612551.73,47066677.31,58
2017-08,FMP-FGTS CL,2008939.78,63,0.0,60337.25,3
2017-09,FACFIF,434597128410.71,3673464,112938587548.70999,114520163620.82,479
2017-09,FAPI,171115.28,80,0.0,0.0,1
2017-09,FI,664967535073.67,1007974,61426486082.75,60817869618.26,5379
2017-09,FIC-FITVM,2525762555.7,38812,106036565.84,87450245.21000001,21
2017-09,FIDC,3771067409.36,61,8000000.0,510487.94,36
2017-09,FIEX,46844595.36,664,903938.0,7360393.94,3
2017-09,FIF,1469378967205.1,531992,219569296821.59,234288652508.29,958
2017-09,FIFDIV,21444343999.59,58,6710152579.679999,7129693534.81,2
2017-09,FII,496864425.36,8,54091057.11,37340770.1,5
2017-09,FIP,6162923099.21,91,20000000.0,0.0,35
2017-09,FIQ-FMIA,1432864986.07,14696,565631616.25,38435932.67,5
2017-09,FITVM,28594469444.86,325931,329165462.44,354114822.49,100
2017-09,FMIA,1751165864.95,3544474,21828602.9,23711806.99,32
2017-09,FMIA-CL,47854357065.3,43297,309117171.83,216372445.1,72
2017-09,FMP-FGTS,3344515293.4,176033,31616.770000000004,42087346.95,58
2017-09,FMP-FGTS CL,2086292.17,61,0.0,71297.92,3
2017-10,FACFIF,436030509528.12,3667044,122199290777.09,123118205930.31,479
2017-10,FAPI,172092.74,80,0.0,0.0,1
2017-10,FI,670526843639.24,1015185,56300673045.31,53532309383.96,5325
2017-10,FIC-FITVM,2617735894.01,50158,165068146.54000002,56286804.2,21
2017-10,FIDC,3828876528.07,63,11375470.11,424652.14,36
2017-10,FIEX,46168855.35,644,476497.22,2040862.13,3
2017-10,FIF,1475149279959.61,538538,232286143678.14,233136493973.4,954
2017-10,FIFDIV,22804147974.58,59,7660246379.2699995,6430043659.33,2
2017-10,FII,498362428.62,10,2000000.0,0.0,5
2017-10,FIP,6192679710.78,95,230000.0,0.0,36
2017-10,FIQ-FMIA,1369493683.9099998,14604,2434015.3200000003,51955290.45,5
2017-10,FITVM,28843844468.34,325980,434213170.41999996,447640319.89,99
2017-10,FMIA,1759130737.94,3544438,33166282.72,14531128.73,32
2017-10,FMIA-CL,48274393826.67,45775,376395995.16,145347223.42000002,72
2017-10,FMP-FGTS,3482017705.98,174609,130212.84,33606132.26,58
2017-10,FMP-FGTS CL,2128549.62,61,0.0,0.0,3
2017-11,FACFIF,430456730196.25,3652719,112654650146.55,120155907922.41,479
2017-11,FAPI,152272.59,79,0.0,20352.45,1
2017-11,FI,667890495144.84,1022123,52555913629.7,53651053441.09,5305
2017-11,FIC-FITVM,2596888438.15,50046,131370892.67,64502748.93,21
2017-11,FIDC,3287278077.36,61,20280000.0,0.0,34
2017-11,FIEX,46226292.480000004,648,529245.2,422733.12999999995,3
2017-11,FIF,1463243066931.15,537196,228244482891.94,246498852913.86002,947
2017-11,FIFDIV,22642613864.65,58,6740038132.82,7018776533.500001,2
2017-11,FII,499232093.5,11,880000.0,0.0,5
2017-11,FIP,5975893603.48,96,0.0,222500000.0,36
2017-11,FIQ-FMIA,1350683388.79,14500,4071377.92,1539619.7999999998,5
2017-11,FITVM,28493382499.35,323709,678251651.77,517745407.65999997,98
2017-11,FMIA,1679349179.35,3543829,9046588.6,18999738.72,31
2017-11,FMIA-CL,48053224506.74,46585,210491469.71,175628932.82,70
2017-11,FMP-FGTS,3461487839.97,173374,164954.24,33221802.82,58
2017-11,FMP-FGTS CL,2011619.3599999999,60,0.0,27782.29,3
2017-12,FACFIF,436754398707.27997,3668251,145661521464.9,142360460626.65,481
2017-12,FAPI,152861.19,79,0.0,0.0,1
2017-12,FI,713994109048.31,1021709,69654291003.12,78485442478.79,5352
2017-12,FIC-FITVM,2732187001.33,50577,63461295.8,60310422.17,21
2017-12,FIDC,4285801063.58,58,84939190.32,343925996.32,41
2017-12,FIEX,43578939.08,635,1372398.0,4955317.69,3
2017-12,FIF,1454912977887.19,538455,289589147307.08,307442410380.62,946
2017-12,FIFDIV,20863860587.1,55,7047206022.58,8935925136.58,2
2017-12,FII,532190830.72,12,57968913.69,0.0,5
2017-12,FIP,5703419876.51,103,26200.0,483830750.53999996,43
2017-12,FIQ-FMIA,1401647115.27,14418,3854500.0,7991242.640000001,5
2017-12,FITVM,27848752522.28,321692,292694114.64,2650398673.56,98
2017-12,FMIA,1765679084.3700001,3543275,9116933.08,15127385.94,31
2017-12,FMIA-CL,51592925032.649994,47446,276634007.63,542244661.86,68
2017-12,FMP-FGTS,3807899380.77,172234,272182.09,37068500.61,55
2017-12,FMP-FGTS CL,2124332.4000000004,60,0.0,0.0,3
2018-01,FACFIF,441164999334.66,3654256,125724624820.15,123697796605.59,481
2018-01,FAPI,152504.97,79,0.0,0.0,1
2018-01,FI,674424782927.96,1039751,56030043694.74,56084444438.68,5288
2018-01,FIC-FITVM,2999722768.83,52796,135504645.07,69752841.94,21
2018-01,FIDC,3802758625.76,46,4200000.0,0.0,38
2018-01,FIEX,41607580.54,632,452795.26,444028.28,3
2018-01,FIF,1474439824990.15,546024,265070306738.75998,256760418722.68,941
2018-01,FIFDIV,24236691971.44,55,12956653201.57,9706468994.59,2
2018-01,FII,540218317.9,14,100000.0,0.0,5
2018-01,FIP,5605948880.0199995,93,90000.01,0.0,39
2018-01,FIQ-FMIA,1479496312.67,14292,2077368.7200000002,2027817.54,5
2018-01,FITVM,29859422864.17,321995,646435048.02,556923191.27,97
2018-01,FMIA,1972922968.25,3543231,38913997.93,26419241.85,31
2018-01,FMIA-CL,53217867914.12,50662,429588935.93,230176732.71,68
2018-01,FMP-FGTS,4226070150.26,170441,5459.62,70292657.82,55
2018-01,FMP-FGTS CL,2352979.13,60,0.0,71819.52,3
2018-02,FACFIF,447269576039.52,3639776,112690243477.24,108644039048.06,481
2018-02,FAPI,152314.1,79,0.0,0.0,1
2018-02,FI,681054793182.18,1060714,53697910714.15,49495453960.33,5221
2018-02,FIC-FITVM,3196536559.54,54925,235455647.06,51440944.43,21
2018-02,FIDC,1485425497.53,39,10000000.0,0.0,32
2018-02,FIEX,42312506.980000004,633,347674.64,378480.18,3
2018-02,FIF,1477075453750.4,547625,224535562096.12,229619800018.46,940
2018-02,FIFDIV,25029228099.36,54,7842835961.370001,7156574426.2,2
2018-02,FII,502759591.71,14,0.0,0.0,4
2018-02,FIP,5764369554.95,96,330000.0,0.01,40
2018-02,FIQ-FMIA,1470835168.07,14216,4044337.0,824125.73,5
2018-02,FITVM,30449676793.98,322833,498400705.15,409097581.0,96
2018-02,FMIA,1984786364.73,3543160,26844544.71,27119742.38,31
2018-02,FMIA-CL,53708006770.090004,54556,493879683.96999997,210755781.85,68
2018-02,FMP-FGTS,4528933497.16,169103,501353.97,55709033.059999995,55
2018-02,FMP-FGTS CL,2442107.97,60,0.0,0.0,3
2018-03,FACFIF,451835296474.97,3645470,122470463377.56,119942192262.49,481
2018-03,FAPI,152630.5,79,0.0,0.0,1
2018-03,FI,685281610471.2,1075684,55876569650.13,55081066652.22,5237
2018-03,FIC-FITVM,3309241214.0299997,57091,180855423.09,63262152.21,21
2018-03,FIDC,964669876.52,34,100000.0,101250.56,32
2018-03,FIEX,43084723.8,615,221956.77,430175.38,3
2018-03,FIF,1476877292835.62,550310,242048010966.56,251539999122.36002,940
2018-03,FIFDIV,24014616494.86,53,7170307927.1,8310051779.91,2
2018-03,FII,359388443.31,14,0.0,0.0,3
2018-03,FIP,5599462681.86,91,346505.52,43044054.5,38
2018-03,FIQ-FMIA,1468270213.0,14144,9270668.39,1445933.48,5
2018-03,FITVM,30778025424.79,324907,795477422.42,396254308.46,96
2018-03,FMIA,2010816537.21,3543032,32965860.04,19106962.22,31
2018-03,FMIA-CL,54051811106.47,57594,700111436.99,342417327.55,68
2018-03,FMP-FGTS,4363598346.02,167592,122444.74,62488576.44,55
2018-03,FMP-FGTS CL,2466140.87,60,0.0,0.0,3
2018-04,FACFIF,450642975606.78,3640000,124500657746.63,128214272499.02,481
2018-04,FAPI,153613.03,79,0.0,0.0,1
2018-04,FI,688096177234.23,1082739,56927470096.51,59725237785.45,5232
2018-04,FIC-FITVM,3335686916.41,58409,90610296.4,71924790.25,20
2018-04,FIDC,807751428.12,18,0.0,0.0,20
2018-04,FIEX,45339216.05,634,669380.6,259816.83,3
2018-04,FIF,1479613368213.37,552001,251996727699.3,258903923166.69,938
2018-04,FIFDIV,23210119995.859997,56,6896506903.6,7812760833.91,2
2018-04,FII,359255480.11,14,15000.0,0.0,3
2018-04,FIP,14949513987.880001,95,1102268.8,0.0,37
2018-04,FIQ-FMIA,1440855589.29,14052,4197228.33,29466641.869999997,5
2018-04,FITVM,31787757268.600002,324837,1168126569.98,757408382.71,96
2018-04,FMIA,2043028557.14,3542705,29594507.05,22137046.14,31
2018-04,FMIA-CL,54380469226.99,60353,364817197.25,258148143.59,68
2018-04,FMP-FGTS,4744278317.440001,166206,0.0,58822470.94,55
2018-04,FMP-FGTS CL,2518571.58,60,0.0,0.0,3
2018-05,FACFIF,455106447288.87,3657798,134882556943.75,132325909080.40001,481
2018-05,FAPI,144274.31,78,0.0,0.0,1
2018-05,FI,680573458263.52,1087776,63875951591.86,65739724156.01,5234
2018-05,FIC-FITVM,3013574764.85,58441,88709548.19,105129514.27000001,20
2018-05,FIDC,403671599.79,14,0.0,0.0,16
2018-05,FIEX,52141505.75,732,5037198.51,852182.1900000001,3
2018-05,FIF,1479529001397.38,553677,270479679458.07,275297007501.23,928
2018-05,FIFDIV,22425923319.899998,55,6189412664.9800005,7073262997.74,2
2018-05,FII,359513070.5,6,35000.0,0.0,3
2018-05,FIP,14699683464.609999,94,20020000.0,0.0,37
2018-05,FIQ-FMIA,1369674038.43,13963,96195870.03,66384966.5,5
2018-05,FITVM,29887330412.53,323857,753040199.62,774105503.33,95
2018-05,FMIA,1819140744.49,3528103,19610249.419999998,28284841.57,30
2018-05,FMIA-CL,51796480604.829994,59608,604306326.2400001,1357928670.5300002,68
2018-05,FMP-FGTS,4527888621.12,164487,4201.79,96078339.92999999,55
2018-05,FMP-FGTS CL,2228885.15,57,0.0,57356.4,3
2018-06,FACFIF,454374593456.19,3668522,127007882046.14,129708250742.46,481
2018-06,FAPI,144614.86,76,0.0,0.0,1
2018-06,FI,643621491264.97,1080756,46471747535.99,83493803922.66,5202
2018-06,FIC-FITVM,2810080029.2799997,57068,24693149.08,99785262.49000001,20
2018-06,FIDC,214030848.11,6,7065355.21,0.0,8
2018-06,FIEX,53547626.87,756,2271498.63,1659200.53,3
2018-06,FIF,1506708857896.12,550691,283356811313.74,264991089553.15997,924
2018-06,FIFDIV,19794412668.63,59,4759796346.799999,7483226773.94,2
2018-06,FII,122620527.18,3,37000.0,0.0,2
2018-06,FIP,13521176714.92,95,0.0,0.04,37
2018-06,FIQ-FMIA,1282385889.77,13861,787616.88,34139297.65,5
2018-06,FITVM,28016857059.37,323966,385496246.12,1240559022.6599998,95
2018-06,FMIA,1717536066.2,3505303,11823962.56,24377721.31,30
2018-06,FMIA-CL,50999745365.01001,57816,1307401284.2,1605052926.58,68
2018-06,FMP-FGTS,4182308276.31,163467,4142.69,35966855.120000005,54
2018-06,FMP-FGTS CL,2078885.6,57,0.0,0.0,3
2018-07,FACFIF,450740764480.23,3674550,137457853956.28,142936592692.43,481
2018-07,FAPI,144009.71,76,0.0,0.0,1
2018-07,FI,636305185248.87,1076811,51101098543.62,63580241065.04,5188
2018-07,FIC-FITVM,2971083269.95,56851,20681030.38,52335104.63,20
2018-07,FIDC,759741709.32,11,0.0,0.0,8
2018-07,FIEX,55162725.69,928,3344922.8,1727636.94,3
2018-07,FIF,1518518692552.77,551494,272001547672.06,269540927596.47,920
2018-07,FIFDIV,19028658153.679996,60,4685685058.17,5548997563.26,2
2018-07,FII,56042571.22,0,37000.0,0.0,1
2018-07,FIP,13972386711.49,94,14241000.02,0.0,37
2018-07,FIQ-FMIA,1369504997.75,13798,10170149.3,2105630.9499999997,5
2018-07,FITVM,29440055885.04,322995,270034893.46000004,403783150.87,95
2018-07,FMIA,1847097935.06,3504735,6959689.16,16894579.29,30
2018-07,FMIA-CL,52711463335.52,57317,960708841.75,370419869.84000003,68
2018-07,FMP-FGTS,4621472811.29,162288,218468.68,36419528.15,54
2018-07,FMP-FGTS CL,2247353.67,56,0.0,5004.31,3
2018-08,FACFIF,453527588876.89996,3680782,131885228120.9,131692883566.39,481
2018-08,FAPI,145787.66,75,0.0,181.24,1
2018-08,FI,620283815635.15,1079004,45590353089.93,64859232715.43,5177
2018-08,FIC-FITVM,2839907319.45,56373,28819422.74,78148024.32,20
2018-08,FIDC,828229863.47,16,0.0,0.0,10
2018-08,FIEX,61178796.69,1096,8352741.21,5879475.73,3
2018-08,FIF,1515880501085.32,559852,257817526655.72,270970727211.98,917
2018-08,FIFDIV,18535449495.75,66,4433374654.2300005,5019526152.63,2
2018-08,FIP,14846241908.73,97,40148901.99,1000000.0,36
2018-08,FIQ-FMIA,1314883724.73,13707,9978903.75,22178210.39,5
2018-08,FITVM,28898594692.04,320046,383933918.83,463480921.57,94
2018-08,FMIA,1772878807.89,3503982,14367204.129999999,20564817.07,30
2018-08,FMIA-CL,54720955730.27,56264,2698091579.06,729943364.21,68
2018-08,FMP-FGTS,4588817637.33,160859,7547.18,56295995.949999996,54
2018-08,FMP-FGTS CL,2200234.02,56,0.0,0.0,3
2018-09,FACFIF,453171069949.88,3691452,121190093763.21,123253468637.42,481
2018-09,FAPI,146585.61,75,0.0,0.0,1
2018-09,FI,621589656457.45,1057025,41625390683.82,43352391006.67,5131
2018-09,FIC-FITVM,2830868192.06,55526,11600457.76,66345349.06,20
2018-09,FIDC,839230654.8,17,315000.0,0.0,11
2018-09,FIEX,60534395.86,1370,4453032.89,4257402.0600000005,3
2018-09,FIF,1518505254376.4,563400,234192735680.27002,238687505326.85,913
2018-09,FIFDIV,17079851953.24,69,4433845180.030001,5965954941.72,2
2018-09,FIP,14270157882.83,93,6194631.03,0.0,36
2018-09,FIQ-FMIA,1365052735.2,13616,31545951.29,5659036.6,5
2018-09,FITVM,29549198984.96,316507,186743829.54,318225061.02,94
2018-09,FMIA,1819670671.28,3503401,6412619.6899999995,16457422.14,30
2018-09,FMIA-CL,70128440487.07,71283,231067259.82,424753514.97,68
2018-09,FMP-FGTS,5012603008.51,159738,39098.340000000004,53653099.56,54
2018-09,FMP-FGTS CL,2320084.4,56,0.0,0.0,3
2018-10,FACFIF,448639401073.48,3702899,137060917482.11,143349303411.9,481
2018-10,FAPI,122183.38,74,0.0,21816.55,1
2018-10,FI,625112931097.59,1055686,45097462468.659996,49575377815.07,5129
2018-10,FIC-FITVM,3032563819.31,54927,42291912.94,114559573.7,20
2018-10,FIDC,784674138.57,15,0.0,0.0,10
2018-10,FIEX,46557677.879999995,1211,1521809.3,12595197.690000001,3
2018-10,FIF,1528384548888.4,565010,273043981568.33,273311975272.11002,909
2018-10,FIFDIV,15582380910.35,65,3972174472.37,5554569241.06,2
2018-10,FIP,15652671445.48,93,141574.0,244594.25,36
2018-10,FIQ-FMIA,1466653803.87,13564,8894652.26,4323776.67,5
2018-10,FITVM,32543131877.59,313968,503745615.02000004,515690308.09000003,92
2018-10,FMIA,2016097925.8400002,3525115,31388299.56,25332808.5,30
2018-10,FMIA-CL,73903004519.34001,71458,926795285.21,644985658.7,67
2018-10,FMP-FGTS,5325885999.14,158360,26766.97,78187650.88,54
2018-10,FMP-FGTS CL,2656924.59,56,0.0,0.0,3
2018-11,FACFIF,445560866103.05,3723027,124377134039.68,129466137906.18001,481
2018-11,FAPI,121810.5,73,0.0,169.0,1
2018-11,FI,623613229977.83,1053826,40505133735.54,49682502440.52,5097
2018-11,FIC-FITVM,3187335683.58,55383,113543156.43,66304532.83,20
2018-11,FIDC,803935111.3399999,15,0.0,0.0,11
2018-11,FIEX,45054698.44,1173,1432001.95,4819710.0600000005,3
2018-11,FIF,1523122144803.29,567329,261821355559.68,276317269136.69,903
2018-11,FIFDIV,15041545430.85,64,3918866865.8199997,4527593559.32,2
2018-11,FIP,15386284408.7,118,5000.0,156120.9,37
2018-11,FIQ-FMIA,1514961773.27,13488,15806978.129999999,7035648.03,5
2018-11,FITVM,33584546687.710003,313855,394355981.07,446049222.28999996,92
2018-11,FMIA,2073155367.91,3524892,26023655.16,23078370.38,30
2018-11,FMIA-CL,75668876974.69,73172,724333082.07,794731226.8399999,67
2018-11,FMP-FGTS,4918041866.91,157498,0.0,37494802.78,54
2018-11,FMP-FGTS CL,2626057.58,55,0.0,831.15,3
2018-12,FACFIF,443067509384.19,3745177,147125908591.53,151379231856.0,481
2018-12,FAPI,41917.12,28,0.0,80285.49,1
2018-12,FI,625136121420.9,1066259,61433394412.24,63018149810.47,5152
2018-12,FIC-FITVM,3310122756.46,56721,165293578.74,67294565.73,20
2018-12,FIDC,865196755.24,19,24248584.33,0.0,13
2018-12,FIEX,43007121.93,1269,2789708.65,5606625.050000001,3
2018-12,FIF,1537731433160.11,567685,321194855713.71,313952783944.49,896
2018-12,FIFDIV,18741257153.66,62,9503729739.2,5882121925.7300005,2
2018-12,FIP,16412332358.46,120,10466583.17,0.0,38
2018-12,FIQ-FMIA,1507078588.3799999,13441,12666149.32,8005034.49,5
2018-12,FITVM,33794321476.91,313694,875423985.55,287809746.56,92
2018-12,FMIA,2060386105.09,3524726,27180652.45,19394481.03,29
2018-12,FMIA-CL,75799464846.93001,75121,3551347923.37,1297304314.89,67
2018-12,FMP-FGTS,4569733566.820001,156755,45403.2,26226837.740000002,54
2018-12,FMP-FGTS CL,2525160.64,55,0.0,0.0,3
2019-01,FACFIF,450172207027.53,3715673,137717828709.0,132569611292.85,481
2019-01,FAPI,0.0,0,0.0,42033.130000000005,1
2019-01,FI,631536094953.04,1070673,45753696803.88,54313681025.32,5109
2019-01,FIC-FITVM,3814558107.86,59837,261879930.11999997,67634021.50999999,19
2019-01,FIDC,950114675.2,24,100000.0,15371362.82,16
2019-01,FIEX,37096426.62,1219,1157795.19,5841147.91,3
2019-01,FIF,1544942922838.78,572033,291257440401.41,293684869252.14,888
2019-01,FIFDIV,20202188989.719997,67,8292091139.76,6932008321.22,2
2019-01,FIP,18303115907.04,124,400000.0,0.0,39
2019-01,FIQ-FMIA,1037222094.74,13401,23975310.17,633477835.38,5
2019-01,FITVM,35340575973.700005,306193,752839319.1,690450351.21,91
2019-01,FMIA,2280667210.5,3525004,55217039.29000001,30037262.63,29
2019-01,FMIA-CL,74183912266.76001,81314,1088586147.64,1891031618.5,67
2019-01,FMP-FGTS,4616883830.2300005,155266,40030.68,57159979.269999996,54
2019-01,FMP-FGTS CL,2776592.14,55,0.0,0.0,3
2019-02,FACFIF,449191655516.56,3692444,118250817073.38,121103149714.8,481
2019-02,FAPI,0.0,0,0.0,0.0,1
2019-02,FI,635142301796.71,1072493,37522467789.95,38178930972.55,5092
2019-02,FIC-FITVM,3871462907.27,62193,160446895.78,54099379.8,19
2019-02,FIDC,914169093.84,26,5750000.0,0.0,16
2019-02,FIEX,39100283.72,1268,2088025.8699999999,1003244.05,3
2019-02,FIF,1543767422406.53,575881,273459832826.44,282652250912.93,882
2019-02,FIFDIV,20827587544.36,72,6281507841.110001,5748793885.93,2
2019-02,FIP,19177974757.309998,125,15997802.709999999,1200000.0,40
2019-02,FIQ-FMIA,997524536.6800001,13380,27547156.840000004,63241172.96,4
2019-02,FITVM,35172840768.38,305954,740348814.0699999,463476825.74,91
2019-02,FMIA,2271205536.85,3525266,48920174.73,19379472.35,29
2019-02,FMIA-CL,73163498466.31,85299,1995951151.74,827729519.78,66
2019-02,FMP-FGTS,4673199626.16,154439,157751.65,37541121.79,54
2019-02,FMP-FGTS CL,2750739.11,55,0.0,0.0,3
2019-03,FACFIF,450092823077.28,3677805,120722081332.81,121821466375.39,481
2019-03,FI,637093493587.94,1077794,41274922339.8,42692316050.21,5067
2019-03,FIC-FITVM,3879535989.2200003,63600,135096972.85,108351326.56,19
2019-03,FIDC,959279166.06,29,800000.0,0.0,19
2019-03,FIEX,42778247.19,1528,4315596.41,2901226.24,3
2019-03,FIF,1538069652490.21,578353,255313984290.44998,269851551649.29,878
2019-03,FIFDIV,20076507722.649998,71,5567955633.81,6405024522.509999,2
2019-03,FIP,18342249472.51,124,340000.0,47525.85,40
2019-03,FIQ-FMIA,1024581043.0,13317,34807408.18,7224387.6,4
2019-03,FITVM,35594047834.14,304857,577947809.5,438254947.3,91
2019-03,FMIA,2266043825.34,3525039,40100425.42,32766553.159999996,29
2019-03,FMIA-CL,72160330485.14,87403,743766884.79,1500886725.48,66
2019-03,FMP-FGTS,4910258260.68,153649,277432.14,39363049.410000004,54
2019-03,FMP-FGTS CL,2776848.19,55,0.0,0.0,3
2019-04,FACFIF,448353561177.49,3656823,129685086388.89,133356394137.77,481
2019-04,FI,634638701738.07,1074800,30695971574.15,39429215683.18,5105
2019-04,FIC-FITVM,3917424766.19,63940,72618171.76,99363870.63,19
2019-04,FIDC,985446395.74,32,14859196.18,0.0,20
2019-04,FIEX,44549134.71,1693,4198274.55,2659133.98,3
2019-04,FIF,1532462990724.3901,579003,278452058684.6,293122674767.92,873
2019-04,FIFDIV,18748479638.89,65,4942498135.379999,6362324138.13,2
2019-04,FIP,18178933483.38,141,23564608.29,8923766.459999999,42
2019-04,FIQ-FMIA,1027390049.02,13235,28052949.64,36453047.44,4
2019-04,FITVM,35619643443.98,303410,373584009.44,384883712.92,91
2019-04,FMIA,2283411548.78,3518961,30562285.76,28636675.009999998,29
2019-04,FMIA-CL,72888720872.86,89948,572869894.77,592783637.04,65
2019-04,FMP-FGTS,4723578559.59,152545,342751.44,46037951.83,54
2019-04,FMP-FGTS CL,2754330.57,54,0.0,2172.03,3
2019-05,FACFIF,448499053275.56,3686442,137738128271.98,139291383547.30002,481
2019-05,FI,629228407270.9401,1079095,37728478739.76,47913100209.18,5130
2019-05,FIC-FITVM,4074663668.71,63737,152136168.7,83004922.96000001,19
2019-05,FIDC,1164454764.21,33,15477058.29,0.0,21
2019-05,FIEX,49194655.81,1968,7986527.3100000005,3814924.5200000005,3
2019-05,FIF,1539734701163.08,585606,307645059514.81,311826992933.64996,872
2019-05,FIFDIV,18204324003.2,69,5613847575.81,6253066319.250001,2
2019-05,FIP,18226842265.43,155,23436360.0,7889091.97,44
2019-05,FIQ-FMIA,1081290456.82,13158,57164580.09,27499621.389999997,4
2019-05,FITVM,36384195682.22,299297,595178325.49,379270429.45,89
2019-05,FMIA,2295801822.0,3515499,21588599.43,33839102.85,29
2019-05,FMIA-CL,74853459615.62001,91023,546966814.0600001,448644960.04,64
2019-05,FMP-FGTS,4501685177.32,151531,267488.26,33099799.47,54
2019-05,FMP-FGTS CL,2598085.24,53,0.0,115836.71,3
2019-06,FACFIF,444000479720.0,3709901,124424817911.43001,130648504714.24,481
2019-06,FI,634052614964.59,1074513,34265180130.32,37984072588.96,5114
2019-06,FIC-FITVM,4296587213.79,65732,152589234.59,92917034.49000001,19
2019-06,FIDC,1230885998.8,34,58878876.33,0.0,22
2019-06,FIEX,50524571.95,1886,3532188.14,2612607.21,3
2019-06,FIF,1544783992846.91,595547,294093693743.17,298460328117.83,868
2019-06,FIFDIV,18216741163.280003,67,4150794447.9,4221842857.15,2
2019-06,FII,64757055.8,7,0.0,0.0,1
2019-06,FIP,18612342844.96,147,15352982.510000002,17986390.05,44
2019-06,FIQ-FMIA,1119593140.75,13075,4008692.2399999998,3705907.1900000004,4
2019-06,FITVM,37693324194.34,295913,462345181.35,549671683.67,89
2019-06,FMIA,2377566201.64,3514138,23606109.86,45524021.38,29
2019-06,FMIA-CL,76805474042.41,96918,602339013.55,397191358.37,64
2019-06,FMP-FGTS,4730778506.03,150640,51366.520000000004,36988783.57,54
2019-06,FMP-FGTS CL,2691696.96,52,0.0,24140.96,3
2019-07,FACFIF,439885804196.74,3789089,144427513702.1,150511501674.47,481
2019-07,FI,645173773802.57,1080999,41345245991.2,37496423476.08,5114
2019-07,FIC-FITVM,4579028129.41,71859,306395946.86,137033440.77,19
2019-07,FIDC,1238451548.26,35,6525605.6,10101229.95,21
2019-07,FIEX,45586349.519999996,1699,1806265.99,6480238.380000001,3
2019-07,FIF,1542573944484.95,608934,319574693132.91,330850069543.37,864
2019-07,FIFDIV,17337945380.11,67,4646639218.86,5619997043.75,2
2019-07,FII,64719070.5,7,0.0,0.0,1
2019-07,FIP,18815125071.75,147,23332547.39,238659927.63,42
2019-07,FIQ-FMIA,1157618073.01,13030,13289491.42,12258957.350000001,4
2019-07,FITVM,38250241068.02,294824,708527574.33,538746972.34,89
2019-07,FMIA,2451090528.0099998,3513856,68784688.84,27148839.060000002,29
2019-07,FMIA-CL,78089052309.43001,110954,1011247739.73,580397180.16,64
2019-07,FMP-FGTS,4484126307.99,149242,333617.14,54745696.1,54
2019-07,FMP-FGTS CL,2690319.7199999997,52,0.0,0.0,3
2019-08,FACFIF,441585779391.16,3908408,139415848633.62,140323625679.65,481
2019-08,FI,641061924128.19,1093759,35856948038.74,41772536471.47,5117
2019-08,FIC-FITVM,4876391435.11,74411,354821860.62,101325322.71,19
2019-08,FIDC,1328440014.12,37,23951315.02,0.0,23
2019-08,FIEX,52635543.51,1744,5018512.67,2629800.56,3
2019-08,FIF,1525973357366.55,636719,284412801466.0,309889063927.08,861
2019-08,FIFDIV,16887244681.81,65,4864749482.820001,5392393489.18,2
2019-08,FII,63389731.67,7,0.0,0.0,1
2019-08,FIP,18467663822.54,144,421799357.93000007,478899300.74,43
2019-08,FIQ-FMIA,1227965464.27,12963,61926627.88,3347461.44,4
2019-08,FITVM,38672152609.07,293568,898416375.42,293254785.09,88
2019-08,FMIA,2487217571.36,3512956,56524762.76,24607206.6,29
2019-08,FMIA-CL,74507289463.62,120837,1549227097.74,4180691609.33,63
2019-08,FMP-FGTS,4238389428.07,148099,327226.39,33968053.58,54
2019-08,FMP-FGTS CL,2668062.55,52,0.0,0.0,3
2019-09,FACFIF,436398973521.43,4014684,146392648265.37,153424529404.14,481
2019-09,FI,643097957661.56,1109259,44632996438.58,48019243289.04,5160
2019-09,FIC-FITVM,5005165884.68,75903,195729025.04000002,157423371.95,19
2019-09,FIDC,1254690305.89,34,45614206.65,0.0,21
2019-09,FIEX,53633761.01,1867,6078010.01,5014239.8,3
2019-09,FIF,1524929867409.12,646565,275633600057.01,286507782518.29,860
2019-09,FIFDIV,15629935948.390001,65,4721300285.660001,6050880538.96,2
2019-09,FII,50269261.52,0,0.0,0.0,1
2019-09,FIP,17669038587.690002,141,39578419.019999996,264700702.59,40
2019-09,FIQ-FMIA,1256290236.81,12892,18294504.59,11601157.75,4
2019-09,FITVM,39457308740.8,289187,567725717.87,594495958.9399999,88
2019-09,FMIA,2564348181.61,3512240,36964203.489999995,28999475.83,29
2019-09,FMIA-CL,74647586062.9,130743,719621955.92,620594265.23,63
2019-09,FMP-FGTS,4440233974.07,147095,747631.41,37849720.58,54
2019-09,FMP-FGTS CL,2774111.1799999997,52,0.0,0.0,3
2019-10,FACFIF,474108484683.53,4457141,151526265014.24,159557089652.24,481
2019-10,FI,646918420194.97,1122828,38458081681.54,41513055240.55,5190
2019-10,FIC-FITVM,5227825103.14,77401,257613307.51000002,108191689.85,19
2019-10,FIDC,1325319805.18,35,49127126.56,0.0,21
2019-10,FIEX,52830705.989999995,1826,5250300.1899999995,4608190.92,3
2019-10,FIF,1511465548583.3499,662149,412007838887.73,433995550992.23,857
2019-10,FIFDIV,14975517289.400002,66,4590374327.7699995,5314197119.63,2
2019-10,FII,50192123.38,7,0.0,0.0,1
2019-10,FIP,18362698176.77,141,4049142.27,40347051.260000005,40
2019-10,FIQ-FMIA,1292280750.81,12848,31634934.509999998,9339294.620000001,4
2019-10,FITVM,40804721723.45,288731,1233880133.69,512945121.5,88
2019-10,FMIA,2629545622.96,3511388,64664070.69,60591321.839999996,29
2019-10,FMIA-CL,75353022861.38,137663,969351920.5,1128169059.77,63
2019-10,FMP-FGTS,4570615640.12,145936,169237.64,45912342.36,54
2019-10,FMP-FGTS CL,2864255.73,51,0.0,4556.82,3
2019-11,FACFIF,477552688870.07,4539614,144131324253.69,153157097269.09,481
2019-11,FI,598847042457.23,722722,35222693944.39,34244452781.32,5224
2019-11,FIC-FITVM,5669507455.46,80334,387791821.52,71901049.03,19
2019-11,FIDC,1579615685.87,37,1306540.49,0.0,23
2019-11,FIEX,59786593.019999996,1947,7327904.43,3094140.67,3
2019-11,FIF,1493096249807.67,677196,297752026724.92,320548595025.9,855
2019-11,FIFDIV,15531892698.41,69,5178029554.99,4670239231.09,2
2019-11,FII,50152120.13,7,0.0,0.0,1
2019-11,FIP,17839377642.15,149,11817000.0,4512766.659999999,41
2019-11,FIQ-FMIA,1374717840.28,12797,38373391.85,3706355.08,4
2019-11,FITVM,42029728374.5,290089,1199655168.9,410852687.17,88
2019-11,FMIA,2716928026.84,3511716,91762805.22,28647918.78,29
2019-11,FMIA-CL,74876955245.15001,151328,2400176212.98,2777325764.65,62
2019-11,FMP-FGTS,4524889760.11,144840,1410842.27,54667657.39,54
2019-11,FMP-FGTS CL,2860616.36,52,8140.23,0.0,3
2019-12,FACFIF,479116503525.87,4660905,190760142124.22,190337325543.97,481
2019-12,FI,603495765278.63,761216,44180608319.17,46024508468.35,5303
2019-12,FIC-FITVM,6762662449.76,88470,703919170.99,107420361.38,19
2019-12,FIDC,1856339107.5900002,44,136554603.63,8825289.48,27
2019-12,FIEX,56703455.71,2188,6920141.23,7651371.95,3
2019-12,FIF,1462388236540.8699,697808,404082313139.12,443331334139.15,851
2019-12,FIFDIV,18064797087.81,68,8795805544.47,6324168727.7699995,2
2019-12,FII,50078414.12,0,0.0,0.0,1
2019-12,FIP,19858770488.66,147,61942004.06,11679542.51,41
2019-12,FIQ-FMIA,1514070350.71,12754,59903368.37,22714703.71,4
2019-12,FITVM,46309213733.82,296659,1480834748.56,423164772.5,88
2019-12,FMIA,3011786766.9,3512354,127021539.75,35811503.78,29
2019-12,FMIA-CL,81187734295.4,185322,2603165467.0,670404381.86,61
2019-12,FMP-FGTS,4732076646.7,143838,0.0,43629746.660000004,54
2019-12,FMP-FGTS CL,2985887.63,51,0.0,8463.03,3
2020-01,FACFIF,476714407940.88,4782085,163275277251.8,167204418762.31,481
2020-01,FI,611345271451.6,802664,40210208731.56,38825829404.24,5341
2020-01,FIC-FITVM,7406020206.57,100904,871996932.92,286952626.57,19
2020-01,FIDC,1997877249.57,44,109110952.22,0.0,27
2020-01,FIEX,67743079.08,2487,9703976.82,3559685.27,3
2020-01,FIF,1457383625604.96,718175,328272580683.63,343180823352.7,848
2020-01,FIFDIV,21262677819.609997,68,8227791061.7,5101502322.37,2
2020-01,FII,50068166.96,0,0.0,0.0,1
2020-01,FIP,20619302767.75,150,31039038.0,4198524.52,42
2020-01,FIQ-FMIA,1595975834.3400002,12694,34761647.6,7523729.5200000005,4
2020-01,FITVM,47073117836.71,302468,1721499519.34,884518045.44,88
2020-01,FMIA,3065521094.93,3512949,179013319.5,93037770.52000001,29
2020-01,FMIA-CL,84526703759.48,229341,3433443854.33,1919747632.75,61
2020-01,FMP-FGTS,4425683061.57,142562,693017.26,53650626.800000004,54
2020-01,FMP-FGTS CL,2921852.73,51,0.0,0.0,3
2020-02,FACFIF,476915100258.14,4892861,148038067939.88,148926973277.37,481
2020-02,FI,603545561871.73,820595,36338568508.32,36300612659.67,5376
2020-02,FIC-FITVM,6985775113.65,103026,407878831.09,242581534.44,19
2020-02,FIDC,2826931342.7,55,7231094.5,0.0,31
2020-02,FIEX,113633101.77,4295,47169446.480000004,6012329.5200000005,3
2020-02,FIF,1470325592292.75,738733,288963614952.92,283287416418.84,848
2020-02,FIFDIV,21195797775.89,69,6380012321.339999,6505833378.330001,2
2020-02,FII,50041985.01,7,0.0,0.0,1
2020-02,FIP,18742346780.62,147,8579000.0,1291601135.08,43
2020-02,FIQ-FMIA,1509590606.1899998,12623,31056004.97,18737271.21,3
2020-02,FITVM,44037846705.63,303134,1234888811.78,650545829.0,88
2020-02,FMIA,2842003905.27,3512531,128633261.37,81881182.91,29
2020-02,FMIA-CL,66749355016.1,229246,2215636150.66,16988701761.6,61
2020-02,FMP-FGTS,3903935725.08,141755,347508.9,36776944.88,54
2020-02,FMP-FGTS CL,2658811.27,50,0.0,16850.57,3
2020-03,FACFIF,463788273457.76,4975271,175067904984.84,187424035038.63,481
2020-03,FI,564336998709.49,790320,37827607374.94,45666275243.93,5379
2020-03,FIC-FITVM,4659182907.71,94238,147886308.64,350637606.28000003,19
2020-03,FIDC,2904718962.73,65,22679135.29,31469734.73,37
2020-03,FIEX,205031518.70999998,6611,140168311.51999998,65512708.32,3
2020-03,FIF,1427814676570.32,709220,336396901986.25,370527803968.38,845
2020-03,FIFDIV,20658858869.79,69,6080227680.71,6683443257.45,2
2020-03,FII,50003314.88,7,0.0,0.0,1
2020-03,FIP,14074720216.08,154,4250545.45,412656694.59,42
2020-03,FIQ-FMIA,1294978749.8200002,12538,247082024.44,29361537.02,3
2020-03,FITVM,33881392443.350002,296852,1639817961.24,1000612767.25,88
2020-03,FMIA,1890197796.1399999,3510011,43353727.75,134626342.26,29
2020-03,FMIA-CL,52918783185.56,205142,1889264459.68,1490672973.47,60
2020-03,FMP-FGTS,2851816124.5,141385,5444.3099999999995,10450371.52,54
2020-03,FMP-FGTS CL,1800832.65,50,0.0,0.0,3
2020-04,FACFIF,453075884353.69,5010085,155650031484.85,167554761707.04,481
2020-04,FI,558854220644.55,781093,23034657533.34,36563340872.96,5366
2020-04,FIC-FITVM,5213300655.92,94067,112826899.97,62944772.15,19
2020-04,FIDC,2952333298.61,69,15095088.14,3415310.34,37
2020-04,FIEX,219247962.18,7394,54997125.48,46470613.690000005,3
2020-04,FIF,1402779967876.61,701114,291365954668.95,323649549069.56995,844
2020-04,FIFDIV,18215472238.3,70,3626339590.6800003,6121632572.54,2
2020-04,FII,50016635.56,7,0.0,0.0,1
2020-04,FIP,15031754121.32,159,6980356.1,82135290.51,42
2020-04,FIQ-FMIA,1621560389.64,12476,166507929.20999998,21277942.66,3
2020-04,FITVM,36284629258.45,296511,358027501.57,582442842.9,88
2020-04,FMIA,2098868646.35,3509855,23501291.9,15584265.57,29
2020-04,FMIA-CL,56264760548.630005,203727,1575593318.72,702659705.34,60
2020-04,FMP-FGTS,3254752198.41,141287,466121.87,3309943.63,54
2020-04,FMP-FGTS CL,2071353.46,50,0.0,0.0,3
2020-05,FACFIF,453801213711.51,5104799,149550096556.91998,149658115025.34,481
2020-05,FI,559068658728.43,747954,19390727616.25,30058094353.940002,5372
2020-05,FIC-FITVM,5574093203.36,93273,64457423.19,74474561.78,19
2020-05,FIDC,3066864270.45,70,36941857.18,5588157.36,38
2020-05,FIEX,229836431.48,8636,74479614.35,64018045.699999996,3
2020-05,FIF,1406363265738.8599,705245,265118891311.69,269984657487.98,844
2020-05,FIFDIV,17228724826.55,70,4281658959.6,5309957860.690001,2
2020-05,FII,49982327.89,7,0.0,0.0,1
2020-05,FIP,16173106168.81,157,82551497.1,81545604.41,41
2020-05,FIQ-FMIA,1715395253.03,12387,47407242.54,95358885.84,3
2020-05,FITVM,38539580379.979996,295531,215416325.04,798111614.79,88
2020-05,FMIA,2254286291.02,3509550,15259137.559999999,17490793.45,29
2020-05,FMIA-CL,61911400800.9,202489,3800232875.38,475970475.76,60
2020-05,FMP-FGTS,3729080342.02,141024,342209.74,7536503.04,54
2020-05,FMP-FGTS CL,2270418.0300000003,50,0.0,0.0,3
2020-06,FACFIF,460927300258.22,5155937,168770811701.48,162810680881.28,481
2020-06,FI,572318808612.37,758158,25817825618.3,24979185898.57,5411
2020-06,FIC-FITVM,6150302195.21,94311,184764759.87,136956047.8,19
2020-06,FIDC,4905200424.96,76,18393591.22,27977805.810000002,41
2020-06,FIEX,183325897.51,8200,28408061.84,73074273.17,3
2020-06,FIF,1412007481363.01,710699,296014458166.75,295264116371.36,844
2020-06,FIFDIV,18177507969.43,67,6597010922.86,5683850742.68,2
2020-06,FII,49992335.68,7,0.0,0.0,1
2020-06,FIP,17831840007.18,174,44802305.43,176927786.29,42
2020-06,FIQ-FMIA,1890210904.0900002,12318,1650342.11,9353417.59,3
2020-06,FITVM,41094479996.76,295103,407666800.93,510606201.02,88
2020-06,FMIA,2453812548.1,3509449,43823789.17,32684759.17,29
2020-06,FMIA-CL,67383430778.14,204039,448985059.68,578906439.74,60
2020-06,FMP-FGTS,3921880988.54,140061,75291.98,30103880.97,54
2020-06,FMP-FGTS CL,2438752.75,50,0.0,0.0,3
2020-07,FACFIF,470423077837.27997,5202329,194497696663.73,186350770420.43,481
2020-07,FI,581738345605.51,777450,30863544419.95,33382480607.4,5438
2020-07,FIC-FITVM,6755960470.1,95707,178663066.46,100467597.23,19
2020-07,FIDC,4963011385.07,77,8399512.22,5642220.94,42
2020-07,FIEX,181623953.02,9207,25131700.56,24713571.110000003,3
2020-07,FIF,1434283555629.96,724749,344623020193.26,329675271091.21,841
2020-07,FIFDIV,20473769050.91,67,7997317304.61,5734707577.71,2
2020-07,FII,87684917.69,35,37700000.0,0.0,2
2020-07,FIP,18359427587.940002,243,21067012.8,148012299.35,43
2020-07,FIQ-FMIA,2123237432.86,12240,86479603.7,42533227.72,3
2020-07,FITVM,44642711758.44,294510,394447665.6,661820450.78,87
2020-07,FMIA,2678659445.1,3507438,62367207.58,35054310.0,29
2020-07,FMIA-CL,73639457889.24,208866,781988547.31,621695383.33,60
2020-07,FMP-FGTS,4113502058.67,139419,533090.3300000001,33791903.51,54
2020-07,FMP-FGTS CL,2597995.56,49,0.0,655.69,3
2020-08,FACFIF,476442895492.8,5172408,186208668172.30002,180685672452.48,481
2020-08,FI,578144241756.95,793752,25207808851.43,25708551966.24,5455
2020-08,FIC-FITVM,6688581239.190001,95307,156677830.54999998,111028512.2,19
2020-08,FIDC,5067139250.32,76,65916994.54,36272656.53,44
2020-08,FIEX,233033796.16,11572,62135371.99,20475923.57,3
2020-08,FIF,1459191979664.53,727773,326981822635.02997,303686514760.51996,837
2020-08,FIFDIV,22668060307.690002,66,8047649536.67,5883890242.14,2
2020-08,FII,117244419.71000001,35,0.0,0.0,2
2020-08,FIP,16957895920.61,205,15180826.06,70000000.0,39
2020-08,FIQ-FMIA,2120582110.44,12162,2031182.6400000001,14025902.59,3
2020-08,FITVM,44193563518.42,293504,615116788.12,611844467.13,86
2020-08,FMIA,2623482801.0,3505205,47054238.04000001,29360506.29,29
2020-08,FMIA-CL,75515419652.1,211161,679372531.65,1267836940.08,60
2020-08,FMP-FGTS,4007753565.2200003,138742,17886.94,32564818.23,54
2020-08,FMP-FGTS CL,2524111.96,48,0.0,2910.21,3
2020-09,FACFIF,478117724709.79004,5139432,186596842431.93,184563314679.16998,481
2020-09,FI,565053995720.03,802422,24524509871.3,33488453295.34,5498
2020-09,FIC-FITVM,6417670766.52,94006,125367286.18,115903840.13000001,19
2020-09,FIDC,5209972741.72,76,109189653.42,5500000.0,44
2020-09,FIEX,269038706.49,13094,53480623.300000004,23861353.44,3
2020-09,FIF,1468133939313.03,730420,336524286762.94,328985319747.87,836
2020-09,FIFDIV,26893910616.1,65,8733508122.61,4533988367.320001,2
2020-09,FII,116992202.22999999,35,0.0,0.0,2
2020-09,FIP,17011243640.56,238,91255155.66,22029153.32,41
2020-09,FIQ-FMIA,2039718417.09,12088,103951032.55,105510779.97,3
2020-09,FITVM,42676781916.25,291784,267689769.85,432427719.67,85
2020-09,FMIA,2478745896.33,3503727,27863014.22,48332203.18,29
2020-09,FMIA-CL,74709635612.01,208181,770913003.45,613706751.37,60
2020-09,FMP-FGTS,3863508148.93,138202,0.0,20535574.88,54
2020-09,FMP-FGTS CL,2368200.77,48,0.0,0.0,3
2020-10,FACFIF,465044991802.05,5039131,178267657460.53,191580060229.91,481
2020-10,FI,562294698062.31,837485,26061687704.91,31359083732.39,5546
2020-10,FIC-FITVM,6381320883.5,92636,126151743.09,113429963.04,19
2020-10,FIDC,5011063488.14,81,339944654.88,17357849.509999998,45
2020-10,FIEX,348557032.9,15769,104321687.3,33246676.52,3
2020-10,FIF,1448228284277.58,749487,332215255127.0,356632843099.71,833
2020-10,FIFDIV,28327561952.01,59,7121022195.640001,5722973237.46,2
2020-10,FII,66686756.73,28,0.0,0.0,1
2020-10,FIP,16877590912.71,239,22847496.71,22302255.21,41
2020-10,FIQ-FMIA,2031397944.72,12019,5769335.86,12893310.39,3
2020-10,FITVM,42444486066.39,290014,245843670.87,379720303.57,85
2020-10,FMIA,2448653935.09,3502517,20233066.59,36683327.32,29
2020-10,FMIA-CL,74215616740.56,204102,327260223.5,1700095127.35,60
2020-10,FMP-FGTS,3830968482.7,137529,71601.34,29339605.099999998,54
2020-10,FMP-FGTS CL,2332537.44,48,0.0,0.0,3
2020-11,FACFIF,454670444779.54,4875320,160715349353.12,172087506963.94,481
2020-11,FI,572667931048.08,846146,22179788398.19,29364642678.49,5587
2020-11,FIC-FITVM,7271412251.77,91101,214282549.57999998,152131660.9,18
2020-11,FIDC,5168717978.97,86,23075621.45,5000000.0,46
2020-11,FIEX,330988922.57000005,15840,54100813.98,53398027.18,3
2020-11,FIF,1440101706832.33,760340,327796040999.24,342431731815.27,832
2020-11,FIFDIV,29880769849.530003,57,7436503823.030001,5924138116.24,2
2020-11,FII,116584311.8,36,1500000.0,0.0,2
2020-11,FIP,17661052811.04,240,12519962.629999999,6953322.7299999995,43
2020-11,FIQ-FMIA,2200845606.2200003,11962,9691007.41,54695932.96,3
2020-11,FITVM,47292954735.71,287373,292084440.34,710985276.62,85
2020-11,FMIA,2733776745.87,3501522,20920425.060000002,63562046.71,29
2020-11,FMIA-CL,86741870233.14,199094,406735952.54999995,815348969.22,58
2020-11,FMP-FGTS,4957204096.4,136819,42226.36,39085651.35,54
2020-11,FMP-FGTS CL,2762500.85,48,0.0,0.0,3
2020-12,FACFIF,446861976547.41003,4836538,202074890631.93,213738402151.69,481
2020-12,FI,566236523217.88,856155,25909737923.01,50609982529.619995,5723
2020-12,FIC-FITVM,7847495957.75,90319,236894438.75,174924074.16,18
2020-12,FIDC,5249663087.55,83,276873079.0,285046233.75,46
2020-12,FIEX,286693687.5,14594,21335168.09,56398537.36,3
2020-12,FIF,1431650271238.36,776790,420058817625.98004,435527160924.11005,830
2020-12,FIFDIV,29482157877.579998,55,9356490454.18,9811546122.45,2
2020-12,FII,116623429.84,36,0.0,0.0,2
2020-12,FIP,21956353790.59,245,25957150.08,136591883.57,44
2020-12,FIQ-FMIA,2317203678.8599997,11893,14468028.33,29947144.37,3
2020-12,FITVM,51169210815.88,290006,533016610.78,748776611.1,85
2020-12,FMIA,2938505616.37,3500741,39168446.510000005,54031936.89,29
2020-12,FMIA-CL,91993985770.37,195960,841567728.33,3078687641.2000003,58
2020-12,FMP-FGTS,5496160961.9,135889,200680.59,65189137.08,54
2020-12,FMP-FGTS CL,3012978.56,48,0.0,0.0,3
2021-01,FACFIF,454653983756.99,4781741,167724454606.58,160107904891.26,481
2021-01,FI,559968314441.67,881589,23662272200.93,30287859875.670002,5709
2021-01,FIC-FITVM,7620269992.540001,88859,124144664.67,172548691.62,18
2021-01,FIDC,5050064070.94,84,6341590.9399999995,232438419.42000002,46
2021-01,FIEX,320135631.54,15872,40817704.2,21540239.69,3
2021-01,FIF,1453883152601.6,793731,359876652903.07,342457291642.12,827
2021-01,FIFDIV,28847187238.620003,59,7298388166.440001,7968434950.710001,2
2021-01,FII,116457801.53999999,36,0.0,0.0,2
2021-01,FIP,56719475709.88,245,9173974.74,1688907129.4,45
2021-01,FIQ-FMIA,2309640128.77,11814,33621300.5,52438537.82,3
2021-01,FITVM,50831367217.26,293682,599016800.38,735777244.4,85
2021-01,FMIA,2815166122.2999997,3499875,29005452.41,48285123.19,29
2021-01,FMIA-CL,48507621202.41,192981,752508952.0,44968225912.0,58
2021-01,FMP-FGTS,5326586595.91,134823,231739.44,77004064.87,54
2021-01,FMP-FGTS CL,2913820.12,48,0.0,0.0,3
2021-02,FACFIF,455885213101.51,4711639,154276433682.27002,152940305347.74,481
2021-02,FI,558728019399.12,903348,22593948937.97,22211513586.11,5780
2021-02,FIC-FITVM,7444514279.3,87503,164154573.78,143550053.13,18
2021-02,FIDC,5045483373.57,85,4413902.279999999,27359510.48,47
2021-02,FIEX,326966846.42,16402,29625383.38,24722435.62,3
2021-02,FIF,1459764402464.6099,804464,329147877316.44,325360907373.18,823
2021-02,FIFDIV,31829416300.99,61,7781508559.65,4828577675.509999,2
2021-02,FII,124146311.09,36,8000000.0,0.0,2
2021-02,FIP,58282320400.22,247,1642930.35,219779113.94,45
2021-02,FIQ-FMIA,2292564461.82,11740,117299616.79,96458124.05,3
2021-02,FITVM,49176123021.87,294561,414229631.84,1388002990.27,85
2021-02,FMIA,2682255436.0,3499262,17124109.37,41782235.58,29
2021-02,FMIA-CL,48022468335.7,191565,784100175.1,615819617.3,58
2021-02,FMP-FGTS,5149537480.76,134048,144765.66,48381781.53,54
2021-02,FMP-FGTS CL,2697656.77,48,0.0,0.0,3
2021-03,FACFIF,461382259074.19,4647967,183652004431.79,183060728212.85,481
2021-03,FI,572505618794.44,922218,29522246050.93,26586138533.66,5893
2021-03,FIC-FITVM,7587958310.67,86789,91817454.94,171695439.98,18
2021-03,FIDC,5209476972.0,125,36776271.730000004,3916823.67,49
2021-03,FIEX,345312322.33,16744,46058190.11,27764901.1,3
2021-03,FIF,1479198870095.76,820449,380209232505.31,366634593722.05,822
2021-03,FIFDIV,31610857519.28,57,6508583354.45,6782137424.33,2
2021-03,FII,123488413.33,36,0.0,0.0,2
2021-03,FIP,56547519523.88999,250,88173312.69,32401043.43,45
2021-03,FIQ-FMIA,2208134751.4700003,11671,33633435.19,142778180.62,3
2021-03,FITVM,52676758691.41,295919,1507187722.07,671724755.3,85
2021-03,FMIA,2781646594.8199997,3498495,14781674.09,36555045.37,29
2021-03,FMIA-CL,50069689683.47,186805,849923791.91,695894164.75,58
2021-03,FMP-FGTS,5517618076.67,133376,0.0,41773968.16,54
2021-03,FMP-FGTS CL,2830772.66,48,0.0,0.0,3
2021-04,FACFIF,462720055209.06,4632883,175762248780.84,175341387182.91998,481
2021-04,FI,579460357456.93,908276,27426392870.1,26231445410.07,5966
2021-04,FIC-FITVM,7630010546.7,88771,179843903.62,377179507.56,18
2021-04,FIDC,5247264833.26,125,71349938.0,4364555.49,50
2021-04,FIEX,329797283.04,15928,21939272.189999998,28277540.3,3
2021-04,FIF,1470721512553.77,831544,373370349201.4,386171186593.12,820
2021-04,FIFDIV,31483194203.43,61,5350601338.080001,5539639012.990001,2
2021-04,FII,123113214.41,35,0.0,41195.17,2
2021-04,FIP,59055041186.34,252,14042902.43,50897683.550000004,46
2021-04,FIQ-FMIA,2199589969.9500003,11601,128871839.09,186220701.69,3
2021-04,FITVM,54708180380.4,296933,1854409463.72,2704650307.17,85
2021-04,FMIA,2833180108.28,3497921,19116121.31,36977351.97,29
2021-04,FMIA-CL,51819176614.99,188568,597130700.2099999,742064948.17,56
2021-04,FMP-FGTS,5874007556.09,132639,0.0,60652202.61,54
2021-04,FMP-FGTS CL,2875552.57,48,0.0,0.0,3
2021-05,FACFIF,464722623895.61,4593000,180913095220.92,179767117034.35,481
2021-05,FI,584052390713.18,926166,24060602503.47,26282847781.8,6043
2021-05,FIC-FITVM,8012414512.22,90893,193779302.61,166137047.11,17
2021-05,FIDC,5317881220.7,125,232000.0,5321868.74,50
2021-05,FIEX,294123052.99,14638,6252494.3,33485346.549999997,3
2021-05,FIF,1493703281560.87,847383,397594998157.21,380992684362.85,815
2021-05,FIFDIV,31722011800.7,65,5552193195.18,5394267356.25,2
2021-05,FII,126098370.86,35,0.0,0.0,2
2021-05,FIP,60147486929.380005,252,6959567.85,10272289.280000001,48
2021-05,FIQ-FMIA,2279495894.23,11524,36778516.900000006,27930067.33,3
2021-05,FITVM,58300213543.54,298096,1516921405.55,916522141.5600001,84
2021-05,FMIA,2977207447.58,3497516,24179592.509999998,47966120.42,29
2021-05,FMIA-CL,54156301153.88,188444,888903395.3,568717573.69,56
2021-05,FMP-FGTS,6279541773.77,131752,57101.78,65387984.66,54
2021-05,FMP-FGTS CL,2108533.5,47,0.0,952932.83,3
2021-06,FACFIF,466414148599.3,4559578,179862337908.57,178926966640.68,481
2021-06,FI,579844510769.87,954688,22641909052.7,28484628646.74,6141
2021-06,FIC-FITVM,8204062714.19,94897,299987209.24,175909031.53,17
2021-06,FIDC,6883860679.53,125,64307731.94,4615555.86,50
2021-06,FIEX,239592286.01,12756,2857894.1899999995,44937103.91,3
2021-06,FIF,1495447971806.76,863548,419058255744.21,421821731285.82,814
2021-06,FIFDIV,34165575880.37,67,6952435603.830001,4599947805.849999,2
2021-06,FII,53460606.38,7,0.0,0.0,2
2021-06,FIP,59404783283.63,258,51317997.65,771737279.95,47
2021-06,FIQ-FMIA,2302366247.6,11470,39492610.62,53902413.11,3
2021-06,FITVM,58612213315.87,297406,3131549875.53,3277437839.2400002,83
2021-06,FMIA,3000744834.46,3497558,55734848.84,33289927.689999998,29
2021-06,FMIA-CL,55456414540.77,192293,701357919.82,903525466.54,56
2021-06,FMP-FGTS,6464799217.22,130611,296825.3,95005634.28,54
2021-06,FMP-FGTS CL,2205239.8,47,0.0,0.0,3
2021-07,FACFIF,471137038927.8,4538206,185759723513.36002,181862740495.38998,481
2021-07,FI,575274070246.16,981859,25844160941.97,28980469892.28,6214
2021-07,FIC-FITVM,7856193609.85,94410,211990785.33999997,259296586.45,17
2021-07,FIDC,7192681301.59,126,32975025.98,2581643.94,51
2021-07,FIEX,232057722.22000003,12060,2912139.89,19764344.57,3
2021-07,FIF,1516378178942.29,885556,411541773973.07,396500550636.69,810
2021-07,FIFDIV,37092505646.88,68,8268214702.440001,5460614539.839999,2
2021-07,FII,54199389.989999995,8,700000.0,0.0,2
2021-07,FIP,58997697522.9,258,108093106.64,183871484.89,47
2021-07,FIQ-FMIA,2255759935.42,11400,63908705.44,59564844.13,3
2021-07,FITVM,56147264335.88,296754,3176395789.28,3474268499.12,83
2021-07,FMIA,2893562806.08,3497398,40796764.14,30457289.68,29
2021-07,FMIA-CL,54939540496.46,194935,897793165.3100001,556835298.75,56
2021-07,FMP-FGTS,6022854110.46,129621,0.0,69599948.84,54
2021-07,FMP-FGTS CL,2077824.15,47,0.0,0.0,3
2021-08,FACFIF,482508098017.96,4500827,193072655456.8,184114396294.11,481
2021-08,FI,570479704712.75,985220,29447776897.03,32648455063.75,6264
2021-08,FIC-FITVM,7624238771.120001,91327,127433173.19,196454470.96,17
2021-08,FIDC,7142875810.59,134,21211684.67,16681397.770000001,51
2021-08,FIEX,218757695.82,11448,3571050.71,16277611.42,3
2021-08,FIF,1551481010695.11,909389,451996734417.94,422104464376.89,809
2021-08,FIFDIV,40518134192.89,70,9149254371.62,5877575543.66,2
2021-08,FII,54212758.019999996,8,0.0,0.0,2
2021-08,FIP,59209483168.44,263,5304523.6899999995,18374829.290000003,49
2021-08,FIQ-FMIA,2202063651.05,11337,15768148.26,19969242.67,3
2021-08,FITVM,53658378909.14,289697,1708211255.99,2167208798.2200003,83
2021-08,FMIA,2784063745.34,3496728,30351618.669999998,44039199.8,29
2021-08,FMIA-CL,53578030821.32,190227,424516419.25,696908576.49,56
2021-08,FMP-FGTS,5717802972.54,128651,161125.53,67290647.3,54
2021-08,FMP-FGTS CL,2091145.79,47,0.0,0.0,3
2021-09,FACFIF,486046070875.94,4441179,181602134137.69,179514281139.28,481
2021-09,FI,562553307665.69,987500,19484127309.21,23840654370.26,6313
2021-09,FIC-FITVM,7162664400.92,88930,153409855.44,150941932.38,17
2021-09,FIDC,7158749957.61,133,51412364.32,7567611.11,51
2021-09,FIEX,216752698.94,10907,1948476.41,11921149.61,3
2021-09,FIF,1472877245762.71,929500,376670138072.22003,463356124007.64,807
2021-09,FIFDIV,42186898649.549995,73,6674993553.94,5180549905.070001,2
2021-09,FII,54195398.01,9,0.0,0.0,2
2021-09,FIP,59870983961.23,264,48841855.46,79247956.03,49
2021-09,FIQ-FMIA,2062774728.35,11277,1732390.98,5335434.42,3
2021-09,FITVM,49576008490.549995,282228,209524871.01,922954960.3,83
2021-09,FMIA,2576806554.3199997,3495915,13046105.219999999,37977427.75,29
2021-09,FMIA-CL,49844405515.65,184673,297421316.54,1804457713.23,56
2021-09,FMP-FGTS,5163023464.57,127877,9849.05,43316879.8,54
2021-09,FMP-FGTS CL,1982916.15,46,0.0,34105.79,3
2021-10,FACFIF,481253198563.6,4409756,174311196971.06,180496929687.75,481
2021-10,FI,542713822206.19,982306,19658750552.04,25983363693.82,6329
2021-10,FIC-FITVM,6421055930.629999,87019,55232411.46,155889940.82999998,17
2021-10,FIDC,7054615244.6,135,10072528.989999998,191884380.93,52
2021-10,FIEX,205117440.55,10308,3324198.85,17651834.56,3
2021-10,FIF,1466172856120.84,935951,265685113744.06,277048966695.8,804
2021-10,FIFDIV,43659352561.72,76,6168410288.24,4881829638.41,2
2021-10,FII,54634499.67,9,0.0,0.0,2
2021-10,FIP,53555327572.92,262,3665917.42,321801214.1,49
2021-10,FIQ-FMIA,1848115624.17,11186,36199128.85,20501086.5,3
2021-10,FITVM,45255549983.57,276960,186629818.95,1232855987.41,82
2021-10,FMIA,2357941594.4,3495192,8367534.56,27118927.78,29
2021-10,FMIA-CL,45972527546.83,179218,605518211.76,1052812862.83,56
2021-10,FMP-FGTS,4879000424.63,127072,242535.45,59510797.660000004,54
2021-10,FMP-FGTS CL,1885059.28,46,0.0,0.0,3
2021-11,FACFIF,478634804812.48,4348957,185873267045.34,191049469006.86,481
2021-11,FI,542742334483.0,971174,27545869828.760002,28101429229.94,6371
2021-11,FIC-FITVM,6140128344.02,84723,46144368.67,125084821.92,17
2021-11,FIDC,9273900211.23,4217,200000.0,47568074.66,58
2021-11,FIEX,191649062.66,9673,1145749.78,14863872.98,3
2021-11,FIF,1479607542242.54,962787,299130536812.8,297551864923.83,803
2021-11,FIFDIV,43710756910.41,78,7367334865.669999,7571801667.190001,2
2021-11,FII,54105845.7,10,320000.0,0.0,2
2021-11,FIP,48332256486.43,265,38278935.760000005,14502449.59,51
2021-11,FIQ-FMIA,1387130678.14,11116,43479942.13,453065948.85999995,3
2021-11,FITVM,43110931836.39,271484,332280459.05,1919430235.1599998,81
2021-11,FMIA,2288791614.94,3494377,6264296.26,27462046.84,29
2021-11,FMIA-CL,44848841577.47,173217,567100244.4200001,1197150821.51,56
2021-11,FMP-FGTS,4941573525.0,126322,86184.78,39338904.21,54
2021-11,FMP-FGTS CL,1925435.79,46,0.0,0.0,3
2021-12,FACFIF,462300431398.64,4352076,211103376524.8,230655699796.31,481
2021-12,FI,538096393203.75,978428,33678128946.9,41967070380.05,6413
2021-12,FIC-FITVM,6175499816.440001,82845,41126871.25,130858270.77,17
2021-12,FIDC,9668758656.05,4538,439541.64,9440000.0,57
2021-12,FIEX,185528177.29000002,9186,3541234.75,11043155.68,3
2021-12,FIF,1401731549694.62,1002445,339685095206.17,429292410987.97,796
2021-12,FIFDIV,54341015841.76,320,20206097988.57,9951334503.17,2
2021-12,FII,39692629.730000004,10,0.0,0.0,2
2021-12,FIP,46488156875.75,272,35785638.15,78303360.03,54
2021-12,FIQ-FMIA,1408917968.74,11036,25697490.89,21142391.85,3
2021-12,FITVM,43976832485.409996,266477,245805968.14,1224746952.52,81
2021-12,FMIA,2322579968.1,3493631,10966119.43,27791738.61,29
2021-12,FMIA-CL,45547777371.15,167643,193641635.25,861945041.1999999,56
2021-12,FMP-FGTS,5451334414.3,125471,89462.87,67623707.21000001,54
2021-12,FMP-FGTS CL,1631260.98,44,0.0,425444.02,3
2022-01,FACFIF,449331014665.13,4277826,158943680783.58,174890929523.91,481
2022-01,FI,539446458278.57,967596,37470786100.979996,37835722728.02,6373
2022-01,FIC-FITVM,6294363707.01,80471,24371686.9,149694022.66,17
2022-01,FIDC,14360362130.640001,15469,37194975.0,45287000.0,59
2022-01,FIEX,168829499.39,8781,5874882.26,12120992.0,3
2022-01,FIF,1407260205294.59,1035152,278213432638.92,282843167321.47,793
2022-01,FIFDIV,63614309028.52,428,18913512022.079998,10059630027.77,2
2022-01,FII,40101674.0,10,400000.0,0.0,2
2022-01,FIP,44223533204.09,263,26113783.59,2283918375.799999,54
2022-01,FIQ-FMIA,1419165038.59,10976,3399734.26,33361679.4,3
2022-01,FITVM,44039363484.56,261198,97556006.64,2189754988.19,81
2022-01,FMIA,2414808868.98,3492845,2151743.63,37066463.1,29
2022-01,FMIA-CL,46096420321.9,161014,858179497.08,1244988440.28,56
2022-01,FMP-FGTS,5806884555.54,124554,102100.88,99272247.29,54
2022-01,FMP-FGTS CL,1765392.72,44,0.0,0.0,3
2022-02,FACFIF,432599849102.24,4262048,140504508228.08,160399349938.38,481
2022-02,FI,550197836756.48,951202,58828414391.28999,41002606131.69,6311
2022-02,FIC-FITVM,6090143609.5199995,78101,55831988.33,138789876.35999998,17
2022-02,FIDC,14573811137.23,15388,28337609.52,71832564.18,61
2022-02,FIEX,156313517.47,8174,8076117.36,14504802.6,3
2022-02,FIF,1402944102394.49,1077523,246583802701.16998,262005907113.97998,793
2022-02,FIFDIV,67839753943.88,483,15542394711.45,11811578935.84,2
2022-02,FII,40127482.58,9,0.0,0.0,2
2022-02,FIP,47930807790.13,262,7466096.85,19975355.89,52
2022-02,FIQ-FMIA,1475211837.6399999,10904,100393500.67999999,18737702.08,3
2022-02,FITVM,43280422217.950005,255950,263017927.45,1892335962.07,81
2022-02,FMIA,2384487743.5099998,3491993,169828766.6,31152225.79,29
2022-02,FMIA-CL,45794263627.24,155000,1529119579.02,1159377708.55,56
2022-02,FMP-FGTS,6240828708.28,123605,2107945.87,92581181.41,54
2022-02,FMP-FGTS CL,1795958.4,44,0.0,0.0,3
2022-03,FACFIF,411024597572.25,4084173,151350522414.77,176683223541.49,481
2022-03,FI,560034723631.7,921262,66708554738.770004,60025925077.67,6279
2022-03,FIC-FITVM,6272187295.3,75599,21742557.47,170989611.13,17
2022-03,FIDC,14633205501.800001,16610,41878400.0,144770062.34,60
2022-03,FIEX,129454785.52000001,7559,710652.28,15793666.76,3
2022-03,FIF,1402232447794.43,1123383,262019015403.53,277576863547.47,790
2022-03,FIFDIV,70420980615.29,502,12405282736.75,10442106798.44,2
2022-03,FII,40105938.24,9,0.0,0.0,2
2022-03,FIP,49362015610.090004,268,42723700.0,25462042.04,53
2022-03,FIQ-FMIA,1544060247.3,10833,5454563.45,8666608.37,3
2022-03,FITVM,42580534076.06,249371,197627472.44,3257975768.05,81
2022-03,FMIA,2286175550.6,3490978,3794670.94,233738563.73,29
2022-03,FMIA-CL,48494193946.87,151174,730093753.12,939870859.63,56
2022-03,FMP-FGTS,6311999423.860001,122301,0.0,121535752.21,54
2022-03,FMP-FGTS CL,1836188.98,44,0.0,0.0,3
2022-04,FACFIF,375403949226.97,3766120,101166405765.1,139545591934.4,481
2022-04,FI,558785174249.55,908382,64015826954.48,58453869715.990005,6233
2022-04,FIC-FITVM,5549054671.58,73943,28240635.599999998,141821830.88,17
2022-04,FIDC,14714814147.28,17806,60366569.75,28217263.55,60
2022-04,FIEX,124715230.91999999,7147,755134.8200000001,7175791.72,3
2022-04,FIF,1402727756400.7,1163439,239429814562.93,251395915166.36002,787
2022-04,FIFDIV,73251438603.95999,527,13024934310.91,10757758611.54,2
2022-04,FII,192102312.47,72,0.0,0.0,3
2022-04,FIP,42636994614.46,272,45115669.33,13604740.740000002,53
2022-04,FIQ-FMIA,1250390853.06,10764,1125000.0,104170241.17,3
2022-04,FITVM,38118061026.21,245471,173823652.68,1757442846.2,81
2022-04,FMIA,2051604540.04,3486668,5360017.08,32282427.07,28
2022-04,FMIA-CL,44493764007.13,147157,250047405.46,536290376.77,55
2022-04,FMP-FGTS,5806828666.83,121337,115098.19,88870694.12,54
2022-04,FMP-FGTS CL,1712442.78,43,0.0,25939.52,3
2022-05,FACFIF,341336378228.7,3293380,48449677713.8,85915825013.24,481
2022-05,FI,564824748683.3099,886788,72668480699.56999,65902973417.39,6183
2022-05,FIC-FITVM,5430004995.28,71791,15518081.86,127102933.63000001,17
2022-05,FIDC,14727330552.36,19024,17076544.53,119016339.83,61
2022-05,FIEX,110105431.12,6864,797941.34,11525346.49,3
2022-05,FIF,1367809556782.69,1205532,259124746469.72,308447597108.19,779
2022-05,FIFDIV,76334262404.97,561,15540724492.7,13208527195.69,2
2022-05,FII,192807252.13,72,850000.0,9602.89,3
2022-05,FIIM,2976914.49,1,0.0,0.0,1
2022-05,FIP,43181830030.06,264,35373662.0,87417364.74000001,54
2022-05,FIQ-FMIA,1209460948.25,10690,38063974.72,53985602.470000006,3
2022-05,FITVM,38644054680.38,240591,240570946.96,791905202.6899999,80
2022-05,FMIA,2077869566.27,3485878,3887921.23,32996445.5,28
2022-05,FMIA-CL,43567408692.17,146870,136647331.22,1304301222.28,55
2022-05,FMP-FGTS,6064195520.5,120365,26936.489999999998,90775361.28,52
2022-05,FMP-FGTS CL,1785637.5499999998,43,0.0,0.0,3
2022-06,FACFIF,331983279452.71,3095834,47076878530.23,59404958373.45,481
2022-06,FI,438807139084.66,844350,24886251791.06,150530066493.52002,6124
2022-06,FIC-FITVM,4764851634.29,69846,38775341.910000004,137605600.23000002,17
2022-06,FIDC,15465764812.92,19854,257535017.25,70471202.9,61
2022-06,FIEX,112664160.38,6621,606879.64,5976809.54,3
2022-06,FIF,1377692933647.42,1249665,261824969829.00998,264891164666.82,777
2022-06,FIFDIV,75317960948.38,584,11904708175.560001,13668037512.349998,2
2022-06,FII,198438460.37,72,0.0,0.0,3
2022-06,FIIM,5466028.91,1,2600000.0,0.0,1
2022-06,FIP,39612997225.73,273,132819760.0,120560233.78999999,56
2022-06,FIQ-FMIA,1083719235.1399999,10608,20998206.46,15877150.2,3
2022-06,FITVM,34719278219.1,236624,358699291.41999996,439471593.52,80
2022-06,FMIA,1813571498.42,3485178,3750482.27,25517854.02,28
2022-06,FMIA-CL,40138414628.07,142067,337171184.29,517277416.62,55
2022-06,FMP-FGTS,5410005296.82,119424,257128.77,73695875.96000001,52
2022-06,FMP-FGTS CL,1623717.83,43,0.0,0.0,3
2022-07,FACFIF,326831892345.02,2977386,42759321187.51,51331881571.840004,481
2022-07,FI,434467557853.9,788188,15073031792.539999,24252556067.37,6071
2022-07,FIC-FITVM,4889262902.860001,67979,23479497.11,133344175.69,17
2022-07,FIDC,15544389352.03,20745,181380730.41000003,84923976.11,62
2022-07,FIEX,108933959.85,6391,1211837.0,6480170.789999999,3
2022-07,FIF,1390246175431.61,1276616,248165279276.73,248033179341.19,776
2022-07,FIFDIV,74808933114.05,593,11584237436.35,12837901367.529999,2
2022-07,FII,53174801.029999994,9,0.0,149719469.81,3
2022-07,FIIM,6654230.35,1,1300000.0,0.0,1
2022-07,FIP,43096191929.090004,259,24336974.8,300325337.4,56
2022-07,FIQ-FMIA,1166357590.6799998,10552,16514799.51,6300751.27,3
2022-07,FITVM,35274760717.21,233175,164932497.68,635313436.58,80
2022-07,FMIA,1877203978.3600001,3484528,1353462.8499999999,23059377.62,28
2022-07,FMIA-CL,40581907655.58,137869,257476275.76,1571019558.1,55
2022-07,FMP-FGTS,5575093653.05,118672,116199.50000000001,56691141.18,52
2022-07,FMP-FGTS CL,1707098.27,41,0.0,71864.68,3
2022-08,FACFIF,328870343407.97,2894394,49417157611.549995,51416895739.47,481
2022-08,FI,431360509185.0,767836,17366685370.16,26042450112.61,5994
2022-08,FIC-FITVM,5093309024.42,66729,40632112.58,97468631.64,17
2022-08,FIDC,15804949939.7,21669,97613311.21,95055001.95,63
2022-08,FIEX,102999290.94,6088,385472.2,5427641.4799999995,3
2022-08,FIF,1411919161344.57,1324514,266714924970.29,259726243950.0,775
2022-08,FIFDIV,75625572969.95,610,13863005824.16,13893947885.82,2
2022-08,FII,53214419.31,9,0.0,0.0,3
2022-08,FIIM,33923164.1,2,27075325.03,0.0,2
2022-08,FIP,47587343365.0,260,16420282.54,9995594.82,56
2022-08,FIQ-FMIA,1228696617.48,10482,13784290.68,9825376.58,3
2022-08,FITVM,36584773086.15,228700,112835740.92999999,772584602.91,79
2022-08,FMIA,1982120465.19,3483913,8474944.379999999,19907126.42,28
2022-08,FMIA-CL,42092593768.02,134215,174805326.0,464116120.24,55
2022-08,FMP-FGTS,5862251378.06,117564,25984.1,158800583.32,52
2022-08,FMP-FGTS CL,1859232.17,41,0.0,28512.51,3
2022-09,FACFIF,328606925480.26,2839522,47291226042.48,50934670537.44,481
2022-09,FI,421917855024.73,748412,10775421978.81,23674611023.37,5891
2022-09,FIC-FITVM,5027280639.02,65696,27727730.1,65858732.08,17
2022-09,FIDC,15951342175.2,22990,166570101.41,196318272.31,63
2022-09,FIEX,99595036.6,5858,99677.74,4765698.06,3
2022-09,FIF,1418958593987.9,1385297,227146892305.19,233918232336.96,774
2022-09,FIFDIV,74902953325.69,612,12924111377.89,14427080631.97,2
2022-09,FII,53196244.48,10,0.0,0.0,2
2022-09,FIIM,34780755.64,2,600000.0,0.0,2
2022-09,FIP,46940764739.98,265,438406861.08000004,62235869.87,56
2022-09,FIQ-FMIA,1236566057.58,10422,916559.59,10066806.52,3
2022-09,FITVM,36178669637.01,225562,93475090.82,645915445.22,79
2022-09,FMIA,1966286365.47,3483394,2815817.2699999996,11526997.11,28
2022-09,FMIA-CL,41172000365.44,131074,259612144.41,768021135.38,55
2022-09,FMP-FGTS,5749511537.48,116757,9467.99,78570360.0,52
2022-09,FMP-FGTS CL,1784697.21,41,0.0,0.0,3
2022-10,FACFIF,328739399852.37,2798019,40941425626.28,44205026651.29,481
2022-10,FI,419689266200.13,732087,13005466413.67,20927845397.35,5822
2022-10,FIC-FITVM,5268431256.2,64484,23359783.419999998,96496355.62,17
2022-10,FIDC,15956142841.73,24155,8127381.2,56508527.68,64
2022-10,FIEX,92831870.42,5655,182269.0,3790818.96,3
2022-10,FIF,1417578355231.83,1431104,213545701375.33002,227537562918.78,774
2022-10,FIFDIV,74142773551.95,616,11637728488.48,13140970939.01,2
2022-10,FII,53381534.19,9,0.0,0.0,2
2022-10,FIIM,35310823.67,2,300000.0,0.0,2
2022-10,FIP,50378883477.83,282,145316520.96,92955488.81,58
2022-10,FIQ-FMIA,1306526082.14,10334,21279688.52,35438435.51,3
2022-10,FITVM,36812552747.2,222018,62498402.63,951894982.26,78
2022-10,FMIA,2077263555.75,3483055,4665459.04,28147747.66,28
2022-10,FMIA-CL,42767604126.43,127740,380638518.43,543024869.53,55
2022-10,FMP-FGTS,5436383996.2699995,115745,169172.7,139165044.98,52
2022-10,FMP-FGTS CL,1841984.61,41,0.0,0.0,3
2022-11,FACFIF,325548705884.51,2752131,42673560853.83,47442070197.97,481
2022-11,FI,409675339269.17,710231,10662610794.74,18803518179.18,5768
2022-11,FIC-FITVM,4873438660.440001,63221,16616540.08,69907278.36,17
2022-11,FIDC,16332000389.59,24710,63995606.06,39072585.55,66
2022-11,FIEX,90709516.56,5409,359279.77999999997,5184056.83,3
2022-11,FIF,1402785539926.96,1466192,223232669151.54,248333699002.87,774
2022-11,FIFDIV,71856374823.56,618,11433449589.72,14432510388.1,2
2022-11,FII,53421942.339999996,9,0.0,0.0,2
2022-11,FIIM,35536883.56,2,0.0,0.0,2
2022-11,FIP,47575519387.81,279,9251632.61,43849196.24,56
2022-11,FIQ-FMIA,1194875970.8700001,10278,1391738.4,26112164.49,3
2022-11,FITVM,36080167350.92,219006,168644381.9,552060903.51,78
2022-11,FMIA,1953799425.66,3482503,3677374.92,22102149.07,28
2022-11,FMIA-CL,40688723169.83,124193,229802996.53,348409205.46,55
2022-11,FMP-FGTS,6119659909.41,114785,142211.16999999998,87705541.99,52
2022-11,FMP-FGTS CL,1705650.5,40,0.0,122798.61,3
2022-12,FACFIF,317177585498.23,2713794,48115525957.86,59930678295.29,481
2022-12,FI,367863434337.85,668323,10215398597.63,47716648185.299995,5682
2022-12,FIC-FITVM,4635233932.4800005,61940,20798981.79,93030268.66,17
2022-12,FIDC,17234055721.78,25339,152569727.25,464565630.28,70
2022-12,FIEX,88249756.94,5246,247260.27,3430357.33,3
2022-12,FIF,1373479321244.81,1514037,276242250136.87,319139706356.11,774
2022-12,FIFDIV,68508155252.31,612,18974841562.66,23092181217.870003,2
2022-12,FII,53475695.199999996,9,0.0,0.0,2
2022-12,FIIM,35782691.17,2,0.0,0.0,2
2022-12,FIP,83182894137.29001,313,465583314.72999996,272673933.52,57
2022-12,FIQ-FMIA,1134798199.3600001,10220,336045.43,17450945.189999998,3
2022-12,FITVM,35038067600.83,215135,110111608.50999999,641971987.92,78
2022-12,FMIA,1883810923.0,3482360,6047993.3,14761531.58,28
2022-12,FMIA-CL,40227852396.28,120843,458132813.24,331707973.21,55
2022-12,FMP-FGTS,6015506362.19,114040,839870.31,60613910.7,52
2022-12,FMP-FGTS CL,1703768.04,42,67334.95,0.0,3
2023-01,FACFIF,309824213008.49,2675723,41058647711.77,50649230064.06,481
2023-01,FI,362614019454.49,660828,9900997436.98,22363737910.19,5543
2023-01,FIC-FITVM,4700431182.1,60523,21936413.71,137069658.64,17
2023-01,FIDC,17306359105.96,26062,3649376.41,101614974.1,70
2023-01,FIEX,81204043.92,5054,541852.98,5722131.59,3
2023-01,FIF,1389297576584.41,1542113,287853585630.63,283876165558.72,771
2023-01,FIFDIV,74107550400.64,629,21460004479.03,16633223624.3,2
2023-01,FII,58331852.76,17,0.0,0.0,3
2023-01,FIIM,36047187.56,2,0.0,0.0,2
2023-01,FIP,84310278659.52,309,27507154.94,92222791.57000001,57
2023-01,FIQ-FMIA,1171963266.16,10149,4040000.0,14241834.66,3
2023-01,FITVM,35354055976.85,210863,107187178.39999999,1082459581.3999999,78
2023-01,FMIA,1929505249.3,3481808,1225846.3900000001,19422748.42,28
2023-01,FMIA-CL,40880897789.51,117148,110610352.06000002,563273914.36,55
2023-01,FMP-FGTS,6266732904.82,113162,1088242.27,83203671.14,52
2023-01,FMP-FGTS CL,1769397.25,44,7632.16,0.0,3
2023-02,FACFIF,304460224570.17,2644983,33461625135.72,41205954936.869995,481
2023-02,FI,345761603993.13,648681,7842715973.87,18762827527.5,5473
2023-02,FIC-FITVM,4317733399.71,59297,16021838.3,85510515.7,17
2023-02,FIDC,18556277730.06,27070,482112924.82,85556554.93,75
2023-02,FIEX,79237649.98,4896,174198.92,3492316.8499999996,3
2023-02,FIF,1394707285775.47,1563138,233425714867.65,239886672625.48,767
2023-02,FIFDIV,76803631708.0,633,13731306079.08,11704756189.67,2
2023-02,FII,58306618.94,17,0.0,0.0,3
2023-02,FIIM,36257650.21,2,0.0,0.0,2
2023-02,FIP,81874506033.11,305,13539233.39,39289525.46000001,56
2023-02,FIQ-FMIA,1096642168.4099998,10080,1713648.8,18434529.95,3
2023-02,FITVM,32754423009.01,208211,89763042.15,394967612.53,78
2023-02,FMIA,1768407020.26,3481281,2268706.9699999997,16894427.55,28
2023-02,FMIA-CL,38886603959.09,114365,301575747.07,808428650.9,55
2023-02,FMP-FGTS,5795302414.86,112642,1839860.71,51733110.62,52
2023-02,FMP-FGTS CL,2532755.16,147,856027.17,0.0,3
2023-03,FACFIF,298389901509.12,2617634,39444494027.12,48595489607.78,481
2023-03,FI,335937738644.19,631338,6989333506.37,16946376579.66,5377
2023-03,FIC-FITVM,4092200707.37,57663,32966051.93,103593556.8,17
2023-03,FIDC,18805943385.39,30180,180551342.18,739488187.52,75
2023-03,FIEX,74618773.86,4712,251018.01,4100723.16,3
2023-03,FIF,1385980880215.44,1596119,270393090423.2,294880550174.02997,766
2023-03,FIFDIV,75465829695.84,638,13669249339.52,15858434783.710001,2
2023-03,FII,58974449.62,17,500000.0,0.0,3
2023-03,FIIM,36542387.0,2,0.0,0.0,2
2023-03,FIP,76580836909.06999,301,28442089.33,104899203.50999999,55
2023-03,FIQ-FMIA,1032156867.6199999,9980,3172558.96,7447411.3,3
2023-03,FITVM,30945843291.55,204736,144822823.62,1169141631.87,78
2023-03,FMIA,1697642536.09,3480508,1375661.9700000002,15539391.99,28
2023-03,FMIA-CL,38014686078.17,110535,581673116.95,723518035.68,55
2023-03,FMP-FGTS,5387401476.43,111825,1553103.96,86213646.64,52
2023-03,FMP-FGTS CL,30388524.349999998,1729,27679429.99,0.0,3
2023-04,FACFIF,294902263291.48,2593252,33995280450.870003,39793587221.18,481
2023-04,FI,352193779332.43,571837,5252481966.44,17335107044.04,5242
2023-04,FIC-FITVM,4114658683.48,56610,22411062.86,84391011.9,17
2023-04,FIDC,20527026445.31,32150,671586960.72,591834045.25,75
2023-04,FIEX,70777047.62,4563,228730.97999999998,3004905.86,3
2023-04,FIF,1378469948599.77,1613349,191985877676.49,211403190661.38998,763
2023-04,FIFDIV,76097556871.93,642,12726879042.57,12741996223.95,2
2023-04,FII,54217971.31,10,0.0,4839819.29,3
2023-04,FIIM,36745318.18,2,0.0,0.0,2
2023-04,FIP,78726027416.31,302,26592866.67,10780345.79,56
2023-04,FIQ-FMIA,1008213870.49,9932,15234000.0,49771317.14,3
2023-04,FITVM,30790646100.07,202235,99788484.52,471965861.84,78
2023-04,FMIA,1718083552.18,3480014,722524.22,14282247.18,28
2023-04,FMIA-CL,38849797147.28,108050,320864817.11,358947371.1,55
2023-04,FMP-FGTS,5273035711.0,111228,374524.30000000005,57850471.3,52
2023-04,FMP-FGTS CL,36763761.43,1929,5327340.77,3187.34,3
2023-05,FACFIF,292043309340.14,2563172,40584755255.11,47418456085.79,481
2023-05,FI,349245217919.14,479472,10932085821.21,19334457659.16,5133
2023-05,FIC-FITVM,4333287946.7699995,55589,16364260.39,81155639.66,17
2023-05,FIDC,22582747194.579998,34801,999365650.05,1460138407.88,77
2023-05,FIEX,69074431.78,4389,104541.20999999999,3028351.94,3
2023-05,FIF,1381265398679.09,1651214,240431598128.25998,253737071533.34,755
2023-05,FIFDIV,72537022172.82,652,12571666375.43,16927790695.56,2
2023-05,FII,54240030.25,10,0.0,0.0,3
2023-05,FIIM,37020684.98,2,0.0,0.0,2
2023-05,FIP,85968877881.72,304,706035520.74,107013995.35,56
2023-05,FIQ-FMIA,1055397201.5400001,9855,4045592.35,48029127.26,3
2023-05,FITVM,31741960307.6,199314,85752897.45,352602093.2,78
2023-05,FMIA,1772877655.09,3479493,1770115.96,23991141.29,28
2023-05,FMIA-CL,40868516411.42,105493,254264517.86999997,460714630.19,55
2023-05,FMP-FGTS,5079843545.79,110588,1399728.9500000002,68179514.44,52
2023-05,FMP-FGTS CL,44456569.660000004,2054,5162109.279999999,39632.4,3
2023-06,FACFIF,293603309980.51,2546476,41141017531.12,42610616672.63,481
2023-06,FI,345104602039.77,464309,6892138682.87,13697590325.29,5010
2023-06,FIC-FITVM,4671311466.81,54974,40979247.71,64660635.61,17
2023-06,FIDC,24813080806.47,35655,134646867.81,994506973.3500001,76
2023-06,FIEX,63480020.64,4246,171215.89,1934162.1600000001,3
2023-06,FIF,1350549008698.95,1689771,214896825037.74,259102611118.3,753
2023-06,FIFDIV,70422683144.98,660,13169776468.7,16029444907.59,2
2023-06,FII,54310207.58,10,0.0,695.38,3
2023-06,FIIM,37290917.64,2,0.0,0.0,2
2023-06,FIP,89943375221.20999,320,270137131.72,55267338.72,57
2023-06,FIQ-FMIA,1116806770.98,9812,8012000.0,24525532.53,3
2023-06,FITVM,33436259952.01,197057,158796064.24,865590536.23,78
2023-06,FMIA,1902714599.75,3479165,2873758.14,14884769.64,28
2023-06,FMIA-CL,42943714938.71,103995,102873114.31,955044359.14,55
2023-06,FMP-FGTS,5497875648.35,109930,1629632.1199999999,87586060.11999999,52
2023-06,FMP-FGTS CL,54317624.93,2284,5924196.97,423854.52,3
2023-07,FACFIF,296727078341.01,2543247,44240795612.04,44064552783.96,479
2023-07,FI,335969258629.58997,432220,7747839297.0,12773580685.08,4878
2023-07,FIC-FITVM,4823143680.66,54467,34695012.72,55987256.3,17
2023-07,FIDC,24804331878.96,36674,1496305774.1799998,1922018722.1099997,77
2023-07,FIEX,61333616.43000001,4119,301304.73,1941549.06,3
2023-07,FIF,1361820970784.08,1707653,204977327750.22,207579996763.78,748
2023-07,FIFDIV,67857746908.69,668,11948135841.8,15222222172.73,2
2023-07,FII,54329701.0,10,0.0,0.0,3
2023-07,FIIM,37571565.09,2,0.0,0.0,2
2023-07,FIP,91772951688.12,320,244535286.18,86761622.64,58
2023-07,FIQ-FMIA,1166667320.02,9762,6821218.26,4587149.33,3
2023-07,FITVM,34337969752.93,195612,124091335.21000001,456157992.31,77
2023-07,FMIA,1944488656.99,3478840,4040760.48,16511486.809999999,28
2023-07,FMIA-CL,44217401311.45,103964,514835812.45,285450455.04,55
2023-07,FMP-FGTS,5753766581.41,109240,3194830.77,71259162.71,52
2023-07,FMP-FGTS CL,58930185.75,2427,4007868.26,493557.37,3
2023-08,FACFIF,302537222208.6,2575809,46717295977.66,44497420685.35,479
2023-08,FI,332810498158.27,347260,10896445277.72,13969034403.47,4737
2023-08,FIC-FITVM,4558369786.04,53888,54923751.85000001,81363657.54,17
2023-08,FIDC,24506960978.87,38048,600804979.51,1151280140.22,79
2023-08,FIEX,62762282.06999999,4010,472764.42,1687305.2,3
2023-08,FIF,1377466423811.23,1730728,215416582937.97,214447625691.46,746
2023-08,FIFDIV,65631371241.82,679,11519021591.48,14470719212.099998,2
2023-08,FII,54349923.599999994,10,0.0,0.0,2
2023-08,FIIM,37928113.23,2,0.0,0.0,2
2023-08,FIP,84477766130.27,325,160907383.76999998,154326314.55,58
2023-08,FIQ-FMIA,1101008869.89,9714,4959280.63,5458564.64,3
2023-08,FITVM,33112645075.14,193902,338609559.07,313827714.58,76
2023-08,FMIA,1838882116.9,3478489,6386717.550000001,11388168.08,28
2023-08,FMIA-CL,42898182111.61,103475,424166285.22999996,415123748.3,55
2023-08,FMP-FGTS,5643211388.09,108422,1414409.89,96810001.18,52
2023-08,FMP-FGTS CL,89020500.72999999,3685,33280780.599999998,1082577.72,3
2023-09,FACFIF,305875871951.0,2568933,40907340713.48,40046551594.28,479
2023-09,FI,335271167388.82,323219,14786970450.47,10644643761.14,4629
2023-09,FIC-FITVM,4503931808.54,53097,27497594.209999997,56294284.98,17
2023-09,FIDC,23453726285.81,39744,1343040322.18,2113959148.6599998,80
2023-09,FIEX,61358981.41,3856,60826.6,2031163.9700000002,3
2023-09,FIF,1383203810520.84,1742515,193992565901.80002,200744352771.21,744
2023-09,FIFDIV,64020218830.659996,677,11960624387.779999,14162698723.16,2
2023-09,FII,54482320.61,10,0.0,0.0,2
2023-09,FIIM,40182707.94,2,200000.0,0.0,2
2023-09,FIP,83214382225.52,334,590916311.84,349518188.84000003,58
2023-09,FIQ-FMIA,1094125037.3500001,9677,170745.64,1605844.52,3
2023-09,FITVM,33004044271.66,191999,89696888.12,566964064.63,76
2023-09,FMIA,1832141460.22,3478068,3439789.23,12835105.63,28
2023-09,FMIA-CL,42545323230.2,101687,221782362.05,374349098.81,55
2023-09,FMP-FGTS,5923060369.12,107757,1398649.69,89685257.7,52
2023-09,FMP-FGTS CL,100559585.21,4218,13195760.9,1793284.3,3
2023-10,FACFIF,309714667908.34,2560103,42680422737.73,41055736576.45,479
2023-10,FI,316689470609.67,314054,4777399332.8,20323277447.12,4483
2023-10,FIC-FITVM,4246276686.46,52024,33599646.55,88124433.05,17
2023-10,FIDC,24133434256.420002,40789,466164946.66999996,916777439.21,81
2023-10,FIEX,59324879.39,3707,174472.26,2476651.59,3
2023-10,FIF,1376380390478.69,1752559,179879311411.43,197105947480.93,743
2023-10,FIFDIV,62028575872.87,681,12347073037.439999,14922178148.18,2
2023-10,FII,54464702.349999994,10,0.0,0.0,2
2023-10,FIIM,46370014.11,2,5815000.0,0.0,2
2023-10,FIP,77780813067.47,326,399127247.59999996,98917773.24,58
2023-10,FIQ-FMIA,993329783.81,9633,125015970.0,161406956.8,3
2023-10,FITVM,31922148016.12,189676,63364547.14,302468699.67,76
2023-10,FMIA,1748394980.4699998,3477570,1072588.69,12607453.22,28
2023-10,FMIA-CL,41194334901.66,99232,126144027.86,333179428.08,55
2023-10,FMP-FGTS,5878442927.29,107116,854899.76,89815305.77,52
2023-10,FMP-FGTS CL,97768891.55000001,4335,3628919.82,583432.2899999999,3
2023-11,FACFIF,306540107196.36,2543742,39699150347.36,46481020730.47,479
2023-11,FI,312999192259.01,302809,3981503047.88,14806650058.67,4334
2023-11,FIC-FITVM,4705664475.99,51055,28895521.33,68202886.12,17
2023-11,FIDC,28363650719.1,41701,343967256.2,74271575.95,90
2023-11,FIEX,64913949.79,3612,7313915.93,1461221.62,3
2023-11,FIF,1374370992930.85,1756832,178615782027.92,194647614905.54,743
2023-11,FIFDIV,62037172190.89,681,14557210916.45,15113707694.01,2
2023-11,FII,91489949.78,41,0.0,312020.23,3
2023-11,FIIM,46721528.7,2,0.0,0.0,2
2023-11,FIP,82797775931.61,346,70176019.93,81372658.62,60
2023-11,FIQ-FMIA,1111241851.6100001,9589,208307.29,14323806.469999999,3
2023-11,FITVM,33932868067.87,187643,76714801.56,1299091098.1499999,76
2023-11,FMIA,1933178584.4900002,3477857,2451764.76,17319254.05,28
2023-11,FMIA-CL,43994778122.090004,96723,79777444.22,402158893.49,55
2023-11,FMP-FGTS,6169011744.64,106395,1350324.56,74218569.87,52
2023-11,FMP-FGTS CL,113572441.36,4446,3298397.7900000005,553131.87,3
2023-12,FACFIF,306074646290.18,2535901,51472895125.65,54973240639.43,479
2023-12,FI,294114307731.39,272284,5946101650.14,29104934865.33,4195
2023-12,FIC-FITVM,4903924926.3,50376,35196589.12,83863328.7,17
2023-12,FIDC,28152741963.61,42948,1874696903.8299997,4660454567.45,94
2023-12,FIEX,63190562.25,3487,357471.06,1938989.67,3
2023-12,FIF,1358681887624.85,1747013,214421718285.29,244306315484.37,741
2023-12,FIFDIV,57730312150.9,669,14559781776.92,19387432389.9,2
2023-12,FII,92631098.63,41,0.0,0.0,3
2023-12,FIIM,47073362.45,2,0.0,0.0,2
2023-12,FIP,92788914118.90001,335,467945507.81999993,977945285.11,65
2023-12,FIQ-FMIA,1135788614.78,9556,150000.0,19491200.189999998,3
2023-12,FITVM,34298990131.45,186129,37037320.84,1159869293.85,76
2023-12,FMIA,2021444701.56,3477494,3848547.55,16672598.440000001,28
2023-12,FMIA-CL,45854331905.71,95298,228855958.2,453776073.89,55
2023-12,FMP-FGTS,6329346662.63,105732,584529.49,71667992.25,52
2023-12,FMP-FGTS CL,127455129.42999999,4516,6328620.83,840418.25,3
2024-01,FACFIF,309277178345.54,2516176,43252307113.94,42697032179.97,479
2024-01,FI,244549320050.27,272287,4822177343.17,11454206482.380001,3960
2024-01,FIC-FITVM,4697852031.7,49796,42504597.099999994,60345681.34,17
2024-01,FIDC,29162408228.31,44701,689942809.16,190154150.41,90
2024-01,FIEX,62282238.940000005,3377,326647.57999999996,2263984.1,3
2024-01,FIF,1395070905163.96,1742841,218297364247.81,194684800077.16,740
2024-01,FIFDIV,63422177432.65,682,21258245727.489998,16123610438.24,2
2024-01,FII,41655988.18,33,0.0,0.0,2
2024-01,FIIM,31501859.37,1,0.0,0.0,1
2024-01,FIP,87832100176.61,316,39183447.74,93046469.15,57
2024-01,FIQ-FMIA,1047000105.31,9508,2846316.45,43055610.51,3
2024-01,FITVM,32749416879.09,184913,86679452.37,388010935.95,76
2024-01,FMAI,36897091.19,1,0.0,0.0,1
2024-01,FMIA,1911816682.75,3477158,2233673.48,8979239.32,28
2024-01,FMIA-CL,45097746949.8,94194,176740532.88,285652211.54,55
2024-01,FMP-FGTS,6118877376.41,104911,878268.88,102588278.96000001,52
2024-01,FMP-FGTS CL,125527869.87,4543,2014434.21,981719.0299999999,3
2024-02,FACFIF,312906025358.01,2496190,37989602394.7,36851419931.72,479
2024-02,FI,234214905064.48,267704,4702440838.47,14259631929.15,3857
2024-02,FIC-FITVM,4749496384.23,49085,26844850.48,54593591.09,17
2024-02,FIDC,28614580350.68,45983,621743739.73,513369136.88,84
2024-02,FIEX,60790300.059999995,3294,173639.09,2090684.95,3
2024-02,FIF,1421437225166.18,1747171,193501524941.75998,178525702045.68,738
2024-02,FIFDIV,65699601234.28999,680,17349858035.14,15560736568.010002,2
2024-02,FII,2896892.73,2,0.0,38453614.02,2
2024-02,FIIM,33123976.3,1,0.0,0.0,1
2024-02,FIP,82444368133.3,314,461656695.2,970002688.1600001,61
2024-02,FIQ-FMIA,1050856560.51,9468,95334.59,5012801.82,3
2024-02,FITVM,32939432479.14,183548,69884039.55,204014965.09,76
2024-02,FMAI,38403414.29,1,0.0,0.0,1
2024-02,FMIA,1918517087.8,3476837,2355243.05,8555122.31,28
2024-02,FMIA-CL,45999066104.19,93775,269871914.15,329616236.69,55
2024-02,FMP-FGTS,5935120292.13,104347,968307.3099999999,74849815.84,52
2024-02,FMP-FGTS CL,128325340.2,4541,398821.95999999996,1217375.52,3
2024-03,FACFIF,316824575891.35,2480574,41503275330.06,40228406020.869995,479
2024-03,FI,217123707160.74,242453,3213379546.81,12496781405.1,3670
2024-03,FIC-FITVM,4758290364.69,48530,26142115.61,38962560.94,17
2024-03,FIDC,29786909780.19,47923,1080262493.51,68280866.69,84
2024-03,FIEX,59112159.63,3198,138529.05,2524479.79,3
2024-03,FIF,1439025632537.35,1749869,188121277611.31,183072569921.43,738
2024-03,FIFDIV,62975978977.67,688,12433129996.04,15665880342.19,2
2024-03,FII,2946593.9,2,0.0,0.0,2
2024-03,FIIM,46072530.25,1,13000000.0,0.0,1
2024-03,FIP,81382985288.59,296,88850647.17,72192985.53,60
2024-03,FIQ-FMIA,974607453.05,9421,334313.52,86373714.43,3
2024-03,FITVM,32586517529.78,182132,163232242.73,386831041.75,76
2024-03,FMAI,38314458.81,1,0.0,0.0,1
2024-03,FMIA,1897531124.99,3476047,2068951.67,10348904.540000001,28
2024-03,FMIA-CL,46939563510.63,93740,532656660.63,322626756.39,55
2024-03,FMP-FGTS,5528347561.32,103882,876940.32,40607267.03,52
2024-03,FMP-FGTS CL,130639141.41,4545,788736.7899999999,1338839.5,3
2024-04,FACFIF,320216053628.13,2460181,48526682912.62,47258307005.64,479
2024-04,FI,206557531881.87,225115,4216197082.7799997,12798619848.66,3481
2024-04,FIC-FITVM,4493294435.17,47991,27454333.61,82989109.95,17
2024-04,FIDC,30262561498.34,50478,498498815.73999995,68666292.07,83
2024-04,FIEX,58672039.92,3117,444942.58,2374702.18,3
2024-04,FIF,1448789772517.67,1755208,209170516336.37,209437270853.87,738
2024-04,FIFDIV,61833491923.270004,698,13519168724.85,15179299486.41,2
2024-04,FII,3020820.93,2,0.0,0.0,2
2024-04,FIIM,67777830.7,1,0.0,0.0,1
2024-04,FIP,80325313205.41,303,238363413.91,283782151.04,61
2024-04,FIQ-FMIA,857367678.66,9368,1223000.0,74808649.55,3
2024-04,FITVM,32218003846.9,180591,63603767.43,245414568.89000002,76
2024-04,FMAI,37760511.29,1,0.0,0.0,1
2024-04,FMIA,1831833687.52,3475587,5394450.79,9370742.05,28
2024-04,FMIA-CL,45918570986.36,94854,375972774.88,549763828.78,55
2024-04,FMP-FGTS,6126353126.320001,103339,1473865.1,64582497.08,52
2024-04,FMP-FGTS CL,123052559.75,4533,283242.38,614946.61,3
2024-05,FACFIF,320721589373.87,2439473,44847820768.200005,46734418899.23,479
2024-05,FI,191837480913.19,210287,2929051030.81,15039440079.39,3184
2024-05,FIC-FITVM,4330682508.99,47368,26971503.16,99958365.98,17
2024-05,FIDC,31140320936.49,53653,1639809690.7,555938783.2800001,82
2024-05,FIEX,57964806.17,3042,254334.87999999998,2066540.9700000002,3
2024-05,FIF,1449371890733.14,1758963,196512723665.02002,207431419937.07,737
2024-05,FIFDIV,60480807475.08,704,14763154688.88,16594415613.61,2
2024-05,FII,3075259.81,2,0.0,0.0,1
2024-05,FIIM,53610941.16,1,0.0,0.0,1
2024-05,FIP,80883395046.57,301,57685967.31,27207270.82,60
2024-05,FIQ-FMIA,842526921.5300001,9334,4589500.0,1641314.42,3
2024-05,FITVM,29315308806.79,179172,87255327.17,2255674252.31,76
2024-05,FMAI,38960456.78,1,0.0,0.0,1
2024-05,FMIA,1765023522.1899998,3475131,4752068.62,10201328.78,28
2024-05,FMIA-CL,45396974361.14,94122,342298182.86,526024745.21,55
2024-05,FMP-FGTS,5917096779.81,102773,615024.8500000001,63536979.64,52
2024-05,FMP-FGTS CL,118904698.83,4502,410896.83999999997,873716.04,3
2024-06,FACFIF,325659568149.61,2422779,45395565299.88,43019848608.909996,478
2024-06,FI,183366313833.68,189516,3785150960.31,12885225307.12,2933
2024-06,FIC-FITVM,4325847032.92,46578,15228566.61,73478697.45,17
2024-06,FIDC,30725476680.95,55700,663827678.0699999,72186742.67,81
2024-06,FIEX,59888463.410000004,2977,1054989.56,2851601.68,3
2024-06,FIF,1458392899524.84,1596719,183979495813.34,187574099019.08,735
2024-06,FIFDIV,58214928817.259995,706,12506823656.34,15216362064.619999,2
2024-06,FII,3097107.87,2,0.0,0.0,1
2024-06,FIIM,42021241.17,1,200000.0,0.0,1
2024-06,FIP,80650160516.33,294,1152645166.54,148373208.67,60
2024-06,FIQ-FMIA,866521640.46,9292,17720000.0,3595003.3099999996,3
2024-06,FITVM,29447142414.79,177489,327280203.82,300039166.34000003,76
2024-06,FMAI,40841779.08,1,0.0,0.0,1
2024-06,FMIA,1773803473.6200001,3474719,924529.23,9725705.54,28
2024-06,FMIA-CL,46125968713.15,93314,361785272.84000003,707729060.24,54
2024-06,FMP-FGTS,5880234295.53,102300,815369.4199999999,58553456.99,52
2024-06,FMP-FGTS CL,117005913.00999999,4459,95045.97,1761226.31,3
2024-07,FACFIF,328280936147.89,2405869,48992390268.59,49569853137.3,478
2024-07,FI,170881059654.85,172732,4127541623.35,17889828736.010002,2633
2024-07,FIC-FITVM,4336965541.33,45885,16630735.490000002,119398291.48,17
2024-07,FIDC,31377258850.69,62372,961038705.86,14605099.28,81
2024-07,FIEX,59742563.39,3032,2173404.7,3644596.4799999995,3
2024-07,FIF,1478602121684.1301,1629666,223751763328.99,217596763259.99,728
2024-07,FIFDIV,70130104806.54001,706,28310451956.82,16917185444.849998,2
2024-07,FII,3096938.08,2,0.0,0.0,1
2024-07,FIIM,44040775.09,1,0.0,0.0,1
2024-07,FIP,80836528623.09,283,760181453.49,581213060.69,61
2024-07,FIQ-FMIA,864708258.9100001,9255,850000.0,24342442.490000002,3
2024-07,FITVM,28935133359.45,176038,47197216.07,1000218639.5600001,76
2024-07,FMAI,40806822.22,1,0.0,0.0,1
2024-07,FMIA,1815279574.5,3481119,986936.04,10798061.26,28
2024-07,FMIA-CL,46875867588.72,92580,743670790.57,557406123.15,54
2024-07,FMP-FGTS,5794176381.41,101505,1378103.2,74814948.53999999,52
2024-07,FMP-FGTS CL,116842851.25,4415,306063.71,1303077.72,3
2024-08,FACFIF,333196568560.73,2387959,49817063544.42,47762439382.380005,475
2024-08,FI,140457942869.23,156681,6372639802.129999,35807753390.1,2317
2024-08,FIC-FITVM,4479732982.02,44874,15963415.59,109749784.73,17
2024-08,FIDC,31509693834.22,63783,127968707.0,35301742.78,84
2024-08,FIEX,61972087.21,3531,4694730.89,3118118.25,3
2024-08,FIF,1509792357535.21,1617437,222243267425.22,203073223226.38998,727
2024-08,FIFDIV,70231128064.43,706,14060823231.68,14543200036.67,2
2024-08,FII,3198880.68,2,0.0,0.0,1
2024-08,FIIM,0.0,0,0.0,616161824.18,1
2024-08,FIP,84177162500.3,274,75598748.42,83475464.05,60
2024-08,FIQ-FMIA,912327354.27,9220,33487000.0,34444367.64,3
2024-08,FITVM,29083655571.84,174325,48840345.44,1269036780.31,76
2024-08,FMAI,42250834.81,1,0.0,0.0,1
2024-08,FMIA,1902000951.9099998,3480537,782433.8,22125959.08,28
2024-08,FMIA-CL,48189148127.23,90189,660334067.59,879959675.5,54
2024-08,FMP-FGTS,6005275958.99,100769,456107.01999999996,63997163.41,52
2024-08,FMP-FGTS CL,124320139.75999999,4361,176223.08000000002,3934940.6,3
2024-09,FACFIF,334106441000.37,2373201,45959247168.32,47929026904.53,474
2024-09,FI,127073700271.13,137639,2033652059.6,12065878545.05,1936
2024-09,FIC-FITVM,4278224916.7,44163,11157371.79,84085544.66000001,17
2024-09,FIDC,30994100912.73,64902,836912328.8999999,66582524.61,80
2024-09,FIEX,51030759.89,3557,1833237.3199999998,11132708.52,3
2024-09,FIF,1507461213499.66,1625663,193487215233.88,206130425129.92,723
2024-09,FIFDIV,67156264662.45,708,13659372871.15,17285860888.1,2
2024-09,FII,3276315.6,2,0.0,0.0,1
2024-09,FIIM,0.0,0,0.0,880231177.4,1
2024-09,FIP,83427859586.46,269,79994302.85,99456815.75,58
2024-09,FIQ-FMIA,879777412.08,9181,48710000.0,58175963.16,3
2024-09,FITVM,27698737540.190002,172971,328488757.75,1211531468.4199998,76
2024-09,FMAI,40921082.56,1,0.0,0.0,1
2024-09,FMIA,1834336190.84,3479908,5001313.0,10637280.84,28
2024-09,FMIA-CL,47290379576.95,88729,432631758.66999996,701307676.29,54
2024-09,FMP-FGTS,5778919519.39,100142,1666544.15,73522082.86,52
2024-09,FMP-FGTS CL,119690320.79,4342,1245188.27,839310.96,3
2024-10,FACFIF,340269540548.33,2357089,52981347712.909996,49658265695.03,472
2024-10,FI,64316388492.75,98449,1405021470.77,64606039662.21001,1655
2024-10,FIC-FITVM,4151372075.15,43399,16721355.3,100447626.61999999,17
2024-10,FIDC,30712769293.22,66275,19626381.92,63249356.2,79
2024-10,FIEX,54770321.78,4160,7021117.11,5983998.5,3
2024-10,FIF,1513566174667.48,1551302,204415508172.23,211915962359.88998,722
2024-10,FIFDIV,67987533524.3,712,15565176561.08,15343240461.77,2
2024-10,FII,3342520.74,2,0.0,0.0,1
2024-10,FIIM,0.0,0,0.0,880231177.4,1
2024-10,FIP,81157350071.14,270,30968441.64,161573063.81,57
2024-10,FIQ-FMIA,870135003.49,9126,13000000.0,16541024.58,3
2024-10,FITVM,26874782616.16,171441,74528822.02000001,459305445.39,76
2024-10,FMAI,42291174.87,1,0.0,0.0,1
2024-10,FMIA,1790933109.75,3476105,2245188.96,12581050.22,28
2024-10,FMIA-CL,48343936179.7,107328,529423000.84000003,521154744.69,54
2024-10,FMP-FGTS,5619841137.09,99361,6964480.65,96545788.78999999,52
2024-10,FMP-FGTS CL,119667401.65,4313,256439.97,1845653.0,3
2024-11,FACFIF,335441886423.71,2337147,44603874804.67,51696436918.19,471
2024-11,FI,58440822787.13,84529,2564004625.81,8688287652.75,1402
2024-11,FIC-FITVM,3887136197.75,42756,11252001.76,88677719.63,17
2024-11,FIDC,27575839721.43,67264,6921267.38,22897218.86,80
2024-11,FIEX,57941567.86,4386,6216806.630000001,5422652.090000001,3
2024-11,FIF,1505651539244.75,1552648,189724788914.78998,209395647255.05002,721
2024-11,FIFDIV,65447121157.520004,702,12324497175.119999,15377214348.029999,2
2024-11,FII,3246194.47,2,0.0,0.0,1
2024-11,FIIM,0.0,0,0.0,836219618.53,1
2024-11,FIP,79230804472.67,267,670494018.4399999,40772068.61,56
2024-11,FIQ-FMIA,949354155.07,9094,137912521.21,4952281.199999999,3
2024-11,FITVM,26049009252.55,169816,164513915.75,327593690.34000003,76
2024-11,FMAI,44378677.23,1,0.0,0.0,1
2024-11,FMIA,1719123827.4,3475567,1067294.11,7743597.97,28
2024-11,FMIA-CL,47312411983.090004,106653,290192917.96,601643447.53,54
2024-11,FMP-FGTS,5731563426.2,98826,1721672.15,49739750.99,52
2024-11,FMP-FGTS CL,115083752.66,4288,339741.48,1768799.12,3
2024-12,FACFIF,330749428743.95,2320438,49795598138.82,56948631002.200005,469
2024-12,FI,49053500570.44,71054,2464886687.9500003,10956308249.95,1162
2024-12,FIC-FITVM,3540780532.12,41977,14321669.34,125417592.07,17
2024-12,FIDC,33199684831.8,68902,18159018.41,17626798.439999998,80
2024-12,FIEX,60149059.44,4404,4889719.78,3072708.34,2
2024-12,FIF,1469995184923.91,1551155,220167141371.18002,266601087859.69,721
2024-12,FIFDIV,60951252221.92,686,16061694245.92,21106213736.239998,2
2024-12,FII,4418728.11,2,1200000.0,0.0,1
2024-12,FIIM,0.0,0,0.0,836219618.53,1
2024-12,FIP,77105056135.45,276,502315426.26,96019590.85,55
2024-12,FIQ-FMIA,875671453.62,9058,45370000.0,50639725.37,3
2024-12,FITVM,24723964360.53,164421,108700942.82000001,491089460.73,76
2024-12,FMAI,44807365.59,1,0.0,0.0,1
2024-12,FMIA,1702210103.07,3267913,87836340.75000001,19068399.98,28
2024-12,FMIA-CL,45227653747.770004,106789,214623875.86,1246671094.29,54
2024-12,FMP-FGTS,5519050456.78,98370,587843.09,42972537.81,52
2024-12,FMP-FGTS CL,102312089.46000001,4236,94607.64,3623736.24,3
2025-01,FACFIF,327761947959.13,2299503,42907337252.8,48940889137.99,468
2025-01,FI,40416631051.06,58250,2362112665.04,11417930493.23,946
2025-01,FIC-FITVM,3493203780.46,40988,8676488.67,235413815.20000002,17
2025-01,FIDC,33778801594.0,70097,264133291.83,53865769.66,79
2025-01,FIEX,56060069.25,4223,2336066.5,4495551.17,2
2025-01,FIF,1507792612403.54,1190710,228175572234.62,207779726441.83,719
2025-01,FIFDIV,67444011082.08,689,21093075329.809998,15247827260.849998,2
2025-01,FII,4459953.78,2,0.0,0.0,1
2025-01,FIIM,0.0,0,0.0,924242736.27,1
2025-01,FIP,79638509848.73999,274,465802639.2,525145816.27,54
2025-01,FIQ-FMIA,916113617.82,9032,1008440.0,6785130.97,3
2025-01,FITVM,25439147438.46,162949,65076157.589999996,400948200.83,75
2025-01,FMAI,43793368.77,1,0.0,0.0,1
2025-01,FMIA,1765432114.61,3478089,430063.65,17093772.200000003,28
2025-01,FMIA-CL,46339117911.21,104102,326088500.21000004,572349541.07,53
2025-01,FMP-FGTS,5637309559.15,97834,705311.14,49006917.98,52
2025-01,FMP-FGTS CL,105055653.69,4202,375719.5,1108214.74,3
2025-02,FACFIF,328829699797.26,2283342,42801418971.37,45072423996.22,467
2025-02,FI,27323868774.899998,54296,403733228.84000003,13576592598.56,804
2025-02,FIC-FITVM,3275586390.13,40257,2866145.54,130945721.88000001,17
2025-02,FIDC,37018604685.56,71174,232683772.14,95117777.26,79
2025-02,FIEX,53147308.84,3936,1590390.45,5608670.89,2
2025-02,FIF,1524436589678.99,1184936,208250191229.71,204081207827.02,718
2025-02,FIFDIV,71066077654.01,706,21445081312.25,18519127219.239998,2
2025-02,FII,4443857.5,2,0.0,0.0,1
2025-02,FIIM,0.0,0,0.0,792208059.66,1
2025-02,FIP,80964366181.41,268,2708469008.0699997,50534136.309999995,54
2025-02,FIQ-FMIA,899005764.2,8993,435000.0,1888479.4100000001,3
2025-02,FITVM,24639805931.53,161553,50053098.45,390059830.34000003,75
2025-02,FMAI,43853880.51,1,0.0,0.0,1
2025-02,FMIA,1696903647.93,3477386,869836.2,15992432.17,28
2025-02,FMIA-CL,44446243297.4,101655,188713320.3,1291915682.79,53
2025-02,FMP-FGTS,5407245769.54,97362,1602146.1199999999,43113249.32,52
2025-02,FMP-FGTS CL,99381806.61,4154,164404.49,1700098.63,3
2025-03,FACFIF,331284331012.93,2263984,41445496770.32,42000910183.97,465
2025-03,FI,22264526734.61,47451,517862920.32,6068091085.22,668
2025-03,FIC-FITVM,3289600864.57,39648,9472317.809999999,106408670.28,17
2025-03,FIDC,37181025955.56,72087,6882777.35,51970875.25,77
2025-03,FIEX,49723667.870000005,3801,781442.25,3062779.9400000004,2
2025-03,FIF,1533136292686.34,1177848,193629940834.61002,198990129437.88,718
2025-03,FIFDIV,68442346623.23,727,16312236714.11,19576811162.74,2
2025-03,FII,4410448.13,2,0.0,0.0,1
2025-03,FIIM,0.0,0,0.0,792208059.66,1
2025-03,FIP,80459794900.65999,259,36683336.239999995,668574341.02,54
2025-03,FIQ-FMIA,904106920.63,8958,818000.0,8960994.56,3
2025-03,FITVM,24477511393.68,160410,72340623.87,1199710974.89,74
2025-03,FMAI,41265959.71,1,0.0,0.0,1
2025-03,FMIA,1774729011.69,3476806,469003.37,17698747.25,27
2025-03,FMIA-CL,45139949975.64,98780,617682378.75,463082631.31,53
2025-03,FMP-FGTS,5652596383.41,96864,697726.7,40207520.28,52
2025-03,FMP-FGTS CL,100548593.29,4105,93851.17,1714064.06,3
2025-04,FACFIF,330017093827.02,2243833,41820038604.020004,46691880283.36,463
2025-04,FI,10980742776.64,33524,334780425.92,9048768346.41,457
2025-04,FIC-FITVM,3481469660.63,39096,10087146.86,86982127.98,17
2025-04,FIDC,29207979500.53,72838,30927137.47,29041833.86,77
2025-04,FIEX,48746057.22,3707,1132959.69,2194390.3600000003,2
2025-04,FIF,1537471528753.19,1171792,211785480176.0,222718835295.05,717
2025-04,FIFDIV,69012787904.42,743,15381129544.89,15503607856.61,2
2025-04,FII,4255634.18,2,0.0,0.0,1
2025-04,FIIM,0.0,0,0.0,836219618.53,1
2025-04,FIP,83491389710.2,257,21042666.82,63201910.03,54
2025-04,FIQ-FMIA,935239857.18,8925,3989500.0,70708809.61,3
2025-04,FITVM,24709911783.46,159435,65142307.8,249681330.57,73
2025-04,FMAI,41225775.0,1,0.0,0.0,1
2025-04,FMIA,1828445531.48,3476389,732490.15,19737678.4,27
2025-04,FMIA-CL,46427406285.32,96386,523933008.0,727246518.75,52
2025-04,FMP-FGTS,4787480347.13,96409,3220318.5900000003,38641923.12,52
2025-04,FMP-FGTS CL,106216375.46000001,4050,37706.17,1759987.3,3
2025-05,FACFIF,331402606544.85004,2223796,44031714917.45,45844427747.64,460
2025-05,FI,5348253859.4,11516,249743930.19,5910370645.28,310
2025-05,FIC-FITVM,3536529109.08,38722,17520392.759999998,117157836.49000001,17
2025-05,FIDC,29443517573.73,74999,52025116.33,59952213.79,77
2025-05,FIEX,46671559.92999999,3588,326864.99,2756684.29,2
2025-05,FIF,1555172544216.6199,1168224,225035420588.45,222787136467.34,717
2025-05,FIFDIV,67689738596.259995,760,14652677122.93,16730382571.33,2
2025-05,FII,4160834.95,2,0.0,0.0,1
2025-05,FIIM,0.0,0,0.0,924242736.27,1
2025-05,FIP,85415992448.54,256,4800000.0,34371973.23,54
2025-05,FIQ-FMIA,978518594.15,8890,2780000.0,4638170.23,3
2025-05,FITVM,24625753804.43,158467,101031824.78999999,766159400.08,72
2025-05,FMAI,43344358.16,1,0.0,0.0,1
2025-05,FMIA,1854999603.1599998,3476011,2913318.92,9488370.040000001,27
2025-05,FMIA-CL,47393622955.44,94897,311165095.12,610664951.69,52
2025-05,FMP-FGTS,4795313085.39,95933,1062251.87,32239263.11,52
2025-05,FMP-FGTS CL,112026470.74,4016,197578.28999999998,1418203.81,3
2025-06,FACFIF,333120543227.63,2206904,42635191719.58,44556749459.35,457
2025-06,FI,3536650455.44,4449,1110005242.32,3202242111.25,133
2025-06,FIC-FITVM,3537130612.43,38344,28820874.68,56444836.78,17
2025-06,FIDC,29533158703.34,75628,10739000.0,29959542.54,74
2025-06,FIEX,42346911.38,3451,405358.68,3283873.34,2
2025-06,FIF,1558435470248.7,1162511,207294069530.33002,218050264901.98,716
2025-06,FIFDIV,63284119564.740005,765,12639974332.77,19097238584.04,2
2025-06,FII,4294334.23,2,0.0,0.0,1
2025-06,FIIM,0.0,0,0.0,792208059.66,1
2025-06,FIP,84014885077.23,238,41359780.61,177672890.31,53
2025-06,FIQ-FMIA,919418776.63,8852,1560000.0,59761536.78,3
2025-06,FITVM,23868435395.65,157522,134341221.89,1212883921.3700001,72
2025-06,FMAI,43375279.83,1,0.0,0.0,1
2025-06,FMIA,1871210349.4099998,3475542,411163.87,5574449.6,27
2025-06,FMIA-CL,48095840957.81,78623,257137847.98,546086288.89,50
2025-06,FMP-FGTS,4954225643.37,95486,1485941.88,35042008.28,52
2025-06,FMP-FGTS CL,112940765.98,3990,159460.63,1386314.3,3
2025-07,FACFIF,336404456027.3,2192874,46537791283.14,46996102925.32,456
2025-07,FI,3267720621.12,4176,22078670.4,304500425.66,35
2025-07,FIC-FITVM,3261888083.73,37770,8814292.05,85063451.35,17
2025-07,FIDC,29235334170.579998,76642,16682000.0,54954270.330000006,73
2025-07,FIEX,41410759.7,3283,271056.83999999997,2443870.89,2
2025-07,FIF,1581542389528.26,1157545,226945614025.14,221219210158.68,712
2025-07,FIFDIV,61720835144.54,766,15109688009.73,17443401969.71,2
2025-07,FII,4291432.25,2,0.0,0.0,1
2025-07,FIIM,0.0,0,0.0,968254295.14,1
2025-07,FIP,63472412423.93,240,25066140.08,27252510.73,53
2025-07,FIQ-FMIA,855889053.01,8815,1298247.5,3035496.43,3
2025-07,FITVM,22715472864.62,156078,127048448.59,725961093.2,72
2025-07,FMAI,45077354.56,1,0.0,0.0,1
2025-07,FMIA,1769998891.15,3263956,5424259.440000001,17281525.92,27
2025-07,FMIA-CL,47279525995.75,77108,289154317.96,473150645.32,49
2025-07,FMP-FGTS,5072327113.45,94836,823781.1900000001,53289769.5,52
2025-07,FMP-FGTS CL,105726972.47,3960,45430.26,691795.35,3
2025-08,FACFIF,337417758977.82,2180982,44684727778.47,47521916248.97,452
2025-08,FI,3187163084.06,4061,25842049.53,236567655.73,26
2025-08,FIC-FITVM,3457617703.53,37272,8894362.65,63693831.95,17
2025-08,FIDC,29483669288.39,77262,8382000.0,148612991.92000002,73
2025-08,FIEX,38493698.91,3136,272897.22,2646600.87,2
2025-08,FIF,1580626428449.22,1155416,203285369650.6,220647538755.29,711
2025-08,FIFDIV,60529757261.479996,776,14671858043.42,16541977446.130001,2
2025-08,FII,4210633.61,2,0.0,0.0,1
2025-08,FIIM,0.0,0,0.0,880231177.4,1
2025-08,FIP,69097517950.3,242,1018144323.4100001,96346931.74,53
2025-08,FIQ-FMIA,849179929.59,8788,5877060.0,83702010.08000001,3
2025-08,FITVM,23170986739.66,154845,47697612.21,422973164.01,72
2025-08,FMAI,45022062.88,1,0.0,0.0,1
2025-08,FMIA,1877082614.55,3474459,188665.21000000002,6329555.49,26
2025-08,FMIA-CL,48370093112.07,75601,125648351.30999999,304937778.45,49
2025-08,FMP-FGTS,5064083433.04,94330,283801.31,37487798.53,52
2025-08,FMP-FGTS CL,110129009.67,3926,215035.68,2085163.48,3
2025-09,FACFIF,343142508815.57,2172855,49166678211.46,47287164147.53,451
2025-09,FI,3352950847.7200003,680,0.0,39667011.14,18
2025-09,FIC-FITVM,3515705070.8,36845,13921623.27,59416544.69,17
2025-09,FIDC,29800361738.059998,77531,10244000.0,76409080.88,73
2025-09,FIEX,36161175.54,2965,710179.85,2861921.5,2
2025-09,FIF,1579514444921.43,1152246,204501459978.29,223219598878.03998,708
2025-09,FIFDIV,57502035826.770004,781,15187498777.14,18897310907.620003,2
2025-09,FII,0.0,2,0.0,0.0,1
2025-09,FIIM,0.0,0,0.0,924242736.27,1
2025-09,FIP,70795912565.06,239,1300001.0,71854252.36,53
2025-09,FIQ-FMIA,871917252.8199999,8761,15994725.0,30788246.0,3
2025-09,FITVM,23415683551.62,153348,181455927.57,487225392.9,72
2025-09,FMAI,45718235.62,1,0.0,0.0,1
2025-09,FMIA,1932829913.92,3474140,802286.9999999999,6891047.43,26
2025-09,FMIA-CL,49522241254.090004,73723,283847910.44,490803535.57,49
2025-09,FMP-FGTS,5076232762.0,93685,136538.85,59991978.95,50
2025-09,FMP-FGTS CL,112789152.71000001,3884,98420.09,2110841.7,3
2025-10,FACFIF,343865279787.76,2164366,46295696519.68,49761685273.79,446
2025-10,FI,3471654783.98,670,0.0,1075556.85,16
2025-10,FIC-FITVM,3545330650.55,36682,31518910.860000003,59666985.97,17
2025-10,FIDC,29881021580.25,78141,791795178.3,484214330.61,73
2025-10,FIEX,35064907.33,2854,121258.12,1740432.1099999999,2
2025-10,FIF,1596506766890.18,1149914,217200247667.15,218367706195.13,708
2025-10,FIFDIV,55475932821.72,783,16494453881.65,19209998639.08,2
2025-10,FII,4264572.88,2,0.0,0.0,1
2025-10,FIIM,0.0,0,0.0,1012265854.01,1
2025-10,FIP,69098515613.02,243,110082872.97,82262871.71000001,52
2025-10,FIQ-FMIA,884772745.12,8740,320000.0,6389311.75,3
2025-10,FITVM,23747222816.27,151755,71169495.72,405170864.51,71
2025-10,FMAI,46549295.84,1,0.0,0.0,1
2025-10,FMIA,1961789603.53,3239565,536261.28,5298042.65,26
2025-10,FMIA-CL,50376195996.41,72795,497472484.27,217752680.42000002,49
2025-10,FMP-FGTS,5110987640.35,93110,793496.99,53565368.93,50
2025-10,FMP-FGTS CL,115336116.8,3855,252052.96,629797.47,3
2025-11,FACFIF,340592620834.19,2139855,39835911091.32,45847202926.25,442
2025-11,FI,3404885042.45,659,0.0,809150.72,17
2025-11,FIC-FITVM,3714489607.45,36447,24326224.939999998,47505010.61,17
2025-11,FIDC,30676340653.89,78414,1443943563.56,11651234.18,72
2025-11,FIEX,33332260.6,2753,72141.0,1533583.39,2
2025-11,FIF,1595045010951.93,1147940,206519667893.23,224067952016.52002,707
2025-11,FIFDIV,56098398831.69,786,13253508566.64,13186934621.55,2
2025-11,FII,4268533.67,2,0.0,0.0,1
2025-11,FIIM,0.0,0,0.0,792208059.66,1
2025-11,FIP,72347658042.74,219,21971434.5,547140797.62,52
2025-11,FIQ-FMIA,933254620.53,8712,500000.0,3859183.41,3
2025-11,FITVM,24770647751.5,150577,92752763.21,258831770.59,70
2025-11,FMAI,46768485.65,1,0.0,0.0,1
2025-11,FMIA,2075196476.0,3473612,756396.75,10443207.28,26
2025-11,FMIA-CL,51782110450.59,72745,535193987.46999997,308938255.44,47
2025-11,FMP-FGTS,5293952202.51,92560,928243.0199999999,50152374.03,50
2025-11,FMP-FGTS CL,123371356.39999999,3833,136869.5,1084852.39,3
2025-12,FACFIF,330690338588.08,2122242,54366114314.259995,68143859776.57,437
2025-12,FI,3839892750.8599997,660,13386420.530000001,15502160.3,16
2025-12,FIC-FITVM,3683294946.03,36348,34018654.269999996,48155812.83,17
2025-12,FIDC,23408623436.69,78556,52792107.14,216395405.39999998,72
2025-12,FIEX,31991568.27,2659,477631.44,2696584.11,2
2025-12,FIF,1572811525850.42,1147254,264922544149.31,304173785185.38,704
2025-12,FIFDIV,51022416966.7,775,16605411050.109999,22302135936.9,2
2025-12,FII,4305301.51,2,0.0,0.0,1
2025-12,FIIM,0.0,0,0.0,880231177.4,1
2025-12,FIP,70560393069.3,220,8842828.629999999,61159565.230000004,52
2025-12,FIQ-FMIA,886978811.0600001,8684,580000.0,43568240.57,3
2025-12,FITVM,24271877880.7,149559,49117851.49,1023288080.57,70
2025-12,FMAI,48368126.18,1,0.0,0.0,1
2025-12,FMIA,2084595266.4499998,3473543,2339948.16,9775166.83,26
2025-12,FMIA-CL,51882710220.62,72745,386750808.26,415830675.57,47
2025-12,FMP-FGTS,5548345690.39,92049,362110.04000000004,46755298.32,50
2025-12,FMP-FGTS CL,122287869.19000001,3804,85195.98,1151208.98,3
2026-01,FACFIF,333598893280.73,2105238,43298439663.73,44428903910.17,435
2026-01,FI,3939863090.6899996,648,630000.0,689879.19,16
2026-01,FIC-FITVM,3998438056.49,36450,47798877.230000004,40180812.21,17
2026-01,FIDC,22815960018.86,79525,5747000.0,755675084.04,70
2026-01,FIEX,29541992.53,2569,330309.09,1542722.2000000002,2
2026-01,FIF,1626064323350.26,1147951,224707456600.07,206912575127.98,701
2026-01,FIFDIV,56490705388.23,786,17918253439.7,17196280510.04,2
2026-01,FII,4261514.45,2,0.0,0.0,1
2026-01,FIIM,0.0,0,0.0,792208059.66,1
2026-01,FIP,70860763035.2,223,6454480.399999999,850996116.27,52
2026-01,FIQ-FMIA,946831549.12,8663,32926.23,1050044.06,3
2026-01,FITVM,26712124311.88,148374,112977383.54,277238551.13,69
2026-01,FMAI,47087969.02,1,0.0,0.0,1
2026-01,FMIA,2326351308.32,3473633,4176093.75,5846748.92,26
2026-01,FMIA-CL,54610219204.75,72703,129377820.94999999,478760542.17,47
2026-01,FMP-FGTS,6544236036.849999,91316,497615.19999999995,95372578.44,50
2026-01,FMP-FGTS CL,139752824.96,3779,79051.41,786637.56,3
2026-02,FACFIF,337396273027.91,2091714,37780750964.46,37216156541.13,431
2026-02,FI,4101708917.95,646,8050061.43,270706.72,16
2026-02,FIC-FITVM,4062896067.83,36743,22949291.799999997,33955338.89,17
2026-02,FIDC,23046682694.5,80758,31915389.97,50251185.56999999,70
2026-02,FIEX,27762386.67,2487,386707.92,1965568.0499999998,2
2026-02,FIF,1653530692175.58,1147902,213893301701.7,201933559444.23,701
2026-02,FIFDIV,60030935553.98,798,19208443760.97,16209698992.199999,2
2026-02,FII,4248829.75,2,0.0,0.0,1
2026-02,FIIM,0.0,0,0.0,88023117.74,1
2026-02,FIP,69144441370.70999,216,472189547.5,1181910475.21,52
2026-02,FIQ-FMIA,889608470.7099999,8639,0.0,87284922.47,3
2026-02,FITVM,26093778714.399998,147529,71758648.7,1330576486.4,69
2026-02,FMAI,46221235.01,1,0.0,0.0,1
2026-02,FMIA,2410802590.69,3473908,4996674.83,7871261.03,26
2026-02,FMIA-CL,55985668444.25,73183,181697630.73,318701610.18,47
2026-02,FMP-FGTS,6761356681.87,90588,234495.41999999998,116519352.34,50
2026-02,FMP-FGTS CL,136603657.64,3761,30928.8,626091.28,3
2026-03,FACFIF,340906562617.08,2077406,44357167232.75,44101453606.75,430
2026-03,FI,3266757686.01,629,0.0,1237408.53,15
2026-03,FIC-FITVM,3996394633.7400002,36647,20781993.310000002,51010090.06,17
2026-03,FIDC,23317378130.16,86941,17128000.0,69670637.39999999,69
2026-03,FIEX,26932220.32,2411,184059.44,892760.08,2
2026-03,FIF,1668530543770.66,1152069,229596907443.75,232373763573.05,701
2026-03,FIFDIV,57571208860.47,798,18646951745.54,21776590084.98,2
2026-03,FII,4221384.0,2,0.0,0.0,1
2026-03,FIP,65495205741.75,215,25070604.3,4265859.41,51
2026-03,FIQ-FMIA,894515466.55,8612,523278.0,315427.69,3
2026-03,FITVM,26013137154.86,146372,279844158.64,286919957.3,69
2026-03,FMAI,44988229.96,1,0.0,0.0,1
2026-03,FMIA,2370789544.7,3473818,3896704.23,12145680.3,26
2026-03,FMIA-CL,55257538668.14,72520,166749373.15,316874561.02,47
2026-03,FMP-FGTS,7205197441.63,89693,125206.34,236705214.26,50
2026-03,FMP-FGTS CL,127564710.38000001,3739,41893.28,684128.17,3
2026-04,FACFIF,340098716258.97,2071081,41624128877.73,45942358772.1,428
2026-04,FI,4078220004.8599997,622,0.0,26841355.17,15
2026-04,FIC-FITVM,4000342318.9900002,37295,20190033.740000002,28588857.43,17
2026-04,FIDC,22779234911.44,88723,45921000.0,434719448.53,68
2026-04,FIEX,25452450.330000002,2354,120253.26999999999,780438.17,2
2026-04,FIF,1668288139689.3801,1152129,234240709627.82,252651003722.03,699
2026-04,FIFDIV,59435193799.89,809,23829051167.629997,22564331353.36,2
2026-04,FII,4363972.15,2,0.0,0.0,1
2026-04,FIP,67702105652.97,218,1971970.45,5520697.25,51
2026-04,FIQ-FMIA,894821338.95,8586,2061600.0,8349499.38,3
2026-04,FITVM,25762630376.74,145250,141732630.57,334090234.02,69
2026-04,FMAI,47230579.85,1,0.0,0.0,1
2026-04,FMIA,2366238214.17,3473876,4278261.08,6035349.8,26
2026-04,FMIA-CL,57025446838.07,73212,138595264.27,318231105.78000003,47
2026-04,FMP-FGTS,7034194907.42,88815,168642.4,223527537.76,49
2026-04,FMP-FGTS CL,125396388.16,3709,20144.73,1529939.74,3
2026-05,FACFIF,341766591437.18,2064430,42784199725.41,44034318943.66,426
2026-05,FI,4173212537.36,632,15079000.0,6935464.34,17
2026-05,FIC-FITVM,3743134904.6100006,37012,12667137.6,30339183.76,17
2026-05,FIDC,22740881688.24,89222,61204272.309999995,68317834.27,68
2026-05,FIEX,25350464.900000002,2288,40427.65,576187.42,2
2026-05,FIF,1678444451409.23,1153967,235755483470.13998,243100494717.04,695
2026-05,FIFDIV,58488735525.14,815,17634670769.45,19180019139.14,2
2026-05,FII,4688503.02,2,0.0,0.0,1
2026-05,FIP,62823431034.74,216,53410299.88,107612456.0,51
2026-05,FIQ-FMIA,828054237.64,8554,400000.0,10280948.83,3
2026-05,FITVM,24625471357.13,144174,583976352.81,184721304.76,69
2026-05,FMAI,49350165.44,1,0.0,0.0,1
2026-05,FMIA,2182617352.09,3473687,2466658.3,8128124.16,26
2026-05,FMIA-CL,56271202942.19,72414,121323288.03,203641572.65,47
2026-05,FMP-FGTS,6380974550.78,88224,678848.64,112419206.32000001,49
2026-05,FMP-FGTS CL,115493955.23,3688,94296.01999999999,959033.51,3
2026-06,FACFIF,346990215511.21,2058422,43368342745.39,41770043872.74,426
2026-06,FI,4188277880.38,631,750000.0,21545713.94,16
2026-06,FIC-FITVM,3716457823.88,36727,12392462.94,38002958.88,17
2026-06,FIDC,22502573060.68,94400,2020000.0,69065946.1,68
2026-06,FIEX,25522674.799999997,2237,159632.62999999998,576555.24,2
2026-06,FIF,1695328607258.54,1164224,254289150167.24,255013948165.06,695
2026-06,FIFDIV,51224095102.11,816,17186717931.579998,25044721695.61,2
2026-06,FII,4294013.89,2,0.0,0.0,1
2026-06,FIP,61669462868.62,210,651509.1000000001,4649577.2,50
2026-06,FIQ-FMIA,834818320.6899999,8524,0.0,268746.24,3
2026-06,FITVM,24061117002.97,143721,124437321.88,141103617.9,69
2026-06,FMAI,49210014.36,1,0.0,0.0,1
2026-06,FMIA,2153763954.1,3473301,3474294.8,7282229.580000001,26
2026-06,FMIA-CL,56279271860.87,71213,215883562.58,284104485.35,47
2026-06,FMP-FGTS,5837737693.05,87806,1178553.21,57472710.92,49
2026-06,FMP-FGTS CL,112119085.52,3669,0.0,852714.02,3
2026-07,FACFIF,351387913654.70996,2066118,46963731397.64,46492004690.25,426
2026-07,FI,4246972298.71,633,36294000.0,43155567.54,17
2026-07,FIC-FITVM,3728907970.75,36664,10570953.74,57528101.260000005,17
2026-07,FIDC,22646261833.48,89859,22388653.4,67737056.92999999,68
2026-07,FIEX,23567645.189999998,2161,86941.22,1401655.9300000002,2
2026-07,FIF,1715490372346.82,1168848,271418042892.97,269272149214.91,695
2026-07,FIFDIV,51044823327.86,814,19081266842.75,19842676345.78,2
2026-07,FII,4590935.41,2,0.0,0.0,1
2026-07,FIP,61583654670.82,209,2145553855.8,95394913.93,50
2026-07,FIQ-FMIA,836074419.3000001,8501,0.0,740447.37,3
2026-07,FITVM,24442825231.01,143046,77251384.35000001,140275600.43,69
2026-07,FMAI,49803006.91,1,0.0,0.0,1
2026-07,FMIA,2206879241.55,3473119,3044376.7800000003,3997596.4,25
2026-07,FMIA-CL,56303826524.11,70173,72579061.47,269600958.65999997,46
2026-07,FMP-FGTS,6256138147.45,88095,467897.83,49332931.55,49
2026-07,FMP-FGTS CL,110995628.56,3630,0.0,2274183.29,3
2026-08,FACFIF,357038758788.48,2069458,45852362162.11,44049052637.84,422
2026-08,FI,4272013992.32,632,24255537.17,53227625.78,16
2026-08,FIC-FITVM,3676126455.72,36624,111784147.28,174561756.09,17
2026-08,FIDC,22105948472.68,89869,55794615.25,615679639.39,66
2026-08,FIEX,24076828.189999998,2116,325632.07,423904.51,2
2026-08,FIF,1741150545703.41,1171216,262320036168.63998,253808472444.58,695
2026-08,FIFDIV,52796722539.520004,808,17025247418.849998,15808298115.960001,2
2026-08,FII,4341307.9,2,0.0,0.0,1
2026-08,FIP,62015200123.11,206,2028000.0,6703601.18,50
2026-08,FIQ-FMIA,810383275.13,8475,450000.0,23875959.08,3
2026-08,FITVM,24907225198.129997,142259,424715123.78000003,221117560.76,69
2026-08,FMAI,50464435.98,1,0.0,0.0,1
2026-08,FMIA,2185521521.44,3472783,971524.6799999999,6522724.640000001,25
2026-08,FMIA-CL,50660261394.81,68895,90231832.47,860793957.52,46
2026-08,FMP-FGTS,6511368145.13,87676,1367845.55,49127989.410000004,49
2026-08,FMP-FGTS CL,108981815.02000001,3604,209905.36,1051000.2,3
2026-09,FACFIF,360411478619.64,2077609,44671444268.63,45200716005.92,421
2026-09,FI,4282796430.83,632,9060000.0,41236501.27,15
2026-09,FIC-FITVM,3782149485.17,39090,8566949.709999999,113047921.24,17
2026-09,FIDC,18983892704.09,90127,7812000.0,3203824677.02,63
2026-09,FIEX,22283659.220000003,2071,25887.04,1169427.15,2
2026-09,FIF,1745099228343.69,1179104,239889845700.23,254541934630.4,695
2026-09,FIFDIV,51543345119.729996,809,15458117885.8,17225324073.25,2
2026-09,FII,2936156.82,2,0.0,0.0,1
2026-09,FIP,63395320452.0,169,1042681.37,49605833.81,49
2026-09,FIQ-FMIA,827486226.4000001,8453,10000.0,22680582.51,3
2026-09,FITVM,25498567256.11,141637,120454615.88,406496932.86,69
2026-09,FMAI,50570437.58,1,0.0,0.0,1
2026-09,FMIA,2285789936.15,3477009,2884530.09,6815554.31,25
2026-09,FMIA-CL,52188972859.49,68079,89026825.66,205367058.03,45
2026-09,FMP-FGTS,6417547342.96,87350,1392812.17,71241087.46,49
2026-09,FMP-FGTS CL,117523153.76,3590,19313.04,493353.26,3
2026-10,FACFIF,361476726157.45,2077368,9423111046.32,9456488165.0,418
2026-10,FI,3167182411.84,630,0.0,78397.6,15
2026-10,FIC-FITVM,4219339276.94,39160,22636840.62,18247420.490000002,17
2026-10,FIDC,18950540994.02,89871,0.0,6300000.0,58
2026-10,FIEX,21685027.71,2059,18861.739999999998,48716.450000000004,2
2026-10,FIF,1722083324276.2,1179277,39417738127.67,47062691919.17,692
2026-10,FIFDIV,47055994785.92,809,2116947485.53,6706424791.38,2
2026-10,FIP,67646501103.310005,156,108014.98,4000000.0,44
2026-10,FIQ-FMIA,915191147.5,8446,0.0,127661.59999999999,3
2026-10,FITVM,27755569001.46,141483,103614638.03,80835946.57,69
2026-10,FMAI,50681499.9,1,0.0,0.0,1
2026-10,FMIA,2535104662.91,3477045,1778113.91,1717153.52,25
2026-10,FMIA-CL,54101328150.520004,68006,119813883.26,80705241.43,45
2026-10,FMP-FGTS,6798069063.22,87236,24210.0,24101485.24,49
2026-10,FMP-FGTS CL,135286335.63,3586,0.0,35731.54,3
