data,ibov,ex_petr,ex_vale,ex_petr_vale,petr,vale,w_petr,w_vale
2019-01-03,100.6065,100.3768,101.1661,100.9915,102.2933,95.9092,0.1198,0.1064
2019-01-04,100.9109,100.6344,100.7629,100.4255,102.9411,102.1531,0.1219,0.1015
2019-01-07,100.7548,100.1408,100.6535,99.9393,105.2653,101.605,0.1222,0.1077
2019-01-08,101.1207,100.638,100.9464,100.3702,104.6666,102.5837,0.1252,0.1073
2019-01-09,102.8579,102.3186,102.592,101.9374,106.8187,105.0891,0.1241,0.108
2019-01-10,103.0699,102.6624,102.967,102.4874,106.0635,103.9342,0.1245,0.1088
2019-01-11,102.9073,102.6055,102.9529,102.6167,105.1241,102.525,0.1233,0.1074
2019-01-14,103.8039,103.692,103.905,103.7934,104.6268,102.9556,0.1225,0.1061
2019-01-15,103.3446,103.1957,103.4493,103.2961,104.4395,102.4662,0.1208,0.1056
2019-01-16,103.7149,103.5716,103.7937,103.643,104.7681,103.0534,0.1211,0.1056
2019-01-17,104.7675,104.6037,104.6033,104.3915,105.9715,106.146,0.1211,0.1058
2019-01-18,105.5872,105.3774,105.397,105.1289,107.1289,107.1834,0.1212,0.1079
2019-01-21,105.4916,105.196,105.1687,104.7825,107.6631,108.2012,0.1216,0.1081
2019-01-22,104.495,104.2895,104.1001,103.8051,106.0053,107.8097,0.1223,0.1092
2019-01-23,106.0937,105.9428,105.7563,105.5324,107.2026,108.9254,0.1216,0.1098
2019-01-24,107.3232,107.2382,107.0157,106.8714,107.9487,109.9041,0.1211,0.1093
2019-01-28,104.8697,104.9255,107.486,107.9549,104.4611,82.9125,0.1206,0.109
2019-01-29,105.0839,104.8386,107.6371,107.7536,106.8864,83.6563,0.1194,0.0842
2019-01-30,106.575,106.3654,108.4056,108.4509,108.1144,91.2116,0.1219,0.0848
2019-01-31,107.0123,106.8527,109.1515,109.3014,108.1851,89.0585,0.1216,0.0911
2019-02-01,107.5254,107.2638,109.5509,109.5672,109.4469,90.5265,0.1212,0.0886
2019-02-04,108.3253,108.0246,110.8122,110.8556,110.5338,87.4535,0.122,0.0896
2019-02-05,108.0198,107.6211,110.5077,110.4396,110.9483,87.1403,0.1223,0.086
2019-02-06,103.9819,103.3436,106.4694,106.1286,108.6705,83.1082,0.123,0.0861
2019-02-07,103.7292,103.3011,106.3895,106.3146,106.8745,81.4054,0.1253,0.0851
2019-02-08,104.7587,104.5014,107.1755,107.2572,106.6503,84.4784,0.1235,0.0836
2019-02-11,103.7369,103.5148,106.2978,106.4418,105.3701,82.247,0.122,0.0859
2019-02-12,105.6652,105.1939,107.9241,107.7379,109.1278,86.7097,0.1218,0.0844
2019-02-13,105.307,104.5281,107.2456,106.6598,111.0283,89.0389,0.1238,0.0874
2019-02-14,107.6946,106.806,109.8781,109.2055,114.221,89.3717,0.1264,0.09
2019-02-15,107.1573,106.2825,109.2255,108.5507,113.5824,89.8023,0.1271,0.0884
2019-02-18,106.041,105.1162,108.1231,107.3935,112.8332,88.5692,0.1271,0.0893
2019-02-19,107.3034,106.224,109.48,108.5892,115.2309,89.0389,0.1276,0.089
2019-02-20,106.0794,104.9469,108.0378,107.0528,114.396,89.6457,0.1288,0.0884
2019-02-21,106.5046,105.2741,108.6117,107.5381,115.541,88.8236,0.1293,0.09
2019-02-22,107.5529,106.5931,109.4092,108.6049,114.6016,91.9749,0.1301,0.0888
2019-02-25,106.8431,106.089,108.5836,107.9955,112.3941,92.2294,0.1287,0.0917
2019-02-26,107.2419,106.5811,109.0115,108.5341,112.1148,92.386,0.1271,0.0926
2019-02-27,106.9167,106.0087,108.7343,107.9829,113.5883,91.6618,0.1263,0.0924
2019-02-28,105.0235,104.0328,106.5504,105.6593,112.2955,92.1903,0.1283,0.092
2019-03-01,103.9467,103.0686,105.4291,104.6592,110.3982,91.4856,0.129,0.0941
2019-03-06,103.5215,102.5057,104.645,103.6622,110.9754,94.0497,0.1282,0.0944
2019-03-07,103.6567,102.7109,104.6059,103.6756,110.6008,95.6352,0.1294,0.0974
2019-03-08,104.7829,104.072,105.8696,105.2283,110.0175,95.6156,0.1288,0.099
2019-03-11,107.7078,106.6887,108.9033,107.928,115.1875,97.6316,0.1268,0.0979
2019-03-12,107.4891,106.6319,108.6372,107.8388,113.7906,97.8078,0.1291,0.0972
2019-03-13,108.6714,107.6034,109.7897,108.7466,116.5076,99.2366,0.1278,0.0976
2019-03-14,108.3429,107.1256,109.4194,108.1997,117.266,99.2562,0.1295,0.098
2019-03-15,108.9274,107.7006,110.1117,108.8981,117.92,98.943,0.1307,0.0983
2019-03-18,109.869,108.4714,111.1875,109.8003,120.1059,98.7669,0.1307,0.0974
2019-03-19,109.4229,107.7013,110.3493,108.5317,122.0185,101.5854,0.132,0.0964
2019-03-20,107.7232,105.8033,108.7606,106.7348,121.7608,98.9626,0.1347,0.0996
2019-03-21,106.2816,104.4411,107.0685,105.0938,119.7406,99.6085,0.1365,0.0985
2019-03-22,102.9919,101.5503,103.5816,102.0303,113.5454,97.9644,0.1361,0.1005
2019-03-25,102.9117,101.3696,103.6093,101.9606,114.1961,96.9857,0.1331,0.102
2019-03-26,104.7192,102.7204,105.462,103.3003,119.3291,98.4145,0.134,0.1011
2019-03-27,100.979,99.2135,101.4329,99.4917,113.889,97.0836,0.1376,0.1008
2019-03-28,103.7105,101.97,104.5629,102.7124,116.4401,96.4964,0.1362,0.1032
2019-03-29,104.8378,103.2122,105.4421,103.6837,116.7318,99.6868,0.1356,0.0998
2019-04-01,105.5399,104.0902,105.8356,104.2291,116.1546,102.9556,0.1345,0.102
2019-04-02,104.8071,103.1264,105.2458,103.3985,117.0663,101.057,0.1353,0.1066
2019-04-03,103.8226,102.4018,104.1048,102.5292,114.2266,101.3505,0.1373,0.1053
2019-04-04,105.8245,104.1496,106.2606,104.4195,118.0457,102.0943,0.1353,0.1066
2019-04-05,106.698,104.8884,107.2842,105.3134,119.8817,101.742,0.1372,0.1054
2019-04-08,106.9848,104.905,107.2677,104.9397,122.0952,104.5019,0.1382,0.1042
2019-04-09,105.8014,103.6487,106.1891,103.7945,121.429,102.4662,0.1403,0.1067
2019-04-10,105.429,103.3935,105.9126,103.6674,120.2195,101.3114,0.1412,0.1058
2019-04-11,104.1126,102.2512,104.428,102.3544,117.6592,101.3701,0.1402,0.105
2019-04-12,102.047,101.2282,102.1839,101.2724,108.1543,100.7634,0.139,0.1063
2019-04-15,102.2755,101.4587,102.4765,101.5776,108.3692,100.4698,0.1304,0.1079
2019-04-16,103.649,102.5291,103.5931,102.3068,111.9059,103.9342,0.1304,0.1074
2019-04-17,102.4975,101.1988,102.5047,101.0243,112.0256,102.2705,0.1328,0.1096
2019-04-18,103.9182,102.4015,104.0201,102.306,115.0034,102.9164,0.1344,0.109
2019-04-22,103.9292,102.4458,104.3425,102.7172,114.7794,100.411,0.1372,0.1091
2019-04-23,105.396,103.9834,105.8404,104.301,115.7526,101.6246,0.137,0.1065
2019-04-24,104.4313,103.0268,105.1346,103.6466,114.7271,98.5711,0.1363,0.1063
2019-04-25,106.0871,104.8311,107.0024,105.7188,115.341,98.5124,0.1363,0.104
2019-04-26,105.7399,104.678,106.5904,105.5183,113.6228,98.6886,0.1349,0.1023
2019-04-29,105.6872,104.6065,106.5723,105.4844,113.7026,98.3558,0.1333,0.1029
2019-04-30,105.8685,104.9672,106.8124,105.9392,112.6184,98.0622,0.1334,0.1026
2019-05-02,104.962,104.162,106.0752,105.3454,110.9937,95.7917,0.132,0.1021
2019-05-03,105.4894,104.7119,106.3128,105.5613,111.3653,98.6494,0.1316,0.1009
2019-05-06,104.3917,103.4898,105.259,104.3723,111.1381,97.201,0.1314,0.1035
2019-05-07,103.7105,102.9279,104.4835,103.718,109.6147,97.2793,0.1325,0.103
2019-05-08,105.0378,103.8697,106.146,104.9941,113.6565,95.9092,0.1316,0.1038
2019-05-09,104.1709,103.2558,105.2835,104.4219,111.009,95.0088,0.1348,0.1011
2019-05-10,103.5666,102.6198,104.3798,103.4329,110.6251,96.8096,0.1328,0.101
2019-05-13,100.7856,99.8978,101.7481,100.893,107.4187,92.8362,0.1331,0.1035
2019-05-14,101.1867,100.319,102.16,101.3298,107.6797,93.1493,0.1328,0.102
2019-05-15,100.6713,99.8158,101.4931,100.6518,107.0777,93.854,0.1325,0.1019
2019-05-16,98.9144,98.1391,99.8954,99.172,104.7497,90.8201,0.1324,0.1031
2019-05-17,98.8804,98.3544,99.5359,99.0447,102.9623,93.4038,0.1318,0.1015
2019-05-20,101.0262,100.4017,102.1842,101.6624,105.8093,91.5052,0.1296,0.1045
2019-05-21,103.816,103.0914,105.1595,104.5536,109.3135,92.797,0.1304,0.1002
2019-05-22,103.6797,102.9554,104.9942,104.3838,109.1748,92.8949,0.1312,0.0989
2019-05-23,103.1842,102.656,104.3494,103.9392,107.2945,93.5995,0.1308,0.0992
2019-05-24,102.8743,102.2015,103.8817,103.2802,108.0034,94.5586,0.1291,0.1004
2019-05-27,104.2324,103.6108,104.9507,104.3607,109.0053,98.2384,0.1302,0.1017
2019-05-28,105.9124,105.2489,106.8245,106.2182,110.9873,98.3558,0.1297,0.1043
2019-05-29,106.1036,105.6223,107.1733,106.8014,109.893,97.2793,0.13,0.1028
2019-05-30,107.0815,106.8728,108.1972,108.1447,108.953,97.8861,0.1286,0.1015
2019-05-31,106.6123,106.6823,107.9159,108.213,106.5178,95.9092,0.1264,0.1013
2019-06-03,106.6013,106.3802,107.945,107.9154,108.5585,95.5764,0.1241,0.0997
2019-06-04,106.9969,106.7215,108.3214,108.2266,109.3383,96.1245,0.1265,0.0993
2019-06-05,105.4795,105.1966,106.791,106.6855,107.8679,94.7152,0.1269,0.0995
2019-06-06,106.8046,106.4651,108.1808,108.0211,109.5972,95.5177,0.127,0.0994
2019-06-07,107.4814,106.8976,108.9758,108.5558,111.9987,95.2437,0.1274,0.099
2019-06-10,107.0925,106.6012,108.6166,108.3072,110.9566,94.6173,0.1295,0.0982
2019-06-11,108.7329,108.1655,109.7075,109.2215,113.1391,100.6655,0.1287,0.0979
2019-06-12,108.0308,107.5681,108.9036,108.5207,111.6964,100.7829,0.1292,0.1025
2019-06-13,108.5285,107.9338,109.3754,108.8373,113.1267,101.4876,0.1284,0.1033
2019-06-14,107.7221,106.9932,108.5784,107.8883,113.2625,100.6068,0.1294,0.1036
2019-06-17,107.2639,106.4611,108.3557,107.6193,113.3241,98.258,0.1306,0.1034
2019-06-18,109.2208,108.4771,110.1169,109.4164,114.8716,101.7812,0.1313,0.1015
2019-06-19,110.2085,109.5308,111.1543,110.5373,115.3988,102.3684,0.1306,0.1032
2019-06-21,112.0874,111.2036,113.2325,112.4122,118.7372,102.6424,0.13,0.1029
2019-06-24,112.1413,111.304,113.3027,112.5385,118.4628,102.5641,0.1315,0.1014
2019-06-25,109.9778,109.3013,111.1191,110.5354,115.1583,100.5676,0.1312,0.1013
2019-06-26,110.6327,110.0263,111.8066,111.3085,115.3215,100.9591,0.13,0.1013
2019-06-27,110.6711,110.3686,111.8205,111.6663,113.2192,101.194,0.1295,0.1011
2019-06-28,110.9381,110.5822,112.0915,111.8767,113.8634,101.4289,0.1271,0.1013
2019-07-01,111.348,111.1247,112.1063,111.979,113.3394,105.0107,0.1274,0.1013
2019-07-02,110.5404,110.4545,111.7492,111.8526,111.5608,100.5872,0.1264,0.1045
2019-07-03,112.1204,112.068,113.5499,113.7276,112.9109,100.3914,0.1253,0.1008
2019-07-04,113.8707,113.9086,115.425,115.7265,114.0302,101.1352,0.1249,0.0992
2019-07-05,114.3684,114.5022,116.304,116.7774,113.8544,98.5711,0.1244,0.0984
2019-07-08,114.853,114.8413,116.7048,116.9981,115.365,99.726,0.1237,0.0955
2019-07-10,116.2671,116.2858,118.007,118.3168,116.5702,102.0356,0.1248,0.0962
2019-07-11,115.5298,115.201,117.1975,117.0978,118.278,101.879,0.1246,0.0973
2019-07-12,114.1674,113.5552,115.7243,115.282,118.9068,101.4093,0.1272,0.0977
2019-07-15,114.0542,113.6643,115.3825,115.1574,117.2268,103.1317,0.1294,0.0984
2019-07-16,114.0234,113.8326,115.2601,115.248,115.7934,103.8364,0.1277,0.1002
2019-07-17,114.1124,114.0306,115.448,115.5767,115.1152,103.1317,0.1262,0.1009
2019-07-18,115.0585,115.2431,116.536,116.9928,114.1873,102.936,0.1253,0.1001
2019-07-19,113.6685,113.6818,114.9416,115.1688,113.9993,103.1904,0.1233,0.0991
2019-07-22,114.2146,114.2794,115.6213,115.9294,114.1843,102.662,0.1246,0.1006
2019-07-23,113.9454,113.9285,115.4869,115.7235,114.4895,101.3114,0.1242,0.0996
2019-07-24,114.4025,114.565,116.2715,116.767,113.6849,99.1388,0.1249,0.0986
2019-07-25,112.7928,113.0052,114.5007,115.0268,111.7182,98.8256,0.1236,0.0961
2019-07-26,112.973,113.6751,114.7667,115.8674,108.4507,98.3167,0.1231,0.0971
2019-07-29,113.7026,114.348,115.5797,116.6292,109.582,98.3754,0.1193,0.0965
2019-07-30,113.0983,113.7476,114.9614,116.0131,108.9439,97.8861,0.1126,0.0925
2019-07-31,111.8666,112.3856,113.6286,114.5162,108.6881,97.4946,0.1126,0.0926
2019-08-01,112.2116,112.8109,114.3456,115.3814,108.429,94.7348,0.1135,0.0932
2019-08-02,112.8137,113.231,115.1514,116.0105,110.4337,93.6387,0.1112,0.0903
2019-08-05,109.9833,110.587,112.4123,113.4968,106.1761,90.0372,0.1144,0.0888
2019-08-06,112.2533,112.9559,114.8097,116.0268,107.7145,91.2507,0.1128,0.0876
2019-08-07,112.9324,113.8748,115.6043,117.1128,106.6078,90.9767,0.1133,0.0878
2019-08-08,114.397,115.1508,117.0806,118.376,109.4902,92.3468,0.1114,0.087
2019-08-09,114.2663,115.0772,117.3348,118.7546,108.9322,89.0389,0.113,0.0872
2019-08-12,111.9797,112.8496,114.8492,116.3051,106.1914,88.393,0.1126,0.0843
2019-08-13,113.5004,114.3976,116.2363,117.7031,107.5178,91.0159,0.1121,0.0854
2019-08-14,110.1591,111.0742,112.8741,114.3574,104.0201,87.845,0.1112,0.0868
2019-08-15,108.8395,109.9301,111.6295,113.3242,101.3735,85.9072,0.1109,0.0864
2019-08-16,109.6625,110.9941,112.6001,114.5924,100.392,85.5157,0.1094,0.0855
2019-08-19,109.2922,110.4594,112.1942,113.9933,101.2494,85.4374,0.1079,0.0848
2019-08-20,109.0208,110.2067,111.8443,113.6527,100.8362,85.8094,0.1092,0.085
2019-08-21,111.1963,111.9068,114.2111,115.5069,106.5798,86.4161,0.109,0.0856
2019-08-22,109.8877,110.5546,112.805,114.0359,105.5889,85.9072,0.113,0.0845
2019-08-23,107.3122,108.1256,110.0612,111.4328,101.9017,84.7132,0.1132,0.085
2019-08-26,105.9531,106.7626,108.651,110.01,100.5628,83.7737,0.1119,0.0858
2019-08-27,106.8826,107.5871,109.5697,110.8074,102.2838,84.7915,0.1119,0.086
2019-08-28,107.8913,108.6089,110.6631,111.9291,103.2001,85.1047,0.1128,0.0863
2019-08-29,110.4514,110.9991,113.1485,114.2097,107.0458,88.2756,0.1128,0.0858
2019-08-30,111.1227,111.7297,113.7894,114.9136,107.2789,89.1955,0.1143,0.087
2019-09-02,110.5634,111.2243,113.0674,114.2276,106.3128,90.0568,0.1136,0.082
2019-09-03,109.5251,109.9189,112.0185,112.8741,107.2681,89.0977,0.1132,0.0833
2019-09-04,111.1952,111.4473,113.6583,114.3492,110.0102,91.055,0.1153,0.0832
2019-09-05,112.3401,112.6654,114.9355,115.7298,110.6142,91.055,0.1164,0.0837
2019-09-06,113.1005,113.4451,115.7993,116.6315,111.2342,90.918,0.1159,0.0829
2019-09-09,113.3708,113.4947,115.7794,116.3174,113.159,93.7365,0.1158,0.0822
2019-09-10,113.207,113.2047,115.5187,115.8986,113.9403,94.4216,0.1175,0.0845
2019-09-11,113.6619,113.9084,116.0908,116.7708,112.5346,93.854,0.1185,0.0853
2019-09-12,114.6783,114.9228,116.8363,117.4729,113.5719,97.2597,0.1165,0.0844
2019-09-13,113.7224,113.9333,115.7476,116.3256,112.8617,97.4555,0.1166,0.0867
2019-09-16,113.919,113.4867,116.2348,116.1282,117.8766,95.1067,0.1168,0.0876
2019-09-17,114.9486,114.8773,117.3141,117.6246,116.2089,95.7134,0.1218,0.0854
2019-09-18,114.8552,115.0309,117.3216,117.9274,114.2651,94.7348,0.119,0.0851
2019-09-19,114.6431,114.7203,117.1028,117.5959,114.7864,94.5782,0.1175,0.0846
2019-09-20,115.1683,115.3942,117.6665,118.3342,114.206,94.7739,0.1183,0.0846
2019-09-23,114.9717,114.9862,117.5188,117.9542,115.5847,94.1476,0.1171,0.0844
2019-09-24,114.1344,114.188,116.8466,117.3515,114.4509,91.8575,0.1188,0.084
2019-09-25,114.7991,114.911,117.38,117.9309,114.6854,93.6778,0.1185,0.0826
2019-09-26,115.7199,115.7847,118.4075,118.9217,115.9624,93.6778,0.1181,0.0838
2019-09-27,115.4551,115.4818,118.1571,118.6302,115.9763,93.2863,0.1199,0.0842
2019-09-30,115.0892,115.1609,117.7279,118.2421,115.2777,93.4625,0.1203,0.084
2019-10-01,114.3289,114.3466,116.8875,117.3278,114.9093,93.3842,0.1199,0.0844
2019-10-02,111.0084,111.068,113.7711,114.2901,111.2605,88.2756,0.1203,0.0849
2019-10-03,111.5413,111.6195,114.2892,114.8272,111.6597,88.9411,0.12,0.0827
2019-10-04,112.6785,113.0474,115.2983,116.1467,110.6682,91.192,0.1198,0.0829
2019-10-07,110.5052,110.787,112.9951,113.7239,109.1214,90.1155,0.1176,0.0842
2019-10-08,109.8547,110.1363,112.4321,113.1741,108.4685,88.7062,0.1182,0.0848
2019-10-09,111.248,111.4002,113.9091,114.5176,110.82,89.3913,0.1182,0.084
2019-10-10,111.8721,112.0063,114.2494,114.7933,111.5801,92.4643,0.1193,0.0836
2019-10-11,114.0861,114.2575,116.4047,116.9822,113.5344,95.2045,0.1194,0.0859
2019-10-14,114.6025,114.7912,117.1295,117.7591,113.9272,93.9323,0.1192,0.0868
2019-10-15,114.809,114.8429,117.3785,117.8389,115.2723,93.7757,0.119,0.0852
2019-10-16,115.8342,115.8077,118.7762,119.2264,116.7469,91.603,0.1202,0.0849
2019-10-17,115.387,115.4519,118.2971,118.8459,115.6259,91.4269,0.1207,0.0822
2019-10-18,115.0716,115.1675,118.0994,118.7017,115.0812,90.0959,0.12,0.0824
2019-10-21,116.4923,116.6403,119.4166,120.0619,116.1333,92.4056,0.1212,0.0824
2019-10-22,117.9855,117.8666,121.066,121.4328,119.5676,92.5817,0.1209,0.0835
2019-10-23,118.1646,117.9095,121.3102,121.5322,120.7341,92.2098,0.1229,0.0826
2019-10-24,117.5515,117.5599,120.7074,121.2307,118.2086,91.5052,0.1239,0.0822
2019-10-25,117.9669,117.5218,120.7549,120.7045,121.9124,95.048,0.1219,0.0819
2019-10-28,118.8711,118.3809,121.7341,121.6442,123.1491,95.322,0.1252,0.0848
2019-10-29,118.1778,117.4536,120.9702,120.603,124.1481,95.2241,0.1255,0.0843
2019-10-30,119.114,118.3465,122.0309,121.6343,125.404,95.1067,0.1272,0.0847
2019-10-31,117.8086,116.7405,120.891,120.1784,126.2722,92.386,0.1274,0.0839
2019-11-01,118.881,117.9394,121.8049,121.2113,126.4336,94.8131,0.1298,0.0825
2019-11-04,119.326,118.4192,121.9848,121.389,126.6291,97.5142,0.1288,0.0839
2019-11-05,119.1612,118.5622,121.789,121.5383,124.227,97.6121,0.1283,0.0858
2019-11-06,119.0349,118.4289,121.689,121.4346,124.1504,97.2597,0.1259,0.0859
2019-11-07,120.4028,119.3577,123.1223,122.3789,128.7118,98.0818,0.1263,0.0859
2019-11-08,118.258,117.3302,120.9376,120.321,125.7036,96.2615,0.1294,0.0856
2019-11-11,118.9019,117.8682,121.8993,121.2125,127.1196,94.2063,0.1287,0.0856
2019-11-12,117.3307,116.2494,120.1952,119.4331,125.8851,93.7561,0.1292,0.0832
2019-11-13,116.3737,115.2272,119.3045,118.4786,125.3979,92.2294,0.1292,0.0841
2019-11-14,117.0802,116.3838,120.1222,119.8256,122.8177,91.9945,0.1296,0.0833
2019-11-18,116.8494,116.1976,119.7235,119.4511,122.2612,93.1885,0.1264,0.0828
2019-11-19,116.0484,115.4862,118.6983,118.4925,120.8027,94.2846,0.1261,0.084
2019-11-21,118.113,117.2932,120.9496,120.4805,124.762,94.7739,0.1251,0.0854
2019-11-22,119.426,118.7127,122.047,121.6653,125.3058,97.9252,0.1273,0.0845
2019-11-25,119.1315,118.5058,121.5262,121.2086,124.371,99.5498,0.1265,0.0864
2019-11-26,117.6317,117.1196,119.7656,119.536,122.0344,100.2544,0.1258,0.088
2019-11-27,118.3448,117.8707,120.7107,120.5609,122.4745,99.0017,0.125,0.0897
2019-11-28,118.9843,118.5002,121.4744,121.3328,123.1903,98.5907,0.1247,0.0881
2019-11-29,118.9217,118.6448,121.4951,121.6028,121.6316,97.8274,0.1259,0.0881
2019-12-02,119.8315,119.7175,122.1969,122.4571,121.3709,100.4893,0.1244,0.0874
2019-12-03,119.7161,119.6367,122.2823,122.6138,121.0055,98.6886,0.1233,0.0892
2019-12-04,121.1939,121.0046,123.8203,124.0364,123.2852,99.6672,0.123,0.0877
2019-12-05,121.5466,121.1826,124.2082,124.231,124.9007,99.726,0.1237,0.0874
2019-12-06,122.1004,121.6648,124.735,124.672,125.9743,100.5089,0.125,0.0873
2019-12-09,121.9367,121.4903,124.5307,124.449,125.8869,100.685,0.1255,0.0875
2019-12-10,121.6015,120.9857,124.2114,123.9392,126.7726,100.2153,0.1256,0.0878
2019-12-11,121.9224,121.3627,124.4237,124.1982,126.6903,101.4484,0.1269,0.0877
2019-12-12,123.2804,122.6203,125.683,125.3274,128.78,103.6406,0.1266,0.0886
2019-12-13,123.6815,123.7581,125.9429,126.4042,123.879,105.226,0.1273,0.0895
2019-12-16,122.9464,123.1683,125.2179,125.8461,122.0939,104.404,0.1221,0.0906
2019-12-17,123.7375,123.824,126.0851,126.5713,123.8642,104.5606,0.121,0.0905
2019-12-18,125.6043,125.5314,128.1635,128.5021,126.89,104.6584,0.122,0.0899
2019-12-19,126.5009,126.5405,129.0437,129.5079,126.9818,105.6958,0.1231,0.0887
2019-12-20,126.4899,126.7297,128.8471,129.5097,125.5288,107.2421,0.1223,0.0889
2019-12-23,127.3052,127.4722,129.8093,130.4125,126.8719,106.8311,0.1211,0.0904
2019-12-26,128.7775,128.9458,131.4092,132.0344,128.344,107.2421,0.1218,0.0896
2019-12-27,128.0425,128.2128,130.5319,131.1366,127.5899,107.6929,0.1218,0.089
2019-12-30,127.4162,127.6542,129.9023,130.5834,126.473,107.0901,0.1216,0.0881
2020-01-02,130.2828,130.5631,132.8648,133.6095,129.0541,109.1596,0.1214,0.0883
2020-01-03,129.3313,129.7467,131.8952,132.7906,127.1256,108.3559,0.1209,0.0878
2020-01-06,128.4204,128.3499,130.9522,131.2898,129.6983,107.713,0.1201,0.0879
2020-01-07,128.1831,128.222,130.595,131.0379,128.6737,108.4966,0.1233,0.0879
2020-01-08,127.7271,127.8869,130.0828,130.6542,127.3464,108.5167,0.1226,0.0887
2020-01-09,127.3975,127.5051,129.8815,130.414,127.3897,107.0901,0.1218,0.0891
2020-01-10,126.9096,127.023,129.3219,129.8494,126.8576,107.2107,0.1223,0.0883
2020-01-13,128.9116,129.2876,131.1025,131.8936,126.99,111.1085,0.1224,0.0888
2020-01-14,129.2489,129.845,131.3995,132.4344,125.7524,111.7917,0.1205,0.0905
2020-01-15,127.9106,128.6346,129.9454,131.1071,123.4902,111.43,0.1191,0.0909
2020-01-16,128.2292,128.9858,130.3702,131.586,123.5776,110.8473,0.1182,0.0916
2020-01-17,130.1784,130.9524,132.1178,133.3214,125.4132,114.5242,0.118,0.0909
2020-01-20,130.6004,131.3524,132.5046,133.6777,125.9949,115.2475,0.1179,0.0925
2020-01-21,128.583,129.3999,130.5628,131.8213,123.502,112.5753,0.1182,0.0928
2020-01-22,130.0828,131.2246,132.1763,133.8228,122.6847,113.1177,0.1177,0.0921
2020-01-23,131.3321,132.4775,133.7626,135.4673,123.9157,111.5104,0.1156,0.0915
2020-01-24,130.0664,131.182,132.7488,134.4599,122.8553,108.0948,0.1155,0.0893
2020-01-27,125.7878,127.0375,128.7414,130.6478,117.5923,101.4845,0.1157,0.0874
2020-01-28,127.982,129.1155,131.0323,132.8223,120.6309,102.8708,0.1146,0.0849
2020-01-29,126.78,127.7586,129.7943,131.4022,120.5285,101.9667,0.1157,0.0847
2020-01-30,126.9371,127.7641,129.7925,131.2024,121.7697,103.4736,0.1167,0.0847
2020-01-31,124.9956,125.8639,127.912,129.3784,119.5216,101.0023,0.1176,0.0858
2020-02-03,125.9493,127.1225,128.8272,130.6345,118.3033,102.2882,0.1174,0.0851
2020-02-04,126.969,127.9623,129.6458,131.2165,120.6139,105.0207,0.1152,0.0855
2020-02-05,127.4865,128.6971,130.0542,131.8545,119.5831,106.4673,0.1166,0.0872
2020-02-06,126.5657,127.1873,128.9557,130.0573,122.8652,107.05,0.1151,0.088
2020-02-07,125.0055,125.458,127.4897,128.414,122.5046,104.6791,0.119,0.089
2020-02-10,123.687,123.858,126.4663,127.1175,123.1939,100.8416,0.12,0.088
2020-02-11,126.7646,127.1492,129.4692,130.3516,124.7558,104.5786,0.1216,0.0855
2020-02-12,128.1963,128.4357,130.8296,131.5357,127.2386,106.628,0.1202,0.0865
2020-02-13,127.0843,127.449,129.8055,130.668,125.221,104.7595,0.1213,0.0873
2020-02-14,125.6768,126.0176,128.5005,129.352,123.9769,102.469,0.1205,0.0865
2020-02-17,126.6965,127.1832,129.0713,130.0172,123.9575,107.3112,0.1209,0.0858
2020-02-18,126.3317,126.5777,128.8076,129.4958,125.3114,106.0856,0.12,0.0892
2020-02-19,128.0249,128.0896,130.6989,131.2128,128.3112,106.1057,0.1216,0.0884
2020-02-20,125.9021,126.0717,128.469,129.0848,125.4254,104.88,0.1228,0.0872
2020-02-21,124.9077,125.4105,127.8458,128.8998,122.0387,100.721,0.122,0.0875
2020-02-26,116.1583,117.1401,119.1912,120.8046,109.8195,91.1171,0.12,0.085
2020-02-27,113.1543,114.244,116.0392,117.7514,106.0301,89.3489,0.1163,0.0828
2020-02-28,114.4596,115.6472,117.5378,119.3924,106.6464,89.0275,0.1154,0.0835
2020-03-02,117.1549,118.0934,120.0663,121.6109,111.1293,93.1463,0.1147,0.0822
2020-03-03,115.9594,117.032,118.7314,120.4061,108.9706,93.1262,0.1166,0.0839
2020-03-04,117.813,118.692,120.2784,121.6837,112.2149,97.5867,0.1155,0.0848
2020-03-05,112.3291,113.3094,114.552,116.0333,105.973,94.1308,0.1166,0.0871
2020-03-06,107.6748,109.4714,109.876,112.2815,95.435,89.6302,0.1153,0.0879
2020-03-09,94.5667,98.4758,96.8182,101.6327,67.1015,76.0079,0.1084,0.0874
2020-03-10,101.3207,105.3296,102.7145,107.5049,73.169,90.0321,0.0875,0.0851
2020-03-11,93.5822,97.547,95.0236,99.771,65.7171,81.8547,0.089,0.094
2020-03-12,79.751,83.6806,80.8291,85.4777,52.0911,71.0251,0.0866,0.0926
2020-03-13,90.843,94.6942,91.4444,95.9275,63.7782,86.1945,0.0805,0.0943
2020-03-16,78.1963,81.6649,78.2516,82.2156,53.6701,78.439,0.0776,0.0931
2020-03-17,81.9859,85.986,81.9174,86.4643,53.3632,83.4017,0.0759,0.0985
2020-03-18,73.5013,77.3341,73.1256,77.4336,45.8665,77.6554,0.072,0.0998
2020-03-19,75.0802,78.5552,75.3707,79.3745,50.3746,73.1347,0.069,0.1037
2020-03-20,73.6925,77.0982,74.0952,78.0367,49.4838,70.7036,0.0742,0.0956
2020-03-23,69.8479,73.0285,70.0664,73.7247,47.2818,68.5136,0.0742,0.0942
2020-03-24,76.6152,79.7615,76.8031,80.4224,54.603,75.6261,0.0749,0.0963
2020-03-25,82.3584,85.7025,82.4753,86.3106,59.0005,82.0756,0.0788,0.0969
2020-03-26,85.3843,89.0903,85.5824,89.8391,59.2563,84.3862,0.0792,0.0978
2020-03-27,80.6806,84.425,80.777,85.0594,54.0519,80.5687,0.0768,0.0971
2020-03-30,82.0112,85.8242,81.8881,86.2163,54.8886,83.9241,0.0742,0.0981
2020-03-31,80.2312,83.4825,79.5943,83.2126,57.5256,86.8375,0.0741,0.1006
2020-04-01,77.9754,80.8205,77.0572,80.1749,58.4249,87.1388,0.0794,0.1064
2020-04-02,79.3884,81.7955,78.7552,81.4221,63.3957,85.9534,0.083,0.1098
2020-04-03,76.4053,78.4994,75.9433,78.2809,62.7921,81.3724,0.0884,0.1064
2020-04-06,81.3882,83.8337,80.8985,83.6311,65.1701,86.6566,0.091,0.1047
2020-04-07,83.8988,86.391,83.5433,86.3496,67.4108,87.9626,0.0887,0.1046
2020-04-08,86.3897,88.7309,86.3677,89.0546,71.2094,87.4201,0.089,0.103
2020-04-09,85.3536,87.8431,85.2679,88.1119,68.9458,86.958,0.0913,0.0995
2020-04-13,86.6215,89.1562,86.3927,89.2672,69.9053,89.5499,0.0894,0.1001
2020-04-14,87.8104,90.587,87.7213,90.8899,69.2096,89.4695,0.0894,0.1016
2020-04-15,86.6161,89.4578,86.6906,89.9563,67.4523,86.7772,0.0879,0.1009
2020-04-16,85.4964,88.4994,85.5416,88.9842,65.0116,85.9132,0.0869,0.0992
2020-04-17,86.7908,89.7204,86.7056,90.0468,66.9375,88.4046,0.0848,0.0995
2020-04-20,86.7721,89.7857,87.0226,90.508,66.2467,85.3105,0.0854,0.1001
2020-04-22,88.6553,91.5429,89.0169,92.3777,69.2144,86.1945,0.0845,0.0967
2020-04-23,87.5412,90.183,87.6462,90.6915,70.0181,87.4201,0.0865,0.0956
2020-04-24,82.7704,85.3554,82.2949,85.1877,65.5062,87.9224,0.0886,0.0982
2020-04-27,85.9656,88.6661,85.6689,88.7203,67.9087,89.5097,0.0876,0.1044
2020-04-28,89.3421,91.9913,89.4044,92.4529,71.8329,89.6302,0.0875,0.1024
2020-04-29,91.3847,93.8072,91.2071,93.966,75.7698,93.8897,0.0891,0.0986
2020-04-30,88.4565,90.6128,88.3664,90.8363,74.8469,90.1325,0.0919,0.1011
2020-05-04,86.6655,88.9163,86.582,89.1583,72.2178,88.264,0.0929,0.1004
2020-05-05,87.3193,89.3555,87.3602,89.7131,74.6068,87.8019,0.0925,0.1015
2020-05-06,86.8721,89.2032,86.7226,89.3801,71.7924,89.0677,0.0949,0.1002
2020-05-07,85.8337,87.9066,85.1852,87.4765,72.7705,92.5235,0.0917,0.1022
2020-05-08,88.1895,89.993,87.181,89.1164,77.3665,98.1492,0.0941,0.1074
2020-05-11,86.8732,88.7129,85.9668,87.9574,75.7088,95.8989,0.0974,0.1109
2020-05-12,85.5623,87.2665,84.5694,86.3934,75.4254,95.3564,0.0968,0.11
2020-05-13,85.4525,87.4634,84.2068,86.3396,72.8672,97.5264,0.0979,0.1111
2020-05-14,86.8138,89.1508,85.8207,88.3599,71.6855,96.6223,0.0947,0.1138
2020-05-15,85.2162,87.4203,84.0532,86.4163,71.0825,96.5418,0.0917,0.1109
2020-05-18,89.2124,91.1575,87.782,89.8154,77.305,102.9914,0.0925,0.1128
2020-05-19,88.7158,90.5769,86.9985,88.8944,77.4578,105.081,0.0961,0.115
2020-05-20,89.3498,90.9835,87.6589,89.3023,79.9307,105.4828,0.0969,0.1183
2020-05-21,91.2264,93.125,90.0503,92.0698,79.7715,102.7302,0.0993,0.1176
2020-05-22,90.2881,92.313,89.1984,91.3727,77.7886,101.0023,0.097,0.1122
2020-05-25,94.1228,96.2301,93.4996,95.8382,81.12,100.6607,0.0956,0.1114
2020-05-26,93.9096,95.8876,93.4629,95.6813,81.93,98.8524,0.0956,0.1065
2020-05-27,96.6312,98.8633,96.1684,98.6728,82.7356,101.7457,0.0968,0.1048
2020-05-28,95.5358,97.6928,95.0729,97.492,82.1938,100.6406,0.095,0.1049
2020-05-29,96.0346,98.0229,94.98,97.1214,84.0581,106.4874,0.0955,0.1049
2020-06-01,97.3718,99.5155,96.3733,98.6991,84.2111,107.3313,0.0971,0.1105
2020-06-02,100.0374,102.0119,99.3371,101.5175,88.3319,107.3313,0.096,0.1098
2020-06-03,102.1865,104.3793,101.6733,104.129,88.8285,107.8135,0.098,0.1069
2020-06-04,103.0952,105.3988,102.2383,104.7688,88.8911,111.8319,0.0965,0.1051
2020-06-05,103.983,106.0542,103.4593,105.7772,91.6657,109.7222,0.0957,0.1081
2020-06-08,107.288,109.5557,107.0963,109.6869,93.5388,110.0638,0.0979,0.1052
2020-06-09,106.3014,108.8259,105.9525,108.8093,90.466,110.4857,0.0968,0.1022
2020-06-10,104.0368,106.5011,103.6104,106.3865,88.5905,108.8984,0.0945,0.1036
2020-06-12,101.9591,104.559,101.4783,104.3983,85.3485,107.2911,0.0945,0.1043
2020-06-15,101.4987,103.9912,100.8595,103.6346,85.7255,108.2555,0.0929,0.1049
2020-06-16,102.7678,105.0391,101.9344,104.4317,88.8072,111.2893,0.0938,0.1063
2020-06-17,104.9829,107.5115,104.217,107.0161,89.0613,112.9168,0.0959,0.1079
2020-06-18,105.6179,108.1088,104.9298,107.698,90.0233,112.8565,0.0942,0.1072
2020-06-19,106.1091,108.7694,105.6986,108.6995,89.1841,110.8473,0.0946,0.1065
2020-06-22,104.751,107.4789,104.2264,107.2859,87.2336,110.5058,0.0933,0.1041
2020-06-23,105.4531,107.9252,104.8757,107.639,90.0017,111.6912,0.0925,0.1051
2020-06-24,103.6973,106.2639,102.9679,105.8145,87.4221,111.2893,0.0948,0.1056
2020-06-25,105.4619,108.0195,104.7942,107.6407,89.3296,112.515,0.0936,0.107
2020-06-26,103.1007,105.6452,102.2533,105.0572,86.9773,111.7515,0.094,0.1063
2020-06-29,105.1894,107.6138,104.5736,107.2772,90.1072,111.7716,0.0937,0.108
2020-06-30,104.4434,106.8491,103.6794,106.3397,89.4792,112.3543,0.0951,0.1059
2020-07-01,105.7036,108.2202,105.3882,108.2406,89.9078,109.5815,0.0951,0.1073
2020-07-02,105.7388,108.0942,105.2156,107.8553,91.2272,111.4903,0.0945,0.1034
2020-07-03,106.3211,108.806,105.9144,108.7178,90.8028,111.0282,0.0958,0.1052
2020-07-06,108.7076,111.2074,108.2762,111.0942,93.166,113.6602,0.0949,0.1042
2020-07-07,107.4155,109.9127,106.884,109.6835,91.8422,113.2584,0.0952,0.1043
2020-07-08,109.6229,112.1642,109.1269,111.9826,93.7875,115.1671,0.095,0.1052
2020-07-09,108.9527,111.7011,108.5821,111.69,91.4415,113.3588,0.0951,0.1048
2020-07-10,109.9108,112.5982,109.525,112.5622,92.9236,114.4639,0.0933,0.1038
2020-07-13,108.4439,111.079,107.7423,110.6728,91.8143,115.8302,0.094,0.1039
2020-07-14,110.3591,112.8537,108.9692,111.6402,94.9238,123.9674,0.0941,0.1066
2020-07-15,111.8435,114.2814,110.5999,113.2294,96.9187,124.1482,0.0956,0.1121
2020-07-16,110.4832,113.0511,109.4581,112.2656,94.4619,120.7929,0.0957,0.1101
2020-07-17,113.0488,115.9399,112.1053,115.2909,94.5438,122.6413,0.0945,0.1084
2020-07-20,114.7387,117.8797,114.0363,117.5402,94.3013,122.1591,0.0924,0.1076
2020-07-21,114.6113,117.442,114.1383,117.3259,96.6536,119.949,0.0908,0.1056
2020-07-22,114.5893,117.5665,114.2158,117.5833,95.457,119.0248,0.0932,0.1038
2020-07-23,112.3951,115.2904,111.8638,115.1146,93.8283,118.2412,0.092,0.103
2020-07-24,112.4929,115.3312,112.0279,115.2241,94.3885,117.7389,0.0919,0.1044
2020-07-27,114.7948,117.6973,113.9722,117.1896,96.2714,123.3044,0.0924,0.1039
2020-07-28,114.3904,117.4409,113.7511,117.1621,94.6599,121.2349,0.0923,0.1066
2020-07-29,116.0341,119.0944,114.9993,118.3642,96.2941,126.4789,0.0911,0.1052
2020-07-30,115.3793,118.5659,114.6439,118.195,94.5961,123.1034,0.0914,0.1082
2020-07-31,113.0752,116.2802,112.2074,115.7584,92.048,121.9783,0.0903,0.106
2020-08-03,112.9851,116.375,112.207,115.9798,90.469,121.0741,0.0897,0.1071
2020-08-04,111.2117,114.3838,110.1382,113.6208,90.3706,121.9582,0.0883,0.1065
2020-08-05,112.9543,115.6277,111.7444,114.6451,96.1892,124.9519,0.0896,0.109
2020-08-06,114.4091,117.2426,113.4413,116.5591,96.4185,124.2286,0.0939,0.1099
2020-08-07,112.9258,115.8051,112.0989,115.2884,94.5052,121.4559,0.0929,0.1079
2020-08-10,113.6597,116.2702,112.5262,115.3676,97.4287,124.972,0.0923,0.1069
2020-08-11,112.2643,114.8912,111.4014,114.3004,95.8431,121.1143,0.0945,0.1093
2020-08-12,112.2028,114.625,111.0622,113.6893,97.4221,123.5656,0.0941,0.1072
2020-08-13,110.3821,112.9099,109.2938,112.0468,94.6783,121.255,0.0958,0.1095
2020-08-14,111.3622,114.0882,110.1612,113.1216,94.1094,123.2642,0.0946,0.1092
2020-08-17,109.4306,111.9255,107.8186,110.4569,93.9516,125.0323,0.0932,0.1101
2020-08-18,112.1446,114.7907,110.651,113.4789,95.5641,126.6999,0.0947,0.1136
2020-08-19,110.814,113.3479,109.3208,112.0214,95.0785,125.3537,0.094,0.1124
2020-08-20,111.4886,114.2103,109.9463,112.852,94.2749,126.4789,0.0947,0.1125
2020-08-21,111.5468,114.3652,110.1776,113.2179,93.56,124.972,0.0933,0.1128
2020-08-24,112.4006,115.1096,110.9578,113.8643,95.3261,126.499,0.0926,0.1114
2020-08-25,112.2028,114.9395,111.0357,114.0138,94.8989,123.8067,0.0936,0.112
2020-08-26,110.5645,113.4256,109.1857,112.2722,92.1951,124.0679,0.0934,0.1098
2020-08-27,110.5612,113.4659,109.3954,112.5623,91.8425,122.139,0.092,0.1116
2020-08-28,112.2303,115.1376,111.1818,114.37,93.5589,122.7619,0.0917,0.1099
2020-08-31,109.1823,112.0553,108.1091,111.2533,90.6604,119.9088,0.092,0.1088
2020-09-01,112.2577,115.0007,111.0694,114.0518,94.7919,124.0879,0.0976,0.1052
2020-09-02,111.9753,114.7155,110.8506,113.8396,94.5223,123.2039,0.0993,0.1059
2020-09-03,110.6678,113.2036,109.8296,112.6323,94.708,119.1855,0.0993,0.1054
2020-09-04,111.2403,113.8351,110.214,113.0543,94.8545,121.5363,0.1006,0.1031
2020-09-08,109.9306,112.7436,109.0245,112.1277,91.8764,119.0851,0.1002,0.1046
2020-09-09,111.2952,114.0305,110.3791,113.3944,93.8601,120.5518,0.0982,0.1037
2020-09-10,108.5956,111.357,107.7048,110.7514,90.8911,117.5982,0.0991,0.1037
2020-09-11,108.077,110.8679,106.4029,109.3609,90.1375,124.4697,0.0984,0.1037
2020-09-14,110.1778,113.3718,108.7361,112.1846,89.2805,124.3893,0.098,0.1103
2020-09-15,110.2031,113.3917,108.6171,112.0373,89.3465,125.7757,0.0953,0.1081
2020-09-16,109.5196,112.5767,108.2079,111.5222,89.6286,122.5007,0.0953,0.1093
2020-09-17,109.9833,112.8568,108.4847,111.564,91.4783,124.7309,0.0962,0.1071
2020-09-18,107.9967,110.8719,106.3759,109.4367,89.425,123.887,0.0978,0.1086
2020-09-21,106.5695,109.6389,105.15,108.4592,86.5056,120.5518,0.0973,0.1098
2020-09-22,106.9024,110.0519,105.47,108.8675,86.2556,121.0071,0.0965,0.1095
2020-09-23,105.1894,108.4066,103.3024,106.703,84.0041,123.7073,0.0963,0.1056
2020-09-24,106.5925,109.9149,104.945,108.5023,84.6665,122.7863,0.0953,0.1098
2020-09-25,106.5783,110.0373,104.8021,108.4923,83.6469,124.0212,0.0948,0.1075
2020-09-28,104.0149,107.3964,102.0754,105.6508,81.5936,123.0375,0.0937,0.1087
2020-09-29,102.8216,106.2765,100.8517,104.5035,79.8334,122.1374,0.0937,0.1105
2020-09-30,103.9456,107.4234,101.9279,105.5988,80.8156,123.7282,0.0927,0.1109
2020-10-01,104.9081,108.4004,103.0438,106.7558,81.6941,123.2049,0.0929,0.1112
2020-10-02,103.3007,107.0186,101.3868,105.3425,78.3927,122.0746,0.0931,0.1098
2020-10-05,105.5784,109.0657,103.6257,107.3189,82.4154,124.7329,0.0908,0.1105
2020-10-06,105.0576,108.5355,103.2606,106.9673,81.9512,122.7025,0.0934,0.1105
2020-10-07,104.9598,108.4878,102.8178,106.5264,81.4834,125.947,0.0933,0.1092
2020-10-08,107.5902,111.1139,105.4784,109.1891,84.2062,128.2914,0.0929,0.1122
2020-10-09,107.1101,110.9347,104.8816,108.9109,81.5066,128.9402,0.0936,0.1115
2020-10-13,108.2308,112.0538,106.0016,110.0298,82.6655,130.0705,0.091,0.1126
2020-10-14,109.1438,113.1739,106.8233,111.0701,82.0798,131.8707,0.0914,0.1124
2020-10-15,108.8362,112.9495,106.6009,110.9549,81.1763,130.7613,0.0926,0.1164
2020-10-16,108.0176,112.2744,105.7456,110.2545,79.3267,130.2799,0.0918,0.1157
2020-10-19,108.4011,112.5977,106.2351,110.6938,80.1426,129.6729,0.0905,0.1162
2020-10-20,110.4689,114.5769,108.55,112.9503,82.8708,129.4426,0.091,0.1152
2020-10-21,110.4821,114.6011,108.3376,112.7136,82.8065,131.5567,0.093,0.1135
2020-10-22,111.983,115.9317,109.9451,114.1478,85.5276,132.08,0.0929,0.1154
2020-10-23,111.2601,115.2747,109.0652,113.3161,84.3296,132.8126,0.0946,0.1142
2020-10-26,110.9931,115.1479,108.9826,113.4213,83.069,130.8241,0.0939,0.1156
2020-10-27,109.4427,113.5828,107.2576,111.6501,81.6031,130.8869,0.0926,0.1141
2020-10-28,104.7873,108.9659,102.6075,107.0408,76.6163,126.1354,0.0924,0.1159
2020-10-29,106.1201,110.1115,103.6892,107.8718,79.2873,129.8194,0.0906,0.1166
2020-10-30,103.2303,107.0057,100.8165,104.7562,77.8857,126.7424,0.0926,0.1185
2020-11-03,105.0268,108.6367,102.1805,105.8648,80.8727,132.5824,0.0935,0.119
2020-11-04,107.4704,111.3839,105.2809,109.4151,81.1959,128.8984,0.0949,0.1217
2020-11-05,110.7261,115.0254,108.6715,113.2647,81.7691,130.9288,0.0936,0.1162
2020-11-06,110.7535,115.117,108.5657,113.21,81.3191,132.2684,0.087,0.109
2020-11-09,114.1751,117.9464,112.3337,116.3731,89.2607,132.2684,0.0864,0.1099
2020-11-10,115.7551,118.8672,114.0812,117.4106,95.7792,132.2056,0.0925,0.1072
2020-11-11,114.8552,117.9103,112.996,116.2319,95.2791,133.1266,0.0978,0.1055
2020-11-12,112.2654,115.4969,110.3414,113.762,91.2957,131.1799,0.0975,0.1065
2020-11-13,114.8332,118.0679,113.0458,116.4936,93.9134,132.394,0.0955,0.1073
2020-11-16,116.9406,120.0811,115.0125,118.3351,96.7843,135.8896,0.0962,0.106
2020-11-17,117.8185,120.8909,115.5439,118.7374,98.195,140.1806,0.0975,0.1071
2020-11-18,116.9989,119.9946,114.7515,117.8629,97.9234,139.0922,0.0982,0.1097
2020-11-19,117.0362,119.8998,114.5217,117.4436,98.943,141.7505,0.099,0.11
2020-11-23,117.9833,120.333,114.8071,117.0529,103.7533,149.2232,0.0995,0.1115
2020-11-24,120.628,122.668,116.9742,118.8021,108.7809,156.5703,0.1037,0.1166
2020-11-25,121.0093,123.1356,117.2454,119.1531,108.5294,158.0355,0.1063,0.1196
2020-11-26,121.1126,123.4868,117.1303,119.2815,106.7992,160.2752,0.1064,0.1211
2020-11-27,121.495,124.1069,117.1517,119.513,105.4316,164.1895,0.1046,0.1227
2020-11-30,119.6414,122.2688,115.2024,117.5642,103.4138,163.2684,0.1029,0.1254
2020-12-01,122.33,124.9291,117.4672,119.7329,106.3776,170.0713,0.1035,0.1278
2020-12-02,122.8563,125.3431,118.3532,120.5503,107.7399,167.1199,0.1041,0.1301
2020-12-03,124.0705,126.3644,119.8837,121.9157,110.3986,165.278,0.105,0.1273
2020-12-04,124.9088,126.8161,120.1522,121.6605,114.0713,171.5994,0.1072,0.1255
2020-12-07,124.8462,127.066,119.8733,121.6978,111.7164,173.6297,0.1093,0.1286
2020-12-08,124.7868,127.1646,119.8187,121.8209,110.4986,173.5251,0.1072,0.1303
2020-12-09,123.854,126.0056,118.8323,120.5718,111.2023,173.1064,0.1058,0.13
2020-12-10,126.3482,128.3292,121.0884,122.6016,115.0124,177.9208,0.1073,0.1306
2020-12-11,126.7119,128.8813,121.5201,123.2555,114.0036,177.6277,0.1089,0.1317
2020-12-14,126.3295,128.4587,121.3821,123.1107,113.9056,174.8857,0.108,0.1316
2020-12-15,127.6161,129.7648,122.5968,124.3371,115.0821,176.8742,0.1084,0.1301
2020-12-16,129.595,131.8373,124.4091,126.2301,116.4248,180.4745,0.108,0.1298
2020-12-17,129.8257,131.9967,124.4516,126.1629,117.1833,182.5258,0.1077,0.1306
2020-12-18,129.3005,131.5153,123.7423,125.4733,116.3228,183.7817,0.1079,0.1315
2020-12-21,127.4733,130.0322,121.9287,124.0457,111.9234,181.8141,0.1075,0.1329
2020-12-22,127.8381,130.297,122.3142,124.3228,113.0269,181.9815,0.1055,0.134
2020-12-23,129.4961,131.8286,124.0535,125.9348,115.6534,182.8607,0.1058,0.1332
2020-12-28,130.808,133.2002,125.5131,127.4859,116.5622,182.756,0.1072,0.1325
2020-12-29,131.2739,133.6978,126.0795,128.1042,116.8068,182.2536,0.1068,0.1309
2020-12-30,131.0882,133.4198,125.7918,127.6967,117.2906,183.0491,0.1069,0.1304
2021-01-04,130.2663,132.1652,124.1659,125.4769,119.77,191.4428,0.1026,0.1132
2021-01-05,130.997,132.444,124.6746,125.4591,124.0148,194.6662,0.105,0.1187
2021-01-06,131.687,133.1295,124.8627,125.5689,124.7616,201.0505,0.1083,0.1202
2021-01-07,133.9999,135.2711,126.2138,126.592,128.4585,214.1748,0.109,0.1238
2021-01-08,137.4291,139.1345,129.9804,130.8866,128.6408,213.505,0.1094,0.129
2021-01-11,134.935,136.4538,127.2856,127.9556,127.5038,213.4631,0.1072,0.1258
2021-01-12,136.2436,138.0325,129.2101,130.2674,126.7661,207.6231,0.1078,0.1276
2021-01-13,134.0922,136.3734,127.4272,129.0757,120.7558,201.4063,0.1065,0.1234
2021-01-14,135.6755,138.0492,128.8503,130.578,121.6775,204.7135,0.1032,0.1217
2021-01-15,132.4023,134.9842,126.0885,128.1165,116.6975,195.8175,0.1027,0.1222
2021-01-18,133.2154,135.9331,126.8288,128.9954,116.4921,197.4083,0.1011,0.1199
2021-01-19,132.5902,134.9516,126.1982,127.9734,118.5902,196.885,0.1002,0.12
2021-01-20,131.5299,134.0076,125.3703,127.3061,116.6013,193.2429,0.1025,0.1203
2021-01-21,130.14,132.7568,123.6756,125.7172,114.0973,195.4198,0.1016,0.119
2021-01-22,128.7435,131.3962,122.1994,124.2672,112.3804,195.0221,0.1005,0.1217
2021-01-26,127.9655,130.5711,121.6178,123.6622,111.9417,192.0498,0.0998,0.1225
2021-01-27,127.3261,129.637,121.3937,123.1762,113.5502,186.7121,0.1002,0.1216
2021-01-28,131.097,133.6628,125.125,127.1844,115.4778,190.6893,0.1021,0.1188
2021-01-29,127.4634,130.1589,121.7721,124.0115,110.7375,184.0957,0.1013,0.1182
2021-02-01,128.9555,131.4138,122.7735,124.6813,114.0844,191.045,0.1003,0.1179
2021-02-02,129.9103,131.9301,124.4675,126.0052,118.4499,183.4886,0.1012,0.1198
2021-02-03,131.5486,133.6519,125.7318,127.3074,119.4965,189.2867,0.1045,0.1144
2021-02-04,131.0388,133.1176,125.3894,126.9623,119.1592,186.9005,0.1039,0.1166
2021-02-05,131.7683,133.8468,125.5547,127.0447,119.9143,194.0174,0.1042,0.1156
2021-02-08,131.3189,133.8391,124.8272,126.759,116.0559,196.7803,0.1044,0.119
2021-02-09,131.2234,134.0726,124.6798,126.9641,113.4211,197.2827,0.1011,0.1213
2021-02-10,130.1257,132.6717,123.4101,125.3359,114.6272,198.2246,0.0989,0.1216
2021-02-11,131.0102,133.5298,124.66,126.6118,115.7428,194.8756,0.1008,0.1233
2021-02-12,130.8794,133.2278,124.3739,126.1153,116.9283,196.5292,0.101,0.1203
2021-02-17,132.2804,134.1979,125.4394,126.6613,121.704,201.6785,0.102,0.1212
2021-02-18,130.9058,132.7942,123.7599,124.9035,120.5103,203.8763,0.1053,0.1234
2021-02-19,130.4751,133.427,123.2262,125.5184,111.8682,204.6507,0.1053,0.126
2021-02-22,123.7947,128.8518,116.4415,121.0176,88.8081,199.5852,0.0984,0.1273
2021-02-23,126.6064,130.8752,119.1899,122.8964,97.8273,202.9343,0.0816,0.1305
2021-02-24,127.0909,131.2523,119.5344,123.103,99.1548,204.9857,0.0885,0.1298
2021-02-25,123.342,127.5633,115.8858,119.531,94.8231,200.3388,0.0893,0.1306
2021-02-26,120.9016,125.2663,113.464,117.2665,91.1965,197.8479,0.0879,0.1315
2021-03-01,121.2313,125.7458,113.0778,116.9389,90.3833,206.3253,0.0864,0.1325
2021-03-02,122.5553,127.2727,113.9549,117.9735,90.1869,212.6677,0.0853,0.1377
2021-03-03,122.1641,127.2869,113.7608,118.2518,86.6593,210.0512,0.0842,0.1404
2021-03-04,123.8188,128.6434,115.8237,120.0502,90.6657,206.9323,0.0812,0.1391
2021-03-05,126.5789,131.6782,117.7349,122.1396,91.3985,219.2077,0.0838,0.1352
2021-03-08,121.5356,126.5963,112.4115,116.7263,86.4967,218.0265,0.0831,0.1349
2021-03-09,122.3256,127.2523,113.4441,117.65,88.3368,215.8389,0.0819,0.1397
2021-03-10,123.9133,128.6175,115.4295,119.4543,91.6763,212.514,0.0831,0.1374
2021-03-11,126.3394,130.9258,117.5708,121.4286,95.0781,218.0921,0.0852,0.1336
2021-03-12,125.434,129.9923,117.0187,120.8968,94.3608,213.0609,0.0866,0.1345
2021-03-15,126.1932,130.5758,117.9439,121.6563,96.4705,211.7922,0.0875,0.1337
2021-03-16,125.2791,129.7338,117.0169,120.8049,94.9852,211.114,0.089,0.1322
2021-03-17,128.0589,132.4727,119.7528,123.4933,98.1505,214.1546,0.0882,0.1327
2021-03-18,126.1757,130.751,118.0474,121.988,94.9935,210.3484,0.0892,0.1317
2021-03-19,127.6996,132.1172,119.9445,123.7709,97.7528,207.3297,0.0876,0.1312
2021-03-22,126.3339,130.8175,118.7649,122.6892,95.8503,203.8953,0.0891,0.1278
2021-03-23,124.4473,129.0224,117.132,121.1914,93.2207,199.1922,0.0883,0.1271
2021-03-24,123.131,127.5256,115.3265,119.1143,93.2338,203.7641,0.0872,0.1261
2021-03-25,124.9835,129.4119,117.4533,121.3213,94.8809,202.2109,0.0881,0.1303
2021-03-26,126.1163,130.539,118.0995,121.8902,96.0869,208.9703,0.0884,0.1275
2021-03-29,126.8173,131.1387,118.3995,122.0208,97.5722,214.3296,0.0888,0.1306
2021-03-30,128.3897,132.9407,120.2621,124.1792,97.4514,212.339,0.0896,0.1332
2021-03-31,128.1523,132.5037,119.8392,123.5106,98.7158,214.3077,0.0885,0.1304
2021-04-01,126.6349,130.9194,118.3125,121.9075,97.6634,213.039,0.0898,0.1319
2021-04-05,129.1236,133.642,119.878,123.5933,98.4521,226.1639,0.0899,0.1327
2021-04-06,129.1028,133.6658,120.1046,123.9055,98.0938,223.2327,0.0889,0.1382
2021-04-07,129.2401,133.803,119.7859,123.5186,98.236,228.7233,0.0886,0.1364
2021-04-08,129.9971,134.8491,120.6126,124.6718,96.8312,228.592,0.0886,0.1396
2021-04-09,129.2906,134.0394,120.1304,124.1098,96.8846,225.3108,0.0869,0.1387
2021-04-12,130.5454,135.3342,121.4078,125.4359,97.8704,226.1858,0.0874,0.1375
2021-04-13,131.0783,135.9144,121.9484,126.0299,98.061,226.5795,0.0875,0.1368
2021-04-14,132.1749,136.9533,122.4939,126.4315,99.6219,234.0607,0.0872,0.1364
2021-04-15,132.621,137.7086,122.7495,126.9963,97.7451,236.7076,0.0879,0.1397
2021-04-16,133.0748,138.3285,123.1528,127.5738,96.9188,237.7138,0.0834,0.1412
2021-04-19,132.877,137.4234,123.1151,126.7881,102.2275,235.6576,0.0825,0.1415
2021-04-20,131.9189,136.6194,122.3765,126.2489,100.0423,232.2232,0.0876,0.1412
2021-04-22,131.1596,135.7915,121.5442,125.33,99.7892,232.3763,0.0864,0.1402
2021-04-23,132.4331,137.2275,122.5873,126.5182,99.847,236.2263,0.0866,0.1411
2021-04-26,132.5045,137.2729,122.5554,126.4428,100.1221,237.4951,0.0858,0.1421
2021-04-27,131.1783,136.1147,120.8331,124.8443,97.4487,240.8857,0.086,0.1428
2021-04-28,133.0077,137.735,122.4686,126.225,100.9621,244.8231,0.0846,0.1462
2021-04-29,131.9233,136.7171,121.2902,125.1043,99.3357,244.8888,0.0876,0.1485
2021-04-30,130.6355,135.2509,120.4571,124.142,99.3714,238.4794,0.0869,0.1498
2021-05-03,130.9816,135.726,120.9383,124.785,98.743,237.2545,0.0878,0.1474
2021-05-04,129.3368,134.1574,118.8454,122.7068,96.4678,240.8419,0.0871,0.1464
2021-05-05,131.3717,135.9489,120.9294,124.5341,100.4237,242.1762,0.0861,0.1503
2021-05-06,131.7639,136.5777,120.5246,124.2699,99.0224,251.67,0.0882,0.1489
2021-05-07,134.09,138.7306,122.9668,126.5424,102.7235,252.545,0.0875,0.1555
2021-05-10,133.9483,138.3947,122.9599,126.3425,104.0466,250.8825,0.0891,0.1533
2021-05-11,135.1075,139.4895,123.4388,126.6502,105.7256,259.698,0.0903,0.1523
2021-05-12,131.5321,135.6222,120.4125,123.382,104.2615,250.095,0.0909,0.1562
2021-05-13,132.6265,136.7356,121.9518,125.0101,105.2424,246.07,0.0921,0.1545
2021-05-14,133.9175,137.5077,123.7213,126.284,110.5019,241.8481,0.0922,0.1508
2021-05-17,135.0789,138.639,124.4199,126.8814,111.9235,248.1918,0.096,0.147
2021-05-18,135.125,138.8792,124.2419,126.8829,110.5536,250.6856,0.0995,0.1544
2021-05-19,134.7471,138.5354,124.3004,127.0466,109.9184,245.545,0.0982,0.1558
2021-05-20,134.8185,138.7764,124.6063,127.5764,108.7523,243.0513,0.098,0.1531
2021-05-21,134.6987,138.5721,124.8182,127.7464,109.2475,239.3107,0.0969,0.1515
2021-05-24,136.2809,140.1636,126.4656,129.4164,110.7948,240.1419,0.0974,0.1493
2021-05-25,135.1338,139.1544,125.7637,128.935,108.6198,234.1701,0.0979,0.1484
2021-05-26,136.2337,140.2675,126.33,129.4342,109.6458,241.0607,0.0968,0.1459
2021-05-27,136.649,140.8507,126.6241,129.8954,108.8458,242.7888,0.0968,0.1489
2021-05-28,137.9609,141.6247,127.9331,130.6115,114.1097,244.1012,0.0958,0.1494
2021-05-31,138.6806,142.5004,128.077,130.8389,113.7072,251.0793,0.0996,0.149
2021-06-01,140.9342,144.7857,130.85,133.7314,115.776,247.6231,0.0987,0.1525
2021-06-02,142.3999,145.9303,132.1261,134.625,119.6125,251.1231,0.0989,0.1479
2021-06-04,142.9768,146.2887,133.1346,135.4606,121.7903,246.9669,0.1013,0.1481
2021-06-07,143.6909,147.225,134.1331,136.7498,120.8985,244.5606,0.1024,0.1453
2021-06-08,142.6043,145.693,133.3259,135.4927,123.0406,240.4482,0.1011,0.1431
2021-06-09,142.7361,145.8188,133.0135,135.1046,123.219,245.4356,0.1036,0.1416
2021-06-10,142.9218,146.0091,133.2897,135.4002,123.3753,244.6263,0.1036,0.1443
2021-06-11,142.2241,145.3168,132.0279,134.0558,122.6229,250.1168,0.1035,0.1437
2021-06-14,143.0668,146.2264,133.0696,135.2034,122.9948,248.7606,0.1034,0.1476
2021-06-15,142.9383,145.9343,133.3738,135.3941,124.059,243.9044,0.1032,0.146
2021-06-16,142.0241,144.8307,133.0491,134.9508,124.5082,236.5763,0.1043,0.1435
2021-06-17,140.7034,143.8891,132.0616,134.4325,120.3977,231.6545,0.1055,0.1403
2021-06-18,141.0858,144.2412,131.8368,134.0797,121.0083,238.6326,0.1032,0.1389
2021-06-21,142.0307,144.9583,132.6617,134.6353,123.6301,240.8638,0.1034,0.1426
2021-06-22,141.4835,144.2764,131.8063,133.582,124.053,243.6856,0.1049,0.1429
2021-06-23,141.1111,143.7669,131.0651,132.6314,124.6703,247.3388,0.1056,0.1451
2021-06-24,142.3043,144.8989,132.3346,133.8468,126.335,247.6726,0.1063,0.1476
2021-06-25,139.8233,142.3738,129.3645,130.748,124.1243,250.7286,0.1071,0.144
2021-06-28,140.0134,142.6394,129.9318,131.4576,123.7693,246.7134,0.1071,0.1483
2021-06-29,139.9013,142.3692,129.4267,130.7169,124.803,250.974,0.1067,0.1459
2021-06-30,139.3245,141.4767,128.6514,129.5619,126.5068,252.6247,0.1077,0.1486
2021-07-01,138.0763,140.3089,127.6907,128.7328,124.6502,248.2303,0.1097,0.1502
2021-07-02,140.2255,142.6551,129.5626,130.7819,125.4273,253.3609,0.1103,0.1507
2021-07-05,139.4541,141.9722,128.8062,130.1243,124.0081,252.4462,0.1093,0.1515
2021-07-06,137.4489,140.3644,126.5,128.2061,119.1222,253.7846,0.1088,0.1519
2021-07-07,139.5629,142.6111,128.7348,130.6101,120.3256,254.5208,0.106,0.1548
2021-07-08,137.8148,140.9489,126.9207,128.8776,117.9298,253.5393,0.1055,0.153
2021-07-12,140.1947,143.5126,129.2251,131.3769,119.0381,256.6845,0.1046,0.1543
2021-07-13,140.8254,144.1471,129.7733,131.9173,119.6529,258.2014,0.1039,0.1537
2021-07-14,141.088,144.5737,130.1879,132.5377,118.7476,256.7961,0.104,0.154
2021-07-15,140.0563,143.7658,128.9903,131.5593,116.0995,257.5991,0.1032,0.153
2021-07-16,138.3993,142.143,127.6102,130.2584,114.169,252.9593,0.1016,0.1547
2021-07-19,136.6798,140.41,125.9902,128.6364,112.5147,250.1933,0.1011,0.1537
2021-07-20,137.7851,141.4418,127.0023,129.5542,114.1615,252.2901,0.1013,0.1546
2021-07-21,138.3653,141.8665,127.368,129.7146,115.8575,255.19,0.1019,0.1545
2021-07-22,138.6048,142.1509,127.5676,129.9579,115.7811,255.8592,0.1029,0.1555
2021-07-23,137.4028,140.9252,126.3762,128.7399,114.7271,254.5654,0.1027,0.1557
2021-07-26,138.4477,141.729,127.0067,129.0393,117.5059,260.0975,0.1027,0.1562
2021-07-27,136.9182,140.1215,125.8369,127.8383,116.5038,254.6993,0.1048,0.1591
2021-07-28,138.7575,141.9017,127.2007,129.0635,118.7926,261.659,0.105,0.1574
2021-07-29,138.0862,141.1271,126.8244,128.619,118.8426,257.7999,0.1055,0.1595
2021-07-30,133.8296,136.7564,123.5828,125.4065,115.3241,242.6089,0.1061,0.1578
2021-08-02,134.6152,137.8934,124.4046,126.6244,113.629,242.9882,0.1062,0.1532
2021-08-03,135.781,138.9576,124.9117,126.9151,115.5331,251.264,0.1042,0.1529
2021-08-04,133.8296,137.176,122.8079,124.9715,112.3456,250.9963,0.105,0.1566
2021-08-05,133.645,135.5996,123.3146,124.0482,122.0276,243.3227,0.1035,0.1587
2021-08-06,134.9382,137.1048,124.5975,125.5664,121.8408,244.7058,0.1127,0.1541
2021-08-09,135.1679,137.5048,124.9901,126.1741,120.8666,243.1667,0.1114,0.1535
2021-08-10,134.2702,136.4445,123.7946,124.7491,121.106,245.5088,0.1104,0.1523
2021-08-11,134.1098,136.0124,123.7823,124.4595,122.8692,243.7466,0.1113,0.1547
2021-08-12,132.621,134.1209,122.1731,122.3828,124.2135,243.5904,0.1129,0.1536
2021-08-13,133.1627,134.5374,122.9498,123.0597,125.6497,241.5829,0.1158,0.1557
2021-08-16,130.9498,132.3974,120.4319,120.5696,122.8845,242.6982,0.1167,0.1539
2021-08-17,129.5478,130.7919,119.2731,119.2222,122.903,238.6829,0.1157,0.1567
2021-08-18,128.1622,129.3844,118.505,118.522,121.6538,230.6748,0.1113,0.157
2021-08-19,128.7358,130.1536,120.3565,120.7844,120.7715,217.5138,0.1114,0.1534
2021-08-20,129.7115,131.2792,121.4147,122.0224,120.6483,217.603,0.1106,0.1447
2021-08-23,129.0731,130.1759,120.999,121.1247,123.4625,214.5916,0.1098,0.1438
2021-08-24,132.0826,133.3213,123.553,123.7627,125.5272,222.4213,0.1137,0.1436
2021-08-25,132.7495,134.0094,124.3273,124.5779,126.0506,221.9529,0.113,0.1454
2021-08-26,130.4487,131.5347,122.0767,122.1393,124.9903,219.1199,0.1129,0.1444
2021-08-27,132.5957,133.4052,123.908,123.6173,129.2224,224.6074,0.1139,0.1451
2021-08-30,131.5651,132.3914,122.9148,122.6474,128.0469,223.1797,0.1159,0.1464
2021-08-31,130.5114,131.7885,122.0503,122.3115,123.6413,220.1236,0.1157,0.1465
2021-09-01,131.1871,132.6487,122.7541,123.2253,122.9668,220.5029,0.1126,0.1457
2021-09-02,128.1996,129.5268,119.5486,119.8333,120.9128,219.8114,0.1116,0.1454
2021-09-03,128.4809,129.9398,119.8418,120.2749,120.2276,219.9675,0.1123,0.1483
2021-09-06,129.5093,131.0464,121.2948,121.8816,120.6988,216.5099,0.1113,0.148
2021-09-08,124.6132,126.3896,116.3608,117.2018,113.9422,212.004,0.111,0.1446
2021-09-09,126.7536,128.5769,118.7752,119.713,115.7776,211.2455,0.1087,0.1469
2021-09-10,125.5725,127.2941,117.4585,118.261,115.3226,211.4909,0.1089,0.1443
2021-09-13,127.8996,129.4209,120.0171,120.6355,119.1735,211.3794,0.1094,0.1457
2021-09-14,127.6546,129.3173,119.8906,120.6843,117.883,209.8848,0.1112,0.1433
2021-09-15,126.4262,127.6838,119.0438,119.4449,119.6042,204.6428,0.1105,0.1429
2021-09-16,125.0319,126.2419,118.3254,118.7772,118.5322,196.1438,0.1132,0.1407
2021-09-17,122.4443,123.9505,115.8684,116.664,113.1759,192.1732,0.0941,0.1327
2021-09-20,119.593,120.9097,113.4574,114.1003,111.9364,184.5889,0.0918,0.1328
2021-09-21,121.1379,122.3871,114.8605,115.4106,114.1456,187.6449,0.0929,0.1315
2021-09-22,123.3705,124.5166,116.6806,117.0643,117.389,194.3147,0.0936,0.1312
2021-09-23,125.3285,126.1827,118.8181,118.902,122.0518,194.3079,0.0946,0.1334
2021-09-24,124.4704,125.2075,118.1448,118.1248,122.2059,191.3038,0.098,0.1205
2021-09-27,124.8,125.4131,118.2711,118.0906,123.651,194.037,0.0988,0.1194
2021-09-28,120.9994,121.2741,114.9898,114.5074,122.7262,184.3105,0.0999,0.121
2021-09-29,122.0795,122.2645,115.9579,115.3637,124.64,186.6498,0.1023,0.1186
2021-09-30,121.9389,122.1581,115.7153,115.1454,124.1905,187.7333,0.103,0.1191
2021-10-01,124.0496,124.1769,117.9995,117.3512,127.1897,187.6348,0.1028,0.1199
2021-10-04,121.295,120.7202,115.176,113.7554,130.5678,185.8865,0.1035,0.1179
2021-10-05,121.3664,120.5074,115.3664,113.6512,133.1303,184.5568,0.1099,0.1209
2021-10-06,121.4785,121.0221,115.045,113.713,129.72,189.7524,0.112,0.1199
2021-10-07,121.506,121.0514,114.5923,113.2005,129.7329,195.416,0.109,0.1232
2021-10-08,123.976,123.5309,117.1574,115.788,132.2056,196.6225,0.109,0.1268
2021-10-11,123.2585,122.6744,116.0112,114.4351,132.6807,200.981,0.1089,0.1251
2021-10-13,124.6605,124.0347,118.0293,116.4865,134.4983,195.022,0.1094,0.128
2021-10-14,124.3627,123.6983,117.7079,116.12,134.5304,195.022,0.1097,0.1228
2021-10-15,125.9702,125.5378,119.1342,117.7757,134.1515,198.6663,0.11,0.1231
2021-10-18,125.7285,125.3027,119.0319,117.6984,133.8433,196.7949,0.1083,0.1238
2021-10-19,121.6026,121.4011,114.7705,113.6643,127.6008,194.5295,0.1083,0.1229
2021-10-20,121.7268,121.261,115.3908,114.0603,130.0542,188.7921,0.1067,0.1256
2021-10-21,118.3745,118.0483,112.0879,110.9161,125.3529,185.0739,0.1083,0.1214
2021-10-22,116.7934,116.4827,110.1893,108.9939,123.5802,187.3393,0.1077,0.1228
2021-10-25,119.4513,118.5359,112.8661,111.0142,131.6531,189.6047,0.1076,0.1259
2021-10-26,116.9296,115.8739,110.3154,108.3069,130.2787,187.5855,0.1121,0.1247
2021-10-27,116.867,115.8155,110.6086,108.6504,130.176,183.3256,0.1132,0.1259
2021-10-28,116.144,114.8675,109.9847,107.7941,131.4091,181.4788,0.1132,0.1231
2021-10-29,113.7224,113.1095,107.8069,106.3707,123.0599,176.3324,0.115,0.1226
2021-11-01,115.9748,115.15,110.0921,108.4288,127.2275,178.0807,0.1116,0.1232
2021-11-03,116.0473,115.8427,111.3329,110.4991,121.9226,164.5621,0.113,0.1221
2021-11-04,113.6246,113.5625,108.8739,108.1911,118.1784,162.6907,0.1083,0.1128
2021-11-05,115.176,115.3393,110.9668,110.6007,117.8316,157.8644,0.1072,0.1139
2021-11-08,115.1288,115.1082,110.175,109.5107,119.3731,166.4582,0.1056,0.1092
2021-11-09,115.9572,115.7877,111.424,110.6521,121.5181,162.3706,0.1072,0.1154
2021-11-10,116.433,116.4342,111.9918,111.4186,120.5355,161.755,0.1083,0.1118
2021-11-11,118.3635,118.5902,113.587,113.2163,120.5869,167.4678,0.107,0.1109
2021-11-12,116.811,116.5788,111.8454,110.9484,122.9374,168.1818,0.1054,0.1131
2021-11-16,114.8288,114.1823,110.1199,108.8037,124.466,163.3309,0.1088,0.1149
2021-11-17,113.1115,112.6095,108.5449,107.4051,121.4411,160.0559,0.1122,0.1136
2021-11-18,112.6489,112.1078,108.6125,107.4995,121.2998,153.4813,0.1111,0.113
2021-11-19,113.2103,112.9527,108.8579,108.0132,119.4374,157.6674,0.1115,0.1089
2021-11-22,112.2072,111.696,107.015,105.783,120.587,166.4335,0.1091,0.1112
2021-11-23,113.9004,112.8755,108.468,106.6433,126.7716,170.8166,0.1112,0.1185
2021-11-24,114.8354,113.6279,109.1368,107.0775,129.3148,174.7811,0.1152,0.1199
2021-11-25,116.2605,114.5813,110.781,108.2352,134.8574,173.5991,0.1166,0.1217
2021-11-26,112.3193,110.8066,106.9126,104.5581,129.3404,169.019,0.1201,0.1194
2021-11-29,112.9675,111.0137,107.4309,104.5772,133.8168,171.1367,0.1192,0.1203
2021-11-30,111.9797,109.9235,106.2659,103.2768,133.6756,172.2448,0.1228,0.1213
2021-12-01,110.7272,108.4225,104.8506,101.5684,134.5169,172.9343,0.1238,0.1231
2021-12-02,114.7827,111.6854,108.5442,104.3483,145.5421,180.9617,0.1259,0.125
2021-12-03,115.4463,112.1761,109.6144,105.2748,147.8838,176.9726,0.1187,0.1278
2021-12-06,117.412,114.2451,110.9013,106.5962,148.8637,186.5759,0.1199,0.1243
2021-12-07,118.18,114.7653,111.6128,107.0298,152.0342,187.9549,0.1187,0.1289
2021-12-08,118.7712,115.4456,112.3771,107.9105,151.7675,186.5514,0.1204,0.129
2021-12-09,116.7879,113.2736,110.3523,105.6766,151.5946,185.1231,0.1197,0.1274
2021-12-10,118.3998,114.8545,111.9984,107.2912,153.5184,186.2804,0.1217,0.1287
2021-12-13,117.9877,114.4599,111.0722,106.3263,152.9349,191.7223,0.1216,0.1278
2021-12-14,117.3032,113.9069,110.332,105.7241,150.9751,191.6977,0.1215,0.132
2021-12-15,117.9735,114.6157,111.1543,106.6052,151.2775,190.6143,0.1207,0.1327
2021-12-16,118.8986,115.3777,111.5005,106.7068,153.785,198.0754,0.1202,0.1312
2021-12-17,117.7878,114.532,110.5712,106.0888,150.1032,194.9481,0.1212,0.1352
2021-12-20,115.3914,112.2657,108.1645,103.8252,146.436,192.7566,0.12,0.135
2021-12-21,115.9188,112.805,108.2873,103.9145,146.8539,197.8291,0.1196,0.1364
2021-12-22,115.6375,112.5332,108.0738,103.7193,146.4792,196.7949,0.1197,0.1397
2021-12-23,115.2496,112.0035,107.8212,103.3272,147.4447,194.8989,0.1197,0.1394
2021-12-27,115.9528,112.5189,108.6286,103.9404,149.9521,194.4064,0.1209,0.1385
2021-12-28,115.22,111.6952,108.2487,103.502,150.0818,189.7279,0.1222,0.1373
2021-12-29,114.3882,110.8727,107.3022,102.5532,149.1524,190.2203,0.1232,0.1345
2021-12-30,115.1738,111.825,107.9998,103.4226,148.3526,191.9686,0.1233,0.1362
2022-01-03,114.1849,110.3533,106.9171,101.8011,151.9696,192.0671,0.1218,0.1366
2022-01-04,113.7367,109.7341,106.6318,101.3477,153.1514,189.8017,0.1259,0.1378
2022-01-05,110.981,107.324,103.4793,98.5301,147.0631,191.5992,0.1273,0.1367
2022-01-06,111.5908,108.011,103.7976,98.899,146.9406,195.4652,0.1253,0.1414
2022-01-07,112.8631,109.322,104.1673,99.2063,147.8557,206.8415,0.1245,0.1435
2022-01-10,112.0127,108.4578,103.4629,98.5043,147.128,204.3791,0.1241,0.1503
2022-01-11,114.0278,110.1482,105.3052,99.9695,152.2654,208.2697,0.1244,0.1496
2022-01-12,116.1231,111.9598,107.3793,101.7289,157.0929,210.5351,0.1264,0.1498
2022-01-13,115.9517,111.4082,107.4783,101.4426,160.5514,207.3339,0.1281,0.1487
2022-01-14,117.4878,112.6054,109.0392,102.6341,165.3425,208.5406,0.131,0.1465
2022-01-17,117.2285,112.3285,108.8539,102.4383,165.2487,207.4571,0.133,0.1453
2022-01-18,117.0417,112.0524,108.1985,101.6311,165.9116,212.5296,0.1336,0.1453
2022-01-19,118.68,113.9805,109.5617,103.2787,164.7875,217.2082,0.1338,0.1485
2022-01-20,119.8765,115.1844,111.1902,104.9642,165.9259,213.5146,0.1314,0.1501
2022-01-21,119.7007,114.9478,111.394,105.1451,166.3294,209.0823,0.131,0.146
2022-01-24,118.3932,113.4343,110.2018,103.7416,166.9778,206.5214,0.1315,0.1432
2022-01-25,120.6929,115.404,112.657,105.8515,172.4609,206.9892,0.1331,0.1426
2022-01-26,122.5915,117.0015,114.6654,107.5413,177.2668,207.5802,0.1347,0.14
2022-01-27,123.4068,117.8684,115.5093,108.4445,177.5982,208.048,0.137,0.139
2022-01-28,122.4871,117.5023,114.6923,108.2457,171.3588,206.0043,0.1357,0.1377
2022-01-31,123.487,118.8036,116.3861,110.3477,169.4709,199.1342,0.1318,0.1373
2022-02-01,124.321,119.293,116.3143,109.7927,173.5924,210.0672,0.1304,0.1327
2022-02-02,123.2376,118.3872,115.032,108.6827,170.8039,211.2492,0.1324,0.1387
2022-02-03,122.7267,118.0448,114.4855,108.3172,168.6857,211.1507,0.1319,0.1413
2022-02-04,123.3299,118.3996,114.6459,108.1537,171.6614,216.6911,0.1305,0.1415
2022-02-07,123.0563,118.3399,113.88,107.5654,169.3487,221.936,0.1322,0.1445
2022-02-08,123.3178,118.8419,113.8868,107.8061,167.3239,225.0386,0.1307,0.1484
2022-02-09,123.5672,119.0747,114.1534,108.0564,167.7345,225.0879,0.1289,0.1502
2022-02-10,124.5539,119.8814,114.6837,108.3358,170.4437,231.1454,0.129,0.15
2022-02-11,124.7879,119.3765,115.3567,108.2495,177.7065,226.4669,0.1301,0.1528
2022-02-14,125.0461,120.1105,115.7254,109.1523,173.441,225.4818,0.1353,0.1493
2022-02-15,125.9834,121.4756,117.3434,111.3177,170.3211,218.7842,0.1319,0.1485
2022-02-16,126.5558,121.7951,117.8223,111.5081,173.3042,220.3847,0.1286,0.143
2022-02-17,124.7396,119.8632,116.6982,110.3388,172.562,210.9045,0.1304,0.1437
2022-02-18,123.9045,118.9308,115.7507,109.272,172.6411,211.3477,0.1317,0.1394
2022-02-21,122.7585,117.185,114.4898,107.3411,177.1875,211.5201,0.1324,0.1404
2022-02-22,124.0408,118.7748,115.5521,108.7153,175.6382,215.189,0.1399,0.1447
2022-02-23,123.0695,117.5453,114.7004,107.5938,177.0429,212.9236,0.1374,0.1458
2022-02-24,122.6124,117.428,113.9606,107.1941,173.4189,215.5584,0.1395,0.1453
2022-02-25,124.3155,118.9756,114.7487,107.7,176.6035,227.2302,0.1372,0.1477
2022-03-02,126.5481,120.9782,115.5204,108.0412,181.0205,245.378,0.1378,0.1536
2022-03-03,126.5394,121.1722,115.4995,108.2422,179.1328,245.5011,0.139,0.1632
2022-03-04,125.779,120.3894,114.1567,106.8039,178.5635,251.0908,0.1376,0.1633
2022-03-07,122.6135,118.2904,110.0023,103.7046,165.443,258.7243,0.138,0.1681
2022-03-08,122.185,117.4801,110.5797,103.9838,168.5339,247.3726,0.1314,0.178
2022-03-09,125.1483,120.7423,114.4133,108.253,168.8004,240.8502,0.1342,0.1706
2022-03-10,124.8879,119.8673,113.4267,106.5053,174.1824,248.8026,0.132,0.1571
2022-03-11,122.7454,118.0625,111.2184,104.6592,168.8797,247.4985,0.1364,0.1626
2022-03-14,120.7841,116.1803,110.2655,103.916,166.142,234.2274,0.1345,0.1645
2022-03-15,119.7194,115.3883,109.7053,103.7159,162.5395,227.5023,0.1344,0.158
2022-03-16,122.085,118.0945,111.7822,106.1297,161.8264,233.0255,0.1327,0.1549
2022-03-17,124.243,120.9589,113.4053,108.4604,157.5394,241.1315,0.1296,0.1557
2022-03-18,126.6987,123.4322,115.6636,110.7131,159.8952,245.7085,0.1241,0.1584
2022-03-21,127.626,123.8413,116.0534,110.47,165.6088,252.6637,0.1235,0.1583
2022-03-22,128.8533,125.3009,117.8844,112.6283,164.7297,247.0127,0.1269,0.1615
2022-03-23,129.0566,125.3145,118.1388,112.6813,166.6822,246.6291,0.1251,0.1564
2022-03-24,130.8102,127.0089,119.9365,114.4191,169.024,247.8054,0.1264,0.1559
2022-03-25,130.841,127.0736,120.3496,114.9157,168.743,243.5096,0.1263,0.1544
2022-03-28,130.4641,127.0904,119.9159,114.9062,164.737,243.7908,0.1262,0.1519
2022-03-29,131.8661,128.3306,121.6222,116.4721,167.662,241.694,0.1236,0.1525
2022-03-30,132.1364,128.2712,121.6096,116.064,170.9691,245.146,0.1245,0.1497
2022-03-31,131.8496,127.7778,121.3597,115.5926,172.5757,244.4556,0.1266,0.1514
2022-04-01,133.5758,129.8362,122.924,117.5003,171.2862,247.9333,0.128,0.1512
2022-04-04,133.2572,129.6639,122.3565,117.0627,169.6146,250.4392,0.1255,0.1515
2022-04-05,130.6256,126.8454,120.1433,114.6963,168.6348,243.2027,0.1246,0.1535
2022-04-06,129.9037,126.0265,119.0343,113.4344,168.7862,246.8848,0.1263,0.152
2022-04-07,130.6004,125.8635,119.6586,113.1089,177.4107,248.3679,0.127,0.155
2022-04-08,130.007,125.0574,119.4623,112.7281,178.7654,243.3049,0.1326,0.1549
2022-04-11,128.5028,123.5823,118.0912,111.4054,176.9567,240.3643,0.1341,0.1523
2022-04-12,127.6172,122.6204,117.2734,110.5126,176.7551,238.7533,0.1343,0.1521
2022-04-13,128.3149,122.96,118.0228,110.8764,180.7756,238.8301,0.135,0.1521
2022-04-14,127.6557,122.2944,117.6033,110.4793,180.1593,235.4803,0.1373,0.1513
2022-04-18,127.1118,122.016,117.3596,110.5583,176.9462,231.5936,0.1275,0.1516
2022-04-19,126.4196,120.828,117.2674,109.9885,181.2589,224.2037,0.1258,0.1497
2022-04-20,125.6362,119.8236,116.9395,109.4684,182.6966,218.3735,0.1303,0.1465
2022-04-22,122.0476,116.6807,114.1755,107.2854,174.6755,205.716,0.132,0.1435
2022-04-25,121.6158,116.4014,114.0206,107.3276,172.7196,202.2129,0.1299,0.1392
2022-04-26,118.8997,113.4441,111.3166,104.3647,172.4446,199.4512,0.129,0.1374
2022-04-27,120.1479,114.7921,111.716,104.781,172.6804,210.1142,0.1317,0.1385
2022-04-28,120.7742,115.3612,111.9308,104.8884,173.8745,215.3051,0.1305,0.1444
2022-04-29,118.5294,112.886,109.7001,102.4103,173.9609,212.9781,0.1307,0.1472
2022-05-02,117.1703,111.6277,108.308,101.127,171.604,212.032,0.1332,0.1484
2022-05-03,117.0483,111.3566,108.2722,100.9372,172.9709,210.958,0.1335,0.1501
2022-05-04,119.0436,112.6085,110.6015,102.4852,182.3662,209.1937,0.1348,0.1495
2022-05-05,115.7034,109.0092,107.3102,98.9198,181.6355,205.4092,0.1396,0.1457
2022-05-06,115.5177,108.1686,107.2394,98.1443,187.9989,203.9517,0.1429,0.1469
2022-05-09,113.4466,106.5119,105.7399,97.1628,181.8003,195.59,0.1481,0.1461
2022-05-10,113.2928,106.1536,105.7911,97.0123,183.6937,193.1609,0.1457,0.1426
2022-05-11,114.7069,106.9408,106.6043,97.0729,191.3692,201.2156,0.1474,0.141
2022-05-12,116.1253,108.3849,108.327,98.8537,192.5161,199.1955,0.1514,0.1448
2022-05-13,117.4834,109.7273,109.8233,100.3457,194.0163,198.9654,0.1504,0.1415
2022-05-16,118.9217,110.9588,110.8518,101.1021,197.5126,204.9233,0.1499,0.1398
2022-05-17,119.5326,111.7639,111.5937,102.0695,196.1695,204.054,0.1507,0.1422
2022-05-18,116.7396,109.0706,109.0217,99.6345,192.4064,198.8887,0.1488,0.1408
2022-05-19,117.5724,109.7343,109.4522,99.8357,194.928,204.1818,0.1495,0.1406
2022-05-20,119.2019,111.1955,110.8996,101.0773,198.2273,207.7873,0.1503,0.1432
2022-05-23,121.2434,112.6828,112.7374,102.2839,205.8081,212.032,0.1508,0.1438
2022-05-24,121.5016,113.5198,112.7614,102.9159,200.2508,214.8959,0.1539,0.1442
2022-05-25,121.5005,113.213,112.6995,102.514,203.6524,215.5608,0.1368,0.1482
2022-05-26,122.9398,114.72,114.2795,104.1763,204.2193,215.433,0.1391,0.1487
2022-05-27,122.997,115.6079,113.9982,104.7746,195.0355,219.1918,0.138,0.147
2022-05-30,121.9971,114.889,112.6905,103.7505,190.9973,221.5699,0.1319,0.1497
2022-05-31,122.3476,115.1876,113.1756,104.1895,191.8958,220.4448,0.1303,0.1526
2022-06-01,122.3575,115.2179,112.7116,103.7064,191.6777,225.6356,0.1304,0.1512
2022-06-02,123.4925,116.6012,113.5604,104.7988,189.9595,229.8803,0.1302,0.1547
2022-06-03,122.074,114.7042,112.3513,103.088,193.9717,226.1981,0.1279,0.1563
2022-06-06,121.0676,113.6132,111.2336,101.8708,193.9891,226.4283,0.132,0.1554
2022-06-07,120.9401,113.3343,110.6116,101.0404,195.5589,231.7214,0.1329,0.1567
2022-06-08,119.07,111.3878,109.3025,99.7018,194.6954,223.7434,0.1342,0.1605
2022-06-09,117.6702,110.1046,108.4684,99.0488,192.1139,216.1744,0.1357,0.1575
2022-06-10,115.8979,108.4166,106.5326,97.1961,189.5497,216.2256,0.1356,0.154
2022-06-13,112.7302,105.2246,103.707,94.3827,186.9156,209.3727,0.1358,0.1564
2022-06-14,112.1424,104.417,103.1039,93.5395,188.8257,208.9635,0.1375,0.1555
2022-06-15,112.9598,105.5654,104.0061,94.8089,185.8866,208.8357,0.1396,0.156
2022-06-17,109.6833,103.1235,101.4306,93.2172,173.5886,197.9426,0.1365,0.1549
2022-06-20,109.7141,102.9984,101.9103,93.5655,175.3504,193.0586,0.1314,0.1513
2022-06-21,109.5295,103.046,101.5926,93.4908,172.5945,194.3371,0.1325,0.1473
2022-06-22,109.3504,102.9101,101.5492,93.507,171.9491,192.675,0.1308,0.1487
2022-06-23,107.766,101.4999,100.4647,92.6613,168.5562,185.6431,0.1304,0.1476
2022-06-24,108.4165,102.311,100.7023,93.0369,167.3614,190.8083,0.1297,0.1442
2022-06-27,110.7151,103.8115,102.4063,93.809,178.3595,199.5791,0.128,0.1474
2022-06-28,110.525,103.3897,101.8715,92.9908,180.7581,203.159,0.134,0.1514
2022-06-29,109.4603,102.4168,100.8655,92.0934,178.7607,201.4713,0.1359,0.1543
2022-06-30,108.2736,101.2592,100.0943,91.3938,177.3477,195.7691,0.1359,0.1547
2022-07-01,108.7263,101.4263,100.9298,91.949,180.9323,192.0357,0.1363,0.152
2022-07-04,108.3473,100.6497,100.6173,91.208,184.9966,190.9362,0.1385,0.1484
2022-07-05,108.0022,100.9457,100.3279,91.6265,177.5656,189.9901,0.1421,0.1481
2022-07-06,108.4681,101.672,100.6717,92.2435,175.106,191.78,0.1369,0.1479
2022-07-07,110.6777,103.6,102.5695,93.7994,180.2606,197.3545,0.1345,0.1487
2022-07-08,110.1932,102.9083,102.4588,93.496,182.1096,192.8029,0.1357,0.15
2022-07-11,107.911,100.4858,100.5731,91.4977,181.5689,186.2312,0.1376,0.1471
2022-07-12,107.9759,100.8364,100.5921,91.8257,178.4726,186.7938,0.1406,0.1456
2022-07-13,107.5474,100.3349,100.1835,91.3399,178.8826,186.1545,0.1382,0.1461
2022-07-14,105.6135,98.7119,99.216,90.8043,173.6669,173.7527,0.1391,0.1461
2022-07-15,106.086,98.9354,99.6325,90.9417,176.8504,174.8267,0.1375,0.1389
2022-07-18,106.4871,98.9288,99.9852,90.8423,181.726,175.7472,0.1392,0.139
2022-07-19,107.9473,100.245,101.5424,92.2463,184.665,176.1308,0.1423,0.139
2022-07-20,107.9935,100.2343,101.9424,92.6152,185.3368,172.3207,0.1426,0.1373
2022-07-21,108.8131,101.2525,102.559,93.4292,183.8976,175.3381,0.1433,0.1345
2022-07-22,108.6945,100.9456,102.2791,92.9288,185.8687,176.9746,0.1411,0.1359
2022-07-25,110.1723,101.7879,103.59,93.5245,194.2589,180.2477,0.1427,0.1372
2022-07-26,109.6251,100.9842,103.0239,92.6771,196.5965,179.9153,0.147,0.1377
2022-07-27,111.4556,102.8076,104.982,94.6337,198.3581,180.3244,0.1493,0.138
2022-07-28,112.7291,103.7207,106.3308,95.5908,203.5212,180.7591,0.1484,0.1362
2022-07-29,113.3532,103.2838,107.2319,95.3522,215.8452,178.3554,0.1505,0.135
2022-08-01,112.3204,102.4218,106.4974,94.8339,213.0019,174.0851,0.1586,0.1323
2022-08-02,113.5696,103.7228,107.3505,95.7053,213.5775,179.634,0.158,0.1304
2022-08-03,114.0234,104.2554,108.4866,96.987,213.1237,172.6532,0.1569,0.1332
2022-08-04,116.3495,106.5293,111.115,99.5789,215.8449,171.6559,0.1561,0.1276
2022-08-05,116.9868,106.8601,111.6055,99.7188,219.8219,173.8806,0.1548,0.1243
2022-08-08,119.1074,108.1747,113.7818,101.0111,230.6978,175.3637,0.1567,0.1252
2022-08-09,119.381,108.1592,113.7469,100.6315,234.1515,178.9947,0.1614,0.1239
2022-08-10,121.1225,110.1158,115.6339,102.762,233.3666,179.1226,0.1633,0.126
2022-08-11,120.5533,109.9471,114.441,101.9545,228.404,185.3618,0.1605,0.1244
2022-08-12,123.9001,111.9681,117.8724,103.9318,246.1839,187.7342,0.1578,0.1293
2022-08-15,124.1946,112.303,118.556,104.6774,245.8435,183.6998,0.1405,0.1254
2022-08-16,124.722,112.6708,118.761,104.6897,248.3535,187.7879,0.1402,0.1226
2022-08-17,124.9374,112.3817,119.3818,104.7814,255.2773,183.5115,0.141,0.125
2022-08-18,125.0527,112.1804,119.6308,104.6924,259.6163,182.1398,0.1445,0.1216
2022-08-19,122.5069,110.3943,117.0455,102.9445,247.6413,180.0957,0.1469,0.1206
2022-08-22,121.4137,108.8958,116.0938,101.5653,252.3206,177.4599,0.1432,0.1219
2022-08-23,124.0023,110.9714,117.8849,102.7444,261.0098,188.8369,0.147,0.121
2022-08-24,124.0474,110.8961,118.4818,103.2382,262.6583,182.7584,0.149,0.1262
2022-08-25,124.744,111.8332,118.9194,103.9204,259.9143,186.3087,0.15,0.1222
2022-08-26,123.3892,110.2061,117.6978,102.4166,262.6263,183.5115,0.1477,0.1239
2022-08-29,123.4156,109.775,118.0468,102.2846,268.784,179.9612,0.1508,0.1233
2022-08-30,121.3367,108.751,116.2555,101.6656,253.1716,174.7434,0.1541,0.1208
2022-08-31,120.3391,107.1959,115.284,100.0948,259.957,173.4793,0.1479,0.1195
2022-09-01,121.3082,107.9053,116.5464,101.0674,264.742,171.8386,0.1218,0.142
2022-09-02,121.8125,108.6202,117.3966,102.1543,261.1867,169.2297,0.1231,0.1396
2022-09-05,123.2837,110.1471,118.3582,103.1658,260.5871,175.4158,0.121,0.137
2022-09-06,120.6039,107.9716,115.8246,101.2067,251.1004,171.2469,0.1193,0.1403
2022-09-08,120.7709,108.2793,115.7623,101.2977,248.6857,173.5062,0.1175,0.14
2022-09-09,123.3903,110.9489,117.1945,102.7608,248.4721,187.0618,0.1162,0.1417
2022-09-12,124.6066,112.2904,118.3721,104.0726,246.5928,188.7024,0.1137,0.1495
2022-09-13,121.7356,109.7721,115.7317,101.8395,239.7081,183.5653,0.1118,0.1493
2022-09-14,121.4642,109.303,115.7989,101.6917,243.0915,180.2033,0.1112,0.1488
2022-09-15,120.8126,108.671,114.6713,100.5826,242.5864,183.8342,0.113,0.1464
2022-09-16,120.0721,108.0255,113.8738,99.8935,240.7378,183.5653,0.1134,0.1501
2022-09-19,122.8673,110.6637,116.3407,102.1701,244.1879,189.5093,0.1132,0.1508
2022-09-20,123.6288,111.4944,117.4904,103.3986,243.1719,186.7928,0.1122,0.1522
2022-09-21,122.9904,110.8362,117.0738,102.9652,243.3553,184.1032,0.111,0.1491
2022-09-22,125.3351,112.894,119.2272,104.7872,248.9592,188.3259,0.1117,0.1477
2022-09-23,122.7486,111.2081,116.7682,103.3436,232.584,184.426,0.1122,0.1483
2022-09-26,119.8897,108.5501,113.5306,100.3367,228.3509,184.8294,0.107,0.1483
2022-09-27,119.0788,107.561,112.9253,99.5393,231.2264,182.086,0.1082,0.1506
2022-09-28,119.1612,107.7894,112.8276,99.6017,228.7005,183.8073,0.1097,0.1509
2022-09-29,118.2965,106.8965,111.835,98.5796,228.9725,184.0494,0.1084,0.1523
2022-09-30,120.9038,109.3441,113.6766,100.2233,232.4227,193.7589,0.1094,0.1536
2022-10-03,127.603,115.031,120.5779,105.9723,251.7844,199.0305,0.1086,0.1582
2022-10-04,127.7084,115.4701,120.1647,105.9242,245.9917,203.8449,0.1115,0.154
2022-10-05,128.772,116.0311,121.0056,106.1981,255.0289,206.9917,0.1088,0.1576
2022-10-06,129.1709,115.9637,121.9643,106.6424,263.264,202.3387,0.1119,0.1587
2022-10-07,127.8678,114.6798,120.4241,105.1258,262.5953,203.0918,0.1152,0.1553
2022-10-10,127.3909,114.3529,120.3424,105.218,259.8585,199.0036,0.1161,0.1568
2022-10-11,126.1669,113.2359,119.1235,104.1233,257.6798,197.6588,0.1153,0.1543
2022-10-13,125.5878,112.2111,118.8654,103.3746,265.3068,194.1354,0.1154,0.1547
2022-10-14,123.1398,109.9857,116.8282,101.6004,260.7996,187.8149,0.1194,0.1527
2022-10-17,124.8451,111.7622,118.4066,103.2498,259.9921,190.7734,0.1197,0.1506
2022-10-18,127.1733,113.7706,120.7013,105.1783,266.165,193.5437,0.1177,0.1503
2022-10-19,127.7568,113.8124,121.6051,105.4802,275.7599,191.2576,0.1183,0.1503
2022-10-20,128.7424,114.3612,122.436,105.8185,283.6287,193.7051,0.122,0.1478
2022-10-21,131.7727,116.8797,125.1949,107.9915,293.3292,199.3801,0.1245,0.1486
2022-10-24,127.47,114.1069,121.0416,105.5621,265.5492,193.463,0.1258,0.1494
2022-10-25,125.946,112.8445,119.3393,104.1553,260.5973,193.463,0.1177,0.1499
2022-10-26,123.9001,111.0972,116.5794,101.7276,254.8684,197.7664,0.1169,0.1517
2022-10-27,125.9625,113.1046,119.6602,104.7513,256.3535,190.7196,0.1162,0.1576
2022-10-28,125.8504,113.1839,120.5615,105.8788,252.9869,181.4136,0.115,0.1495
2022-10-31,127.4964,116.0017,122.4949,109.115,232.9692,180.5529,0.1136,0.1423
2022-11-01,128.4765,116.9651,122.9844,109.576,233.5104,186.0397,0.1033,0.1398
2022-11-03,128.4402,116.8896,123.5433,110.0987,234.1848,180.6067,0.1027,0.143
2022-11-04,129.8235,119.0185,123.5748,110.9389,221.5422,194.3237,0.1031,0.1389
2022-11-07,126.7327,116.3656,120.235,108.0964,213.1183,193.3016,0.0965,0.1479
2022-11-08,127.6315,117.2234,120.592,108.3974,214.0622,199.165,0.0951,0.1507
2022-11-09,124.7967,114.5596,117.6925,105.699,210.357,196.7443,0.0948,0.1541
2022-11-10,120.616,110.5876,112.607,100.8516,205.6491,200.5098,0.0953,0.1557
2022-11-11,123.3387,112.9539,113.3481,101.1602,212.5574,221.3542,0.0964,0.1642
2022-11-14,124.3364,113.6382,114.1625,101.6188,218.2666,224.0707,0.0976,0.1777
2022-11-16,121.1302,110.5893,110.8382,98.481,214.6997,221.7308,0.0995,0.1784
2022-11-17,120.5369,110.0227,109.9786,97.6501,214.081,223.5059,0.1004,0.1813
2022-11-18,119.6326,109.3208,109.644,97.5521,210.3286,217.4005,0.1007,0.1837
2022-11-21,120.5863,110.2847,110.9811,98.9017,210.401,214.953,0.0997,0.1801
2022-11-22,119.8051,109.9631,110.0424,98.4766,202.2127,215.5447,0.0989,0.1766
2022-11-23,119.4161,109.5396,109.367,97.7633,202.8099,217.6694,0.0889,0.1807
2022-11-24,122.875,112.634,113.0863,101.0609,210.1654,219.068,0.0893,0.1828
2022-11-25,119.7392,109.6828,109.7373,97.9314,206.2468,217.5888,0.09,0.1791
2022-11-28,119.5249,109.2211,109.3759,97.294,210.8837,218.6646,0.0907,0.1825
2022-11-29,121.8631,111.1032,111.046,98.4416,219.8061,227.1099,0.0929,0.1838
2022-11-30,123.5947,112.3354,112.6027,99.4319,229.4625,230.5258,0.095,0.1873
2022-12-01,121.8806,111.0844,110.5385,97.8914,220.4945,231.7898,0.0978,0.1874
2022-12-02,122.9772,112.0405,111.5801,98.771,223.2948,233.4574,0.0953,0.1911
2022-12-05,120.205,109.3914,108.4992,95.8387,220.5885,233.2153,0.0956,0.1908
2022-12-06,120.3501,109.5401,108.28,95.6216,220.5401,236.6042,0.0966,0.1949
2022-12-07,120.1611,109.4988,109.0099,96.5196,217.7125,228.1857,0.0959,0.1964
2022-12-08,117.8361,107.4123,106.0854,93.8693,212.8967,230.983,0.0957,0.1913
2022-12-09,118.324,107.9325,105.7658,93.5806,212.3542,238.6752,0.0951,0.197
2022-12-12,115.6595,105.5895,103.5823,91.7702,205.9289,231.5478,0.0948,0.2033
2022-12-13,114.152,104.2917,101.7818,90.2095,201.7673,232.5248,0.0938,0.2013
2022-12-14,114.0542,105.129,101.4495,90.922,184.2352,234.4948,0.0936,0.2051
2022-12-15,113.9828,104.8007,101.2844,90.4699,189.0511,235.2505,0.0853,0.2065
2022-12-16,112.9796,103.7758,100.6125,89.7796,189.3146,231.2293,0.0876,0.2072
2022-12-19,114.853,105.4813,102.8061,91.7786,192.7421,230.3927,0.0884,0.2054
2022-12-20,117.5438,107.9038,105.706,94.3675,198.1765,231.4183,0.0885,0.2012
2022-12-21,117.9108,108.0244,105.9682,94.3523,202.8437,232.7406,0.0893,0.1984
2022-12-22,117.9152,107.8634,106.1222,94.3222,205.9473,231.4183,0.091,0.1985
2022-12-23,120.5314,109.9655,108.8819,96.4966,215.9819,232.9565,0.0923,0.1973
2022-12-26,119.4766,108.9663,107.4578,95.1374,214.7816,235.0886,0.0949,0.1947
2022-12-27,119.0469,108.4557,106.3414,93.9291,216.2334,240.702,0.0952,0.1982
2022-12-28,121.1236,110.6595,108.7305,96.4525,214.151,240.1623,0.096,0.2033
2022-12-29,120.8972,110.5884,108.5102,96.4067,211.2114,239.8654,0.0937,0.1998
2023-01-02,116.8813,107.346,104.1278,92.8671,197.3737,241.2688,0.1077,0.155
2023-01-03,114.453,105.1075,101.5852,90.5429,193.4053,240.8369,0.1039,0.161
2023-01-04,115.7364,106.1216,102.9122,91.5759,198.1826,241.2688,0.104,0.1641
2023-01-05,118.1361,108.1519,105.125,93.3759,204.987,245.3168,0.1053,0.1626
2023-01-06,119.5842,109.7142,106.3409,94.6958,203.7457,249.2031,0.1066,0.1618
2023-01-09,120.0138,110.0769,106.7747,95.0556,204.976,249.4729,0.1047,0.1623
2023-01-10,121.8652,111.8755,108.486,96.6932,206.5504,252.5495,0.1054,0.1626
2023-01-11,122.8003,112.701,109.5534,97.6398,208.6538,251.6589,0.1046,0.1621
2023-01-12,122.9255,112.6953,109.5774,97.5229,210.7911,252.9813,0.1041,0.1591
2023-01-13,121.8696,111.6435,108.4377,96.3949,210.3043,253.1972,0.1058,0.1609
2023-01-16,119.9985,110.0326,106.8018,95.0533,205.4423,248.9602,0.1064,0.1624
2023-01-17,122.4443,111.6855,109.4287,96.8263,218.9252,248.6363,0.1059,0.1627
2023-01-18,123.5573,113.0408,110.3396,97.9803,215.5551,251.9018,0.1106,0.1592
2023-01-19,124.166,113.2087,110.8967,98.0657,222.7349,252.9813,0.1081,0.1602
2023-01-20,123.3914,112.2008,110.0169,96.9438,226.1016,253.656,0.1109,0.1599
2023-01-23,122.741,111.2564,109.2552,95.8747,230.4575,254.4926,0.1136,0.1616
2023-01-24,124.1902,112.8493,110.5707,97.3276,228.7754,257.1914,0.1161,0.1626
2023-01-25,125.4725,114.0361,111.7313,98.3746,230.7965,259.6202,0.114,0.1624
2023-01-26,125.378,114.3298,111.2262,98.2724,224.6364,264.478,0.1137,0.1621
2023-01-27,123.6123,112.8519,109.952,97.3257,219.3846,257.2454,0.1107,0.1653
2023-01-30,122.9376,112.1018,109.3113,96.6114,220.2988,256.3278,0.11,0.1635
2023-01-31,124.744,113.7561,111.3354,98.464,223.4219,255.0594,0.1105,0.1629
2023-02-01,123.3936,112.6056,110.1362,97.4898,219.7285,252.2257,0.1109,0.1605
2023-02-02,120.7918,110.5907,108.3435,96.3536,209.4414,240.567,0.1104,0.1606
2023-02-03,119.2041,108.8107,106.6991,94.5183,211.8427,240.0543,0.1071,0.1559
2023-02-06,119.1667,108.2586,106.909,94.1895,219.9452,237.0587,0.1099,0.1579
2023-02-07,118.5778,107.7347,106.1532,93.5041,218.6822,238.6239,0.1139,0.1556
2023-02-08,120.7335,109.6908,108.3775,95.5014,222.6978,239.4336,0.1142,0.158
2023-02-09,118.4272,107.3607,106.0004,93.1166,222.1456,238.543,0.1141,0.1554
2023-02-10,118.8305,107.3661,106.7857,93.4858,228.5903,234.252,0.1158,0.1577
2023-02-13,119.5952,108.0937,107.619,94.2749,229.4852,234.0091,0.1191,0.1547
2023-02-14,118.291,106.8254,106.1448,92.8461,228.3929,235.0616,0.1187,0.1535
2023-02-15,120.2501,108.7936,107.8,94.4892,229.0335,240.1892,0.1193,0.1556
2023-02-16,120.7588,109.2898,108.298,94.9697,229.4343,240.702,0.1178,0.1565
2023-02-17,120.0973,108.8338,107.856,94.7541,225.9322,237.5714,0.1176,0.1564
2023-02-22,117.7339,106.7735,105.4939,92.7313,220.2044,235.7633,0.1166,0.1555
2023-02-23,118.358,106.9418,106.2498,93.0032,227.6324,234.6567,0.1158,0.1572
2023-02-24,116.3286,105.1506,104.5225,91.5498,223.0611,229.5022,0.1193,0.1558
2023-02-27,116.1506,104.785,104.3332,91.1635,225.9312,229.5022,0.1191,0.1551
2023-02-28,115.2947,104.468,103.3599,90.7642,217.1082,230.2578,0.1206,0.1552
2023-03-01,114.6937,103.8339,101.8461,89.2027,217.3843,240.729,0.1167,0.1569
2023-03-02,113.5301,103.0098,100.6539,88.378,211.5729,240.1892,0.1175,0.1649
2023-03-03,114.1234,103.0805,101.2172,88.3838,220.0327,240.9988,0.1155,0.1662
2023-03-06,115.0398,103.8485,102.9018,89.919,222.7391,232.4978,0.1195,0.1659
2023-03-07,114.5212,103.7668,102.5353,90.0212,215.6563,230.2848,0.12,0.1588
2023-03-08,117.0615,106.1809,105.0607,92.3925,218.6739,232.3898,0.1167,0.158
2023-03-09,115.4474,104.6377,103.5991,91.0218,216.9036,229.3402,0.1158,0.156
2023-03-10,113.8509,103.1412,101.9646,89.505,214.6826,228.5846,0.1165,0.1561
2023-03-13,113.3048,103.0132,101.305,89.2893,207.8868,229.5292,0.1169,0.1578
2023-03-14,113.0972,103.0354,100.9096,89.1348,204.1873,231.6187,0.1137,0.1592
2023-03-15,112.8148,103.017,101.181,89.6972,199.9369,224.6409,0.1123,0.1581
2023-03-16,113.6498,103.92,101.9983,90.5786,199.2176,225.4683,0.1103,0.1537
2023-03-17,112.0534,102.1833,100.0853,88.5253,200.7543,228.1713,0.1091,0.1531
2023-03-20,110.8898,101.2986,98.6987,87.4377,195.908,230.0466,0.1115,0.1572
2023-03-21,110.9722,101.1172,98.9439,87.4077,200.0725,228.1161,0.11,0.1601
2023-03-22,110.1184,100.3131,98.2716,86.7983,198.9426,225.2752,0.1122,0.1587
2023-03-23,107.5968,97.9952,96.0731,84.8416,194.7128,219.4835,0.1125,0.1581
2023-03-24,108.589,98.9964,97.3303,86.1052,194.9828,216.9736,0.1127,0.1576
2023-03-27,109.513,99.7424,98.3393,86.9208,198.1471,216.6151,0.112,0.1545
2023-03-28,111.1776,101.2294,99.9164,88.2952,201.6141,218.9043,0.1128,0.153
2023-03-29,111.8457,101.761,100.3668,88.592,204.0238,222.0484,0.1131,0.1523
2023-03-30,113.9553,103.8387,102.3071,90.4779,205.3995,225.6614,0.1138,0.1536
2023-03-31,111.9435,102.0592,100.5202,88.9569,200.9347,221.4417,0.1125,0.1532
2023-04-03,111.5303,101.0451,100.0777,87.8842,210.1452,221.4968,0.112,0.1531
2023-04-04,111.9292,101.6071,101.0142,89.0,207.7633,215.2361,0.1175,0.1537
2023-04-05,110.9502,100.5695,100.2364,88.1725,208.2719,212.0644,0.1158,0.1488
2023-04-06,110.7788,100.5686,100.0864,88.2039,205.5375,211.6782,0.1171,0.1479
2023-04-10,111.905,101.4126,100.9456,88.7513,210.4128,215.7601,0.1158,0.1479
2023-04-11,116.7033,105.7255,105.0984,92.3404,219.989,227.1507,0.1173,0.1492
2023-04-12,117.4461,106.4276,106.2842,93.486,220.9336,222.2966,0.1176,0.1506
2023-04-13,116.9714,105.8107,106.0276,93.0879,222.9559,219.2904,0.1174,0.1465
2023-04-14,116.7747,105.4302,105.9775,92.8487,225.7435,217.3598,0.1189,0.1451
2023-04-17,116.4857,104.9835,105.8838,92.5951,228.0867,214.7672,0.1206,0.1441
2023-04-18,116.6473,104.7779,105.9035,92.224,233.8848,216.6151,0.1221,0.1427
2023-04-19,114.1751,102.7196,103.8005,90.5847,226.3938,210.2992,0.1251,0.1437
2023-04-20,114.6739,103.1584,104.6892,91.4139,227.5381,205.914,0.1237,0.1425
2023-04-24,114.2124,102.4308,104.8111,91.2708,231.5003,198.4673,0.1238,0.139
2023-04-25,113.4136,101.6791,104.4078,90.9315,230.4323,193.0616,0.1265,0.1345
2023-04-26,112.4159,100.8517,103.2888,89.9978,227.3577,193.8063,0.1268,0.1318
2023-04-27,113.0873,101.9105,103.6633,90.7689,221.5924,197.9157,0.1262,0.1335
2023-04-28,114.7453,103.2614,105.2765,92.044,227.0767,199.6808,0.1223,0.1355
2023-05-02,111.9929,101.0238,103.0096,90.3478,217.4471,191.7929,0.1118,0.1366
2023-05-03,111.8501,100.9343,102.9822,90.3784,216.4841,190.3036,0.1098,0.1346
2023-05-04,112.2643,101.1643,103.9153,91.1158,219.7952,184.4014,0.1095,0.1337
2023-05-05,115.532,103.9428,106.8862,93.5389,229.0951,190.4139,0.1106,0.1289
2023-05-08,116.5143,104.6885,107.7161,94.1095,233.4548,192.9789,0.112,0.1294
2023-05-09,117.6922,105.811,108.8021,95.1256,234.6932,194.9646,0.1132,0.13
2023-05-10,118.0592,106.1893,109.4984,95.8319,234.5807,191.2965,0.1128,0.1301
2023-05-11,118.947,106.6745,110.7526,96.6551,241.8161,187.5731,0.1123,0.1273
2023-05-12,119.1755,106.4413,110.9794,96.3934,249.9372,187.7662,0.1148,0.1237
2023-05-15,119.7963,107.3747,111.4137,97.1502,244.6145,190.469,0.1184,0.1236
2023-05-16,118.8788,106.1124,110.7654,96.1485,250.431,186.5526,0.1153,0.1248
2023-05-17,120.2699,107.7508,111.7284,97.3571,246.424,192.7306,0.1189,0.1231
2023-05-18,120.9818,108.3987,112.462,98.0164,247.7086,193.0064,0.1157,0.1258
2023-05-19,121.6818,109.0881,113.3828,98.9205,248.0531,190.8828,0.1156,0.1252
2023-05-22,121.0972,108.6392,113.017,98.7042,245.5524,187.8213,0.1155,0.1231
2023-05-23,120.7852,108.0019,113.0399,98.3888,251.1601,183.574,0.1146,0.1218
2023-05-24,119.5447,106.555,112.069,97.2136,254.4808,179.4094,0.1175,0.1193
2023-05-25,120.9225,108.0594,113.579,98.8442,252.5844,178.8578,0.1202,0.1177
2023-05-26,121.8587,108.7944,114.2335,99.2767,256.3161,182.9396,0.1179,0.116
2023-05-29,121.2291,108.2317,113.6795,98.7995,255.0016,181.5606,0.1188,0.1178
2023-05-30,119.7282,106.8626,112.4411,97.7153,252.3538,177.2857,0.1188,0.1175
2023-05-31,119.0338,106.3197,111.8112,97.252,249.5459,175.9894,0.119,0.1162
2023-06-01,121.484,108.3631,114.1044,99.0926,257.2195,179.7128,0.1184,0.116
2023-06-02,123.6738,110.4354,115.7932,100.6347,259.7697,187.3801,0.1192,0.1157
2023-06-05,123.8254,110.4609,116.0828,100.7906,262.012,185.8356,0.1184,0.1187
2023-06-06,125.9284,112.2811,118.2664,102.6565,267.4407,186.4424,0.1192,0.1175
2023-06-07,126.8932,112.7991,119.0457,102.9555,275.4832,189.3934,0.1197,0.1159
2023-06-09,128.5754,113.7402,120.9038,104.0177,288.8487,188.5384,0.1223,0.1168
2023-06-12,128.9237,113.8407,121.5579,104.4088,293.2722,185.1185,0.1265,0.1147
2023-06-13,128.2721,113.1954,120.7032,103.5662,293.0188,187.0767,0.128,0.1123
2023-06-14,130.8278,115.0879,123.1454,105.2848,305.6179,190.3587,0.122,0.1149
2023-06-15,130.9948,115.5764,123.1982,105.675,299.6405,191.848,0.1247,0.1147
2023-06-16,130.4861,114.9468,122.6319,104.9868,301.8452,192.1514,0.1221,0.1154
2023-06-19,131.6947,115.7695,124.0209,105.9477,309.6017,191.4068,0.1136,0.1358
2023-06-20,131.4354,115.452,124.2338,106.0931,310.8261,186.4699,0.1154,0.134
2023-06-21,132.3122,115.7005,125.3755,106.5465,323.5851,184.5945,0.1162,0.1309
2023-06-22,130.6795,114.3028,123.6994,105.1371,318.9767,183.6016,0.1201,0.1287
2023-06-23,130.7267,114.9418,123.9361,106.0091,306.8498,181.7537,0.1199,0.1296
2023-06-26,129.9202,113.8216,123.0202,104.7624,313.3678,182.1398,0.1154,0.1283
2023-06-27,129.1291,113.1603,121.9409,103.8332,310.81,184.3186,0.1186,0.1294
2023-06-28,128.204,112.1106,121.5193,103.2772,313.4689,178.4992,0.1184,0.1319
2023-06-29,130.0741,113.8582,123.3346,104.9469,315.7478,180.6781,0.1203,0.1287
2023-06-30,129.7488,114.3011,123.3385,105.7775,300.0876,177.1202,0.1195,0.1284
2023-07-03,131.4915,115.7687,124.6769,106.8116,305.4983,182.6638,0.1138,0.1262
2023-07-04,130.8355,115.0815,124.0548,106.1603,306.2155,181.7537,0.1144,0.1284
2023-07-05,131.3552,115.6115,124.781,106.8909,305.9428,180.154,0.1152,0.1284
2023-07-06,129.0225,113.5053,122.3738,104.7465,301.5968,178.8578,0.1147,0.1268
2023-07-07,130.6399,115.19,123.9641,106.3977,300.0269,180.5402,0.1151,0.1281
2023-07-10,129.5895,114.1314,123.0987,105.5289,300.3199,177.7821,0.1131,0.1277
2023-07-11,128.7962,113.5063,121.6477,104.2745,296.978,183.6291,0.1141,0.1268
2023-07-12,129.2862,114.0063,122.0507,104.6857,296.7114,184.9254,0.1132,0.1314
2023-07-13,131.0421,115.5297,123.5281,105.903,301.2493,189.2279,0.113,0.1322
2023-07-14,129.3357,114.1312,121.6718,104.3938,295.1638,189.2279,0.1132,0.1335
2023-07-17,129.8939,114.7015,122.4898,105.217,294.8506,187.1318,0.1124,0.1352
2023-07-18,129.4785,114.387,122.1572,104.9953,292.8383,185.9459,0.1118,0.1332
2023-07-19,129.161,113.9601,121.8617,104.5838,295.1114,185.4494,0.1114,0.1327
2023-07-20,129.7444,114.4846,122.4548,105.1088,296.2467,185.8631,0.1125,0.1327
2023-07-21,132.0892,116.5451,124.8918,107.2201,301.7726,186.994,0.1124,0.1324
2023-07-24,133.3253,117.4665,125.668,107.6538,308.054,192.6479,0.1125,0.1309
2023-07-25,134.057,117.8786,125.8649,107.5076,314.4973,198.6052,0.1138,0.1336
2023-07-26,134.6636,118.5097,126.5941,108.2571,313.9216,197.9157,0.1155,0.137
2023-07-27,131.8398,116.5288,123.8938,106.486,297.0411,194.22,0.1148,0.1359
2023-07-28,132.0562,116.5345,124.9033,107.2554,301.3202,186.5251,0.111,0.1362
2023-07-31,133.9856,117.7383,126.5778,108.1358,315.9095,190.7449,0.1124,0.1306
2023-08-01,133.222,117.2627,126.0134,107.8853,310.1192,188.0971,0.1162,0.1317
2023-08-02,132.7946,116.903,125.8565,107.8009,308.7878,185.0357,0.1147,0.1306
2023-08-03,132.4946,116.4025,125.4136,107.1458,312.9155,186.1941,0.1146,0.1289
2023-08-04,131.3102,115.7597,124.111,106.4384,301.9974,186.332,0.1164,0.13
2023-08-07,131.1695,115.524,123.8636,106.0908,303.9552,187.2698,0.1133,0.1313
2023-08-08,130.8509,115.2023,123.6391,105.8641,304.0542,186.0562,0.1142,0.1321
2023-08-09,130.1026,114.3179,122.9943,105.0767,306.9191,184.3738,0.1145,0.1316
2023-08-10,130.0378,114.2065,123.1432,105.1728,307.8769,182.195,0.1163,0.1311
2023-08-11,129.7247,113.9115,122.9552,105.005,307.5435,180.6781,0.1167,0.1297
2023-08-14,128.3457,112.4873,121.9388,103.9452,308.6264,175.8721,0.1169,0.1289
2023-08-15,127.6436,111.7387,121.3471,103.3077,309.6469,174.1389,0.1189,0.1235
2023-08-16,127.0074,110.7229,120.7241,102.2816,317.4315,173.457,0.12,0.123
2023-08-17,126.3372,110.1341,119.7588,101.4133,315.8476,175.9005,0.1236,0.1231
2023-08-18,126.8064,110.5399,120.459,102.0386,317.084,173.94,0.1237,0.1256
2023-08-21,125.7296,109.5964,119.2695,101.0025,314.4899,174.1673,0.1238,0.1238
2023-08-22,127.6271,111.249,120.9711,102.4281,319.267,177.8041,0.1239,0.1248
2023-08-23,129.8016,112.5709,123.2016,103.723,336.77,179.111,0.1201,0.1263
2023-08-24,128.583,111.3951,122.1145,102.6895,336.1081,176.7244,0.1247,0.1253
2023-08-25,127.2766,110.2174,120.7333,101.4589,333.6574,176.3551,0.1256,0.1248
2023-08-28,128.6874,111.4429,122.015,102.5321,337.277,178.8837,0.1259,0.1258
2023-08-29,130.0971,112.7947,122.9822,103.4334,338.2195,184.5946,0.1259,0.1262
2023-08-30,129.1423,111.7902,121.9429,102.35,339.4367,184.6231,0.1253,0.1292
2023-08-31,127.1722,110.2172,119.7763,100.6301,331.4856,184.9072,0.1266,0.1301
2023-09-01,129.5357,112.141,121.2723,101.6492,340.2535,195.7322,0.1256,0.1323
2023-09-04,129.4082,112.2064,120.9907,101.5789,336.2382,197.1813,0.1265,0.1375
2023-09-05,128.9182,111.0993,120.543,100.4704,349.2457,196.3289,0.1252,0.1388
2023-09-06,127.4392,109.5558,119.2492,99.116,350.8733,193.1751,0.1305,0.1386
2023-09-08,126.7009,108.9139,118.8069,98.7782,348.9903,189.5384,0.1325,0.1379
2023-09-11,128.4259,110.6796,120.41,100.413,347.8133,192.266,0.1326,0.1361
2023-09-12,129.6181,111.7387,121.7179,101.5661,350.3769,192.1239,0.1304,0.1362
2023-09-13,129.8466,112.2013,122.0389,102.1353,345.4293,191.3852,0.1301,0.1348
2023-09-14,131.1827,113.0787,122.7147,102.3185,354.7903,199.2269,0.1281,0.1341
2023-09-15,130.4861,112.4869,122.1213,101.8418,352.7232,197.579,0.1302,0.1382
2023-09-18,129.9697,111.8182,121.7909,101.3484,356.0117,195.2492,0.1301,0.1377
2023-09-19,129.484,111.3138,121.2273,100.77,356.4977,195.6186,0.1319,0.1366
2023-09-20,130.4169,112.2056,122.1108,101.6026,357.1827,196.9256,0.1326,0.1375
2023-09-21,127.615,109.685,119.5775,99.3899,351.814,191.7829,0.1319,0.1374
2023-09-22,127.4656,109.4074,119.275,98.9535,354.5287,193.2036,0.1327,0.1367
2023-09-25,127.3733,109.2065,119.5679,99.1235,356.8204,189.2258,0.134,0.138
2023-09-26,125.4703,107.7451,117.7941,97.8381,347.9223,186.271,0.1349,0.1352
2023-09-27,125.6175,107.3269,117.9146,97.3495,359.734,186.6687,0.1336,0.1352
2023-09-28,127.1602,108.9125,119.3084,98.7796,358.5527,189.5099,0.1381,0.1354
2023-09-29,128.0765,109.6935,120.0559,99.3769,361.2191,192.0102,0.136,0.1358
2023-10-02,126.4196,108.339,118.4228,98.0823,355.1949,190.3339,0.136,0.1366
2023-10-03,124.6198,106.6821,116.584,96.4124,352.5328,189.169,0.1356,0.1373
2023-10-04,124.8264,107.4903,117.0079,97.4784,339.9143,187.1517,0.1365,0.1384
2023-10-05,124.4715,107.1332,116.6141,97.0858,340.0254,187.237,0.1314,0.1367
2023-10-06,125.445,107.7022,117.4011,97.4329,348.3056,189.9646,0.1318,0.1371
2023-10-09,126.5284,108.0743,118.7124,97.9659,362.9831,188.6008,0.1339,0.138
2023-10-10,128.2655,109.6466,120.4859,99.5474,366.1145,189.7373,0.1383,0.1358
2023-10-11,128.6105,110.0395,120.6975,99.81,365.0504,191.3852,0.1377,0.1348
2023-10-13,127.1854,108.0615,119.3667,97.8941,376.8727,189.1974,0.1369,0.1356
2023-10-16,128.0425,108.7208,120.0976,98.4075,380.8548,191.2147,0.1428,0.1355
2023-10-17,127.3546,107.5805,119.1964,97.0288,390.4506,192.7774,0.1434,0.136
2023-10-18,125.3241,105.1406,117.6915,95.0907,399.3948,185.7027,0.1478,0.1378
2023-10-19,125.2626,105.1888,117.8886,95.4017,397.1075,183.0319,0.1535,0.1348
2023-10-20,124.3298,104.4918,117.3643,95.1315,392.34,178.0882,0.1527,0.1329
2023-10-23,123.9232,105.2812,116.9567,96.0137,367.363,177.7473,0.152,0.1304
2023-10-24,124.9967,106.0792,117.7203,96.4777,372.9306,181.8102,0.1429,0.1306
2023-10-25,123.9727,104.9881,116.6255,95.3203,374.5226,181.6397,0.1438,0.1325
2023-10-26,126.1119,107.2708,118.5631,97.3983,371.1208,185.5322,0.1455,0.1334
2023-10-27,124.4902,105.792,116.1648,95.1808,368.4271,191.9818,0.1418,0.134
2023-10-30,123.6452,105.118,115.0762,94.2871,365.0064,193.715,0.1427,0.1405
2023-10-31,124.3177,105.946,115.5758,94.9517,361.6277,196.0448,0.1423,0.1427
2023-11-01,126.4152,107.8312,117.482,96.6158,365.6871,199.7952,0.1403,0.1437
2023-11-03,129.829,111.0347,120.9433,99.8232,369.5121,202.2954,0.1405,0.145
2023-11-06,130.1883,111.4192,121.2488,100.1541,368.9319,203.1478,0.1383,0.143
2023-11-07,131.0465,112.607,122.5845,101.8309,361.9652,199.1133,0.1377,0.1433
2023-11-08,130.8608,112.8132,122.3684,102.0393,353.8673,199.2554,0.1342,0.1395
2023-11-09,130.7652,112.3611,122.1682,101.4572,361.2844,200.2214,0.1313,0.1396
2023-11-10,132.5496,114.2017,123.8018,103.1399,359.8349,203.2899,0.1341,0.1404
2023-11-13,132.2639,113.4726,123.5338,102.3959,369.0705,202.8637,0.1319,0.1408
2023-11-14,135.5074,116.4636,126.4332,105.0034,373.7982,209.1428,0.1355,0.1407
2023-11-16,136.8787,118.1596,127.785,106.6953,366.867,210.5351,0.1342,0.1419
2023-11-17,137.4126,118.0426,128.3258,106.5301,380.281,210.9328,0.1302,0.1412
2023-11-20,138.5477,119.1858,129.0425,107.2534,379.946,216.1039,0.1348,0.1413
2023-11-21,138.0115,118.8401,127.9363,106.3655,376.0855,221.3317,0.1335,0.1435
2023-11-22,138.4817,119.2424,128.658,107.0066,377.4205,219.2278,0.1329,0.1475
2023-11-23,139.0762,119.7943,129.4364,107.7301,378.1856,217.8512,0.129,0.1425
2023-11-24,137.9401,118.6629,128.3854,106.6925,378.362,216.006,0.1287,0.141
2023-11-27,138.095,118.9234,128.679,107.095,376.068,214.7173,0.1298,0.141
2023-11-28,139.0344,119.6282,129.6511,107.8064,380.8562,215.1859,0.1288,0.1399
2023-11-29,138.5543,119.3594,129.1365,107.5236,376.4575,215.1273,0.1297,0.1395
2023-11-30,139.9057,120.4271,130.4865,108.5573,382.1917,216.2989,0.1286,0.1399
2023-12-01,140.754,121.4334,131.0139,109.2535,378.6128,220.3115,0.1294,0.1393
2023-12-04,139.3256,120.3868,129.9494,108.6036,370.8045,215.3616,0.1274,0.1411
2023-12-05,139.4355,120.595,130.2631,109.0177,368.6802,213.37,0.1261,0.1394
2023-12-06,138.0291,119.7403,128.8763,108.2349,357.2447,211.9641,0.1253,0.138
2023-12-07,138.4543,120.1631,129.2713,108.6242,357.1945,212.6377,0.1227,0.1385
2023-12-08,139.6453,120.79,130.5049,109.2411,368.9405,213.2236,0.1223,0.1386
2023-12-11,139.4497,120.6564,130.2758,109.0808,367.6663,213.3993,0.1253,0.1377
2023-12-12,138.8861,120.2902,129.6276,108.6513,363.5874,213.78,0.125,0.138
2023-12-13,142.2505,123.3793,133.2715,111.9648,368.6603,213.8093,0.1242,0.1389
2023-12-14,143.7635,124.4889,134.7969,113.0437,376.9012,214.9809,0.1229,0.1357
2023-12-15,143.0548,123.8206,133.8967,112.1969,376.2078,216.3282,0.1245,0.1351
2023-12-18,144.0294,124.5068,134.8528,112.8353,382.122,217.3533,0.1248,0.1366
2023-12-19,144.8721,125.1704,135.6173,113.4018,385.7403,218.8763,0.1259,0.1363
2023-12-20,143.7217,123.9805,134.439,112.1916,386.8493,218.1734,0.1264,0.1365
2023-12-21,145.2358,125.4753,135.3683,113.099,386.9123,225.437,0.1279,0.1373
2023-12-22,145.8632,125.893,136.2154,113.711,391.2262,223.7383,0.1267,0.1405
2023-12-26,146.7202,126.4527,137.0672,114.2362,397.3428,224.5291,0.1278,0.1391
2023-12-27,147.4465,127.1741,137.6419,114.8025,397.2842,226.6965,0.1291,0.1388
2023-12-28,147.4366,127.2312,137.6888,114.9204,395.8665,226.1107,0.1284,0.1395
2024-01-02,145.8017,125.4257,135.9543,113.0217,400.9428,225.6713,0.1148,0.1415
2024-01-03,145.9522,125.0336,136.2357,112.7135,413.8623,224.4998,0.1176,0.1429
2024-01-04,144.1854,123.5044,134.6166,111.3612,409.2267,221.483,0.1213,0.142
2024-01-05,145.0611,124.2801,135.8548,112.4703,411.1003,218.642,0.1214,0.1419
2024-01-08,145.505,124.9082,136.4496,113.2535,406.4172,217.529,0.1213,0.1392
2024-01-09,144.4282,123.986,135.5547,112.5284,403.3589,214.7759,0.1195,0.1381
2024-01-10,143.7624,123.4955,135.154,112.3129,399.5536,211.5541,0.1195,0.1373
2024-01-11,143.5514,123.1382,134.8126,111.8209,403.1884,212.667,0.1189,0.1359
2024-01-12,143.9239,123.4413,135.4886,112.4077,404.6289,209.9725,0.1202,0.1368
2024-01-15,144.5095,123.8348,136.167,112.8706,408.8828,209.5624,0.1203,0.1347
2024-01-16,142.0626,121.6526,133.7784,110.7878,404.0041,206.8386,0.1211,0.1339
2024-01-17,141.2165,120.9403,133.2317,110.3819,401.3081,203.1189,0.1217,0.1345
2024-01-18,139.8892,119.7326,131.8905,109.1824,399.2368,202.0937,0.1216,0.133
2024-01-19,140.2408,120.1373,132.5379,109.8727,397.7536,199.4577,0.1221,0.1334
2024-01-22,139.1047,118.9674,131.3901,108.6998,399.2455,198.5791,0.1214,0.1313
2024-01-23,140.9298,120.5266,132.9637,109.9795,404.5214,202.6795,0.1228,0.1318
2024-01-24,140.4386,120.1863,132.2233,109.415,401.2005,204.7298,0.1228,0.1328
2024-01-25,140.8265,119.8906,133.1515,109.5848,417.3537,199.6921,0.1222,0.1346
2024-01-26,141.7033,120.4157,133.7162,109.7742,425.257,203.5582,0.1268,0.1313
2024-01-29,141.1935,119.6838,133.2586,109.0808,430.8864,202.5916,0.1284,0.1327
2024-01-30,139.9837,118.6045,132.0572,108.0308,428.4858,201.4494,0.1306,0.1325
2024-01-31,140.3683,118.8546,132.7758,108.5891,431.4763,198.4619,0.131,0.1329
2024-02-01,141.1693,119.285,133.7385,109.1396,439.9146,197.554,0.1309,0.1306
2024-02-02,139.742,118.1426,132.5889,108.2997,433.9421,193.5414,0.1334,0.1293
2024-02-05,140.1936,118.5312,133.248,108.8793,435.1802,191.8719,0.1329,0.1279
2024-02-06,143.2954,121.3507,136.2813,111.5821,440.088,195.2694,0.1328,0.1264
2024-02-07,142.4076,120.2487,135.2771,110.3602,445.7532,195.6502,0.1314,0.1259
2024-02-08,140.8792,118.8788,133.788,109.0546,442.877,193.9221,0.1336,0.1266
2024-02-09,140.6694,118.9082,133.645,109.1685,437.2688,193.0727,0.1345,0.1271
2024-02-14,139.5618,117.9816,132.4988,108.2288,433.5953,192.487,0.1331,0.1268
2024-02-15,140.4254,118.268,133.5003,108.5964,446.907,191.8719,0.133,0.1274
2024-02-16,141.4385,119.0256,133.8694,108.7045,452.4213,199.1649,0.1363,0.1263
2024-02-19,141.7791,119.269,134.3891,109.11,454.5468,197.6711,0.137,0.1295
2024-02-20,142.746,120.4742,135.877,110.8261,448.2614,193.3363,0.1373,0.1288
2024-02-21,142.8735,120.5648,135.8684,110.7816,449.0684,194.8008,0.1344,0.1252
2024-02-22,143.1031,120.8761,135.9092,110.9149,446.9749,196.8803,0.1346,0.126
2024-02-23,142.1999,120.0966,134.8788,110.0305,444.5501,197.3489,0.1341,0.1275
2024-02-26,142.4087,120.0033,135.5881,110.3951,451.6327,192.5748,0.1343,0.1287
2024-02-27,144.6941,122.267,137.5644,112.3377,450.8258,197.6419,0.1363,0.1254
2024-02-28,143.0086,121.6133,135.9484,111.8453,427.1985,195.4744,0.1339,0.1267
2024-02-29,141.7615,120.5373,134.5167,110.616,423.8417,196.2067,0.1284,0.1268
2024-03-01,141.9373,120.6988,134.7406,110.8212,424.0811,195.8845,0.1285,0.1284
2024-03-04,141.0155,119.8523,133.7815,109.953,422.8197,195.4452,0.1283,0.1279
2024-03-05,140.7485,119.664,133.751,110.0012,421.0982,192.8677,0.1288,0.1285
2024-03-06,141.6187,120.1541,134.4322,110.2721,429.6601,195.5037,0.1285,0.1271
2024-03-07,141.0144,119.7304,133.8423,109.8816,425.7046,194.8301,0.1303,0.128
2024-03-08,139.6201,120.0768,132.4753,110.3998,384.9826,193.3363,0.1297,0.1281
2024-03-11,138.5795,119.4671,131.9487,110.3276,375.2286,187.3321,0.1173,0.1284
2024-03-12,140.276,120.6196,133.9134,111.6814,387.2194,186.1649,0.1163,0.1254
2024-03-13,140.6474,121.1658,134.2002,112.1545,382.8666,187.3583,0.1193,0.1185
2024-03-14,140.3002,120.911,134.0549,112.1045,380.87,184.9715,0.1176,0.1189
2024-03-15,139.2586,119.8771,133.131,111.1953,381.271,182.8602,0.1173,0.1177
2024-03-18,139.4915,120.0519,133.046,111.057,382.5198,186.3485,0.1183,0.1172
2024-03-19,140.1233,120.8091,133.5823,111.7244,379.1929,187.8784,0.1185,0.1193
2024-03-20,141.8769,122.2234,135.3601,113.1205,386.2506,189.133,0.1169,0.1197
2024-03-21,140.8155,121.5924,134.255,112.4882,376.648,188.674,0.1177,0.1191
2024-03-22,139.5717,120.2325,133.1181,111.2359,380.0949,186.5015,0.1156,0.1197
2024-03-25,139.4662,119.9001,133.0424,110.9174,385.527,186.1037,0.1178,0.1194
2024-03-26,139.3915,119.988,133.1895,111.2314,381.7186,183.7476,0.1196,0.1193
2024-03-27,140.3013,120.7239,134.012,111.8618,385.3265,185.4305,0.1185,0.1178
2024-03-28,140.7573,120.7945,134.4377,111.8715,394.1958,186.1343,0.1188,0.1181
2024-04-01,139.5311,119.4704,132.994,110.3432,397.1942,187.3277,0.1212,0.1182
2024-04-02,140.1453,119.6292,133.446,110.3073,407.6301,189.5308,0.1232,0.12
2024-04-03,139.8914,119.4864,133.4348,110.409,405.1432,186.8075,0.1259,0.1209
2024-04-04,140.0123,119.7596,133.7672,110.8958,401.4715,184.7267,0.1253,0.1194
2024-04-05,139.3168,119.0579,133.2095,110.3336,402.0088,182.7072,0.1239,0.118
2024-04-08,141.5824,121.0315,134.6974,111.5134,407.6618,192.6825,0.1249,0.1173
2024-04-09,142.7174,122.0805,136.0513,112.7561,409.0665,191.3974,0.1246,0.1217
2024-04-10,140.7001,119.6787,134.1477,110.4575,419.2835,188.4904,0.1241,0.1199
2024-04-11,139.9771,119.1131,133.2875,109.7778,415.9624,189.286,0.129,0.1198
2024-04-12,138.3839,117.7119,131.6299,108.3441,412.3033,188.5822,0.1287,0.121
2024-04-15,137.7115,116.8581,130.7948,107.3274,416.9633,189.6838,0.129,0.1219
2024-04-16,136.6732,115.7615,129.8331,106.3111,418.9183,188.0009,0.1311,0.1232
2024-04-17,136.4337,115.4313,129.3699,105.7598,421.1281,190.051,0.1353,0.1254
2024-04-18,136.4611,115.4529,129.33,105.7155,421.2511,190.7548,0.1362,0.127
2024-04-19,137.4808,115.9899,130.128,105.9923,431.9148,193.8759,0.1365,0.1277
2024-04-22,137.9741,116.0225,130.6732,106.0362,442.3148,193.7841,0.139,0.1289
2024-04-23,137.5071,115.6354,130.3329,105.7821,440.6891,192.1011,0.1418,0.1283
2024-04-24,137.0599,115.2834,129.61,105.1741,438.7012,194.4879,0.1418,0.1277
2024-04-25,136.9556,114.7337,129.9037,104.978,449.0236,190.3876,0.1416,0.1297
2024-04-26,139.0212,116.4763,132.1482,106.8506,455.5172,190.3876,0.145,0.127
2024-04-29,139.9288,117.0908,132.6184,107.0127,461.9646,195.5282,0.1411,0.1267
2024-04-30,138.3598,115.6415,131.0988,105.6348,460.0144,193.6617,0.1428,0.1283
2024-05-02,139.6761,116.846,132.3371,106.7439,461.7711,195.5894,0.1367,0.1335
2024-05-03,141.2001,118.5701,133.9813,108.5857,455.533,195.8036,0.136,0.1336
2024-05-06,141.1528,118.4171,133.8685,108.3623,458.3491,196.385,0.128,0.133
2024-05-07,141.9703,118.9213,134.6347,108.785,465.7565,197.609,0.1288,0.1335
2024-05-08,142.2681,118.9639,135.1504,109.0115,472.1431,195.8036,0.1302,0.1337
2024-05-09,140.8474,117.373,133.428,107.1329,477.9646,197.3948,0.1318,0.1322
2024-05-10,140.2013,116.8238,132.7916,106.6066,476.0553,196.7216,0.1347,0.1346
2024-05-13,140.8111,117.398,133.3369,107.1111,476.3966,197.8844,0.1348,0.1347
2024-05-14,141.2067,118.1643,133.7828,107.9515,466.3215,197.7619,0.1343,0.1349
2024-05-15,140.6716,118.77,133.2581,108.6643,437.0048,197.1806,0.1311,0.1345
2024-05-16,140.9528,119.4683,133.4148,109.2753,425.8308,198.6188,0.1234,0.1346
2024-05-17,140.8067,119.5991,132.8461,109.0279,418.7386,202.5048,0.1201,0.1354
2024-05-20,140.3672,119.1403,132.3746,108.5412,419.6641,202.413,0.1181,0.1382
2024-05-21,139.9947,118.8419,132.028,108.2768,418.0872,201.8316,0.1188,0.1386
2024-05-22,138.0587,116.7817,130.0759,106.2088,423.1982,200.2405,0.1186,0.1385
2024-05-23,137.0468,115.9604,129.0936,105.4404,419.1873,199.0471,0.1218,0.1394
2024-05-24,136.582,115.5891,128.5752,105.0298,417.1933,199.1389,0.1215,0.1395
2024-05-27,136.7908,115.6197,128.7329,104.9955,421.6488,199.8121,0.1213,0.1401
2024-05-28,136.004,114.547,128.3178,104.2611,430.124,195.4976,0.12,0.1376
2024-05-29,134.8251,113.4166,127.2358,103.238,430.0658,193.5087,0.1233,0.1355
2024-05-31,134.1559,112.3107,126.518,102.0592,442.4267,193.3863,0.1244,0.1354
2024-06-03,134.0834,112.3616,126.8575,102.5107,439.2059,189.3166,0.1285,0.1359
2024-06-04,133.8307,112.2726,126.7799,102.6027,435.0966,187.3889,0.1276,0.133
2024-06-05,133.3967,111.8508,126.5804,102.4084,435.2266,184.7267,0.1268,0.1321
2024-06-06,135.036,113.3755,128.1051,103.7993,436.5648,187.2971,0.1272,0.1306
2024-06-07,132.6935,111.7185,125.8004,102.254,420.719,184.8491,0.126,0.1308
2024-06-10,132.6858,111.4551,125.5839,101.7732,427.5463,186.8687,0.1237,0.1315
2024-06-11,133.6472,112.3371,126.6618,102.7499,428.6598,186.5933,0.1258,0.133
2024-06-12,131.7804,110.8772,124.8889,101.4288,419.7573,184.023,0.125,0.1316
2024-06-13,131.3761,110.6592,124.2287,100.9876,415.1209,186.1343,0.1214,0.1323
2024-06-14,131.4794,111.0342,124.408,101.4544,407.5579,185.4917,0.1205,0.1343
2024-06-17,130.9036,110.4429,123.8552,100.8893,408.6521,184.7573,0.1182,0.1337
2024-06-18,131.4442,110.482,124.357,100.8477,421.7527,185.6141,0.1191,0.1339
2024-06-19,132.1375,111.17,125.0541,101.5319,421.1011,186.1955,0.1225,0.1341
2024-06-20,132.3408,111.0983,125.1016,101.2897,428.3835,187.8784,0.1217,0.1338
2024-06-21,133.3242,111.998,126.3573,102.4303,429.542,186.1343,0.1237,0.1349
2024-06-24,134.7482,113.157,127.8912,103.6585,435.1432,186.3485,0.1233,0.1328
2024-06-25,134.4119,112.8625,127.6032,103.4161,434.3903,185.5835,0.1233,0.1313
2024-06-26,134.7526,113.1445,127.7372,103.495,435.6004,187.8784,0.1234,0.1311
2024-06-27,136.5842,114.6142,129.6879,105.0307,443.386,188.368,0.1236,0.1325
2024-06-28,136.1436,114.0282,128.9969,104.2014,447.8654,190.3876,0.124,0.131
2024-07-01,137.0347,114.649,129.6783,104.5942,454.2284,193.2027,0.1257,0.1328
2024-07-02,137.1105,114.7412,129.8279,104.7566,453.6932,192.5601,0.1267,0.134
2024-07-03,138.0719,115.9697,130.4813,105.7053,445.2934,196.385,0.1265,0.1335
2024-07-04,138.6235,116.7205,131.1856,106.6102,439.2165,195.4058,0.1232,0.1351
2024-07-05,138.7367,116.6782,131.3917,106.6427,443.3363,194.6103,0.121,0.1338
2024-07-08,139.0454,116.5832,131.8875,106.69,454.0308,193.0803,0.1219,0.133
2024-07-09,139.6607,117.2201,132.5852,107.4003,452.7327,192.8355,0.1247,0.1319
2024-07-10,139.7816,117.4554,132.9869,107.9084,449.4639,190.2346,0.1237,0.131
2024-07-11,140.9638,118.4672,134.3292,109.0464,452.761,189.745,0.1227,0.1291
2024-07-12,141.6264,119.1845,134.7644,109.5465,450.4982,192.5295,0.1226,0.1277
2024-07-15,142.0923,119.452,135.2511,109.8137,455.3887,192.7437,0.1214,0.129
2024-07-16,141.8604,119.287,135.207,109.8334,453.8278,190.7242,0.1222,0.1286
2024-07-17,142.234,119.5469,135.7992,110.2873,456.5062,188.9494,0.1221,0.1276
2024-07-18,140.2584,117.6679,133.8249,108.4367,456.1416,187.1747,0.1225,0.1261
2024-07-19,140.2189,117.5692,133.7975,108.3453,457.8039,187.0217,0.1243,0.1268
2024-07-22,140.487,118.1338,134.1127,108.9749,449.3954,186.8075,0.1248,0.1268
2024-07-23,139.0915,117.0163,132.8485,108.0168,443.4062,184.2984,0.1223,0.1264
2024-07-24,138.9081,116.6988,132.5304,107.5634,447.2759,185.4305,0.1219,0.126
2024-07-25,138.3927,116.2424,131.9767,107.0806,446.2552,185.3387,0.1232,0.127
2024-07-26,140.0826,117.8569,133.5372,108.5501,446.3848,188.0927,0.1234,0.1274
2024-07-29,139.4915,117.6487,132.8562,108.2927,436.6133,188.4293,0.1219,0.1277
2024-07-30,138.596,116.8961,132.3106,107.8908,433.7365,184.2678,0.1199,0.1286
2024-07-31,140.2584,118.1252,133.6786,108.7912,443.6557,188.5822,0.1199,0.1266
2024-08-01,139.976,118.1205,133.8096,109.2019,436.4103,184.3596,0.1212,0.1281
2024-08-02,138.2829,116.9821,132.2265,108.2276,423.2268,181.7892,0.1195,0.1255
2024-08-05,137.6412,116.4193,131.6229,107.7132,421.8085,180.8498,0.1172,0.1252
2024-08-06,138.7367,117.1813,132.7225,108.4433,429.6312,181.7696,0.1178,0.1211
2024-08-07,140.1068,118.5177,134.2485,109.9098,429.0171,181.4207,0.1191,0.1209
2024-08-08,141.3671,119.4711,135.7311,111.0374,435.9344,180.3106,0.1176,0.1193
2024-08-09,143.514,121.6751,138.0009,113.3387,432.0094,180.9766,0.1188,0.1178
2024-08-12,144.0645,121.8098,138.6937,113.5716,442.5889,180.0568,0.1167,0.1173
2024-08-13,145.4731,123.2579,140.3085,115.203,440.0077,179.2639,0.1191,0.1162
2024-08-14,146.484,123.9379,141.5768,116.0916,447.807,177.6146,0.1173,0.1146
2024-08-15,147.4014,124.5913,142.5023,116.7235,453.9113,178.3441,0.1185,0.1128
2024-08-16,147.1817,124.3116,142.3111,116.4687,455.7583,177.8684,0.1194,0.1125
2024-08-19,149.1869,126.298,144.2063,118.3286,454.1047,180.7229,0.1201,0.1124
2024-08-20,149.5264,126.6884,144.5054,118.681,452.3732,181.4207,0.1181,0.1128
2024-08-21,149.9407,127.203,144.6026,118.8986,449.2375,184.9095,0.1175,0.1131
2024-08-22,148.5222,125.7925,143.0312,117.3586,450.5427,185.1633,0.1164,0.1149
2024-08-23,149.0001,126.3711,143.8691,118.2793,447.206,182.055,0.1151,0.1166
2024-08-26,150.4076,126.4466,145.1933,118.1621,482.2337,184.1166,0.1138,0.1143
2024-08-27,150.2835,126.5644,144.4918,117.7546,475.7173,189.6671,0.1217,0.1145
2024-08-28,150.9076,126.8652,145.3113,118.2091,483.8813,188.3033,0.1201,0.1181
2024-08-29,149.4759,125.6444,143.7731,116.9185,479.766,188.0812,0.1217,0.1168
2024-08-30,149.4352,125.5717,143.6382,116.7549,480.6965,188.9693,0.1218,0.1177
2024-09-02,148.3112,124.6257,142.6785,115.9894,477.1199,186.3051,0.1245,0.1133
2024-09-03,147.6212,124.1669,142.6058,116.138,471.645,179.3591,0.1246,0.1126
2024-09-04,149.5528,126.0431,144.5642,118.0137,471.0477,180.7546,0.1237,0.1089
2024-09-05,149.9824,126.5625,144.9036,118.449,468.1668,182.055,0.1219,0.1083
2024-09-06,147.8618,124.8599,142.8265,116.8402,459.2116,179.7714,0.1208,0.1088
2024-09-09,148.0431,124.8318,143.0231,116.8102,464.6504,179.7714,0.1202,0.109
2024-09-10,147.5849,124.7095,142.7359,116.8778,456.1043,177.6146,0.1215,0.1088
2024-09-11,147.9772,125.0692,142.6713,116.7987,456.5572,182.6576,0.1196,0.1078
2024-09-12,147.2652,124.5797,141.7392,116.1244,451.3369,184.3069,0.1194,0.1106
2024-09-13,148.2024,125.5462,142.635,117.043,449.5367,185.5439,0.1186,0.1122
2024-09-16,148.4617,125.5881,142.9162,117.0878,455.1058,185.5439,0.1174,0.1122
2024-09-17,148.2881,125.5091,142.8146,117.0854,452.7584,184.6558,0.1192,0.1125
2024-09-18,146.9564,124.5935,141.5807,116.3061,443.0312,182.4991,0.1188,0.1121
2024-09-19,146.2697,123.9186,140.6221,115.3825,443.4403,184.6875,0.1172,0.1118
2024-09-20,144.0085,121.7498,138.4419,113.3223,443.3641,181.8964,0.1179,0.1136
2024-09-23,143.4624,121.0414,137.7938,112.5123,448.2877,182.4673,0.1197,0.1137
2024-09-24,145.2072,122.6273,138.8159,113.3836,450.6933,191.3798,0.1215,0.1145
2024-09-25,144.5809,121.9442,138.0528,112.574,452.8766,192.2361,0.1208,0.1187
2024-09-26,146.1456,123.8086,138.6217,113.499,443.2037,203.7811,0.1219,0.1198
2024-09-27,145.8379,123.5781,138.3779,113.3378,441.4637,202.8613,0.118,0.1256
2024-09-30,144.8336,122.6813,137.4279,112.5111,439.6494,201.434,0.1178,0.1253
2024-10-01,145.5797,122.9593,138.1412,112.7173,451.3832,202.4173,0.1182,0.1253
2024-10-02,146.7004,123.8165,139.2485,113.5309,457.2471,203.5274,0.1208,0.1254
2024-10-03,144.6754,121.6535,137.4331,111.5796,463.0668,199.6262,0.1214,0.1251
2024-10-04,144.8073,121.8055,137.7189,111.8773,462.3891,198.1672,0.1247,0.1244
2024-10-07,145.0556,121.7826,137.8176,111.6912,469.3736,199.9116,0.1244,0.1235
2024-10-08,144.4996,121.6115,137.8074,112.0697,459.6767,193.8537,0.1261,0.1243
2024-10-09,142.7966,120.1342,136.0092,110.5371,455.4346,193.3462,0.124,0.121
2024-10-10,143.2262,120.3171,136.3853,110.6474,461.573,194.266,0.1243,0.1222
2024-10-11,142.8295,119.9556,135.6818,110.0023,461.0498,197.0571,0.1256,0.1224
2024-10-14,143.9426,121.0103,136.9515,111.1887,461.4408,196.4228,0.1258,0.1245
2024-10-15,143.9843,121.2128,137.2327,111.6287,457.1006,194.0123,0.1249,0.1231
2024-10-16,144.7611,122.0322,137.7124,112.1609,455.1479,197.7232,0.1237,0.1215
2024-10-17,143.7096,121.1318,137.0619,111.6625,452.215,192.7119,0.1225,0.1232
2024-10-18,143.3866,120.8847,136.7767,111.46,450.5271,192.0458,0.1227,0.1211
2024-10-21,143.2361,121.0223,136.6817,111.6719,442.9933,191.3481,0.1225,0.1209
2024-10-22,142.5318,120.4155,135.8926,110.9995,441.1269,191.6018,0.1206,0.1206
2024-10-23,141.9956,120.1168,135.6396,110.9913,435.3412,188.2398,0.1205,0.1211
2024-10-24,142.9119,120.9082,136.5252,111.7347,437.7169,189.3499,0.1196,0.1197
2024-10-25,142.7207,120.5917,135.6871,110.799,441.2632,195.7884,0.1194,0.1196
2024-10-28,144.1711,122.0149,136.9035,111.9826,440.4694,199.4359,0.1206,0.1238
2024-10-29,143.6404,121.5436,136.396,111.5434,439.4389,198.7381,0.1191,0.1249
2024-10-30,143.5404,121.5468,136.3466,111.6027,436.7887,198.1355,0.1193,0.1249
2024-10-31,142.523,120.5238,135.3699,110.6293,438.0036,196.8351,0.1187,0.1246
2024-11-01,140.7737,119.1029,133.4812,109.1186,431.0713,196.7399,0.1198,0.1247
2024-11-04,143.4042,121.601,136.1366,111.6018,431.8492,198.7698,0.1194,0.1262
2024-11-05,143.5646,121.8165,136.4815,111.994,430.2113,197.0254,0.1174,0.1251
2024-11-06,143.213,121.4821,136.3175,111.8424,430.1191,194.8052,0.1169,0.1239
2024-11-07,142.4889,120.7124,134.8668,110.3895,432.0937,201.5926,0.1171,0.1228
2024-11-08,140.454,118.4556,133.5691,108.8382,440.1448,192.2996,0.1183,0.1277
2024-11-11,140.5024,118.4726,134.2368,109.4389,440.9306,186.0196,0.1222,0.1236
2024-11-12,140.309,118.0328,134.4402,109.3599,447.7108,181.8013,0.1224,0.1195
2024-11-13,140.3485,118.0204,134.5329,109.3937,449.0558,181.2938,0.1244,0.117
2024-11-14,140.4123,117.8788,134.7015,109.3364,454.4685,180.2789,0.1248,0.1167
2024-11-18,140.3859,117.4237,134.4521,108.6407,465.9316,182.5308,0.1263,0.116
2024-11-19,140.8572,118.0746,134.9232,109.2985,460.6532,182.9431,0.1295,0.1175
2024-11-21,139.4563,116.6859,133.4215,107.8308,461.7858,182.7528,0.1277,0.1174
2024-11-22,141.878,118.2419,135.8754,109.3302,482.3402,184.5289,0.1293,0.1184
2024-11-25,141.7791,118.2819,135.7712,109.3759,478.7439,184.4972,0.1328,0.1176
2024-11-26,142.7526,119.2665,137.0583,110.6476,477.4368,182.1502,0.1319,0.1177
2024-11-27,140.2771,116.9479,134.15,107.9566,475.7809,184.3704,0.1314,0.1161
2024-11-28,136.916,113.9431,130.6872,104.9172,469.7447,182.4673,0.1333,0.1196
2024-11-29,138.0785,114.8336,131.5582,105.4993,475.7687,186.432,0.1348,0.1212
2024-12-02,137.6038,114.2875,130.9987,104.8729,478.1364,186.876,0.1354,0.1228
2024-12-03,138.596,115.1331,132.2175,105.9122,481.0133,185.4487,0.1365,0.1236
2024-12-04,138.5389,115.2157,132.5134,106.3402,477.3828,181.833,0.1366,0.1219
2024-12-05,140.4848,116.8749,134.4799,107.9776,483.006,183.3237,0.1356,0.1196
2024-12-06,138.3839,115.1715,132.5083,106.4478,474.6123,180.1837,0.1353,0.1189
2024-12-09,139.7728,116.0393,133.0687,106.4775,486.9796,189.7622,0.135,0.1187
2024-12-10,140.8913,117.0133,134.3028,107.5387,489.6798,189.5719,0.1372,0.1238
2024-12-11,142.3911,118.2915,136.2248,109.1855,494.0322,186.6222,0.1369,0.1227
2024-12-12,138.4894,114.9251,132.4957,106.0631,483.7958,181.4719,0.1367,0.1195
2024-12-13,136.9182,113.5219,131.0579,104.8152,481.0224,178.752,0.1334,0.1193
2024-12-16,135.7623,112.5252,129.8116,103.7574,478.0076,178.656,0.1342,0.1189
2024-12-17,137.0127,113.5176,131.0814,104.736,483.6104,179.5519,0.1346,0.1199
2024-12-18,132.699,109.8201,126.8065,101.1667,471.7549,175.3919,0.135,0.1195
2024-12-19,133.1561,110.3607,127.6328,102.0565,468.9503,172.064,0.136,0.1205
2024-12-20,134.1603,111.459,128.4545,102.9779,465.2297,174.784,0.1347,0.1178
2024-12-23,132.6935,110.0025,126.7873,101.3492,466.6204,175.5199,0.1329,0.119
2024-12-26,133.0352,110.147,127.1078,101.456,471.6045,176.0319,0.1347,0.1208
2024-12-27,132.1463,109.402,126.2274,100.7392,468.707,175.1679,0.1316,0.1214
2024-12-30,132.1617,109.1748,126.3039,100.5524,475.6402,174.56,0.13,0.1201
2025-01-02,131.9881,108.687,126.2093,100.1195,485.3223,173.6,0.1271,0.1188
2025-01-03,130.2389,107.1618,124.6276,98.7869,481.4221,170.368,0.13,0.1184
2025-01-06,131.8749,108.8133,126.6148,100.7458,478.349,168.192,0.1307,0.1178
2025-01-07,133.1286,109.6206,128.1342,101.7551,489.6807,166.5599,0.1283,0.1149
2025-01-08,131.4387,108.1621,126.4574,100.3453,485.4653,164.9599,0.1301,0.1127
2025-01-09,131.6101,108.2805,126.7434,100.5647,486.7751,163.9359,0.1306,0.1131
2025-01-10,130.5938,107.2614,125.5502,99.3934,488.4815,164.864,0.1308,0.1122
2025-01-13,130.7597,107.3773,125.7334,99.5199,489.7099,164.8319,0.1323,0.1137
2025-01-14,131.0805,107.7273,125.975,99.7942,488.3278,165.9199,0.1325,0.1136
2025-01-15,134.7624,111.0017,129.7345,103.0679,494.6263,168.3199,0.1318,0.1141
2025-01-16,133.2066,109.6012,128.0249,101.554,492.4678,168.5439,0.1299,0.1125
2025-01-17,134.4328,110.7238,128.7858,102.2214,493.607,174.368,0.1308,0.114
2025-01-20,134.6449,110.8558,129.0784,102.4204,495.6593,173.728,0.1299,0.1169
2025-01-21,135.5184,111.7298,130.1099,103.4304,494.2373,172.864,0.1299,0.116
2025-01-22,135.1162,111.4691,130.099,103.5483,490.6538,168.512,0.129,0.1149
2025-01-23,134.579,111.0889,129.6225,103.2418,486.8198,167.424,0.1285,0.1124
2025-01-24,134.5394,111.1226,129.3575,103.071,484.6966,169.6959,0.128,0.1121
2025-01-27,137.1929,113.4166,131.945,105.2468,491.1996,172.6719,0.1275,0.1137
2025-01-28,136.3073,112.6069,131.3941,104.7646,490.3463,168.48,0.1267,0.1134
2025-01-29,135.6217,112.0821,130.6035,104.1613,486.6368,168.96,0.1273,0.1114
2025-01-30,139.4464,115.4486,134.055,107.1023,494.2235,176.0959,0.127,0.1123
2025-01-31,138.5916,114.5141,133.3967,106.356,497.9654,173.3439,0.1254,0.1138
2025-02-03,138.4103,114.4698,133.1875,106.2972,494.1635,173.4719,0.1271,0.1127
2025-02-04,137.506,113.7935,132.266,105.6313,488.7967,172.864,0.1263,0.1129
2025-02-05,137.9313,114.3317,132.6365,106.1207,484.749,173.792,0.1258,0.1133
2025-02-06,138.6905,115.1048,133.2036,106.7065,483.124,176.4159,0.1244,0.1135
2025-02-07,136.9259,113.5328,131.3832,105.1174,480.1862,175.4559,0.1233,0.1146
2025-02-10,137.973,114.4056,132.3408,105.8823,483.7206,177.2799,0.1241,0.1155
2025-02-11,139.0168,115.362,133.5482,106.9721,484.6675,176.5119,0.1241,0.1158
2025-02-12,136.6633,113.424,131.1109,105.013,476.0139,175.3279,0.1234,0.1144
2025-02-13,137.1797,113.8856,131.6492,105.4849,476.8256,175.552,0.1233,0.1156
2025-02-14,140.8814,116.8678,135.4114,108.4296,492.4079,178.1439,0.123,0.1153
2025-02-17,141.5956,117.4124,136.28,109.0977,496.3327,177.1839,0.1237,0.114
2025-02-18,141.2253,116.7544,135.7621,108.2876,505.4814,178.3679,0.1244,0.1131
2025-02-19,139.8816,115.4339,134.3192,106.8927,506.8896,178.2079,0.1273,0.1144
2025-02-20,140.2024,115.6845,134.0222,106.5591,508.4731,184.768,0.1289,0.1154
2025-02-21,139.6827,115.2583,133.3259,105.981,506.5098,186.1119,0.129,0.1194
2025-02-24,137.7851,113.5781,131.4327,104.3428,503.0217,184.416,0.1291,0.1208
2025-02-25,138.4213,114.2816,132.2998,105.2582,500.0346,182.6239,0.13,0.1214
2025-02-26,137.0907,113.0311,130.9655,104.0258,499.7334,181.504,0.1286,0.1196
2025-02-27,137.1237,113.7802,131.1336,104.949,478.4597,180.16,0.1298,0.1201
2025-02-28,134.9262,111.9196,129.1102,103.3002,471.8922,176.48,0.1243,0.1192
2025-03-05,135.1987,112.8133,129.2674,104.1252,453.0676,177.8879,0.1246,0.1187
2025-03-06,135.5404,113.2806,129.446,104.4449,448.8184,179.8399,0.1194,0.1194
2025-03-07,137.383,114.8556,131.1881,105.8857,453.8839,182.464,0.118,0.1204
2025-03-10,136.816,114.3314,130.8637,105.5972,453.498,179.5109,0.1178,0.1206
2025-03-11,135.7041,113.5389,129.5196,104.6229,445.7868,181.0071,0.1187,0.1152
2025-03-12,136.0963,113.8918,130.1583,105.1979,446.3464,178.7462,0.1177,0.1171
2025-03-13,138.0444,115.6036,132.0307,106.799,450.3404,181.2066,0.1176,0.1154
2025-03-14,141.6923,118.5475,135.4091,109.4003,465.5016,187.1582,0.117,0.1154
2025-03-17,143.7547,120.1834,137.383,110.9001,474.9131,189.8513,0.1178,0.1161
2025-03-18,144.459,120.8383,138.0117,111.4724,475.2959,191.2478,0.1185,0.1161
2025-03-19,145.594,121.8965,139.272,112.6282,475.8601,190.9153,0.1189,0.1172
2025-03-20,144.9864,121.2699,138.6718,112.0149,477.3113,190.3168,0.1181,0.1161
2025-03-21,145.4149,121.4198,139.0686,112.112,484.8012,191.0151,0.1189,0.1162
2025-03-24,144.2898,120.3809,137.9465,111.0958,483.948,190.0176,0.1204,0.1163
2025-03-25,145.1105,121.0184,138.7743,111.7177,488.0788,190.6493,0.1212,0.1166
2025-03-26,145.6072,121.3249,139.2002,111.9396,492.8891,191.813,0.1216,0.1164
2025-03-27,146.2983,121.8378,139.8016,112.3485,497.0645,193.3425,0.1224,0.1167
2025-03-28,144.9281,120.6671,138.5067,111.2783,493.2704,191.3808,0.1228,0.1171
2025-03-31,143.124,119.0703,136.8279,109.8347,489.9113,188.5214,0.1221,0.1161
2025-04-01,144.0986,119.9236,137.7268,110.5972,491.9989,190.1506,0.1228,0.1159
2025-04-02,144.1458,120.028,137.8601,110.7849,490.2495,189.2861,0.1226,0.1162
2025-04-03,144.092,120.5338,138.4539,111.9304,473.9046,182.4368,0.1221,0.1156
2025-04-04,139.8233,117.1444,134.531,108.9739,454.5419,175.1553,0.1181,0.1115
2025-04-07,137.9906,116.1087,132.7484,108.0589,433.9186,173.0606,0.1168,0.1103
2025-04-08,136.1711,114.89,131.6831,107.6049,419.0341,163.5847,0.113,0.1104
2025-04-09,140.4166,118.3843,135.4354,110.537,434.675,172.3957,0.1106,0.1058
2025-04-10,138.8333,117.8177,133.4287,109.6601,407.229,175.4878,0.1112,0.1081
2025-04-11,140.2914,118.9253,134.7268,110.5777,415.3123,178.4137,0.1054,0.1113
2025-04-14,142.2384,120.7966,136.6107,112.3602,414.5989,180.7411,0.1064,0.112
2025-04-15,142.0087,120.8815,136.5366,112.6129,405.7147,178.9125,0.1047,0.1119
2025-04-16,140.9891,119.9565,135.8311,112.0002,404.4664,174.7564,0.1031,0.1115
2025-04-17,142.4537,121.0411,137.3142,113.0589,413.3841,175.8203,0.1036,0.1097
2025-04-22,143.3481,121.8942,137.9821,113.6872,413.1968,178.9457,0.1026,0.1095
2025-04-23,145.2732,123.8536,139.8615,115.5816,409.1078,181.0736,0.1019,0.1108
2025-04-24,147.8706,126.3889,142.4017,118.0263,406.8374,183.8998,0.0996,0.1106
2025-04-25,148.0453,126.5047,143.0572,118.5834,408.3221,179.0455,0.0973,0.1104
2025-04-28,148.3497,126.8586,143.326,118.9035,406.3572,179.6772,0.0975,0.1074
2025-04-29,148.4343,126.879,143.4815,118.9848,408.1395,179.0122,0.0969,0.1076
2025-04-30,148.4057,127.0912,143.7639,119.5021,400.9992,175.7538,0.0973,0.1071
2025-05-02,148.4793,126.8026,143.8628,119.2126,410.7632,175.5543,0.1039,0.1054
2025-05-05,146.6741,125.583,141.8582,117.8662,396.9558,176.0863,0.1059,0.1047
2025-05-06,146.7015,125.3742,141.8752,117.6318,403.3875,176.2193,0.1036,0.1063
2025-05-07,146.5719,125.1707,141.7668,117.445,405.5662,175.8868,0.1052,0.1064
2025-05-08,149.6858,127.9208,145.1876,120.4213,411.6957,175.3548,0.1059,0.1063
2025-05-09,149.9934,128.125,145.4536,120.5759,414.1478,176.053,0.1053,0.1037
2025-05-12,150.0494,127.7964,145.0905,119.8278,424.5969,180.4751,0.1057,0.1039
2025-05-13,152.6865,130.1387,147.6607,122.0553,429.4254,183.4343,0.1083,0.1065
2025-05-14,152.0931,129.6767,147.1046,121.6443,426.5606,182.5366,0.1077,0.1064
2025-05-15,153.0941,130.624,148.0126,122.4883,426.8015,184.3653,0.1074,0.1063
2025-05-16,152.9326,130.4336,147.8251,122.2735,427.7899,184.4983,0.1068,0.1067
2025-05-19,153.4259,130.9332,148.4069,122.8505,427.015,183.9995,0.1072,0.1069
2025-05-20,153.9467,131.3725,148.9673,123.3153,428.6063,184.0328,0.1066,0.1063
2025-05-21,151.4976,129.1915,146.543,121.2055,424.2739,181.6721,0.1067,0.1059
2025-05-22,150.8296,128.7591,145.9508,120.8679,418.6522,180.3089,0.1073,0.1063
2025-05-23,151.435,129.3078,146.5773,121.4252,419.4621,180.6082,0.1063,0.1059
2025-05-26,151.7778,129.6624,147.0472,121.8959,418.7186,179.5774,0.1061,0.1057
2025-05-27,153.3215,131.0108,148.7724,123.3829,422.1708,179.0122,0.1057,0.1049
2025-05-28,152.6041,130.4326,148.133,122.8961,419.2433,177.5825,0.1055,0.1035
2025-05-29,152.2151,130.1237,147.6992,122.5551,417.5309,177.7155,0.1053,0.1032
2025-05-30,150.5593,128.7226,146.3378,121.4678,412.5955,173.2269,0.1051,0.1035
2025-06-02,150.2956,128.3997,145.9056,120.9859,414.5332,174.7564,0.105,0.102
2025-06-03,151.1295,129.1537,146.8178,121.798,415.7006,174.6566,0.1057,0.1031
2025-06-04,150.5318,129.0007,146.0937,121.5631,403.9993,175.4546,0.1028,0.1028
2025-06-05,149.6902,128.2278,145.1376,120.6978,403.1922,175.92,0.1003,0.1037
2025-06-06,149.5429,127.9285,144.9557,120.3581,407.6615,176.1528,0.1006,0.1046
2025-06-09,149.1001,127.7,144.3893,120.0328,401.8487,177.1835,0.0942,0.097
2025-06-10,149.9099,128.0343,145.1527,120.2868,415.0045,178.3805,0.0934,0.0981
2025-06-11,150.6702,128.3225,146.1075,120.7188,428.1481,176.8178,0.0959,0.0982
2025-06-12,151.4086,128.6744,147.0038,121.1858,438.6819,175.6541,0.0987,0.0971
2025-06-13,150.7636,127.7302,146.5179,120.3821,448.8765,173.3266,0.1007,0.096
2025-06-16,153.0084,129.9482,148.426,122.2543,445.9462,178.979,0.1036,0.0953
2025-06-17,152.5513,129.1337,148.6656,122.0738,457.3004,170.9327,0.1034,0.0988
2025-06-18,152.4162,129.0491,148.5715,122.0321,456.0094,170.3675,0.1063,0.0946
2025-06-20,150.6571,127.3795,147.077,120.6381,456.11,165.9786,0.1061,0.0944
2025-06-23,150.0363,127.1953,146.2175,120.2654,444.1245,168.0733,0.1077,0.0933
2025-06-24,150.7109,128.1373,146.9471,121.2647,435.1565,168.0401,0.1054,0.095
2025-06-25,149.1748,126.755,145.2994,119.8061,432.8026,167.8406,0.1107,0.1018
2025-06-26,150.6549,128.0471,146.4052,120.7156,436.1538,172.8944,0.1112,0.1027
2025-06-27,150.3824,127.942,145.8227,120.3334,431.9137,175.7871,0.111,0.1048
2025-06-30,152.5678,129.9249,148.2684,122.5217,434.8199,175.0556,0.1101,0.107
2025-07-01,153.3303,130.5941,148.8622,123.0166,436.4514,177.4163,0.1093,0.1048
2025-07-02,152.7831,129.7647,147.628,121.5274,444.7948,183.8665,0.1093,0.1058
2025-07-03,154.8455,131.673,149.9528,123.6479,446.5307,183.0021,0.1117,0.11
2025-07-04,155.4498,132.2551,150.5561,124.2204,446.4128,183.5341,0.1107,0.108
2025-07-07,153.2655,130.2302,148.4519,122.3076,444.6674,180.8409,0.1104,0.1081
2025-07-08,153.06,129.7268,148.1661,121.7104,453.0296,181.4726,0.1114,0.1079
2025-07-09,151.0581,127.9724,146.1708,120.0029,448.6755,179.6772,0.1136,0.1084
2025-07-10,150.2472,127.2095,144.8812,118.8022,448.3352,183.8,0.114,0.1087
2025-07-11,149.6363,126.4814,143.9804,117.8002,452.2561,186.194,0.1146,0.1118
2025-07-14,148.6606,125.7504,143.1323,117.2177,446.7533,184.066,0.116,0.1138
2025-07-15,148.6068,125.8507,143.5523,117.7754,442.6178,179.2449,0.1154,0.1132
2025-07-16,148.8936,126.2306,143.702,118.0292,439.741,180.8742,0.1143,0.1103
2025-07-17,148.9529,126.4294,143.7994,118.2728,435.8696,180.5417,0.1134,0.1111
2025-07-18,146.5543,124.3779,141.1094,115.9991,429.2783,181.4061,0.1123,0.1108
2025-07-21,147.4168,125.1673,141.5541,116.38,430.2395,186.3602,0.1125,0.1132
2025-07-22,147.2729,124.8724,140.9193,115.6143,434.5224,191.1813,0.1121,0.1156
2025-07-23,148.7364,125.9339,142.5347,116.7738,443.729,190.9153,0.1133,0.1187
2025-07-24,147.0224,124.3022,140.9674,115.3061,443.5294,187.9562,0.1145,0.1174
2025-07-25,146.7103,123.9611,140.9026,115.1994,444.693,185.1965,0.1158,0.1169
2025-07-28,145.1776,122.4873,139.4167,113.7917,444.9155,183.4011,0.1164,0.1154
2025-07-29,145.8335,122.879,140.2411,114.3161,451.3298,182.2706,0.1177,0.1155
2025-07-30,147.2223,124.0311,142.0725,115.8524,456.1195,179.0122,0.1189,0.1143
2025-07-31,146.2126,123.143,141.1016,115.0211,454.0108,177.7487,0.119,0.1112
2025-08-01,145.516,122.7039,140.2496,114.4616,447.8284,178.713,0.1193,0.1112
2025-08-04,146.1027,123.303,140.7446,114.9684,446.7921,180.1427,0.1182,0.1123
2025-08-05,146.3005,123.3933,140.9825,115.0867,449.4826,179.9099,0.1175,0.1128
2025-08-06,147.8245,124.854,142.7495,116.7538,449.3914,178.7795,0.118,0.1125
2025-08-07,150.011,126.8429,144.9948,118.7587,452.1703,180.0762,0.1168,0.1106
2025-08-08,149.3353,127.341,143.8554,118.9091,421.0206,184.1658,0.1158,0.1097
2025-08-11,149.0166,126.9504,143.5292,118.5102,423.3585,183.9663,0.1083,0.1128
2025-08-12,151.5339,129.3014,146.0712,120.8435,424.9014,185.8947,0.1094,0.1132
2025-08-13,150.1857,128.1119,144.5811,119.5471,422.1842,186.1542,0.108,0.1125
2025-08-14,149.822,127.9416,144.4093,119.5747,417.3745,183.8483,0.1086,0.1102
2025-08-15,149.8055,127.9347,144.4246,119.5984,417.1359,183.5042,0.1076,0.1091
2025-08-18,150.8834,128.8585,145.6305,120.6195,420.0489,183.0912,0.1076,0.1089
2025-08-19,147.708,126.0031,142.1809,117.5657,415.0796,183.2289,0.1078,0.1081
2025-08-20,147.9662,126.1433,142.5401,117.7902,417.963,182.4029,0.109,0.1106
2025-08-21,147.7948,125.9638,142.2051,117.4581,418.3785,183.9516,0.1095,0.11
2025-08-22,151.5932,129.1293,145.871,120.4109,431.0645,188.5633,0.1098,0.111
2025-08-25,151.6558,129.1267,145.8955,120.3674,432.7825,189.0107,0.1081,0.1112
2025-08-26,151.3767,128.96,145.4301,120.0363,430.0356,190.6971,0.1085,0.1114
2025-08-27,152.9535,130.3592,147.1472,121.5364,432.9729,190.5938,0.108,0.1126
2025-08-28,154.9785,132.1337,149.333,123.4206,437.3665,190.6626,0.1077,0.1114
2025-08-29,155.3883,132.4211,149.7234,123.6767,440.2298,191.2133,0.1073,0.11
2025-09-01,155.062,132.1161,149.3562,123.3388,440.0593,191.3509,0.106,0.111
2025-09-02,154.194,131.1923,148.4861,122.4201,442.7681,190.6282,0.1061,0.1112
2025-09-03,153.6764,130.8476,147.8545,121.9862,438.6018,191.3509,0.1074,0.1115
2025-09-04,154.9169,132.0008,149.162,123.1812,439.4242,191.7295,0.1068,0.1123
2025-09-05,156.7266,134.0089,150.9518,125.1617,431.4865,193.4847,0.1061,0.1117
2025-09-08,155.7948,133.0309,149.8948,124.0745,434.0063,193.9665,0.103,0.1114
2025-09-09,155.6037,132.7092,149.7448,123.7851,437.9153,193.3815,0.1042,0.1123
2025-09-10,156.4068,133.1459,150.4841,124.1277,447.1389,194.7237,0.1053,0.1121
2025-09-11,157.288,134.0886,151.2912,124.9941,444.2593,196.238,0.107,0.1123
2025-09-12,156.3222,133.2872,150.2511,124.1458,440.9161,196.1691,0.1057,0.1126
2025-09-15,157.7232,134.4502,151.6012,125.2282,445.7505,197.8899,0.1055,0.1132
2025-09-16,158.289,134.9761,152.1472,125.7259,446.1283,198.5782,0.1057,0.1132
2025-09-17,159.9723,136.4749,153.9381,127.2927,449.0944,198.9224,0.1055,0.1132
2025-09-18,159.869,136.5189,153.8631,127.3744,445.099,198.5438,0.105,0.1122
2025-09-19,160.2701,137.1,154.2204,127.9214,439.527,199.3354,0.1042,0.1121
2025-09-22,159.4394,136.1471,153.293,126.8798,444.0364,199.6107,0.1027,0.1123
2025-09-23,160.8854,137.1981,154.9716,128.1051,453.2082,198.475,0.1043,0.1131
2025-09-24,160.959,136.8847,154.9774,127.7013,463.9585,199.2321,0.1055,0.1114
2025-09-25,159.6559,135.8376,153.4569,126.4834,458.4903,200.3334,0.1079,0.1118
2025-09-26,159.8108,136.0593,154.0022,127.0738,456.416,196.4789,0.1075,0.1133
2025-09-29,160.7887,137.2475,154.9982,128.281,449.2496,197.1328,0.107,0.111
2025-09-30,160.6788,137.3491,154.778,128.2945,443.472,198.1652,0.1047,0.1108
2025-10-01,159.8877,136.6263,153.6714,127.2896,442.5802,200.6776,0.1042,0.1123
2025-10-02,158.166,135.1538,151.6705,125.5926,437.8482,202.0198,0.1045,0.1143
2025-10-03,158.4417,135.488,152.0072,125.9846,435.877,201.6412,0.1045,0.1163
2025-10-06,157.7902,134.9879,150.9603,125.1314,432.4988,205.0828,0.1038,0.1158
2025-10-07,155.3158,132.5855,148.5609,122.834,433.6479,202.1919,0.1034,0.1183
2025-10-08,156.1827,133.5294,149.3486,123.6983,430.4078,203.7406,0.1054,0.1185
2025-10-09,155.7025,133.2885,148.8582,123.4699,424.3722,203.4308,0.104,0.1187
2025-10-10,154.573,132.3386,147.7142,122.532,420.8227,202.6049,0.1028,0.1189
2025-10-13,155.785,133.3498,148.7298,123.3306,424.8521,205.6334,0.103,0.1196
2025-10-14,155.6751,133.3137,148.6105,123.292,422.948,205.6334,0.1031,0.1204
2025-10-15,156.687,134.4466,149.3308,124.147,418.3192,209.4536,0.1027,0.1205
2025-10-16,156.2431,134.1621,149.0397,124.0224,414.461,207.5263,0.101,0.1219
2025-10-17,157.5605,135.305,150.5275,125.2976,417.6336,206.9412,0.1003,0.1211
2025-10-20,158.7802,136.4777,151.5889,126.3039,417.394,209.5912,0.1002,0.1198
2025-10-21,158.3143,136.1685,151.1173,126.0057,413.6393,209.2471,0.0994,0.1204
2025-10-22,159.1801,136.7932,151.6892,126.3274,419.2284,212.964,0.0988,0.1205
2025-10-23,160.1119,137.5345,152.7414,127.1577,423.3269,212.551,0.0996,0.122
2025-10-24,160.6074,138.1585,153.2894,127.8339,419.1425,212.4477,0.1,0.121
2025-10-27,161.4831,138.9039,154.2637,128.6525,421.6457,212.2068,0.0987,0.1206
2025-10-28,161.9885,139.3838,154.6283,128.9924,421.7141,214.0653,0.0987,0.1198
2025-10-29,163.3114,140.6484,155.679,129.9815,421.6631,217.9542,0.0985,0.1206
2025-10-30,163.4729,140.8948,155.6907,130.091,419.1089,219.6062,0.0977,0.1218
2025-10-31,164.308,141.763,156.1029,130.5543,417.137,224.5964,0.097,0.1226
2025-11-03,165.3123,142.5612,157.1623,131.3782,421.5784,224.9062,0.0961,0.1247
2025-11-04,165.587,142.7212,157.7093,131.783,424.4069,222.3939,0.0965,0.1241
2025-11-05,168.4327,145.1439,160.4199,134.0158,432.5345,226.214,0.0969,0.1224
2025-11-06,168.4822,145.136,160.552,134.081,434.0611,225.4224,0.0972,0.1226
2025-11-07,169.2788,145.2406,161.6621,134.4233,452.2177,222.9445,0.0975,0.1221
2025-11-10,170.5896,146.3803,162.9384,135.5032,455.3036,224.4244,0.1011,0.1202
2025-11-11,173.3277,148.5743,165.9827,137.9161,466.7748,223.8393,0.1041,0.1237
2025-11-12,173.2002,148.9287,165.5894,138.0567,454.0357,226.3172,0.1051,0.1216
2025-11-13,172.6827,148.3284,165.0571,137.4419,456.8299,226.0075,0.1024,0.123
2025-11-14,173.3167,148.8164,165.8896,138.0996,460.0189,224.6308,0.1033,0.1233
2025-11-17,172.497,147.9694,165.0135,137.2061,461.6657,224.4588,0.1038,0.1223
2025-11-18,171.9795,147.4312,164.5201,136.6935,462.6092,223.7705,0.1121,0.1314
2025-11-19,170.7258,146.2978,163.1661,135.4854,460.6884,223.5296,0.1127,0.1314
2025-11-21,170.0545,145.7983,162.3463,134.8651,457.0021,224.2523,0.113,0.1322
2025-11-24,170.6127,146.3832,162.9877,135.5271,455.871,224.0114,0.1124,0.133
2025-11-25,171.3071,147.2128,163.5574,136.2436,451.9447,225.7666,0.1118,0.1325
2025-11-26,174.2133,150.0607,166.383,138.985,450.9505,229.1393,0.1105,0.1331
2025-11-27,173.9243,149.6661,166.1605,138.6469,453.7964,228.2789,0.1086,0.133
2025-11-28,174.7813,150.8816,166.6941,139.5782,444.2467,231.9614,0.1095,0.1328
2025-12-01,174.2748,150.3274,165.9365,138.7842,445.8407,233.751,0.1067,0.1344
2025-12-02,177.0008,152.8476,168.7248,141.3229,448.6529,235.6783,0.1074,0.1357
2025-12-03,177.7293,153.3805,168.6789,141.0927,452.8702,243.2841,0.1064,0.1348
2025-12-04,180.6971,156.1361,171.4764,143.6423,455.6481,247.5173,0.1072,0.1388
2025-12-05,172.9102,149.3322,163.5485,136.8557,437.8686,241.6666,0.1061,0.1389
2025-12-08,173.8089,150.0078,164.7239,137.7682,442.6176,240.0146,0.1065,0.1418
2025-12-09,173.5826,149.6752,164.4589,137.391,445.4125,240.1523,0.1073,0.1403
2025-12-10,174.7846,150.7949,165.29,138.1388,446.4585,244.5575,0.1083,0.1408
2025-12-11,174.9099,151.2464,165.0626,138.2819,438.4173,247.7926,0.1084,0.1432
2025-12-12,176.6426,152.775,166.8964,139.8746,442.0204,248.4871,0.1059,0.1448
2025-12-15,178.5281,154.5745,168.7991,141.6663,442.6556,250.0082,0.1068,0.1376
2025-12-16,174.2386,150.9546,163.9982,137.6515,429.7438,250.9499,0.1059,0.137
2025-12-17,172.864,149.456,162.1501,135.7021,433.7909,254.137,0.1054,0.141
2025-12-18,173.5189,150.171,162.7977,136.4092,431.8358,254.7889,0.1072,0.1439
2025-12-19,174.1232,150.6682,163.2656,136.7616,433.9615,256.5998,0.1063,0.1437
2025-12-22,173.7595,150.2494,162.0571,135.5323,435.5558,264.0968,0.1071,0.1451
2025-12-23,176.302,152.6245,164.8537,138.1142,437.6898,264.0244,0.1077,0.1497
2025-12-26,176.7866,153.0355,165.2991,138.4772,439.104,264.8212,0.1039,0.1481
2025-12-29,176.3394,152.4429,165.2031,138.2116,443.0464,261.1994,0.1045,0.1488
2025-12-30,177.0371,153.0333,166.0328,138.9128,445.1139,260.6199,0.1057,0.1472
2026-01-02,176.3932,152.5083,165.2287,138.2518,442.6563,262.141,0.0986,0.1129
2026-01-05,177.8557,154.1888,166.5574,139.7912,435.2848,264.8212,0.0986,0.1142
2026-01-06,179.8268,156.3883,167.8324,141.3122,427.0942,274.7809,0.0962,0.1144
2026-01-07,177.971,154.5412,165.7374,139.27,428.8731,276.4107,0.0933,0.1174
2026-01-08,179.028,155.2707,167.0731,140.2324,436.4151,273.7306,0.0947,0.1194
2026-01-09,179.5038,155.7079,167.8294,140.9247,436.923,270.6159,0.0958,0.1175
2026-01-12,179.2621,155.4462,167.5678,140.6475,437.7138,270.6883,0.0957,0.1159
2026-01-13,177.9688,153.7244,166.0206,138.6909,450.4805,272.8976,0.096,0.1161
2026-01-14,181.4552,156.5414,168.6564,140.6255,464.4618,285.8272,0.0995,0.1179
2026-01-15,181.9189,157.1246,169.1673,141.2503,460.7898,285.5737,0.1006,0.1211
2026-01-16,181.075,156.2162,168.2661,140.299,463.4159,285.6823,0.0996,0.1207
2026-01-19,181.1289,156.188,168.4143,140.3556,465.5343,284.5596,0.1006,0.1213
2026-01-20,182.6979,157.5929,169.629,141.3954,468.1896,290.0284,0.101,0.1208
2026-01-21,188.785,162.7309,175.3537,146.0583,486.7747,298.793,0.1007,0.122
2026-01-22,192.9295,166.6052,179.5953,149.9472,489.4581,300.5314,0.1014,0.1217
2026-01-23,196.5224,169.2785,182.7943,152.1567,509.9625,307.9198,0.0997,0.1198
2026-01-26,196.3708,169.0031,183.2082,152.4115,513.4075,300.8574,0.102,0.1205
2026-01-27,199.8846,171.9018,186.3853,154.9133,525.92,307.4852,0.1028,0.1178
2026-01-28,202.9304,174.1961,188.9967,156.721,542.5549,314.9821,0.1034,0.1183
2026-01-29,201.2196,172.3847,187.0579,154.7186,547.0734,316.5757,0.1051,0.1193
2026-01-30,199.2748,170.4809,185.9112,153.599,548.0902,305.3846,0.1069,0.121
2026-02-02,200.8449,172.3236,187.4244,155.3733,539.1646,307.1954,0.1081,0.1178
2026-02-03,204.0105,175.147,189.5441,157.148,544.8137,322.298,0.1055,0.1176
2026-02-04,199.6528,171.0352,184.806,152.7573,543.0057,323.8916,0.105,0.1215
2026-02-05,200.1132,171.7643,186.1705,154.3408,535.3799,313.0988,0.1069,0.1247
2026-02-06,201.0174,172.8309,187.3684,155.6755,530.0983,310.129,0.1052,0.1203
2026-02-09,204.6335,175.9171,190.6977,158.4135,540.2379,316.2135,0.1037,0.1186
2026-02-10,204.2906,175.5361,190.4117,158.09,541.6223,315.2719,0.1038,0.1188
2026-02-11,208.433,179.0206,193.8971,160.8643,554.5871,326.2819,0.1042,0.1187
2026-02-12,206.3091,177.5638,191.9043,159.5905,539.1939,323.1673,0.1046,0.1204
2026-02-13,204.8785,176.281,191.0393,158.8689,536.8218,315.1995,0.1028,0.1205
2026-02-18,204.3862,175.6191,191.4353,159.0448,541.8495,303.9359,0.1031,0.1184
2026-02-19,207.1529,177.851,194.497,161.4897,553.0349,302.2699,0.1043,0.1144
2026-02-20,209.3504,179.9613,195.8277,162.7453,552.9773,314.4027,0.105,0.1131
2026-02-23,207.5045,177.8216,193.7045,160.3629,562.7499,316.5033,0.1039,0.1156
2026-02-24,210.4008,180.0842,196.6675,162.6175,576.4194,317.7347,0.1067,0.1174
2026-02-25,210.1349,179.8035,195.7259,161.7042,577.0976,325.8474,0.1078,0.1162
2026-02-26,209.8679,179.5474,195.6675,161.6493,577.0973,323.0948,0.1081,0.1193
2026-02-27,207.4309,177.3032,193.3081,159.5247,574.6126,320.4147,0.1082,0.1185
2026-03-02,208.0022,176.8534,194.0038,159.1437,601.0486,319.292,0.109,0.1189
2026-03-03,201.1878,170.4439,187.8814,153.5107,597.659,305.9641,0.1137,0.1182
2026-03-04,203.672,173.0394,190.624,156.3139,592.039,304.5515,0.1169,0.1171
2026-03-05,198.2859,167.8307,185.7528,151.6833,593.1396,294.4107,0.1144,0.1151
2026-03-06,197.0784,165.8159,185.1922,150.2661,615.8197,285.6099,0.1177,0.1143
2026-03-09,198.7815,166.9232,186.8755,151.3048,629.7712,287.0586,0.1229,0.1116
2026-03-10,201.5635,169.6849,189.4347,153.8113,627.3145,291.7668,0.1247,0.1112
2026-03-11,202.1371,169.1506,190.2507,153.4536,656.0387,289.1954,0.1225,0.1114
2026-03-12,196.9905,163.9976,184.9871,148.2727,661.7453,286.9861,0.1277,0.1101
2026-03-13,195.1973,162.4405,183.3677,146.917,657.4243,283.5817,0.1322,0.1122
2026-03-16,197.6388,164.2442,185.7908,148.6398,671.6857,285.5374,0.1326,0.1118
2026-03-17,198.2266,164.5125,186.3771,148.8851,679.5383,285.9721,0.1333,0.1112
2026-03-18,197.3806,163.3104,186.0219,148.1452,689.876,279.3443,0.1349,0.1111
2026-03-19,198.0739,164.0588,186.9027,149.0611,687.6735,277.5334,0.1376,0.109
2026-03-20,193.6217,160.405,182.5122,145.5673,671.3205,273.622,0.1367,0.1079
2026-03-23,199.8989,166.2403,188.5796,151.0876,676.2912,280.6481,0.1366,0.1089
2026-03-24,200.5329,166.1801,189.0701,150.8555,693.9714,282.8574,0.1333,0.1082
2026-03-25,203.7358,169.1178,192.0301,153.503,697.5584,288.1089,0.1364,0.1087
2026-03-26,200.779,165.8724,189.0913,150.3106,708.349,285.791,0.1349,0.109
2026-03-27,199.4869,163.9884,187.6978,148.3289,725.3782,286.1169,0.1391,0.1097
2026-03-30,200.5384,164.8393,188.6625,149.0735,729.5584,287.9278,0.1434,0.1106
2026-03-31,205.975,170.5354,193.5334,154.1599,716.9063,298.7206,0.1435,0.1107
2026-04-01,206.5145,171.8933,193.9505,155.4255,694.7054,300.6039,0.1373,0.1119
2026-04-02,206.6233,171.4973,193.903,154.861,707.9242,302.5958,0.1327,0.1123
2026-04-06,206.7442,171.2295,194.1669,154.7109,718.0629,300.9298,0.1352,0.113
2026-04-07,206.8507,171.5017,194.1023,154.8266,713.5731,303.1029,0.137,0.1123
2026-04-08,211.182,176.7761,198.1229,159.776,684.0861,309.9841,0.1362,0.1131
2026-04-09,214.3992,179.1288,201.7932,162.4709,703.4896,306.7246,0.1279,0.1133
2026-04-10,216.811,180.8005,204.0787,163.9566,720.4641,309.9841,0.1295,0.1104
2026-04-13,217.5548,181.0683,204.3421,163.7413,732.242,316.3946,0.1312,0.1104
2026-04-14,218.2756,182.8921,204.8267,165.3739,702.3595,319.7991,0.1328,0.1123
2026-04-15,217.2659,182.459,203.7169,164.885,688.2097,320.3061,0.127,0.1131
2026-04-16,216.2561,180.485,202.9444,163.1132,714.7311,316.6844,0.125,0.1138
2026-04-17,215.0639,180.7083,200.9996,162.7012,678.6352,325.0506,0.1305,0.1131
2026-04-20,215.5013,180.6722,201.7641,162.948,690.6671,321.3564,0.1246,0.1167
2026-04-22,211.938,176.838,198.4407,159.3859,701.598,315.8876,0.1265,0.1151
2026-04-23,210.2778,174.8414,197.0539,157.6604,712.2341,311.3604,0.1307,0.1151
2026-04-24,209.5823,174.4799,196.3475,157.3128,704.0763,310.9983,0.1321,0.1145
2026-04-27,208.3011,173.1466,195.1013,156.0309,706.91,309.6582,0.131,0.1147
2026-04-28,207.2463,172.0065,194.314,155.156,710.3744,305.6381,0.1324,0.115
2026-04-29,202.9952,167.1141,191.2823,151.4535,732.3018,287.7105,0.1337,0.114
2026-04-30,205.8168,169.7339,193.7459,153.684,734.8213,294.0123,0.1452,0.1131
2026-05-04,203.9292,167.9323,192.4933,152.5078,735.1729,284.8856,0.13,0.1101
2026-05-05,205.1971,169.4846,193.9144,154.1911,725.0321,283.9077,0.1313,0.1077
2026-05-06,206.2267,171.2582,194.1644,155.2504,701.9411,294.1934,0.1287,0.1067
2026-05-07,201.3119,167.1084,189.3079,151.2665,687.1951,289.9922,0.124,0.11
2026-05-08,202.2898,168.2908,190.1268,152.292,679.8013,292.6361,0.1244,0.1111
2026-05-11,199.8736,165.6319,186.7775,148.7975,690.4645,302.2336,0.1224,0.1125
2026-05-12,198.1519,164.3463,185.0153,147.5197,680.4307,301.5093,0.1259,0.1166
2026-05-13,194.5875,161.5417,180.9345,144.324,663.8011,305.3121,0.1251,0.1173
2026-05-14,195.9807,162.6534,182.8308,145.869,669.8533,300.133,0.1243,0.121
2026-05-15,194.7919,161.1917,181.387,144.1807,679.5384,302.4147,0.1246,0.1181
2026-05-18,194.4535,160.3258,181.5225,143.7416,695.3144,296.3664,0.1271,0.1197
2026-05-19,191.4901,157.6522,178.6271,141.1922,691.3855,293.4328,0.1303,0.1176
2026-05-20,194.871,161.6833,181.914,145.1022,667.4838,296.9821,0.1316,0.1182
2026-05-21,195.194,161.77,182.0695,145.019,673.8384,299.2638,0.1248,0.1176
2026-05-22,193.6118,160.4504,180.2568,143.522,668.6165,300.966,0.1258,0.1183
2026-05-25,194.8743,162.2489,181.4476,145.2519,651.2065,302.7407,0.1259,0.1199
2026-05-26,194.0283,161.4004,180.7061,144.515,652.5592,300.8574,0.1215,0.1196
2026-05-27,193.0998,160.8576,179.6115,143.8478,642.7981,302.2336,0.1226,0.1197
2026-05-28,192.3516,160.3445,178.6692,143.1758,637.1172,304.0807,0.1214,0.1208
2026-05-29,190.9506,159.3207,177.5242,142.4276,628.3109,299.9519,0.1208,0.122
2026-06-01,189.2036,157.4398,176.0071,140.7851,634.8082,295.8956,0.12,0.1212
2026-06-02,191.4011,159.5853,177.3561,142.1029,633.013,307.8473,0.1223,0.1207
2026-06-03,187.1522,155.7577,173.8111,139.0164,627.3402,296.2216,0.1189,0.1243
2026-06-05,185.7107,154.5528,173.2012,138.616,622.659,285.0304,0.1205,0.1224
2026-06-08,185.3261,154.0244,172.9809,138.2413,627.4924,282.7487,0.1205,0.1187
2026-06-09,186.5831,155.217,174.1836,139.3596,627.4009,284.3061,0.1217,0.118
2026-06-10,185.2712,153.7012,173.0324,138.0078,635.4665,281.4087,0.1209,0.1178
2026-06-11,188.4334,156.6589,176.0527,140.7721,636.4861,285.3926,0.1233,0.1174
2026-06-12,188.0334,156.5745,175.5198,140.5829,627.8432,286.7326,0.1215,0.1171
2026-06-15,187.2445,156.9398,174.0952,140.4149,595.1657,293.9399,0.1201,0.1179
2026-06-16,186.4029,156.3868,173.1202,139.7633,588.0425,294.954,0.115,0.1222
2026-06-17,185.0899,155.1755,172.2251,138.9659,587.1015,288.9419,0.1142,0.1232
2026-06-18,184.8965,154.889,171.9725,138.6242,590.118,289.5214,0.1148,0.1215
2026-06-19,185.2239,155.1802,172.0775,138.7021,590.6674,292.455,0.1155,0.1219
2026-06-22,187.1951,156.8733,174.1181,140.4158,595.7415,293.0344,0.1157,0.1232
2026-06-23,188.1719,157.6877,175.6101,141.6858,598.9723,287.4932,0.1153,0.1219
2026-06-24,187.3456,157.4517,175.2282,141.8989,583.0498,281.5173,0.1154,0.1191
2026-06-25,188.9751,158.9504,176.6763,143.1967,584.358,284.8856,0.1128,0.1172
2026-06-26,190.409,160.5237,178.3482,144.9723,578.1036,283.0384,0.1122,0.1176
2026-06-29,190.3101,160.3932,178.2495,144.8423,579.1767,282.966,0.1101,0.116
2026-06-30,189.0124,159.3672,176.9494,143.8463,573.2602,282.0606,0.1104,0.116
2026-07-01,188.6444,159.044,176.5324,143.4857,572.5165,282.3865,0.11,0.1164
2026-07-02,189.8519,160.0548,177.731,144.4603,576.3924,283.3644,0.1101,0.1168
2026-07-03,191.4758,161.4474,179.2721,145.7397,580.6399,285.5374,0.1102,0.1165
2026-07-06,189.4783,159.8068,177.4701,144.328,573.3137,281.7346,0.1102,0.1165
2026-07-07,189.0091,158.9499,177.4495,143.8806,585.296,275.9761,0.1099,0.1161
2026-07-08,187.5071,156.9184,176.9071,142.7451,602.9691,263.3,0.1125,0.1141
2026-07-09,189.8013,159.3463,179.2034,145.1416,595.5879,264.9298,0.1168,0.1097
2026-07-10,195.4314,164.4218,184.8607,150.1265,603.117,268.6602,0.114,0.109
2026-07-13,193.0943,161.6117,182.7828,147.578,620.4242,263.8433,0.1121,0.1074
2026-07-14,194.0854,162.5898,183.4853,148.271,619.2903,268.0445,0.1167,0.1067
2026-07-15,193.3932,161.9488,182.6019,147.4661,618.8566,269.8554,0.1159,0.1079
2026-07-16,190.9913,160.058,180.5152,145.928,607.6674,264.3141,0.1162,0.1089
2026-07-17,190.8693,159.4065,180.398,145.2625,623.2492,264.1692,0.1155,0.108
2026-07-20,190.4925,158.9133,180.3013,145.0313,627.2066,260.5113,0.1185,0.1081
2026-07-21,190.443,158.584,180.117,144.5669,635.4158,262.1049,0.1195,0.1068
2026-07-22,195.082,162.4819,184.2152,147.8561,649.8766,271.9922,0.1211,0.1073
2026-07-23,194.1766,161.3648,183.0821,146.5344,657.4156,274.0928,0.1209,0.1089
2026-07-24,191.2297,159.015,180.0913,144.2164,644.5559,272.4992,0.1229,0.1102
2026-07-27,192.6504,161.0165,181.4618,146.1699,625.5012,274.129,0.1224,0.1113
2026-07-28,194.0019,162.1674,182.894,147.3653,629.2685,274.129,0.1179,0.1111
2026-07-29,191.0572,158.9283,179.9654,144.1791,642.3182,271.8111,0.1178,0.1104
2026-07-30,194.6546,161.8796,183.4657,146.9549,655.6073,275.5777,0.1221,0.1111
2026-07-31,195.5775,162.477,184.3867,147.5226,663.6586,276.2658,0.1223,0.1106
2026-08-03,195.5786,162.673,184.8794,148.1827,657.9929,270.3262,0.1232,0.1103
2026-08-04,195.4632,162.8273,184.2566,147.878,650.3317,276.3745,0.1222,0.108
2026-08-05,195.2775,163.0117,183.9549,147.972,639.8633,277.6421,0.1208,0.1104
2026-08-06,192.8823,160.6479,181.7973,145.8705,642.5955,273.0425,0.119,0.1111
2026-08-07,189.5497,158.1865,178.3916,143.4308,622.3661,271.5213,0.121,0.1106
2026-08-10,189.1838,157.1264,177.7158,142.0618,643.0742,274.9982,0.1194,0.112
2026-08-11,184.4537,152.9502,173.1618,138.15,634.1833,269.457,0.1235,0.1136
2026-08-12,184.0318,152.6563,172.4646,137.6125,631.1076,272.4756,0.125,0.1142
2026-08-13,183.6033,152.0291,172.3959,137.3199,637.5014,267.7097,0.125,0.1129
2026-08-14,183.4198,151.7743,172.382,137.2234,639.8405,265.4757,0.1266,0.1112
2026-08-17,183.255,151.3832,172.1749,136.7879,646.6387,265.8852,0.1271,0.1104
2026-08-18,182.7616,150.8599,171.6117,136.2073,648.2469,266.4065,0.1286,0.1106
2026-08-19,184.4043,152.142,173.1731,137.3727,656.2096,268.566,0.1293,0.1111
2026-08-20,184.5108,151.6205,172.7188,136.3065,674.2277,275.6032,0.1297,0.111
2026-08-21,187.9225,154.8734,176.02,139.3919,673.6883,279.3638,0.1332,0.1139
2026-08-24,188.8839,156.2607,176.4058,140.2427,659.9203,287.1828,0.1307,0.1134
2026-08-25,191.8176,159.4501,179.0336,143.1063,647.4371,293.0285,0.1241,0.1164
2026-08-26,191.8275,159.4343,179.1194,143.1597,648.1842,292.0977,0.1199,0.117
2026-08-27,192.4307,159.3489,179.5581,142.8873,667.7055,294.5551,0.1201,0.1166
2026-08-28,193.013,159.4532,180.3333,143.143,680.988,292.5817,0.1233,0.1172
2026-08-31,194.9402,160.4321,182.5903,144.3596,706.0634,289.8637,0.1254,0.1161
2026-09-01,197.4718,161.845,185.1329,145.6976,735.1497,291.5392,0.129,0.1153
2026-09-02,203.4951,166.8914,190.7457,150.224,754.3149,300.8476,0.1327,0.1145
2026-09-03,203.4765,167.256,191.4442,151.2669,742.9628,292.0977,0.1321,0.1146
2026-09-04,203.4314,167.4633,191.3445,151.4338,735.5441,292.7307,0.1301,0.1113
2026-09-08,205.8707,169.2262,193.8047,153.149,751.6395,294.22,0.1289,0.1116
2026-09-09,203.961,167.2326,191.7584,151.0586,757.2515,294.5179,0.1301,0.1108
2026-09-10,206.8617,169.5736,195.0955,153.7328,769.1315,291.2785,0.1323,0.112
2026-09-11,205.6949,168.5317,193.8692,152.6607,767.3249,291.1668,0.1325,0.1092
2026-09-14,203.8204,166.8335,192.7162,151.6692,765.1547,281.0393,0.133,0.1098
2026-09-15,204.9213,167.025,194.1509,152.1169,790.3561,277.7627,0.1338,0.1069
2026-09-16,203.872,167.0481,193.5291,152.5937,760.2315,271.8054,0.1375,0.1051
2026-09-17,204.3599,167.4915,193.5839,152.6261,760.7559,277.4276,0.1329,0.1034
2026-09-18,203.5215,166.8418,193.0449,152.2749,756.5247,273.183,0.1327,0.1053
2026-09-21,205.0235,168.5201,194.8858,154.2477,748.8361,270.1299,0.1325,0.1041
2026-09-22,205.9322,169.2067,195.7622,154.8806,753.9445,271.1724,0.1302,0.1022
2026-09-23,204.1643,166.8765,194.3033,152.8459,773.5147,266.1459,0.1306,0.1022
2026-09-24,202.1338,165.1536,192.4043,151.291,767.6985,263.0927,0.1352,0.1012
2026-09-25,201.5965,165.23,191.8017,151.3392,750.3728,263.5023,0.1355,0.101
2026-09-28,201.0625,164.3379,191.1169,150.3033,761.8769,264.9544,0.1327,0.1015
2026-09-29,201.9822,165.0739,192.5652,151.5061,765.8275,259.1832,0.1352,0.1023
2026-09-30,204.7422,167.7105,195.396,154.1562,765.002,260.3002,0.1353,0.0996
2026-10-01,205.685,168.133,196.2504,154.4612,778.8911,262.0501,0.1334,0.0987
2026-10-02,211.0875,172.5401,201.4445,158.5453,799.6201,268.4543,0.1348,0.0988
2026-10-05,227.3458,185.8532,218.8748,172.5544,860.5025,265.848,0.1352,0.0988
2026-10-06,226.1625,185.4355,217.9371,172.4131,839.7314,262.0129,0.1351,0.0908
2026-10-07,224.4781,183.5428,216.6495,170.9089,848.6436,255.9811,0.1325,0.09
2026-10-08,226.5855,184.8184,219.2209,172.547,869.8735,251.8481,0.1349,0.0886
2026-10-09,229.1791,186.8399,222.0133,174.6865,882.6188,251.2896,0.137,0.0863
