data,spread_exdist,spread_mediana,spread_p25,spread_p75,spread_bruto,duration_pond,n_ativos,n_distressed,peso_distressed_pct,indice
2017-08-01,0.7349,0.8046,0.528,1.0625,0.7349,2.1376,48,0,0.0,1.0003
2017-08-02,0.7291,0.7492,0.528,1.0625,0.7291,2.1342,48,0,0.0,1.0007
2017-08-03,0.7353,0.7571,0.528,1.1,0.7353,2.131,48,0,0.0,1.001
2017-08-04,0.7217,0.7484,0.528,1.05,0.7217,2.127,48,0,0.0,1.0016
2017-08-07,0.7331,0.7615,0.528,1.0691,0.7331,2.1228,48,0,0.0,1.0018
2017-08-08,0.7228,0.7841,0.5241,1.0125,0.7228,2.1365,48,0,0.0,1.0024
2017-08-09,0.7281,0.7902,0.5274,1.0625,0.7281,2.1323,48,0,0.0,1.0027
2017-08-10,0.7321,0.7932,0.5315,1.0125,0.7321,2.1281,48,0,0.0,1.0031
2017-08-11,0.7291,0.792,0.5299,1.0125,0.7291,2.124,48,0,0.0,1.0035
2017-08-14,0.7353,0.8,0.5299,1.107,0.7353,2.1198,48,0,0.0,1.0038
2017-08-15,0.7379,0.8,0.5295,1.1125,0.7379,2.129,48,0,0.0,1.0041
2017-08-16,0.7446,0.8,0.5628,1.1125,0.7446,2.1248,48,0,0.0,1.0043
2017-08-17,0.748,0.7962,0.5654,1.0625,0.748,2.1207,48,0,0.0,1.0047
2017-08-18,0.7444,0.7928,0.5617,1.0625,0.7444,2.1165,48,0,0.0,1.0051
2017-08-21,0.7551,0.7958,0.5628,1.0125,0.7551,2.1124,48,0,0.0,1.0054
2017-08-22,0.7523,0.7945,0.5537,1.0125,0.7523,2.1084,48,0,0.0,1.0058
2017-08-23,0.7576,0.7894,0.5559,1.0125,0.7576,2.1042,48,0,0.0,1.0061
2017-08-24,0.7477,0.7856,0.5427,1.0,0.7477,2.1001,48,0,0.0,1.0065
2017-08-25,0.7491,0.7823,0.5401,1.0,0.7491,2.0959,48,0,0.0,1.0069
2017-08-28,0.7562,0.7828,0.5406,0.925,0.7562,2.0917,48,0,0.0,1.0071
2017-08-29,0.7428,0.7604,0.5476,1.0,0.7428,2.0877,48,0,0.0,1.0078
2017-08-30,0.742,0.7688,0.5465,1.0,0.742,2.0836,48,0,0.0,1.0081
2017-08-31,0.7427,0.75,0.5212,1.0,0.7427,2.0794,48,0,0.0,1.0086
2017-09-01,0.7375,0.759,0.4987,1.0,0.7375,2.0701,48,0,0.0,1.0092
2017-09-04,0.7374,0.759,0.4987,1.0,0.7374,2.066,48,0,0.0,1.0096
2017-09-05,0.7343,0.7551,0.4987,1.0,0.7343,2.0619,48,0,0.0,1.01
2017-09-06,0.7301,0.7472,0.4987,1.0,0.7301,2.0577,48,0,0.0,1.0104
2017-09-08,0.74,0.775,0.5,1.0,0.74,2.0535,48,0,0.0,1.0105
2017-09-11,0.7402,0.775,0.4987,1.0,0.7402,2.0537,48,0,0.0,1.0109
2017-09-12,0.7404,0.775,0.5362,1.0,0.7404,2.0496,48,0,0.0,1.0113
2017-09-13,0.7399,0.775,0.5362,1.0,0.7399,2.0466,48,0,0.0,1.0116
2017-09-14,0.7411,0.7906,0.5362,1.0144,0.7411,2.0425,48,0,0.0,1.0119
2017-09-15,0.7255,0.763,0.5362,1.0,0.7255,2.0618,48,0,0.0,1.0125
2017-09-18,0.7346,0.7743,0.5362,1.0,0.7346,2.0576,48,0,0.0,1.0127
2017-09-19,0.7281,0.7715,0.5362,1.0,0.7281,2.0536,48,0,0.0,1.0131
2017-09-20,0.7115,0.7318,0.4905,1.0,0.7115,2.0497,48,0,0.0,1.0139
2017-09-21,0.7218,0.7462,0.5021,1.0,0.7218,2.0455,48,0,0.0,1.0138
2017-09-22,0.7146,0.7301,0.4905,1.0,0.7146,2.0415,48,0,0.0,1.0144
2017-09-25,0.714,0.7301,0.4905,1.0,0.714,2.0469,48,0,0.0,1.0148
2017-09-26,0.7111,0.7301,0.4905,1.0,0.7111,2.0428,48,0,0.0,1.0152
2017-09-27,0.7132,0.7301,0.4905,1.0,0.7132,2.0388,48,0,0.0,1.0155
2017-09-28,0.7136,0.7457,0.4905,1.0,0.7136,2.0347,48,0,0.0,1.0159
2017-09-29,0.7156,0.7301,0.5,1.0,0.7156,2.0306,48,0,0.0,1.0161
2017-10-02,0.6986,0.7301,0.4905,1.0,0.6986,2.0607,48,0,0.0,1.0165
2017-10-03,0.7146,0.7457,0.5075,1.0,0.7146,2.0565,48,0,0.0,1.0164
2017-10-04,0.7014,0.7301,0.4905,0.9625,0.7014,2.0526,48,0,0.0,1.0172
2017-10-05,0.7054,0.7308,0.4905,0.9625,0.7054,2.0485,48,0,0.0,1.0175
2017-10-06,0.7018,0.7308,0.4905,0.9625,0.7018,2.0444,48,0,0.0,1.0179
2017-10-09,0.7056,0.7308,0.4905,0.9625,0.7056,2.0451,48,0,0.0,1.0182
2017-10-10,0.7026,0.7301,0.4905,0.9625,0.7026,2.041,48,0,0.0,1.0186
2017-10-11,0.7034,0.7301,0.4905,0.9625,0.7034,2.0369,48,0,0.0,1.0189
2017-10-13,0.7061,0.7301,0.5,0.9625,0.7061,2.0328,48,0,0.0,1.0192
2017-10-16,0.7015,0.7301,0.4905,0.9659,0.7015,2.0618,48,0,0.0,1.0196
2017-10-17,0.7038,0.7301,0.4987,0.9625,0.7038,2.0576,48,0,0.0,1.0198
2017-10-18,0.7034,0.7301,0.4987,0.9625,0.7034,2.0535,48,0,0.0,1.0202
2017-10-19,0.7014,0.7301,0.5379,0.9625,0.7014,2.051,48,0,0.0,1.0205
2017-10-20,0.7025,0.7057,0.5,0.9594,0.7025,2.0492,48,0,0.0,1.0208
2017-10-23,0.7051,0.7067,0.4905,0.9605,0.7051,2.0451,48,0,0.0,1.0211
2017-10-24,0.7064,0.7071,0.4905,0.9614,0.7064,2.041,48,0,0.0,1.0214
2017-10-25,0.6937,0.7057,0.4905,0.9597,0.6937,2.037,48,0,0.0,1.022
2017-10-26,0.6981,0.7116,0.4905,0.9625,0.6981,2.033,48,0,0.0,1.0224
2017-10-27,0.708,0.7085,0.5,0.9625,0.708,2.0289,48,0,0.0,1.0225
2017-10-30,0.6975,0.7106,0.4905,0.9625,0.6975,2.0249,48,0,0.0,1.023
2017-10-31,0.6949,0.7073,0.4905,0.9625,0.6949,2.0209,48,0,0.0,1.0234
2017-11-01,0.663,0.742,0.5,1.0044,0.663,2.0199,56,0,0.0,1.0236
2017-11-03,0.679,0.7797,0.5,1.0074,0.679,2.0157,56,0,0.0,1.0236
2017-11-06,0.6674,0.7445,0.4866,1.0053,0.6674,2.0118,56,0,0.0,1.0242
2017-11-07,0.6687,0.747,0.4866,1.0065,0.6687,2.0078,56,0,0.0,1.0245
2017-11-08,0.6643,0.7421,0.4866,1.0044,0.6643,2.0038,56,0,0.0,1.0248
2017-11-09,0.664,0.7457,0.4912,1.0059,0.664,1.9998,56,0,0.0,1.0252
2017-11-10,0.6721,0.7494,0.4912,1.0082,0.6721,1.9958,56,0,0.0,1.0254
2017-11-13,0.668,0.7495,0.4912,1.0085,0.668,1.993,56,0,0.0,1.0258
2017-11-14,0.6706,0.7821,0.4912,1.01,0.6706,1.989,56,0,0.0,1.0261
2017-11-16,0.6741,0.7578,0.4912,1.0079,0.6741,1.9861,56,0,0.0,1.0263
2017-11-17,0.6677,0.751,0.4939,1.005,0.6677,1.9821,56,0,0.0,1.0266
2017-11-20,0.6677,0.751,0.4939,1.005,0.6677,1.9982,56,0,0.0,1.027
2017-11-21,0.6631,0.7483,0.4931,1.0039,0.6631,1.9751,56,0,0.0,1.0273
2017-11-22,0.6637,0.7488,0.4931,1.0042,0.6637,1.9711,56,0,0.0,1.0276
2017-11-23,0.6628,0.7414,0.4831,0.964,0.6628,1.9671,56,0,0.0,1.0279
2017-11-24,0.6645,0.7426,0.485,0.9649,0.6645,1.9727,56,0,0.0,1.0282
2017-11-27,0.6625,0.7398,0.4854,0.964,0.6625,1.9687,56,0,0.0,1.0286
2017-11-28,0.6636,0.7577,0.4835,0.9319,0.6636,1.9647,56,0,0.0,1.0289
2017-11-29,0.6661,0.7652,0.4888,0.9661,0.6661,1.9607,56,0,0.0,1.0292
2017-11-30,0.6715,0.7668,0.4907,0.9678,0.6715,1.9566,56,0,0.0,1.0294
2017-12-01,1.08,0.7626,0.4884,1.0349,1.08,1.9162,68,0,0.0,1.0301
2017-12-04,1.1037,0.7576,0.485,1.0279,1.1037,1.9122,68,0,0.0,1.0303
2017-12-05,0.9982,0.7548,0.4831,1.0244,0.9982,1.9084,68,0,0.0,1.0311
2017-12-06,0.9965,0.7543,0.4831,1.0235,0.9965,1.9043,68,0,0.0,1.0315
2017-12-07,1.0508,0.7584,0.4865,1.0296,1.0508,1.9002,68,0,0.0,1.0316
2017-12-08,1.0268,0.7789,0.4854,1.0502,1.0268,1.8963,68,0,0.0,1.0319
2017-12-11,1.0253,0.7996,0.4858,1.0502,1.0253,1.9276,68,0,0.0,1.0323
2017-12-12,1.0513,0.8,0.4884,1.052,1.0513,1.9265,68,0,0.0,1.0323
2017-12-13,0.9473,0.8,0.4861,1.05,0.9473,1.9253,68,0,0.0,1.0335
2017-12-14,0.9089,0.8,0.4892,1.0546,0.9089,1.9213,68,0,0.0,1.0343
2017-12-15,0.8952,0.8,0.4873,1.05,0.8952,1.9303,68,0,0.0,1.0347
2017-12-18,0.8939,0.8,0.4877,1.05,0.8939,1.9263,68,0,0.0,1.035
2017-12-19,0.9192,0.8,0.4899,1.05,0.9192,1.9232,68,0,0.0,1.0351
2017-12-20,0.9146,0.7992,0.4854,1.05,0.9146,1.9204,68,0,0.0,1.0354
2017-12-21,0.9134,0.798,0.4842,1.05,0.9134,1.9165,68,0,0.0,1.0358
2017-12-22,0.9111,0.798,0.4842,1.05,0.9111,1.9125,68,0,0.0,1.0361
2017-12-26,0.907,0.7942,0.4808,1.05,0.907,1.9368,68,0,0.0,1.0364
2017-12-27,0.9069,0.7934,0.4801,1.05,0.9069,1.9328,68,0,0.0,1.0368
2017-12-28,0.9182,0.8,0.4912,1.2,0.9182,1.9287,68,0,0.0,1.0371
2017-12-29,0.9182,0.8,0.4912,1.2,0.9182,1.9429,68,0,0.0,1.0374
2018-01-02,0.7777,0.8,0.47,1.1919,0.7777,2.2827,49,0,0.0,1.0378
2018-01-03,0.7752,0.8,0.47,1.1868,0.7752,2.2788,49,0,0.0,1.0382
2018-01-04,0.7721,0.8,0.4664,1.1859,0.7721,2.2748,49,0,0.0,1.0385
2018-01-05,0.7766,0.8,0.4908,1.1902,0.7766,2.2708,49,0,0.0,1.0387
2018-01-08,0.7831,0.8,0.5,1.1954,0.7831,2.2667,49,0,0.0,1.0388
2018-01-09,0.7631,0.7701,0.4914,1.1,0.7631,2.2628,49,0,0.0,1.0395
2018-01-10,0.7633,0.7718,0.4924,1.1,0.7633,2.2589,49,0,0.0,1.0399
2018-01-11,0.7641,0.7685,0.4903,1.1,0.7641,2.2548,49,0,0.0,1.0401
2018-01-12,0.7649,0.7693,0.4908,1.1,0.7649,2.2508,49,0,0.0,1.0404
2018-01-15,0.7631,0.7668,0.4892,1.1,0.7631,2.249,49,0,0.0,1.0407
2018-01-16,0.7511,0.7693,0.4908,1.1,0.7511,2.2451,49,0,0.0,1.0413
2018-01-17,0.7563,0.771,0.4919,1.1,0.7563,2.2411,49,0,0.0,1.0415
2018-01-18,0.7599,0.7735,0.5,1.1,0.7599,2.2372,49,0,0.0,1.0418
2018-01-19,0.756,0.7726,0.493,1.1,0.756,2.2333,49,0,0.0,1.0421
2018-01-22,0.7566,0.7726,0.493,1.1438,0.7566,2.2293,49,0,0.0,1.0424
2018-01-23,0.7519,0.7776,0.4961,1.1406,0.7519,2.2253,49,0,0.0,1.0428
2018-01-24,0.7516,0.7652,0.5,1.1293,0.7516,2.2213,49,0,0.0,1.043
2018-01-25,0.7516,0.7652,0.5,1.1293,0.7516,2.2435,49,0,0.0,1.0434
2018-01-26,0.7436,0.7568,0.4829,1.1374,0.7436,2.2133,49,0,0.0,1.0437
2018-01-29,0.7521,0.75,0.4855,1.1862,0.7521,2.2093,49,0,0.0,1.0438
2018-01-30,0.7561,0.75,0.5,1.1888,0.7561,2.2052,49,0,0.0,1.0441
2018-01-31,0.7488,0.75,0.5,1.1902,0.7488,2.2013,49,0,0.0,1.0444
2018-02-01,0.8196,0.8,0.5942,1.2,0.8196,2.3766,45,0,0.0,1.0446
2018-02-02,0.8143,0.8,0.5963,1.2,0.8143,2.3726,45,0,0.0,1.0451
2018-02-05,0.8138,0.8,0.5955,1.2,0.8138,2.3694,45,0,0.0,1.0454
2018-02-06,0.8171,0.8,0.5963,1.2,0.8171,2.3654,45,0,0.0,1.0456
2018-02-07,0.8132,0.8,0.5942,1.2,0.8132,2.3621,45,0,0.0,1.0459
2018-02-08,0.8121,0.8,0.5887,1.2,0.8121,2.3704,45,0,0.0,1.0462
2018-02-09,0.813,0.7706,0.5874,1.2,0.813,2.3664,45,0,0.0,1.0465
2018-02-14,0.813,0.7706,0.5874,1.2,0.813,2.3927,45,0,0.0,1.0468
2018-02-15,0.8014,0.7552,0.5815,1.15,0.8014,2.3765,45,0,0.0,1.0473
2018-02-16,0.7904,0.7454,0.5785,1.1,0.7904,2.3733,45,0,0.0,1.0477
2018-02-19,0.7911,0.7416,0.5759,1.1,0.7911,2.3693,45,0,0.0,1.048
2018-02-20,0.789,0.7369,0.5747,1.1,0.789,2.3653,45,0,0.0,1.0483
2018-02-21,0.7875,0.7332,0.5726,1.1,0.7875,2.3614,45,0,0.0,1.0486
2018-02-22,0.7836,0.7379,0.5759,1.1,0.7836,2.3575,45,0,0.0,1.049
2018-02-23,0.7853,0.736,0.5742,1.1,0.7853,2.3534,45,0,0.0,1.0492
2018-02-26,0.7901,0.7351,0.5759,1.15,0.7901,2.3494,45,0,0.0,1.0494
2018-02-27,0.7824,0.7341,0.5768,1.1,0.7824,2.3461,45,0,0.0,1.0499
2018-02-28,0.7851,0.75,0.5747,1.1,0.7851,2.3421,45,0,0.0,1.05
2018-03-01,0.8946,0.8072,0.6,1.2125,0.8946,2.4561,56,0,0.0,1.0505
2018-03-02,0.8944,0.803,0.6,1.2,0.8944,2.4522,56,0,0.0,1.0507
2018-03-05,0.8922,0.8002,0.6,1.2,0.8922,2.4482,56,0,0.0,1.0511
2018-03-06,0.8906,0.8,0.6,1.2,0.8906,2.4442,56,0,0.0,1.0514
2018-03-07,0.8891,0.7993,0.6,1.2,0.8891,2.4403,56,0,0.0,1.0517
2018-03-08,0.8825,0.8,0.6,1.2,0.8825,2.4364,56,0,0.0,1.0522
2018-03-09,0.885,0.8,0.6,1.2,0.885,2.4324,56,0,0.0,1.0524
2018-03-12,0.8906,0.8,0.6,1.2,0.8906,2.4308,56,0,0.0,1.0525
2018-03-13,0.8967,0.8,0.6,1.2,0.8967,2.4268,56,0,0.0,1.0526
2018-03-14,0.8845,0.774,0.6,1.2,0.8845,2.4235,56,0,0.0,1.0534
2018-03-15,0.887,0.7758,0.6,1.1625,0.887,2.4213,56,0,0.0,1.0536
2018-03-16,0.9073,0.792,0.6,1.2,0.9073,2.4172,56,0,0.0,1.0533
2018-03-19,0.8659,0.774,0.6,1.1625,0.8659,2.4137,56,0,0.0,1.0549
2018-03-20,0.8734,0.7902,0.6,1.2,0.8734,2.4097,56,0,0.0,1.0551
2018-03-21,0.8664,0.7858,0.6,1.2,0.8664,2.4058,56,0,0.0,1.0556
2018-03-22,0.8717,0.8586,0.6512,1.2,0.8717,2.4017,56,0,0.0,1.0556
2018-03-23,0.8697,0.7594,0.6,1.2,0.8697,2.3977,56,0,0.0,1.0559
2018-03-26,0.8604,0.7493,0.55,1.2,0.8604,2.406,56,0,0.0,1.0563
2018-03-27,0.8667,0.8041,0.55,1.2,0.8667,2.402,56,0,0.0,1.0565
2018-03-28,0.8675,0.8056,0.55,1.2,0.8675,2.3981,56,0,0.0,1.0568
2018-03-29,0.8662,0.8037,0.55,1.2,0.8662,2.3941,56,0,0.0,1.0571
2018-04-02,0.8377,0.8,0.55,1.15,0.8377,2.2549,70,0,0.0,1.0574
2018-04-03,0.84,0.8,0.55,1.15,0.84,2.251,70,0,0.0,1.0576
2018-04-04,0.8427,0.8,0.55,1.1694,0.8427,2.247,70,0,0.0,1.0579
2018-04-05,0.8402,0.8,0.55,1.1598,0.8402,2.243,70,0,0.0,1.0582
2018-04-06,0.8409,0.8,0.55,1.1646,0.8409,2.2391,70,0,0.0,1.0585
2018-04-09,0.8429,0.8,0.55,1.167,0.8429,2.2361,70,0,0.0,1.0587
2018-04-10,0.8419,0.8,0.55,1.1658,0.8419,2.2324,70,0,0.0,1.059
2018-04-11,0.838,0.8023,0.55,1.1622,0.838,2.2285,70,0,0.0,1.0594
2018-04-12,0.8324,0.7979,0.55,1.1526,0.8324,2.2245,70,0,0.0,1.0598
2018-04-13,0.828,0.8036,0.55,1.15,0.828,2.2209,70,0,0.0,1.0601
2018-04-16,0.8279,0.8,0.55,1.15,0.8279,2.2366,70,0,0.0,1.0604
2018-04-17,0.8267,0.8,0.55,1.15,0.8267,2.2326,70,0,0.0,1.0607
2018-04-18,0.8179,0.7851,0.55,1.15,0.8179,2.2287,70,0,0.0,1.061
2018-04-19,0.8261,0.7872,0.55,1.15,0.8261,2.2274,70,0,0.0,1.0613
2018-04-20,0.8241,0.7845,0.55,1.1472,0.8241,2.2235,70,0,0.0,1.0616
2018-04-23,0.8258,0.7862,0.55,1.1484,0.8258,2.2195,70,0,0.0,1.0619
2018-04-24,0.811,0.7862,0.54,1.1,0.811,2.2156,70,0,0.0,1.0624
2018-04-25,0.814,0.7883,0.55,1.1,0.814,2.2117,70,0,0.0,1.0627
2018-04-26,0.8021,0.7872,0.55,1.1,0.8021,2.2078,70,0,0.0,1.0632
2018-04-27,0.8048,0.7856,0.5394,1.1,0.8048,2.2038,70,0,0.0,1.0634
2018-04-30,0.79,0.7883,0.5422,1.0871,0.79,2.1999,70,0,0.0,1.064
2018-05-02,0.9863,0.8914,0.6385,1.15,0.9863,2.2119,58,0,0.0,1.0641
2018-05-03,1.0023,0.8931,0.641,1.161,1.0023,2.2078,58,0,0.0,1.0641
2018-05-04,0.9953,0.8931,0.641,1.15,0.9953,2.2039,58,0,0.0,1.0645
2018-05-07,0.9908,0.8948,0.6451,1.1484,0.9908,2.201,58,0,0.0,1.065
2018-05-08,0.9917,0.8841,0.6473,1.1585,0.9917,2.1971,58,0,0.0,1.0653
2018-05-09,1.0025,0.8945,0.6447,1.1474,1.0025,2.1931,58,0,0.0,1.0655
2018-05-10,0.9788,0.8743,0.6421,1.1,0.9788,2.1893,58,0,0.0,1.0663
2018-05-11,0.9849,0.8959,0.65,1.1,0.9849,2.1853,58,0,0.0,1.0665
2018-05-14,0.9893,0.899,0.65,1.1035,0.9893,2.1813,58,0,0.0,1.0668
2018-05-15,0.978,0.8845,0.6488,1.1026,0.978,2.178,58,0,0.0,1.0673
2018-05-16,0.9751,0.8607,0.6466,1.1016,0.9751,2.1741,58,0,0.0,1.0678
2018-05-17,0.9866,0.875,0.65,1.1233,0.9866,2.1701,58,0,0.0,1.068
2018-05-18,0.9915,0.875,0.65,1.1517,0.9915,2.1661,58,0,0.0,1.0683
2018-05-21,0.9886,0.875,0.65,1.1487,0.9886,2.1622,58,0,0.0,1.0686
2018-05-22,0.9864,0.871,0.65,1.1293,0.9864,2.1582,58,0,0.0,1.0689
2018-05-23,0.9848,0.8664,0.65,1.1317,0.9848,2.1543,58,0,0.0,1.0692
2018-05-24,0.9964,0.8972,0.65,1.1462,0.9964,2.1502,58,0,0.0,1.0692
2018-05-25,0.9986,0.9,0.65,1.154,0.9986,2.1463,58,0,0.0,1.0695
2018-05-28,0.9991,0.9,0.6125,1.1497,0.9991,2.1423,58,0,0.0,1.0699
2018-05-29,0.9991,0.8804,0.6125,1.1603,0.9991,2.1384,58,0,0.0,1.0702
2018-05-30,0.9972,0.8776,0.6125,1.1546,0.9972,2.1483,58,0,0.0,1.0707
2018-06-01,1.1369,0.9504,0.7151,1.2,1.1369,2.3739,64,0,0.0,1.0709
2018-06-04,1.1366,0.948,0.7121,1.1863,1.1366,2.37,64,0,0.0,1.0712
2018-06-05,1.1392,0.961,0.73,1.2367,1.1392,2.366,64,0,0.0,1.0716
2018-06-06,1.1499,0.9662,0.7232,1.2576,1.1499,2.3621,64,0,0.0,1.0718
2018-06-07,1.1663,1.0001,0.7459,1.3446,1.1663,2.3581,64,0,0.0,1.0722
2018-06-08,1.1589,0.9824,0.7402,1.3291,1.1589,2.3542,64,0,0.0,1.0725
2018-06-11,1.16,0.9792,0.7375,1.3202,1.16,2.3519,64,0,0.0,1.0728
2018-06-12,1.1655,1.0031,0.7375,1.3232,1.1655,2.3501,64,0,0.0,1.073
2018-06-13,1.1659,1.0086,0.7376,1.349,1.1659,2.3475,64,0,0.0,1.0734
2018-06-14,1.1793,1.0176,0.7463,1.3625,1.1793,2.3435,64,0,0.0,1.0737
2018-06-15,1.1724,1.0,0.7392,1.318,1.1724,2.3448,64,0,0.0,1.074
2018-06-18,1.1666,0.9872,0.7375,1.3402,1.1666,2.3408,64,0,0.0,1.0743
2018-06-19,1.1573,0.9949,0.7375,1.3069,1.1573,2.3375,64,0,0.0,1.0746
2018-06-20,1.1593,0.9748,0.7375,1.3202,1.1593,2.3335,64,0,0.0,1.075
2018-06-21,1.1664,0.9784,0.7647,1.3232,1.1664,2.3457,64,0,0.0,1.0752
2018-06-22,1.1664,0.9784,0.7647,1.3232,1.1664,2.3674,64,0,0.0,1.0756
2018-06-25,1.1596,0.9755,0.7533,1.3049,1.1596,2.3379,64,0,0.0,1.0759
2018-06-26,1.1509,0.9708,0.7483,1.2848,1.1509,2.3339,64,0,0.0,1.0763
2018-06-27,1.1423,0.9739,0.7539,1.3001,1.1423,2.33,64,0,0.0,1.0767
2018-06-28,1.149,1.0,0.7594,1.273,1.149,2.326,64,0,0.0,1.0769
2018-06-29,1.1354,0.9646,0.7467,1.2715,1.1354,2.3221,64,0,0.0,1.0773
2018-07-02,1.1083,1.0,0.7162,1.2904,1.1083,2.3205,71,0,0.0,1.0776
2018-07-03,1.1015,1.0,0.7189,1.2948,1.1015,2.3165,71,0,0.0,1.0781
2018-07-04,1.1012,1.0,0.7189,1.2971,1.1012,2.3126,71,0,0.0,1.0784
2018-07-05,1.1027,1.0,0.7242,1.2921,1.1027,2.3086,71,0,0.0,1.0788
2018-07-06,1.0944,1.0,0.7051,1.2662,1.0944,2.3047,71,0,0.0,1.0792
2018-07-09,1.0944,1.0,0.7051,1.2662,1.0944,2.3206,71,0,0.0,1.0795
2018-07-10,1.0883,1.0,0.7,1.25,1.0883,2.2974,71,0,0.0,1.0799
2018-07-11,1.0884,1.0,0.7025,1.25,1.0884,2.2934,71,0,0.0,1.0802
2018-07-12,1.0953,1.0,0.7078,1.2582,1.0953,2.2895,71,0,0.0,1.0804
2018-07-13,1.0874,1.0,0.7036,1.2501,1.0874,2.2858,71,0,0.0,1.0808
2018-07-16,1.0821,1.0,0.7025,1.2494,1.0821,2.2888,71,0,0.0,1.0812
2018-07-17,1.0742,1.0,0.6999,1.2405,1.0742,2.2849,71,0,0.0,1.0816
2018-07-18,1.076,0.9172,0.7017,1.2457,1.076,2.281,71,0,0.0,1.082
2018-07-19,1.0731,0.9,0.7021,1.2442,1.0731,2.277,71,0,0.0,1.0823
2018-07-20,1.0695,0.9,0.6984,1.238,1.0695,2.2731,71,0,0.0,1.0825
2018-07-23,1.0724,0.9,0.6999,1.245,1.0724,2.2691,71,0,0.0,1.0829
2018-07-24,1.0643,0.9,0.6977,1.2365,1.0643,2.2652,71,0,0.0,1.0833
2018-07-25,1.0611,0.9,0.6936,1.2045,1.0611,2.2612,71,0,0.0,1.0835
2018-07-26,1.0582,0.9,0.6936,1.203,1.0582,2.2573,71,0,0.0,1.0839
2018-07-27,1.056,0.9,0.6921,1.203,1.056,2.2533,71,0,0.0,1.0843
2018-07-30,1.0529,0.9,0.6921,1.2,1.0529,2.2494,71,0,0.0,1.0846
2018-07-31,1.0526,0.9,0.6929,1.2,1.0526,2.2455,71,0,0.0,1.0849
2018-08-01,1.0287,0.9,0.6946,1.2,1.0287,2.3387,76,0,0.0,1.0852
2018-08-02,1.0279,0.9,0.6946,1.2,1.0279,2.3348,76,0,0.0,1.0855
2018-08-03,1.0287,0.9,0.6946,1.2,1.0287,2.3309,76,0,0.0,1.0858
2018-08-06,1.0324,0.9129,0.6946,1.2,1.0324,2.3269,76,0,0.0,1.086
2018-08-07,1.0372,0.9129,0.6863,1.2097,1.0372,2.3232,76,0,0.0,1.086
2018-08-08,1.0341,0.9129,0.6863,1.2097,1.0341,2.3211,76,0,0.0,1.0865
2018-08-09,1.0235,0.9129,0.6604,1.2,1.0235,2.3172,76,0,0.0,1.087
2018-08-10,1.0255,0.9129,0.6863,1.2,1.0255,2.3132,76,0,0.0,1.0872
2018-08-13,1.0299,0.9046,0.6747,1.2,1.0299,2.3093,76,0,0.0,1.0875
2018-08-14,1.0283,0.9046,0.6863,1.2,1.0283,2.3053,76,0,0.0,1.0878
2018-08-15,1.0294,0.9046,0.6863,1.2,1.0294,2.3119,76,0,0.0,1.0881
2018-08-16,1.0306,0.9046,0.6863,1.2,1.0306,2.3079,76,0,0.0,1.0884
2018-08-17,1.0306,0.9046,0.6863,1.2,1.0306,2.304,76,0,0.0,1.0887
2018-08-20,1.0217,0.9,0.6578,1.2,1.0217,2.3016,76,0,0.0,1.0892
2018-08-21,1.0233,0.9046,0.6578,1.2,1.0233,2.2977,76,0,0.0,1.0895
2018-08-22,1.0195,0.9046,0.6578,1.2,1.0195,2.2937,76,0,0.0,1.0899
2018-08-23,1.0237,0.9046,0.6578,1.2,1.0237,2.2898,76,0,0.0,1.0901
2018-08-24,1.0276,0.9046,0.6578,1.2,1.0276,2.2863,76,0,0.0,1.0903
2018-08-27,1.0224,0.9046,0.6578,1.2,1.0224,2.284,76,0,0.0,1.0907
2018-08-28,1.0148,0.9046,0.6578,1.1618,1.0148,2.281,76,0,0.0,1.0911
2018-08-29,1.016,0.9046,0.6578,1.1734,1.016,2.2771,76,0,0.0,1.0915
2018-08-30,1.0171,0.9046,0.6547,1.1707,1.0171,2.2731,76,0,0.0,1.0918
2018-08-31,1.0123,0.9046,0.6547,1.1734,1.0123,2.2692,76,0,0.0,1.0922
2018-09-03,0.9661,0.8867,0.6594,1.1734,0.9661,2.0985,84,0,0.0,1.0926
2018-09-04,0.9659,0.8867,0.6594,1.1734,0.9659,2.0946,84,0,0.0,1.0929
2018-09-05,0.96,0.8867,0.6594,1.1734,0.96,2.0907,84,0,0.0,1.0933
2018-09-06,0.9655,0.8867,0.6594,1.1734,0.9655,2.0867,84,0,0.0,1.0935
2018-09-10,0.9575,0.8617,0.6578,1.1707,0.9575,2.0834,84,0,0.0,1.094
2018-09-11,0.9507,0.86,0.6545,1.1707,0.9507,2.0796,84,0,0.0,1.0945
2018-09-12,0.9556,0.8617,0.6578,1.1527,0.9556,2.0756,84,0,0.0,1.0947
2018-09-13,0.9529,0.8617,0.6578,1.1625,0.9529,2.0719,84,0,0.0,1.095
2018-09-14,0.953,0.8617,0.6578,1.1625,0.953,2.0679,84,0,0.0,1.0953
2018-09-17,0.9556,0.8617,0.6578,1.1625,0.9556,2.0686,84,0,0.0,1.0956
2018-09-18,0.9536,0.8547,0.6578,1.15,0.9536,2.0647,84,0,0.0,1.0959
2018-09-19,0.9369,0.8547,0.6578,1.15,0.9369,2.0608,84,0,0.0,1.0966
2018-09-20,0.9472,0.8547,0.6578,1.15,0.9472,2.0575,84,0,0.0,1.0967
2018-09-21,0.9458,0.8547,0.6578,1.15,0.9458,2.0536,84,0,0.0,1.097
2018-09-24,0.9431,0.8547,0.6467,1.1527,0.9431,2.0501,84,0,0.0,1.0975
2018-09-25,0.946,0.8547,0.6467,1.1527,0.946,2.0526,84,0,0.0,1.0977
2018-09-26,0.9562,0.8647,0.6467,1.1707,0.9562,2.0502,84,0,0.0,1.0979
2018-09-27,0.9679,0.8547,0.6467,1.2,0.9679,2.0462,84,0,0.0,1.0979
2018-09-28,0.9417,0.85,0.6467,1.1527,0.9417,2.0423,84,0,0.0,1.0987
2018-10-01,0.9452,0.85,0.6604,1.1609,0.9452,2.1591,85,0,0.0,1.099
2018-10-02,0.9478,0.85,0.6604,1.1609,0.9478,2.1552,85,0,0.0,1.0992
2018-10-03,0.95,0.85,0.6604,1.15,0.95,2.1512,85,0,0.0,1.0994
2018-10-04,0.95,0.85,0.6604,1.1609,0.95,2.1473,85,0,0.0,1.0998
2018-10-05,0.9557,0.876,0.6604,1.2,0.9557,2.1433,85,0,0.0,1.0999
2018-10-08,0.9483,0.85,0.6604,1.1609,0.9483,2.1404,85,0,0.0,1.1004
2018-10-09,0.947,0.85,0.6604,1.1609,0.947,2.1365,85,0,0.0,1.1007
2018-10-10,0.9445,0.85,0.6604,1.1609,0.9445,2.1325,85,0,0.0,1.1011
2018-10-11,0.9445,0.85,0.6604,1.1609,0.9445,2.131,85,0,0.0,1.1013
2018-10-15,0.9465,0.85,0.6604,1.1609,0.9465,2.1412,85,0,0.0,1.1017
2018-10-16,0.9427,0.85,0.6604,1.1609,0.9427,2.1373,85,0,0.0,1.1021
2018-10-17,0.9418,0.85,0.6604,1.15,0.9418,2.1333,85,0,0.0,1.1024
2018-10-18,0.9332,0.85,0.6604,1.1474,0.9332,2.1295,85,0,0.0,1.103
2018-10-19,0.9358,0.85,0.6604,1.1474,0.9358,2.1255,85,0,0.0,1.1032
2018-10-22,0.928,0.85,0.6604,1.1474,0.928,2.1248,85,0,0.0,1.1038
2018-10-23,0.923,0.85,0.6604,1.1,0.923,2.1209,85,0,0.0,1.1041
2018-10-24,0.9213,0.85,0.6604,1.1,0.9213,2.117,85,0,0.0,1.1045
2018-10-25,0.9186,0.85,0.6604,1.1,0.9186,2.1131,85,0,0.0,1.1049
2018-10-26,0.919,0.85,0.6604,1.1,0.919,2.1091,85,0,0.0,1.1052
2018-10-29,0.9103,0.85,0.6571,1.1,0.9103,2.1065,85,0,0.0,1.1057
2018-10-30,0.9101,0.85,0.6571,1.1,0.9101,2.1026,85,0,0.0,1.106
2018-10-31,0.9145,0.85,0.6571,1.1,0.9145,2.0986,85,0,0.0,1.1062
2018-11-01,0.9119,0.85,0.6604,1.05,0.9119,2.3905,81,0,0.0,1.1069
2018-11-05,0.9077,0.85,0.6571,1.05,0.9077,2.3866,81,0,0.0,1.1073
2018-11-06,0.906,0.85,0.6571,1.05,0.906,2.3829,81,0,0.0,1.1077
2018-11-07,0.8997,0.85,0.6368,1.05,0.8997,2.3793,81,0,0.0,1.108
2018-11-08,0.9032,0.85,0.6368,1.05,0.9032,2.3754,81,0,0.0,1.1083
2018-11-09,0.8995,0.85,0.6368,1.05,0.8995,2.3715,81,0,0.0,1.1087
2018-11-12,0.9001,0.85,0.6378,1.05,0.9001,2.3686,81,0,0.0,1.109
2018-11-13,0.8918,0.85,0.6378,1.0,0.8918,2.3647,81,0,0.0,1.1095
2018-11-14,0.8996,0.85,0.6378,1.05,0.8996,2.3607,81,0,0.0,1.1096
2018-11-16,0.8941,0.85,0.6378,1.0831,0.8941,2.3593,81,0,0.0,1.11
2018-11-19,0.9137,0.8666,0.6604,1.05,0.9137,2.3552,81,0,0.0,1.1098
2018-11-20,0.9137,0.8666,0.6604,1.05,0.9137,2.3784,81,0,0.0,1.1102
2018-11-21,0.8981,0.85,0.6378,1.1,0.8981,2.348,81,0,0.0,1.111
2018-11-22,0.9097,0.85,0.6604,1.1,0.9097,2.3439,81,0,0.0,1.1109
2018-11-23,0.8941,0.85,0.6368,1.1,0.8941,2.3402,81,0,0.0,1.1117
2018-11-26,0.8884,0.85,0.6368,1.0753,0.8884,2.3366,81,0,0.0,1.1121
2018-11-27,0.8892,0.85,0.6368,1.1,0.8892,2.3331,81,0,0.0,1.1124
2018-11-28,0.89,0.85,0.6571,1.03,0.89,2.3292,81,0,0.0,1.1127
2018-11-29,0.8715,0.85,0.6368,1.0,0.8715,2.3253,81,0,0.0,1.1135
2018-11-30,0.8737,0.85,0.6368,1.0,0.8737,2.3214,81,0,0.0,1.1137
2018-12-03,0.8948,0.828,0.6604,1.0125,0.8948,2.2993,88,0,0.0,1.1139
2018-12-04,0.8923,0.85,0.6604,1.025,0.8923,2.2954,88,0,0.0,1.1144
2018-12-05,0.8778,0.828,0.6604,1.0048,0.8778,2.2917,88,0,0.0,1.1151
2018-12-06,0.8672,0.8,0.652,0.9952,0.8672,2.2878,88,0,0.0,1.1157
2018-12-07,0.8674,0.8031,0.652,1.0048,0.8674,2.2848,88,0,0.0,1.116
2018-12-10,0.8629,0.8,0.6596,1.0,0.8629,2.2814,88,0,0.0,1.1164
2018-12-11,0.8593,0.8,0.6596,1.0,0.8593,2.278,88,0,0.0,1.1168
2018-12-12,0.8572,0.8,0.6596,1.0,0.8572,2.2753,88,0,0.0,1.1172
2018-12-13,0.8619,0.8,0.6604,1.0,0.8619,2.2721,88,0,0.0,1.1174
2018-12-14,0.8609,0.8,0.6604,1.0,0.8609,2.2682,88,0,0.0,1.1177
2018-12-17,0.8618,0.8,0.6604,1.0,0.8618,2.2672,88,0,0.0,1.118
2018-12-18,0.8716,0.803,0.6596,1.0,0.8716,2.2664,88,0,0.0,1.118
2018-12-19,0.8561,0.8,0.6596,1.0,0.8561,2.263,88,0,0.0,1.1186
2018-12-20,0.8686,0.8,0.6596,1.0,0.8686,2.2602,88,0,0.0,1.1186
2018-12-21,0.8558,0.8,0.6604,1.0,0.8558,2.2564,88,0,0.0,1.1193
2018-12-24,0.8558,0.8,0.6604,1.0,0.8558,2.2903,88,0,0.0,1.1196
2018-12-26,0.8554,0.8,0.6596,1.0,0.8554,2.2615,88,0,0.0,1.1199
2018-12-27,0.8635,0.8,0.6596,1.0,0.8635,2.2617,88,0,0.0,1.1199
2018-12-28,0.8728,0.8,0.6596,1.0,0.8728,2.2578,88,0,0.0,1.12
2018-12-31,0.8728,0.8,0.6596,1.0,0.8728,2.2743,88,0,0.0,1.1203
2019-01-02,0.826,0.8,0.5908,1.0,0.826,2.1945,87,0,0.0,1.1207
2019-01-03,0.8156,0.8,0.583,0.9827,0.8156,2.1907,87,0,0.0,1.1214
2019-01-04,0.8172,0.8,0.5924,0.9821,0.8172,2.1868,87,0,0.0,1.1217
2019-01-07,0.8217,0.8,0.5957,0.9918,0.8217,2.1832,87,0,0.0,1.122
2019-01-08,0.8182,0.8,0.5939,0.9544,0.8182,2.1795,87,0,0.0,1.1223
2019-01-09,0.8152,0.8,0.5931,0.9544,0.8152,2.1755,87,0,0.0,1.1227
2019-01-10,0.8318,0.8,0.5963,0.9894,0.8318,2.1721,87,0,0.0,1.1226
2019-01-11,0.8297,0.8,0.5957,0.9739,0.8297,2.1682,87,0,0.0,1.123
2019-01-14,0.8202,0.8,0.5938,0.9545,0.8202,2.1645,87,0,0.0,1.1235
2019-01-15,0.822,0.8,0.5965,0.9578,0.822,2.1625,87,0,0.0,1.1238
2019-01-16,0.8239,0.8,0.5969,0.95,0.8239,2.1585,87,0,0.0,1.124
2019-01-17,0.8222,0.8,0.5957,0.95,0.8222,2.1546,87,0,0.0,1.1243
2019-01-18,0.821,0.8,0.5947,0.95,0.821,2.1518,87,0,0.0,1.1246
2019-01-21,0.8219,0.8,0.5946,0.95,0.8219,2.1479,87,0,0.0,1.1249
2019-01-22,0.8133,0.8,0.5893,0.9598,0.8133,2.144,87,0,0.0,1.1253
2019-01-23,0.8091,0.8,0.5882,0.95,0.8091,2.14,87,0,0.0,1.1257
2019-01-24,0.8214,0.8,0.5876,0.9999,0.8214,2.1359,87,0,0.0,1.1258
2019-01-25,0.8233,0.8,0.6179,0.9783,0.8233,2.1436,87,0,0.0,1.1261
2019-01-28,0.8308,0.8,0.5884,1.0,0.8308,2.128,87,0,0.0,1.1263
2019-01-29,0.8187,0.8,0.584,0.9756,0.8187,2.1241,87,0,0.0,1.1269
2019-01-30,0.8236,0.8,0.5717,0.9889,0.8236,2.1201,87,0,0.0,1.1271
2019-01-31,0.8169,0.8,0.5584,1.0,0.8169,2.1162,87,0,0.0,1.1275
2019-02-01,0.8205,0.8,0.5958,0.9924,0.8205,2.2334,84,0,0.0,1.128
2019-02-04,0.8254,0.8,0.5964,0.9951,0.8254,2.2294,84,0,0.0,1.1281
2019-02-05,0.8292,0.8,0.5981,0.9972,0.8292,2.2254,84,0,0.0,1.1283
2019-02-06,0.8064,0.8,0.5977,0.951,0.8064,2.2218,84,0,0.0,1.1293
2019-02-07,0.8131,0.8,0.5994,0.9527,0.8131,2.218,84,0,0.0,1.1295
2019-02-08,0.8123,0.8,0.6054,0.9705,0.8123,2.2152,84,0,0.0,1.13
2019-02-11,0.8164,0.8,0.6091,0.9734,0.8164,2.2118,84,0,0.0,1.1301
2019-02-12,0.8041,0.8,0.5999,0.9525,0.8041,2.2079,84,0,0.0,1.1307
2019-02-13,0.8299,0.8,0.5995,0.9888,0.8299,2.2036,84,0,0.0,1.1302
2019-02-14,0.8037,0.8,0.5972,0.95,0.8037,2.2,84,0,0.0,1.1312
2019-02-15,0.8004,0.7954,0.5905,0.95,0.8004,2.2273,84,0,0.0,1.1315
2019-02-18,0.8032,0.8,0.5975,0.95,0.8032,2.2233,84,0,0.0,1.1318
2019-02-19,0.7999,0.8,0.5954,0.95,0.7999,2.2204,84,0,0.0,1.1322
2019-02-20,0.8054,0.8,0.6,0.95,0.8054,2.2164,84,0,0.0,1.1325
2019-02-21,0.8019,0.8,0.5987,0.95,0.8019,2.2125,84,0,0.0,1.1329
2019-02-22,0.7913,0.75,0.5653,0.95,0.7913,2.2087,84,0,0.0,1.1336
2019-02-25,0.792,0.75,0.5676,0.95,0.792,2.2049,84,0,0.0,1.1339
2019-02-26,0.793,0.7964,0.6,0.95,0.793,2.201,84,0,0.0,1.1342
2019-02-27,0.7934,0.7774,0.5978,0.95,0.7934,2.1979,84,0,0.0,1.1345
2019-02-28,0.7928,0.7567,0.5921,0.95,0.7928,2.1945,84,0,0.0,1.1349
2019-03-01,0.8252,0.75,0.557,0.9,0.8252,2.2841,91,0,0.0,1.1354
2019-03-06,0.8013,0.75,0.525,0.9,0.8013,2.256,91,0,0.0,1.1357
2019-03-07,0.8342,0.75,0.5576,0.9,0.8342,2.2762,91,0,0.0,1.1363
2019-03-08,0.8207,0.75,0.55,0.9,0.8207,2.2724,91,0,0.0,1.137
2019-03-11,0.8246,0.75,0.5565,0.9,0.8246,2.27,91,0,0.0,1.137
2019-03-12,0.8372,0.75,0.5558,0.9427,0.8372,2.2658,91,0,0.0,1.1369
2019-03-13,0.8332,0.75,0.553,0.95,0.8332,2.2653,91,0,0.0,1.1372
2019-03-14,0.8142,0.75,0.5545,0.9,0.8142,2.2617,91,0,0.0,1.1382
2019-03-15,0.8117,0.75,0.554,0.9,0.8117,2.262,91,0,0.0,1.1385
2019-03-18,0.8092,0.75,0.5532,0.9,0.8092,2.2608,91,0,0.0,1.1388
2019-03-19,0.788,0.749,0.5512,0.9,0.788,2.2683,90,0,0.0,1.1392
2019-03-20,0.7842,0.7417,0.5502,0.9,0.7842,2.2648,90,0,0.0,1.1396
2019-03-21,0.7832,0.734,0.5507,0.9,0.7832,2.262,90,0,0.0,1.14
2019-03-22,0.7948,0.75,0.5535,0.9,0.7948,2.258,90,0,0.0,1.1403
2019-03-25,0.7947,0.747,0.5534,0.9,0.7947,2.2582,90,0,0.0,1.1406
2019-03-26,0.789,0.7337,0.5535,0.9,0.789,2.2543,90,0,0.0,1.1411
2019-03-27,0.8079,0.7423,0.5589,0.9,0.8079,2.2512,90,0,0.0,1.1412
2019-03-28,0.7952,0.7308,0.5681,0.9,0.7952,2.2473,90,0,0.0,1.1416
2019-03-29,0.7973,0.7195,0.5704,0.9,0.7973,2.2442,90,0,0.0,1.1418
2019-04-01,0.7782,0.7,0.5629,0.85,0.7782,2.2895,101,0,0.0,1.1424
2019-04-02,0.7889,0.7055,0.5622,0.9,0.7889,2.2854,101,0,0.0,1.1424
2019-04-03,0.7796,0.7,0.55,0.9,0.7796,2.2816,101,0,0.0,1.1431
2019-04-04,0.7789,0.7,0.5365,0.9,0.7789,2.2777,101,0,0.0,1.1434
2019-04-05,0.7772,0.7,0.5353,0.9,0.7772,2.2737,101,0,0.0,1.1437
2019-04-08,0.7751,0.7,0.5471,0.8925,0.7751,2.2756,100,0,0.0,1.1439
2019-04-09,0.7717,0.7,0.5479,0.85,0.7717,2.2739,100,0,0.0,1.1443
2019-04-10,0.7692,0.7,0.5466,0.85,0.7692,2.2701,100,0,0.0,1.1446
2019-04-11,0.7657,0.7,0.5478,0.85,0.7657,2.2662,100,0,0.0,1.1451
2019-04-12,0.7677,0.7092,0.5485,0.85,0.7677,2.2623,100,0,0.0,1.1454
2019-04-15,0.7796,0.7487,0.5475,0.8625,0.7796,2.2687,100,0,0.0,1.1454
2019-04-16,0.7743,0.7378,0.5404,0.8575,0.7743,2.2648,100,0,0.0,1.1458
2019-04-17,0.7651,0.7017,0.5488,0.85,0.7651,2.261,100,0,0.0,1.1464
2019-04-18,0.7635,0.7069,0.5462,0.85,0.7635,2.2571,100,0,0.0,1.1467
2019-04-22,0.7603,0.7,0.5468,0.85,0.7603,2.2566,100,0,0.0,1.1471
2019-04-23,0.7588,0.7,0.5415,0.85,0.7588,2.2752,99,0,0.0,1.1475
2019-04-24,0.7613,0.7216,0.5447,0.85,0.7613,2.2694,99,0,0.0,1.1479
2019-04-25,0.762,0.7,0.5566,0.85,0.762,2.2666,99,0,0.0,1.1482
2019-04-26,0.7603,0.7,0.5575,0.825,0.7603,2.2626,99,0,0.0,1.1485
2019-04-29,0.7644,0.7322,0.5584,0.825,0.7644,2.2595,99,0,0.0,1.1488
2019-04-30,0.7788,0.75,0.5584,0.85,0.7788,2.2574,99,0,0.0,1.1486
2019-05-02,0.7774,0.75,0.5907,0.9,0.7774,2.3307,105,0,0.0,1.1489
2019-05-03,0.761,0.75,0.5715,0.85,0.761,2.3269,105,0,0.0,1.1496
2019-05-06,0.7579,0.7345,0.566,0.85,0.7579,2.323,105,0,0.0,1.1499
2019-05-07,0.7688,0.75,0.5674,0.85,0.7688,2.3191,105,0,0.0,1.15
2019-05-08,0.7668,0.75,0.5633,0.85,0.7668,2.3152,105,0,0.0,1.1503
2019-05-09,0.7517,0.7349,0.5598,0.85,0.7517,2.3114,105,0,0.0,1.1509
2019-05-10,0.7475,0.7295,0.5591,0.85,0.7475,2.3086,105,0,0.0,1.1513
2019-05-13,0.7462,0.7292,0.5591,0.85,0.7462,2.3047,105,0,0.0,1.1516
2019-05-14,0.7444,0.7265,0.56,0.85,0.7444,2.3008,105,0,0.0,1.152
2019-05-15,0.7452,0.7262,0.5601,0.85,0.7452,2.2998,105,0,0.0,1.1523
2019-05-16,0.7485,0.7337,0.5609,0.85,0.7485,2.2959,105,0,0.0,1.1526
2019-05-17,0.7552,0.7461,0.5715,0.85,0.7552,2.292,105,0,0.0,1.1529
2019-05-20,0.752,0.7373,0.5663,0.85,0.752,2.2881,105,0,0.0,1.1532
2019-05-21,0.7476,0.7281,0.5565,0.85,0.7476,2.2866,105,0,0.0,1.1535
2019-05-22,0.7467,0.7074,0.5543,0.85,0.7467,2.2827,105,0,0.0,1.1537
2019-05-23,0.7554,0.7158,0.5507,0.8589,0.7554,2.2787,105,0,0.0,1.1537
2019-05-24,0.745,0.7,0.5506,0.85,0.745,2.275,105,0,0.0,1.1543
2019-05-27,0.7391,0.686,0.55,0.85,0.7391,2.2712,105,0,0.0,1.1547
2019-05-28,0.7495,0.7,0.55,0.8539,0.7495,2.2672,105,0,0.0,1.1547
2019-05-29,0.7338,0.6848,0.5454,0.85,0.7338,2.2837,104,0,0.0,1.1552
2019-05-30,0.7391,0.6926,0.5433,0.85,0.7391,2.2797,104,0,0.0,1.1554
2019-05-31,0.7385,0.6847,0.5432,0.8588,0.7385,2.2757,104,0,0.0,1.1556
2019-06-03,0.7445,0.6952,0.5415,0.9,0.7445,2.3542,99,0,0.0,1.1558
2019-06-04,0.7404,0.6834,0.5345,0.9,0.7404,2.3502,99,0,0.0,1.1562
2019-06-05,0.7443,0.6967,0.5439,0.9,0.7443,2.3462,99,0,0.0,1.1565
2019-06-06,0.7403,0.6847,0.5336,0.9,0.7403,2.3422,99,0,0.0,1.1568
2019-06-07,0.7302,0.65,0.5069,0.9,0.7302,2.3394,99,0,0.0,1.1573
2019-06-10,0.728,0.65,0.5053,0.9,0.728,2.3376,99,0,0.0,1.1576
2019-06-11,0.7241,0.65,0.5027,0.9,0.7241,2.3338,99,0,0.0,1.1579
2019-06-12,0.7259,0.65,0.5043,0.9,0.7259,2.3306,99,0,0.0,1.1582
2019-06-13,0.7218,0.65,0.501,0.9,0.7218,2.3269,99,0,0.0,1.1585
2019-06-14,0.7289,0.6565,0.5,0.9,0.7289,2.3227,99,0,0.0,1.1586
2019-06-17,0.7228,0.65,0.5,0.9,0.7228,2.3226,99,0,0.0,1.1592
2019-06-18,0.7187,0.65,0.4986,0.8993,0.7187,2.3187,99,0,0.0,1.1595
2019-06-19,0.7236,0.65,0.4889,0.8729,0.7236,2.3223,99,0,0.0,1.1596
2019-06-21,0.7117,0.65,0.4763,0.8575,0.7117,2.3252,99,0,0.0,1.1601
2019-06-24,0.7084,0.65,0.4903,0.859,0.7084,2.3212,99,0,0.0,1.1605
2019-06-25,0.7143,0.6452,0.497,0.8649,0.7143,2.3152,99,0,0.0,1.1608
2019-06-26,0.7216,0.65,0.4959,0.864,0.7216,2.3111,99,0,0.0,1.1609
2019-06-27,0.7217,0.6418,0.4882,0.8622,0.7217,2.3071,99,0,0.0,1.1613
2019-06-28,0.7196,0.65,0.4811,0.85,0.7196,2.3031,99,0,0.0,1.1616
2019-07-01,0.7059,0.6283,0.4832,0.9,0.7059,2.4021,106,0,0.0,1.162
2019-07-02,0.7067,0.6323,0.4919,0.9,0.7067,2.3981,106,0,0.0,1.1624
2019-07-03,0.7055,0.6268,0.4887,0.9,0.7055,2.3941,106,0,0.0,1.1627
2019-07-04,0.7051,0.6348,0.4846,0.9,0.7051,2.39,106,0,0.0,1.1629
2019-07-05,0.7045,0.6334,0.4742,0.9,0.7045,2.3861,106,0,0.0,1.1632
2019-07-08,0.7002,0.6101,0.4724,0.9,0.7002,2.3822,106,0,0.0,1.1636
2019-07-09,0.7002,0.61,0.4723,0.9,0.7002,2.3816,106,0,0.0,1.1639
2019-07-10,0.6973,0.6123,0.4658,0.9,0.6973,2.3772,106,0,0.0,1.1643
2019-07-11,0.6999,0.6338,0.4648,0.9,0.6999,2.3731,106,0,0.0,1.1644
2019-07-12,0.7004,0.6359,0.4702,0.9,0.7004,2.3692,106,0,0.0,1.1648
2019-07-15,0.6988,0.6355,0.4689,0.9,0.6988,2.3742,106,0,0.0,1.1651
2019-07-16,0.6997,0.6401,0.4741,0.9,0.6997,2.3702,106,0,0.0,1.1655
2019-07-17,0.6959,0.6292,0.4742,0.9,0.6959,2.3662,106,0,0.0,1.1659
2019-07-18,0.6989,0.6264,0.4721,0.9,0.6989,2.363,106,0,0.0,1.1661
2019-07-19,0.6967,0.6275,0.4728,0.9,0.6967,2.3605,106,0,0.0,1.1665
2019-07-22,0.6952,0.6273,0.472,0.9,0.6952,2.3572,106,0,0.0,1.1668
2019-07-23,0.7041,0.62,0.4817,0.9,0.7041,2.3074,106,0,0.0,1.167
2019-07-24,0.703,0.6196,0.4827,0.9,0.703,2.3034,106,0,0.0,1.1673
2019-07-25,0.6595,0.6269,0.48,0.85,0.6595,2.3611,105,0,0.0,1.1676
2019-07-26,0.6595,0.62,0.482,0.85,0.6595,2.3571,105,0,0.0,1.168
2019-07-29,0.6569,0.62,0.4813,0.85,0.6569,2.3531,105,0,0.0,1.1683
2019-07-30,0.6582,0.62,0.4806,0.85,0.6582,2.3491,105,0,0.0,1.1686
2019-07-31,0.6641,0.6281,0.4843,0.85,0.6641,2.3433,105,0,0.0,1.1688
2019-08-01,0.7358,0.7484,0.55,0.95,0.7358,2.5842,85,0,0.0,1.1691
2019-08-02,0.7365,0.7489,0.55,0.95,0.7365,2.582,85,0,0.0,1.1693
2019-08-05,0.7463,0.75,0.55,0.95,0.7463,2.5774,85,0,0.0,1.1696
2019-08-06,0.7406,0.7061,0.55,0.95,0.7406,2.5676,85,0,0.0,1.17
2019-08-07,0.7389,0.7,0.55,0.95,0.7389,2.5674,85,0,0.0,1.1702
2019-08-08,0.7364,0.7,0.55,0.95,0.7364,2.5664,85,0,0.0,1.1706
2019-08-09,0.7395,0.7,0.55,0.95,0.7395,2.5639,85,0,0.0,1.1707
2019-08-12,0.7416,0.7,0.5674,0.95,0.7416,2.5613,85,0,0.0,1.1711
2019-08-13,0.746,0.7,0.5744,0.95,0.746,2.5564,85,0,0.0,1.1712
2019-08-14,0.7499,0.7053,0.5915,0.95,0.7499,2.5499,85,0,0.0,1.1715
2019-08-15,0.7515,0.7043,0.5789,0.95,0.7515,2.576,85,0,0.0,1.1717
2019-08-16,0.7526,0.7,0.5834,0.95,0.7526,2.5746,85,0,0.0,1.1719
2019-08-19,0.7554,0.7036,0.5886,0.95,0.7554,2.5693,85,0,0.0,1.1721
2019-08-20,0.7575,0.7052,0.5878,0.95,0.7575,2.5653,85,0,0.0,1.1724
2019-08-21,0.7567,0.7,0.6,0.95,0.7567,2.5645,85,0,0.0,1.1726
2019-08-22,0.7585,0.7,0.6,0.95,0.7585,2.5596,85,0,0.0,1.1728
2019-08-23,0.7598,0.7046,0.5959,0.95,0.7598,2.5536,85,0,0.0,1.1732
2019-08-26,0.7662,0.716,0.6,0.95,0.7662,2.5458,85,0,0.0,1.1735
2019-08-27,0.779,0.75,0.62,0.95,0.779,2.5399,85,0,0.0,1.1735
2019-08-28,0.7846,0.75,0.62,1.0,0.7846,2.5346,85,0,0.0,1.1738
2019-08-29,0.7857,0.75,0.65,1.0,0.7857,2.5318,85,0,0.0,1.174
2019-08-30,0.778,0.75,0.642,0.95,0.778,2.5279,85,0,0.0,1.1744
2019-09-02,0.8385,0.785,0.65,1.021,0.8385,2.6757,78,0,0.0,1.1746
2019-09-03,0.8365,0.785,0.65,1.012,0.8365,2.6749,78,0,0.0,1.1749
2019-09-04,0.8275,0.7806,0.65,1.0021,0.8275,2.6747,78,0,0.0,1.1754
2019-09-05,0.8287,0.7789,0.65,1.0014,0.8287,2.6717,78,0,0.0,1.1757
2019-09-06,0.8282,0.779,0.6461,1.0033,0.8282,2.6678,78,0,0.0,1.1759
2019-09-09,0.8313,0.7938,0.6452,1.0015,0.8313,2.665,78,0,0.0,1.1761
2019-09-10,0.8335,0.7949,0.65,1.0046,0.8335,2.6614,78,0,0.0,1.1764
2019-09-11,0.8352,0.8,0.65,1.0034,0.8352,2.6572,78,0,0.0,1.1767
2019-09-12,0.8336,0.8,0.65,1.0,0.8336,2.6552,78,0,0.0,1.1769
2019-09-13,0.8349,0.8,0.65,1.01,0.8349,2.6519,78,0,0.0,1.1773
2019-09-16,0.8306,0.8,0.65,1.0,0.8306,2.6578,78,0,0.0,1.1776
2019-09-17,0.8278,0.8,0.6426,1.0,0.8278,2.6577,78,0,0.0,1.1779
2019-09-18,0.8255,0.8,0.6424,1.0,0.8255,2.6534,78,0,0.0,1.1783
2019-09-19,0.8262,0.7958,0.6363,1.0,0.8262,2.6591,78,0,0.0,1.1784
2019-09-20,0.8281,0.8,0.6363,1.0,0.8281,2.6585,78,0,0.0,1.1785
2019-09-23,0.8319,0.8,0.65,1.0,0.8319,2.6527,78,0,0.0,1.1787
2019-09-24,0.8287,0.8,0.65,1.0,0.8287,2.6478,78,0,0.0,1.1791
2019-09-25,0.8344,0.8,0.6488,1.0,0.8344,2.6489,78,0,0.0,1.1792
2019-09-26,0.834,0.8,0.6475,1.0,0.834,2.6505,78,0,0.0,1.1795
2019-09-27,0.8414,0.8,0.6457,1.0094,0.8414,2.6472,78,0,0.0,1.1795
2019-09-30,0.8395,0.8,0.6466,1.0085,0.8395,2.6441,78,0,0.0,1.1798
2019-10-01,0.8706,0.8194,0.6755,1.0183,0.8706,2.8578,86,0,0.0,1.1798
2019-10-02,0.8748,0.8336,0.7,1.009,0.8748,2.8541,86,0,0.0,1.18
2019-10-03,0.8763,0.8296,0.7,1.0262,0.8763,2.85,86,0,0.0,1.1802
2019-10-04,0.8781,0.8267,0.7,1.0338,0.8781,2.8498,86,0,0.0,1.1803
2019-10-07,0.8856,0.85,0.7,1.05,0.8856,2.8439,86,0,0.0,1.1804
2019-10-08,0.8846,0.85,0.7,1.05,0.8846,2.842,86,0,0.0,1.1807
2019-10-09,0.8853,0.85,0.7,1.0367,0.8853,2.8442,86,0,0.0,1.1808
2019-10-10,0.887,0.85,0.7,1.0331,0.887,2.8464,86,0,0.0,1.1809
2019-10-11,0.8882,0.85,0.7,1.0,0.8882,2.8483,86,0,0.0,1.1809
2019-10-14,0.8887,0.85,0.7,1.0,0.8887,2.8458,86,0,0.0,1.1811
2019-10-15,0.8965,0.85,0.7,1.0,0.8965,2.8459,86,0,0.0,1.1812
2019-10-16,0.9116,0.85,0.7,1.0535,0.9116,2.8471,86,0,0.0,1.181
2019-10-17,0.9095,0.85,0.7059,1.0297,0.9095,2.8467,86,0,0.0,1.1812
2019-10-18,0.9312,0.8654,0.7625,1.0504,0.9312,2.8425,86,0,0.0,1.1808
2019-10-21,0.9386,0.8788,0.7611,1.0531,0.9386,2.8446,86,0,0.0,1.1808
2019-10-22,0.9554,0.95,0.8,1.1,0.9554,2.8355,86,0,0.0,1.1805
2019-10-23,0.9653,0.95,0.8,1.1,0.9653,2.8344,86,0,0.0,1.1803
2019-10-24,1.0341,1.0,0.892,1.2,1.0341,2.8306,86,0,0.0,1.1783
2019-10-25,1.0392,1.0,0.9,1.2,1.0392,2.8322,86,0,0.0,1.1782
2019-10-28,1.0474,1.0,0.9,1.2,1.0474,2.8298,86,0,0.0,1.1784
2019-10-29,1.0559,1.0,0.9,1.202,1.0559,2.8259,86,0,0.0,1.1782
2019-10-30,1.0759,1.0,0.9119,1.25,1.0759,2.8221,86,0,0.0,1.1775
2019-10-31,1.0859,1.0,0.9271,1.25,1.0859,2.815,86,0,0.0,1.1777
2019-11-01,1.1188,1.1,0.9545,1.2559,1.1188,3.1854,94,0,0.0,1.1774
2019-11-04,1.1249,1.1,0.9803,1.2638,1.1249,3.1816,94,0,0.0,1.1776
2019-11-05,1.13,1.1,1.0,1.2809,1.13,3.1757,94,0,0.0,1.1778
2019-11-06,1.1847,1.12,1.0,1.3446,1.1847,3.169,94,0,0.0,1.1761
2019-11-07,1.2819,1.3,1.1,1.45,1.2819,3.1606,94,0,0.0,1.1732
2019-11-08,1.2889,1.2861,1.1084,1.4477,1.2889,3.1564,94,0,0.0,1.173
2019-11-11,1.292,1.2809,1.1466,1.45,1.292,3.1503,94,0,0.0,1.1728
2019-11-12,1.3772,1.3505,1.2,1.5491,1.3772,3.1422,94,0,0.0,1.17
2019-11-13,1.3962,1.4,1.2,1.5685,1.3962,3.1364,94,0,0.0,1.1696
2019-11-14,1.3372,1.3051,1.1556,1.5,1.3372,3.1336,94,0,0.0,1.1723
2019-11-18,1.3318,1.3379,1.15,1.5,1.3318,3.1494,94,0,0.0,1.1729
2019-11-19,1.3301,1.3,1.15,1.5,1.3301,3.1428,94,0,0.0,1.1733
2019-11-20,1.33,1.3,1.15,1.5,1.33,3.1389,94,0,0.0,1.1735
2019-11-21,1.3308,1.3,1.15,1.4974,1.3308,3.1288,94,0,0.0,1.1741
2019-11-22,1.3286,1.3,1.1625,1.4753,1.3286,3.1285,94,0,0.0,1.1745
2019-11-25,1.3294,1.3,1.1625,1.4685,1.3294,3.1216,94,0,0.0,1.1749
2019-11-26,1.3297,1.3,1.1508,1.5,1.3297,3.1137,94,0,0.0,1.175
2019-11-27,1.3272,1.3,1.1589,1.5,1.3272,3.1095,94,0,0.0,1.1754
2019-11-28,1.3241,1.3,1.1625,1.5,1.3241,3.1099,94,0,0.0,1.1757
2019-11-29,1.3335,1.3,1.2,1.4918,1.3335,3.1062,94,0,0.0,1.1757
2019-12-02,1.3633,1.3546,1.2,1.511,1.3633,3.1882,97,0,0.0,1.1758
2019-12-03,1.3528,1.3241,1.2,1.5,1.3528,3.1843,97,0,0.0,1.1763
2019-12-04,1.3285,1.3,1.2,1.5,1.3285,3.1846,97,0,0.0,1.1775
2019-12-05,1.3482,1.3163,1.2,1.5,1.3482,3.179,97,0,0.0,1.1771
2019-12-06,1.3193,1.3,1.2,1.4955,1.3193,3.1815,97,0,0.0,1.178
2019-12-09,1.3106,1.3,1.1919,1.45,1.3106,3.1789,97,0,0.0,1.1786
2019-12-10,1.3015,1.2612,1.18,1.447,1.3015,3.1777,97,0,0.0,1.1793
2019-12-11,1.2937,1.2628,1.1959,1.45,1.2937,3.1736,97,0,0.0,1.1798
2019-12-12,1.2865,1.3,1.15,1.45,1.2865,3.171,97,0,0.0,1.1804
2019-12-13,1.2826,1.3,1.15,1.4356,1.2826,3.1702,97,0,0.0,1.1806
2019-12-16,1.292,1.3,1.1641,1.4278,1.292,3.1639,97,0,0.0,1.1807
2019-12-17,1.3118,1.3,1.2,1.45,1.3118,3.1523,97,0,0.0,1.1806
2019-12-18,1.3078,1.3,1.2,1.4458,1.3078,3.1511,97,0,0.0,1.1809
2019-12-19,1.3221,1.3,1.2,1.45,1.3221,3.1421,97,0,0.0,1.181
2019-12-20,1.3021,1.3,1.2,1.4159,1.3021,3.1423,97,0,0.0,1.1817
2019-12-23,1.2961,1.3,1.2,1.4008,1.2961,3.1385,97,0,0.0,1.1821
2019-12-24,1.296,1.3,1.2,1.4007,1.296,3.138,97,0,0.0,1.1824
2019-12-26,1.2871,1.2981,1.2,1.404,1.2871,3.1358,97,0,0.0,1.1828
2019-12-27,1.2821,1.2954,1.18,1.4,1.2821,3.1354,97,0,0.0,1.1833
2019-12-30,1.3089,1.3,1.2,1.413,1.3089,3.141,96,0,0.0,1.1825
2019-12-31,1.3088,1.3,1.2,1.413,1.3088,3.1371,96,0,0.0,1.1827
2020-01-02,1.3394,1.3,1.2,1.444,1.3394,3.0819,106,0,0.0,1.1832
2020-01-03,1.3317,1.3,1.2,1.4008,1.3317,3.0777,106,0,0.0,1.1837
2020-01-06,1.2987,1.3,1.155,1.4053,1.2987,3.0723,106,0,0.0,1.1851
2020-01-07,1.3094,1.2976,1.1503,1.4,1.3094,3.0705,106,0,0.0,1.185
2020-01-08,1.3009,1.2957,1.1512,1.4,1.3009,3.0694,106,0,0.0,1.1854
2020-01-09,1.2928,1.2691,1.1567,1.4,1.2928,3.0673,106,0,0.0,1.1861
2020-01-10,1.285,1.26,1.1418,1.4,1.285,3.0653,106,0,0.0,1.1866
2020-01-13,1.2909,1.2854,1.1513,1.4,1.2909,3.0627,106,0,0.0,1.1866
2020-01-14,1.2814,1.25,1.1439,1.4,1.2814,3.0597,106,0,0.0,1.1872
2020-01-15,1.2676,1.25,1.1344,1.3993,1.2676,3.0657,106,0,0.0,1.1879
2020-01-16,1.2849,1.2795,1.1512,1.4,1.2849,3.0558,106,0,0.0,1.1877
2020-01-17,1.281,1.25,1.15,1.4,1.281,3.052,106,0,0.0,1.1881
2020-01-20,1.2782,1.265,1.1378,1.4,1.2782,3.0548,106,0,0.0,1.1884
2020-01-21,1.2678,1.265,1.1025,1.4,1.2678,3.0539,106,0,0.0,1.1888
2020-01-22,1.2626,1.25,1.1,1.4,1.2626,3.053,106,0,0.0,1.1892
2020-01-23,1.2628,1.25,1.1,1.4,1.2628,3.0489,106,0,0.0,1.1894
2020-01-24,1.2532,1.2119,1.1,1.3954,1.2532,3.0458,106,0,0.0,1.1899
2020-01-27,1.2601,1.2096,1.1025,1.3978,1.2601,3.0429,106,0,0.0,1.1899
2020-01-28,1.2552,1.229,1.1,1.3965,1.2552,3.0419,106,0,0.0,1.1903
2020-01-29,1.2505,1.2,1.097,1.3787,1.2505,3.0381,106,0,0.0,1.1907
2020-01-30,1.2511,1.2039,1.0988,1.3735,1.2511,3.0342,106,0,0.0,1.1909
2020-01-31,1.2602,1.2418,1.1,1.3788,1.2602,3.0289,106,0,0.0,1.191
2020-02-03,1.2926,1.2547,1.0976,1.4,1.2926,3.0112,120,0,0.0,1.191
2020-02-04,1.2837,1.259,1.0799,1.3964,1.2837,3.0085,120,0,0.0,1.1916
2020-02-05,1.2875,1.2499,1.0741,1.3902,1.2875,3.0065,120,0,0.0,1.1917
2020-02-06,1.2889,1.2585,1.0939,1.4,1.2889,2.9977,120,0,0.0,1.1921
2020-02-07,1.29,1.2669,1.0852,1.4,1.29,2.9934,120,0,0.0,1.1923
2020-02-10,1.2857,1.2537,1.0946,1.4,1.2857,2.992,120,0,0.0,1.1926
2020-02-11,1.2827,1.25,1.078,1.3926,1.2827,2.9924,120,0,0.0,1.1928
2020-02-12,1.2751,1.2455,1.0585,1.4,1.2751,2.9908,120,0,0.0,1.1931
2020-02-13,1.2818,1.2552,1.0944,1.385,1.2818,2.9845,120,0,0.0,1.1933
2020-02-14,1.2721,1.2343,1.051,1.3894,1.2721,2.9867,120,0,0.0,1.1937
2020-02-17,1.2772,1.2407,1.055,1.4,1.2772,2.9964,120,0,0.0,1.1937
2020-02-18,1.2661,1.2277,1.0532,1.3917,1.2661,2.9922,120,0,0.0,1.1943
2020-02-19,1.2665,1.235,1.0511,1.4,1.2665,2.9912,120,0,0.0,1.1944
2020-02-20,1.2702,1.2403,1.055,1.4,1.2702,2.9863,120,0,0.0,1.1946
2020-02-21,1.2745,1.2496,1.0624,1.4,1.2745,2.9804,120,0,0.0,1.1947
2020-02-26,1.284,1.2538,1.084,1.4,1.284,2.9739,120,0,0.0,1.1948
2020-02-27,1.2787,1.2618,1.0706,1.4,1.2787,2.9744,120,0,0.0,1.1951
2020-02-28,1.301,1.2787,1.1,1.45,1.301,2.9714,120,0,0.0,1.1945
2020-03-02,1.3128,1.3,1.1048,1.5,1.3128,2.9761,136,0,0.0,1.1943
2020-03-03,1.2869,1.26,1.0832,1.4532,1.2869,2.9769,136,0,0.0,1.1952
2020-03-04,1.2989,1.2721,1.0878,1.45,1.2989,2.9514,136,0,0.0,1.1949
2020-03-05,1.3213,1.3,1.1,1.491,1.3213,2.937,136,0,0.0,1.1947
2020-03-06,1.3543,1.3096,1.127,1.5,1.3543,2.933,136,0,0.0,1.1937
2020-03-09,1.4553,1.4,1.25,1.5705,1.4553,2.9147,136,0,0.0,1.1914
2020-03-10,1.5666,1.5,1.35,1.7089,1.5666,2.9431,135,0,0.0,1.1872
2020-03-11,1.6092,1.5716,1.3557,1.7881,1.6092,2.9095,135,0,0.0,1.187
2020-03-12,1.7518,1.65,1.4,1.9873,1.7518,2.8456,135,0,0.0,1.1847
2020-03-13,1.7613,1.7,1.5303,1.963,1.7613,2.8902,135,0,0.0,1.183
2020-03-16,1.8678,1.8429,1.49,2.116,1.8678,2.9024,135,0,0.0,1.1783
2020-03-17,1.8039,1.8,1.45,2.0078,1.8039,2.9219,135,0,0.0,1.1798
2020-03-18,2.3346,2.1369,1.6,3.0,2.3346,2.8481,135,0,0.0,1.1642
2020-03-19,2.8273,2.8987,1.775,3.4913,2.8273,2.8383,135,0,0.0,1.1467
2020-03-20,3.2835,3.8168,1.775,4.0,3.2835,2.8273,135,0,0.0,1.131
2020-03-23,3.6888,4.2024,1.775,5.0,3.6888,2.8061,135,0,0.0,1.118
2020-03-24,3.5943,4.0,1.775,4.8763,3.5943,2.826,135,0,0.0,1.1197
2020-03-25,3.9486,4.3358,1.775,5.3189,3.9486,2.8522,135,0,0.0,1.1072
2020-03-26,3.8818,4.25,1.775,5.061,3.8818,2.8595,135,0,0.0,1.1094
2020-03-27,4.1186,4.75,1.8,5.5,4.1186,2.8553,135,0,0.0,1.1022
2020-03-30,4.2067,4.8558,2.1426,5.5,4.2067,2.8607,135,0,0.0,1.0987
2020-03-31,4.149,4.8035,2.875,5.5,4.149,2.8639,135,0,0.0,1.1022
2020-04-01,5.2007,5.0,4.5837,5.7534,5.2007,2.9245,108,0,0.0,1.0972
2020-04-02,5.1975,5.0,4.5,5.75,5.1975,2.9241,108,0,0.0,1.0971
2020-04-03,5.1943,5.0722,4.5386,5.8023,5.1943,2.9129,108,0,0.0,1.0977
2020-04-06,5.4442,5.4371,4.5962,6.0,5.4442,2.9073,108,0,0.0,1.0906
2020-04-07,5.4878,5.1242,4.5,6.4302,5.4878,2.91,108,0,0.0,1.0909
2020-04-08,5.7442,5.7799,4.8164,7.0,5.7442,2.9073,108,0,0.0,1.0819
2020-04-09,5.44,5.1827,4.5,6.5,5.4768,2.92,108,1,0.5621,1.0912
2020-04-13,5.3299,5.1037,4.4846,6.0045,5.3959,2.9318,108,2,0.9903,1.094
2020-04-14,5.2205,5.0,4.25,6.0,5.2866,2.9364,108,2,0.9903,1.0983
2020-04-15,4.8929,4.7136,4.0,5.5026,4.9623,2.9475,108,2,0.9903,1.1085
2020-04-16,4.7856,4.5,4.0,5.5,4.856,2.9506,108,2,0.9903,1.1125
2020-04-17,4.4356,4.225,3.6999,5.25,4.5094,2.953,108,2,0.9903,1.1256
2020-04-20,4.2784,4.0,3.5,5.0113,4.3538,2.9637,108,2,0.9903,1.1319
2020-04-22,4.0891,4.0,3.3808,4.7999,4.1664,2.9703,108,2,0.9903,1.1377
2020-04-23,4.0802,3.7925,3.3135,4.5,4.1587,2.9525,108,2,0.9903,1.1401
2020-04-24,4.2816,4.2448,3.5632,4.7502,4.3581,2.8926,108,2,0.9903,1.136
2020-04-27,4.5198,4.5,4.0,5.0129,4.5939,2.884,108,2,0.9903,1.1294
2020-04-28,4.0417,4.0,3.5,4.5918,4.1184,2.9232,108,2,0.9903,1.1407
2020-04-29,4.0744,3.8991,3.3714,4.5,4.114,3.0074,107,1,0.4994,1.1434
2020-04-30,3.9319,3.75,3.4854,4.4036,4.0041,3.013,107,2,0.8957,1.147
2020-05-04,3.9312,3.7045,3.2926,4.25,3.9757,3.1525,93,1,0.5518,1.1489
2020-05-05,3.8547,3.6113,3.2423,4.2,3.8996,3.1573,93,1,0.5518,1.1514
2020-05-06,3.7944,3.5769,3.25,4.2,3.8396,3.1583,93,1,0.5518,1.1537
2020-05-07,3.8015,3.5239,3.1625,4.0,3.8015,3.1525,93,0,0.0,1.1547
2020-05-08,3.7803,3.5,3.1819,4.25,3.8257,3.1599,93,1,0.5518,1.1542
2020-05-11,3.79,3.5,3.1934,4.25,3.8353,3.1546,93,1,0.5518,1.1544
2020-05-12,3.8288,3.6931,3.25,4.25,3.8739,3.1352,93,1,0.5518,1.1538
2020-05-13,3.8693,3.75,3.25,4.25,3.9141,3.1216,93,1,0.5518,1.153
2020-05-14,3.8871,3.7536,3.25,4.25,3.9319,3.1204,93,1,0.5518,1.1526
2020-05-15,3.9186,3.75,3.25,4.25,3.9186,3.1294,93,0,0.0,1.1524
2020-05-18,3.8614,3.6836,3.25,4.25,3.8614,3.1333,93,0,0.0,1.1543
2020-05-19,3.8324,3.6496,3.25,4.1,3.8324,3.1322,93,0,0.0,1.1554
2020-05-20,3.8446,3.6306,3.25,4.1048,3.8446,3.1269,93,0,0.0,1.1553
2020-05-21,3.8201,3.5589,3.1806,4.1,3.8201,3.1285,93,0,0.0,1.1563
2020-05-22,3.8437,3.5754,3.1964,4.1,3.8437,3.1211,93,0,0.0,1.156
2020-05-25,3.7617,3.4141,3.0,4.0737,3.7617,3.1346,93,0,0.0,1.1585
2020-05-26,3.7806,3.4007,3.0,4.0249,3.7806,3.1319,93,0,0.0,1.1579
2020-05-27,3.765,3.4,3.0,4.0012,3.765,3.1297,93,0,0.0,1.1586
2020-05-28,3.7629,3.3998,3.0,4.0218,3.7629,3.1264,93,0,0.0,1.1589
2020-05-29,3.7782,3.393,3.1,4.0,3.7782,3.1255,93,0,0.0,1.1589
2020-06-01,3.7035,3.3317,3.0,3.9375,3.7035,3.2181,102,0,0.0,1.1595
2020-06-02,3.6545,3.25,3.0,3.8668,3.6545,3.2229,102,0,0.0,1.1611
2020-06-03,3.6509,3.25,2.9821,3.8425,3.6509,3.2233,102,0,0.0,1.1613
2020-06-04,3.6066,3.25,2.9957,3.8447,3.6066,3.2175,102,0,0.0,1.163
2020-06-05,3.6625,3.2699,3.0,3.7645,3.6625,3.2084,102,0,0.0,1.1616
2020-06-08,3.6213,3.25,3.0,3.7643,3.6213,3.2048,102,0,0.0,1.1635
2020-06-09,3.5301,3.25,2.9062,3.75,3.5301,3.2011,102,0,0.0,1.1665
2020-06-10,3.4987,3.2,2.9381,3.75,3.4987,3.2049,102,0,0.0,1.1675
2020-06-12,3.4902,3.2058,2.9,3.75,3.4902,3.2008,102,0,0.0,1.1681
2020-06-15,3.4691,3.2056,2.9018,3.7375,3.4691,3.199,102,0,0.0,1.1691
2020-06-16,3.484,3.2333,2.9071,3.725,3.484,3.1926,102,0,0.0,1.169
2020-06-17,3.4453,3.1982,2.8918,3.7023,3.4453,3.1934,102,0,0.0,1.1703
2020-06-18,3.4409,3.249,2.9008,3.6905,3.4409,3.1827,102,0,0.0,1.1707
2020-06-19,3.4188,3.1909,2.9,3.55,3.4188,3.1833,102,0,0.0,1.1717
2020-06-22,3.3978,3.2057,2.9,3.5542,3.3978,3.1767,102,0,0.0,1.1728
2020-06-23,3.3499,3.1601,2.8087,3.5048,3.3499,3.1769,102,0,0.0,1.1747
2020-06-24,3.3329,3.175,2.8,3.5641,3.3329,3.1673,102,0,0.0,1.1757
2020-06-25,3.2401,3.0814,2.75,3.3844,3.2401,3.1735,102,0,0.0,1.1788
2020-06-26,3.192,3.0288,2.75,3.3798,3.192,3.1676,102,0,0.0,1.1805
2020-06-29,3.2286,3.0293,2.75,3.3324,3.2286,3.1672,102,0,0.0,1.1798
2020-06-30,3.1287,3.0,2.7488,3.2832,3.1287,3.1674,102,0,0.0,1.1831
2020-07-01,3.1303,2.9828,2.6749,3.4866,3.1733,3.0432,127,1,0.5217,1.1842
2020-07-02,3.1301,2.95,2.675,3.4645,3.182,3.0376,127,1,0.5217,1.1842
2020-07-03,3.093,2.9149,2.625,3.275,3.1443,3.0374,127,1,0.5217,1.1856
2020-07-06,3.0646,2.9,2.625,3.25,3.1163,3.0343,127,1,0.5217,1.1869
2020-07-07,3.0016,2.85,2.5616,3.2614,3.0525,3.0265,127,1,0.5217,1.1893
2020-07-08,3.0131,2.873,2.5538,3.2725,3.0654,3.0187,127,1,0.5217,1.1894
2020-07-09,2.9973,2.85,2.5041,3.2683,3.052,3.0156,127,1,0.5217,1.1901
2020-07-10,2.9526,2.8,2.5,3.239,3.0038,3.0184,127,1,0.5217,1.1917
2020-07-13,2.9351,2.8,2.5,3.2307,2.9804,3.0145,127,1,0.5217,1.1928
2020-07-14,2.9219,2.7795,2.5,3.2355,2.9674,3.0112,127,1,0.5217,1.1935
2020-07-15,2.9051,2.75,2.5,3.2356,2.95,3.019,127,1,0.5217,1.1944
2020-07-16,2.8993,2.75,2.5,3.2077,2.944,3.0162,127,1,0.5217,1.1948
2020-07-17,2.8831,2.75,2.5,3.1722,2.9266,3.0174,127,1,0.5217,1.1954
2020-07-20,2.8746,2.7368,2.4713,3.1704,2.9177,3.0142,127,1,0.5217,1.1959
2020-07-21,2.854,2.7047,2.4391,3.1608,2.8986,3.0076,127,1,0.5217,1.1968
2020-07-22,2.8518,2.7,2.4251,3.0766,2.8935,3.004,127,1,0.5217,1.1973
2020-07-23,2.8377,2.7,2.4258,3.05,2.8795,2.9995,127,1,0.5217,1.198
2020-07-24,2.7677,2.61,2.4,3.0121,2.8061,3.0051,127,1,0.5217,1.2002
2020-07-27,2.7763,2.55,2.3703,3.0,2.7763,3.004,127,0,0.0,1.2013
2020-07-28,2.723,2.55,2.3516,3.0,2.7619,3.0016,127,1,0.5217,1.2021
2020-07-29,2.6971,2.55,2.3479,3.0,2.7386,2.9975,127,1,0.5217,1.2029
2020-07-30,2.6266,2.5,2.25,2.9,2.6662,3.0023,127,1,0.5217,1.2055
2020-07-31,2.6239,2.4505,2.25,2.8714,2.6633,2.9991,127,1,0.5217,1.2058
2020-08-03,2.5981,2.45,2.25,2.775,2.6403,3.0017,131,1,0.527,1.2063
2020-08-04,2.6147,2.45,2.2745,2.7915,2.6583,2.9929,131,1,0.527,1.2061
2020-08-05,2.5752,2.45,2.25,2.7559,2.6188,2.9862,131,1,0.527,1.2078
2020-08-06,2.5306,2.4,2.2381,2.696,2.571,2.9907,131,1,0.527,1.2095
2020-08-07,2.5346,2.4,2.2,2.7084,2.5765,2.9808,131,1,0.527,1.2098
2020-08-10,2.5183,2.4,2.2,2.699,2.5601,2.975,131,1,0.527,1.2106
2020-08-11,2.5304,2.4,2.2,2.7,2.5727,2.9695,131,1,0.527,1.2104
2020-08-12,2.5434,2.4,2.2177,2.724,2.586,2.9594,131,1,0.527,1.2104
2020-08-13,2.5375,2.4184,2.2,2.776,2.5811,2.9518,131,1,0.527,1.2107
2020-08-14,2.5442,2.4,2.2,2.75,2.5878,2.9481,131,1,0.527,1.2108
2020-08-17,2.5521,2.4424,2.2,2.7814,2.5964,2.9474,131,1,0.527,1.2108
2020-08-18,2.4039,2.35,2.1483,2.6398,2.4469,2.9547,131,1,0.527,1.2154
2020-08-19,2.4158,2.35,2.1467,2.6756,2.4604,2.945,131,1,0.527,1.2153
2020-08-20,2.4051,2.35,2.1187,2.6698,2.4493,2.9464,131,1,0.527,1.2161
2020-08-21,2.3913,2.3,2.1149,2.6172,2.4352,2.9436,131,1,0.527,1.2167
2020-08-24,2.3746,2.3,2.1,2.6269,2.4174,2.9432,131,1,0.527,1.2174
2020-08-25,2.3702,2.3,2.1,2.6126,2.4138,2.9378,131,1,0.527,1.2179
2020-08-26,2.393,2.3,2.075,2.6826,2.4386,2.9279,131,1,0.527,1.2176
2020-08-27,2.3702,2.3,2.1,2.6481,2.4163,2.9229,131,1,0.527,1.2186
2020-08-28,2.3472,2.3,2.0624,2.6203,2.392,2.9249,131,1,0.527,1.2194
2020-08-31,2.3348,2.25,2.05,2.5603,2.3802,2.9189,131,1,0.527,1.2201
2020-09-01,2.2786,2.2549,2.05,2.5695,2.3364,2.8277,146,2,0.7119,1.2212
2020-09-02,2.2613,2.25,2.0,2.5829,2.3197,2.822,146,2,0.7119,1.222
2020-09-03,2.2535,2.2403,2.0,2.5775,2.311,2.8205,146,2,0.7119,1.2226
2020-09-04,2.2326,2.2,2.0,2.5656,2.2892,2.8196,146,2,0.7119,1.2235
2020-09-08,2.2459,2.2218,2.0,2.5579,2.304,2.8102,146,2,0.7119,1.2235
2020-09-09,2.2169,2.2,2.0,2.5315,2.2747,2.8086,146,2,0.7119,1.2244
2020-09-10,2.2246,2.2,2.0,2.5811,2.2842,2.7994,146,2,0.7119,1.2245
2020-09-11,2.257,2.2239,2.0,2.6495,2.3167,2.7952,146,2,0.7119,1.224
2020-09-14,2.2215,2.2,2.0,2.5834,2.28,2.7951,146,2,0.7119,1.2251
2020-09-15,2.2274,2.2,2.0,2.5968,2.2871,2.7977,146,2,0.7119,1.2252
2020-09-16,2.2294,2.2,2.0,2.5631,2.2907,2.7904,146,2,0.7119,1.2255
2020-09-17,2.205,2.2,2.0,2.5496,2.2646,2.7907,146,2,0.7119,1.2262
2020-09-18,2.2483,2.2,2.0,2.5997,2.3113,2.7767,146,2,0.7119,1.2256
2020-09-21,2.2422,2.2,1.9625,2.5893,2.3048,2.7742,146,2,0.7119,1.2261
2020-09-22,2.2202,2.2,1.95,2.55,2.2796,2.7741,146,2,0.7119,1.2269
2020-09-23,2.2356,2.2,1.95,2.5922,2.296,2.7658,146,2,0.7119,1.2265
2020-09-24,2.2061,2.2,1.95,2.5497,2.2632,2.7707,146,2,0.7119,1.2275
2020-09-25,2.1914,2.2,1.95,2.5186,2.2478,2.7674,146,2,0.7119,1.2281
2020-09-28,2.2379,2.2,1.95,2.5713,2.2982,2.7511,146,2,0.7119,1.2273
2020-09-29,2.2525,2.2,1.95,2.5797,2.2938,2.7457,146,1,0.4791,1.228
2020-09-30,2.2326,2.2,1.955,2.535,2.2725,2.7499,146,1,0.4791,1.2287
2020-10-01,2.0874,2.2,1.95,2.5875,2.123,2.5158,159,1,0.4181,1.2284
2020-10-02,2.0954,2.2128,1.9935,2.6612,2.1503,2.5018,159,2,0.6327,1.2283
2020-10-05,2.0745,2.2,1.95,2.5567,2.1264,2.5048,159,2,0.6327,1.2288
2020-10-06,2.0939,2.2,1.9826,2.6015,2.1467,2.4956,159,2,0.6327,1.2286
2020-10-07,2.0858,2.2,1.985,2.5924,2.1382,2.4932,159,2,0.6327,1.229
2020-10-08,2.0646,2.2,1.9503,2.5391,2.1157,2.4931,159,2,0.6327,1.2294
2020-10-09,2.0768,2.2,1.95,2.5551,2.1297,2.489,159,2,0.6327,1.2293
2020-10-13,2.0783,2.25,1.9563,2.55,2.1302,2.4891,159,2,0.6327,1.2294
2020-10-14,2.0724,2.25,1.9809,2.5296,2.1238,2.4864,159,2,0.6327,1.2297
2020-10-15,2.0936,2.25,2.0,2.5628,2.1469,2.4815,159,2,0.6327,1.2293
2020-10-16,2.1078,2.25,2.0,2.5923,2.1621,2.4753,159,2,0.6327,1.2293
2020-10-19,2.0822,2.25,1.9966,2.5464,2.1347,2.4766,159,2,0.6327,1.2301
2020-10-20,2.0702,2.25,1.9875,2.5,2.122,2.4778,159,2,0.6327,1.2305
2020-10-21,2.066,2.25,1.9674,2.5139,2.1186,2.4746,159,2,0.6327,1.2309
2020-10-22,2.0764,2.25,1.994,2.5402,2.1295,2.4688,159,2,0.6327,1.2309
2020-10-23,2.1019,2.25,2.0,2.6055,2.1577,2.4574,159,2,0.6327,1.2305
2020-10-26,2.0991,2.25,2.0,2.5658,2.1566,2.4554,159,2,0.6327,1.2307
2020-10-27,2.1097,2.25,2.0,2.6188,2.1685,2.4501,159,2,0.6327,1.2306
2020-10-28,2.108,2.25,2.0,2.6065,2.1684,2.4445,159,2,0.6327,1.2309
2020-10-29,2.0965,2.25,2.0,2.55,2.1572,2.4421,159,2,0.6327,1.2314
2020-10-30,2.1058,2.25,2.0,2.5,2.1688,2.436,159,2,0.6327,1.2313
2020-11-03,2.2578,2.2984,2.0013,2.5392,2.3207,2.5714,166,2,0.6229,1.231
2020-11-04,2.2359,2.25,2.0,2.5,2.2971,2.5723,166,2,0.6229,1.2318
2020-11-05,2.2013,2.2093,2.0,2.5,2.2621,2.5711,166,2,0.6229,1.2328
2020-11-06,2.2011,2.2086,2.0,2.5,2.2602,2.5725,166,2,0.6229,1.233
2020-11-09,2.1817,2.2,2.0,2.4512,2.2432,2.5725,166,2,0.6229,1.2335
2020-11-10,2.1787,2.2,2.0,2.4624,2.2389,2.5679,166,2,0.6229,1.2338
2020-11-11,2.2041,2.2379,2.0,2.4952,2.2642,2.5584,166,2,0.6229,1.2335
2020-11-12,2.2019,2.235,2.0,2.4994,2.2607,2.5534,166,2,0.6229,1.2338
2020-11-13,2.164,2.2,2.0,2.4446,2.2206,2.5518,166,2,0.6229,1.2352
2020-11-16,2.1627,2.1872,2.0,2.4386,2.2165,2.557,166,2,0.6229,1.2355
2020-11-17,2.1515,2.1731,2.0,2.421,2.205,2.5549,166,2,0.6229,1.2359
2020-11-18,2.1684,2.2,2.0,2.4571,2.2231,2.5477,166,2,0.6229,1.2356
2020-11-19,2.1731,2.2,2.0,2.4575,2.2281,2.5435,166,2,0.6229,1.2358
2020-11-20,2.1885,2.2088,2.0,2.4989,2.2452,2.5348,166,2,0.6229,1.2356
2020-11-23,2.1965,2.2423,2.0,2.4961,2.2536,2.5271,166,2,0.6229,1.2372
2020-11-24,2.1873,2.2305,2.0,2.4629,2.2441,2.5249,166,2,0.6229,1.2377
2020-11-25,2.1782,2.207,2.0,2.4747,2.2368,2.5238,166,2,0.6229,1.2379
2020-11-26,2.1627,2.1773,2.0,2.4475,2.2198,2.5238,166,2,0.6229,1.2386
2020-11-27,2.161,2.159,1.9837,2.4354,2.2166,2.5233,166,2,0.6229,1.2387
2020-11-30,2.1679,2.1762,1.9983,2.45,2.2214,2.5173,166,2,0.6229,1.2389
2020-12-01,2.1556,2.15,2.0,2.4416,2.1556,2.616,152,0,0.0,1.2393
2020-12-02,2.1371,2.15,1.9666,2.4005,2.1371,2.6182,152,0,0.0,1.2399
2020-12-03,2.1072,2.1464,1.9459,2.4,2.1072,2.6224,152,0,0.0,1.2407
2020-12-04,2.1172,2.1233,1.9482,2.4125,2.1172,2.6174,152,0,0.0,1.2407
2020-12-07,2.1102,2.1217,1.9349,2.45,2.1102,2.6159,152,0,0.0,1.241
2020-12-08,2.1044,2.1173,1.9305,2.4125,2.1044,2.6122,152,0,0.0,1.2415
2020-12-09,2.1031,2.1417,1.9413,2.4125,2.1031,2.6077,152,0,0.0,1.2417
2020-12-10,2.0939,2.15,1.923,2.4,2.0939,2.606,152,0,0.0,1.2421
2020-12-11,2.1007,2.1345,1.8999,2.4058,2.1007,2.6066,152,0,0.0,1.2419
2020-12-14,2.1129,2.15,1.9479,2.4388,2.1129,2.5952,152,0,0.0,1.2417
2020-12-15,2.1019,2.132,1.914,2.4,2.1019,2.5972,152,0,0.0,1.2421
2020-12-16,2.1157,2.15,1.9361,2.4,2.1157,2.5905,152,0,0.0,1.242
2020-12-17,2.119,2.1589,1.918,2.4,2.119,2.5856,152,0,0.0,1.2421
2020-12-18,2.1148,2.15,1.95,2.4,2.1148,2.6135,151,0,0.0,1.2425
2020-12-21,2.1035,2.15,1.9358,2.4,2.1035,2.6103,151,0,0.0,1.2429
2020-12-22,2.0621,2.125,1.8744,2.3721,2.0621,2.6103,151,0,0.0,1.2443
2020-12-23,2.0751,2.1241,1.9,2.4,2.0751,2.6099,151,0,0.0,1.2437
2020-12-24,2.0729,2.1235,1.9,2.4,2.0729,2.6035,151,0,0.0,1.244
2020-12-28,2.1058,2.1458,1.9185,2.4,2.1058,2.5936,151,0,0.0,1.2433
2020-12-29,2.0871,2.1009,1.9,2.4,2.0871,2.6003,150,0,0.0,1.2439
2020-12-30,2.0861,2.1104,1.9,2.4,2.0861,2.5981,150,0,0.0,1.244
2020-12-31,2.0851,2.1,1.9,2.4,2.0851,2.6098,149,0,0.0,1.2442
2021-01-04,2.1087,2.1229,1.9326,2.4,2.1087,2.6648,149,0,0.0,1.2449
2021-01-05,2.1046,2.1284,1.9495,2.35,2.1046,2.6571,149,0,0.0,1.2453
2021-01-06,2.1234,2.15,1.9,2.4,2.1234,2.648,149,0,0.0,1.2451
2021-01-07,2.1257,2.15,1.9,2.3919,2.1257,2.6358,149,0,0.0,1.2454
2021-01-08,2.1385,2.17,1.9355,2.4,2.1385,2.6292,149,0,0.0,1.2453
2021-01-11,2.1445,2.1754,1.9407,2.45,2.1445,2.6181,149,0,0.0,1.2458
2021-01-12,2.1262,2.1419,1.9,2.3904,2.1262,2.6185,149,0,0.0,1.2464
2021-01-13,2.1487,2.2,1.9492,2.4,2.1487,2.6082,149,0,0.0,1.2463
2021-01-14,2.1268,2.1744,1.9129,2.3423,2.1268,2.6077,149,0,0.0,1.247
2021-01-15,2.1123,2.15,1.9,2.3346,2.1123,2.6052,149,0,0.0,1.2476
2021-01-18,2.0904,2.1149,1.9,2.3106,2.0904,2.6035,149,0,0.0,1.2483
2021-01-19,2.0907,2.1248,1.9,2.3153,2.0907,2.5997,149,0,0.0,1.2486
2021-01-20,2.0964,2.1173,1.9,2.3262,2.0964,2.5962,149,0,0.0,1.2485
2021-01-21,2.1075,2.1197,1.9,2.3591,2.1075,2.5867,149,0,0.0,1.2486
2021-01-22,2.1182,2.15,1.9,2.3947,2.1182,2.5791,149,0,0.0,1.2487
2021-01-25,2.1177,2.15,1.9,2.3876,2.1177,2.5756,149,0,0.0,1.2489
2021-01-26,2.0963,2.1068,1.9,2.3266,2.0963,2.5759,149,0,0.0,1.2495
2021-01-27,2.0929,2.102,1.8836,2.3107,2.0929,2.5736,149,0,0.0,1.25
2021-01-28,2.0725,2.0956,1.85,2.3,2.0725,2.5743,149,0,0.0,1.2505
2021-01-29,2.0478,2.0286,1.85,2.27,2.0478,2.575,149,0,0.0,1.2514
2021-02-01,2.0557,2.0919,1.85,2.2725,2.0557,2.6065,154,0,0.0,1.2521
2021-02-02,2.032,2.0628,1.8364,2.25,2.032,2.606,154,0,0.0,1.253
2021-02-03,2.0211,2.0161,1.807,2.2446,2.0211,2.6032,154,0,0.0,1.2536
2021-02-04,2.0157,2.0336,1.8,2.25,2.0157,2.5959,154,0,0.0,1.2542
2021-02-05,2.0074,2.0024,1.8,2.2021,2.0074,2.5932,154,0,0.0,1.2549
2021-02-08,1.9977,2.0,1.8,2.2,1.9977,2.6031,154,0,0.0,1.2554
2021-02-09,2.0028,2.0,1.8,2.2233,2.0028,2.5971,154,0,0.0,1.2554
2021-02-10,1.9831,1.9799,1.8,2.1851,1.9831,2.597,154,0,0.0,1.2562
2021-02-11,1.9616,1.9721,1.7524,2.15,1.9616,2.5934,154,0,0.0,1.2572
2021-02-12,1.9505,1.945,1.75,2.15,1.9505,2.5868,154,0,0.0,1.2579
2021-02-17,1.9617,1.95,1.7525,2.15,1.9617,2.5885,154,0,0.0,1.2579
2021-02-18,1.9531,1.95,1.75,2.1456,1.9531,2.5852,154,0,0.0,1.2583
2021-02-19,1.9566,1.9458,1.75,2.15,1.9566,2.5784,154,0,0.0,1.2585
2021-02-22,1.987,1.9716,1.7619,2.2,1.987,2.5685,154,0,0.0,1.2579
2021-02-23,1.963,1.95,1.75,2.1925,1.963,2.5691,154,0,0.0,1.2587
2021-02-24,1.9676,1.95,1.75,2.2,1.9676,2.5605,154,0,0.0,1.2589
2021-02-25,1.9615,1.9375,1.75,2.1782,1.9615,2.5513,154,0,0.0,1.2598
2021-02-26,1.9709,1.95,1.75,2.1829,1.9709,2.5453,154,0,0.0,1.2598
2021-03-01,1.997,1.9754,1.75,2.2229,1.997,2.6293,158,0,0.0,1.2602
2021-03-02,1.983,1.95,1.75,2.2,1.983,2.6225,158,0,0.0,1.261
2021-03-03,1.9968,1.95,1.75,2.2,1.9968,2.6104,158,0,0.0,1.2612
2021-03-04,1.948,1.8556,1.75,2.1109,1.948,2.6248,158,0,0.0,1.2627
2021-03-05,1.9397,1.85,1.75,2.1375,1.9397,2.6281,158,0,0.0,1.2629
2021-03-08,1.9635,1.9,1.75,2.1275,1.9635,2.6097,158,0,0.0,1.2627
2021-03-09,1.9774,1.9,1.75,2.15,1.9774,2.6025,158,0,0.0,1.2625
2021-03-10,1.9807,1.9094,1.75,2.15,1.9807,2.5975,158,0,0.0,1.2626
2021-03-11,1.977,1.9,1.75,2.1438,1.977,2.6035,156,0,0.0,1.2629
2021-03-12,1.9856,1.9452,1.75,2.15,1.9856,2.5957,156,0,0.0,1.2629
2021-03-15,1.988,1.95,1.75,2.149,1.988,2.5978,156,0,0.0,1.2631
2021-03-16,1.969,1.8996,1.75,2.1456,1.969,2.5929,156,0,0.0,1.2639
2021-03-17,1.975,1.9,1.75,2.1499,1.975,2.5952,155,0,0.0,1.264
2021-03-18,1.974,1.8971,1.75,2.1408,1.974,2.5888,155,0,0.0,1.2646
2021-03-19,1.9794,1.9,1.75,2.15,1.9794,2.5825,155,0,0.0,1.2647
2021-03-22,1.98,1.9,1.75,2.15,1.98,2.5763,155,0,0.0,1.265
2021-03-23,1.9805,1.9364,1.75,2.108,1.9805,2.567,155,0,0.0,1.2655
2021-03-24,1.9885,1.9,1.75,2.15,1.9885,2.5569,155,0,0.0,1.2656
2021-03-25,1.9776,1.9,1.7471,2.1,1.9776,2.5563,155,0,0.0,1.266
2021-03-26,1.9712,1.9,1.75,2.1031,1.9712,2.551,155,0,0.0,1.2665
2021-03-29,1.9807,1.9046,1.75,2.1149,1.9807,2.5436,155,0,0.0,1.2665
2021-03-30,1.9657,1.8997,1.7202,2.1,1.9657,2.5488,155,0,0.0,1.267
2021-03-31,1.9589,1.8951,1.7065,2.1,1.9589,2.5409,155,0,0.0,1.2676
2021-04-01,1.9784,1.9166,1.75,2.1147,1.9784,2.4433,177,0,0.0,1.2677
2021-04-05,1.9726,1.9,1.7194,2.1101,1.9726,2.4403,177,0,0.0,1.2681
2021-04-06,1.9785,1.9145,1.75,2.1129,1.9785,2.4342,177,0,0.0,1.2682
2021-04-07,1.9815,1.948,1.75,2.1233,1.9815,2.4263,177,0,0.0,1.2686
2021-04-08,1.9585,1.9,1.7254,2.1,1.9585,2.4301,177,0,0.0,1.2693
2021-04-09,1.9647,1.9,1.7161,2.1,1.9647,2.422,177,0,0.0,1.2695
2021-04-12,1.9601,1.9,1.7,2.1,1.9601,2.4192,177,0,0.0,1.2698
2021-04-13,1.9754,1.9,1.7073,2.1,1.9754,2.4116,177,0,0.0,1.2697
2021-04-14,1.9475,1.9,1.7,2.1,1.9665,2.4105,177,1,0.2351,1.2701
2021-04-15,1.935,1.9,1.7,2.1,1.9542,2.4191,177,1,0.2351,1.2706
2021-04-16,1.9184,1.85,1.6723,2.05,1.9376,2.421,177,1,0.2351,1.2711
2021-04-19,1.8764,1.85,1.65,2.05,1.9331,2.4226,177,2,0.672,1.2714
2021-04-20,1.8788,1.85,1.65,2.05,1.9355,2.4151,177,2,0.672,1.2716
2021-04-22,1.8511,1.8215,1.65,2.0,1.9051,2.4165,176,2,0.6375,1.2722
2021-04-23,1.8525,1.8049,1.65,2.0,1.9065,2.4147,176,2,0.6375,1.2724
2021-04-26,1.8501,1.8016,1.65,2.0,1.9094,2.4119,176,2,0.6375,1.2726
2021-04-27,1.8503,1.8,1.65,2.0,1.9089,2.4063,176,2,0.6375,1.273
2021-04-28,1.8469,1.8,1.6425,2.0,1.9056,2.404,176,2,0.6375,1.2733
2021-04-29,1.8446,1.8,1.65,2.0,1.9033,2.4012,176,2,0.6375,1.2736
2021-04-30,1.8474,1.8,1.6376,2.0,1.9061,2.3952,176,2,0.6375,1.2738
2021-05-03,1.8341,1.8,1.6345,2.0,1.8888,2.3806,186,2,0.5962,1.274
2021-05-04,1.8436,1.817,1.65,2.0,1.8962,2.3725,186,2,0.5962,1.2741
2021-05-05,1.8379,1.8008,1.6449,1.9967,1.8922,2.3709,186,2,0.5962,1.2744
2021-05-06,1.8313,1.8,1.65,2.0,1.8829,2.3658,186,2,0.5962,1.2752
2021-05-07,1.8346,1.8,1.65,2.0,1.8886,2.3605,186,2,0.5962,1.2754
2021-05-10,1.8833,1.8,1.635,2.0,1.8833,2.3548,186,0,0.0,1.2758
2021-05-11,1.8633,1.8,1.6244,1.9875,1.8633,2.3547,186,0,0.0,1.2764
2021-05-12,1.8751,1.8,1.6394,2.0,1.8751,2.3443,186,0,0.0,1.2765
2021-05-13,1.8677,1.8,1.6316,2.0,1.8677,2.3416,186,0,0.0,1.2769
2021-05-14,1.8705,1.8,1.6425,2.0,1.8705,2.3363,186,0,0.0,1.2772
2021-05-17,1.8621,1.8,1.6014,2.0,1.8621,2.3405,186,0,0.0,1.2777
2021-05-18,1.8643,1.8,1.6077,2.0,1.8643,2.3345,186,0,0.0,1.278
2021-05-19,1.868,1.8,1.6042,2.0,1.868,2.3292,186,0,0.0,1.2781
2021-05-20,1.8655,1.8,1.6005,2.0,1.8655,2.3284,186,0,0.0,1.2784
2021-05-21,1.8568,1.8,1.6,2.0,1.8568,2.3256,186,0,0.0,1.2789
2021-05-24,1.8702,1.8,1.6123,2.0,1.8702,2.3197,186,0,0.0,1.2789
2021-05-25,1.8626,1.8,1.605,2.0,1.8626,2.3191,186,0,0.0,1.2793
2021-05-26,1.8551,1.8,1.6006,2.0,1.8551,2.3176,186,0,0.0,1.2797
2021-05-27,1.8509,1.7935,1.6,2.0,1.8509,2.3175,186,0,0.0,1.28
2021-05-28,1.8482,1.7725,1.6,2.0,1.8482,2.3155,186,0,0.0,1.2804
2021-05-31,1.8478,1.7903,1.6,2.0,1.8478,2.3092,186,0,0.0,1.2807
2021-06-01,1.8191,1.8,1.6,2.0,1.8191,2.3737,201,0,0.0,1.2809
2021-06-02,1.8326,1.7968,1.6026,2.0,1.8326,2.3727,201,0,0.0,1.2809
2021-06-04,1.8237,1.7784,1.6,2.0,1.8237,2.372,201,0,0.0,1.2813
2021-06-07,1.7949,1.7845,1.6,2.0,1.7949,2.3654,201,0,0.0,1.2821
2021-06-08,1.7826,1.7714,1.6,2.0,1.7826,2.3622,201,0,0.0,1.2827
2021-06-09,1.7856,1.777,1.6,2.0,1.7856,2.3559,201,0,0.0,1.283
2021-06-10,1.7902,1.75,1.6,2.0,1.7902,2.35,201,0,0.0,1.2833
2021-06-11,1.8235,1.8,1.6458,2.0,1.8235,2.3439,201,0,0.0,1.2827
2021-06-14,1.7864,1.75,1.6,2.0,1.7864,2.3398,201,0,0.0,1.284
2021-06-15,1.7811,1.75,1.6,2.0,1.7811,2.3444,201,0,0.0,1.2844
2021-06-16,1.7817,1.75,1.6,2.0,1.7817,2.3399,201,0,0.0,1.2847
2021-06-17,1.7862,1.7512,1.6,1.95,1.7862,2.3322,201,0,0.0,1.285
2021-06-18,1.7925,1.75,1.6,1.964,1.7925,2.3235,201,0,0.0,1.2852
2021-06-21,1.7818,1.75,1.6,1.95,1.7818,2.3249,201,0,0.0,1.2857
2021-06-22,1.7843,1.75,1.6,1.95,1.7843,2.3134,201,0,0.0,1.2861
2021-06-23,1.7858,1.7501,1.592,1.9542,1.7858,2.3289,200,0,0.0,1.2864
2021-06-24,1.7764,1.75,1.5821,1.95,1.7764,2.328,200,0,0.0,1.2869
2021-06-25,1.765,1.75,1.5526,1.95,1.765,2.3249,200,0,0.0,1.2874
2021-06-28,1.7498,1.7312,1.55,1.924,1.7498,2.3263,200,0,0.0,1.288
2021-06-29,1.7439,1.7182,1.55,1.9111,1.7439,2.3238,200,0,0.0,1.2884
2021-06-30,1.7505,1.7397,1.55,1.9392,1.7505,2.3167,200,0,0.0,1.2887
2021-07-01,1.7609,1.75,1.55,1.9688,1.7609,2.3179,204,0,0.0,1.289
2021-07-02,1.7591,1.7355,1.55,1.965,1.7591,2.3151,204,0,0.0,1.2893
2021-07-05,1.758,1.7477,1.55,1.9555,1.758,2.309,204,0,0.0,1.2896
2021-07-06,1.756,1.7297,1.55,1.9711,1.756,2.3022,204,0,0.0,1.2902
2021-07-07,1.7436,1.7061,1.5026,1.95,1.7436,2.3008,204,0,0.0,1.2908
2021-07-08,1.7411,1.7116,1.5,1.9451,1.7411,2.2953,204,0,0.0,1.2912
2021-07-09,1.7409,1.7115,1.5,1.9449,1.7409,2.2917,204,0,0.0,1.2915
2021-07-12,1.7314,1.7,1.5,1.952,1.7314,2.2868,204,0,0.0,1.292
2021-07-13,1.7347,1.7,1.5,1.9558,1.7347,2.2815,204,0,0.0,1.2923
2021-07-14,1.716,1.7,1.5,1.9414,1.716,2.2822,204,0,0.0,1.2928
2021-07-15,1.711,1.7,1.5,1.9444,1.711,2.2835,204,0,0.0,1.2933
2021-07-16,1.7036,1.7,1.5,1.919,1.7036,2.2822,204,0,0.0,1.2938
2021-07-19,1.6973,1.7,1.5,1.9162,1.6973,2.2798,204,0,0.0,1.2942
2021-07-20,1.6881,1.7,1.4939,1.9,1.6881,2.2783,204,0,0.0,1.2946
2021-07-21,1.6814,1.6658,1.45,1.9,1.6814,2.274,204,0,0.0,1.2951
2021-07-22,1.6795,1.6809,1.45,1.9,1.6795,2.2697,204,0,0.0,1.2955
2021-07-23,1.7009,1.7,1.4897,1.9,1.7009,2.2586,204,0,0.0,1.2956
2021-07-26,1.7015,1.7,1.4994,1.9,1.7015,2.2533,204,0,0.0,1.2959
2021-07-27,1.7024,1.7,1.5,1.9,1.7024,2.2481,204,0,0.0,1.2962
2021-07-28,1.6917,1.6915,1.4989,1.9016,1.6917,2.2434,204,0,0.0,1.2968
2021-07-29,1.6869,1.6885,1.4789,1.9,1.6869,2.2425,204,0,0.0,1.2971
2021-07-30,1.7019,1.7,1.5,1.9112,1.7019,2.2303,204,0,0.0,1.2972
2021-08-02,1.7118,1.7,1.4934,1.9,1.7118,2.2726,206,0,0.0,1.2979
2021-08-03,1.7095,1.6719,1.4951,1.9,1.7095,2.2678,206,0,0.0,1.2983
2021-08-04,1.7077,1.6832,1.4933,1.9,1.7077,2.2642,206,0,0.0,1.2986
2021-08-05,1.7167,1.6959,1.498,1.9,1.7167,2.2525,206,0,0.0,1.299
2021-08-06,1.7142,1.6933,1.4958,1.9,1.7142,2.2497,206,0,0.0,1.2994
2021-08-09,1.6907,1.65,1.4667,1.8975,1.6907,2.2446,206,0,0.0,1.3004
2021-08-10,1.6724,1.65,1.45,1.8875,1.6724,2.244,206,0,0.0,1.301
2021-08-11,1.6733,1.65,1.45,1.8737,1.6733,2.2392,206,0,0.0,1.3013
2021-08-12,1.6749,1.65,1.45,1.865,1.6749,2.2315,206,0,0.0,1.3017
2021-08-13,1.6799,1.65,1.45,1.8972,1.6799,2.2239,206,0,0.0,1.3019
2021-08-16,1.6808,1.65,1.45,1.8753,1.6808,2.223,206,0,0.0,1.3023
2021-08-17,1.6855,1.65,1.45,1.85,1.6855,2.2188,206,0,0.0,1.3026
2021-08-18,1.6935,1.65,1.45,1.8549,1.6935,2.2098,206,0,0.0,1.3029
2021-08-19,1.6955,1.65,1.4516,1.9,1.6955,2.2138,206,0,0.0,1.3036
2021-08-20,1.6865,1.65,1.45,1.9,1.6865,2.2147,206,0,0.0,1.3041
2021-08-23,1.6833,1.65,1.45,1.9,1.6833,2.207,206,0,0.0,1.3046
2021-08-24,1.6673,1.65,1.4447,1.8975,1.6673,2.2071,206,0,0.0,1.3052
2021-08-25,1.659,1.6436,1.4312,1.8821,1.659,2.2082,206,0,0.0,1.3057
2021-08-26,1.6557,1.6453,1.4362,1.882,1.6557,2.2048,206,0,0.0,1.3061
2021-08-27,1.6363,1.5998,1.4,1.85,1.6363,2.2032,206,0,0.0,1.3071
2021-08-30,1.6392,1.6,1.4,1.85,1.6392,2.2001,206,0,0.0,1.3073
2021-08-31,1.6355,1.6,1.4,1.8475,1.6355,2.1921,206,0,0.0,1.3078
2021-09-01,1.6376,1.6047,1.4,1.85,1.6376,2.2114,216,0,0.0,1.3082
2021-09-02,1.6428,1.6277,1.4051,1.8407,1.6428,2.2025,216,0,0.0,1.3085
2021-09-03,1.6408,1.6291,1.4009,1.8225,1.6408,2.1978,216,0,0.0,1.309
2021-09-06,1.6394,1.6273,1.4059,1.8225,1.6394,2.1954,216,0,0.0,1.3094
2021-09-08,1.6312,1.6,1.4,1.805,1.6312,2.1734,216,0,0.0,1.31
2021-09-09,1.6395,1.6,1.4086,1.8275,1.6395,2.1614,216,0,0.0,1.3105
2021-09-10,1.6348,1.6,1.4093,1.8278,1.6348,2.161,216,0,0.0,1.3109
2021-09-13,1.6339,1.6,1.4088,1.8045,1.6339,2.1589,216,0,0.0,1.3113
2021-09-14,1.623,1.5936,1.4,1.8,1.623,2.1596,216,0,0.0,1.3117
2021-09-15,1.6265,1.6,1.4,1.8,1.6265,2.1621,216,0,0.0,1.312
2021-09-16,1.6248,1.6,1.4,1.8,1.6248,2.1583,216,0,0.0,1.3124
2021-09-17,1.6006,1.55,1.4,1.8,1.6006,2.153,216,0,0.0,1.3134
2021-09-20,1.5949,1.55,1.4,1.8,1.5949,2.1525,216,0,0.0,1.3138
2021-09-21,1.5828,1.55,1.3889,1.8,1.5828,2.1551,216,0,0.0,1.3143
2021-09-22,1.5809,1.55,1.383,1.8,1.5809,2.1522,216,0,0.0,1.3146
2021-09-23,1.5775,1.55,1.3776,1.8,1.5775,2.1597,215,0,0.0,1.3151
2021-09-24,1.5767,1.55,1.3627,1.8,1.5767,2.1539,215,0,0.0,1.3156
2021-09-27,1.5785,1.55,1.3743,1.8,1.5785,2.1525,215,0,0.0,1.316
2021-09-28,1.586,1.55,1.3899,1.8,1.586,2.1463,215,0,0.0,1.3163
2021-09-29,1.5771,1.55,1.35,1.8,1.5771,2.1444,215,0,0.0,1.3169
2021-09-30,1.5725,1.55,1.342,1.8,1.5725,2.1401,215,0,0.0,1.3174
2021-10-01,1.6058,1.55,1.35,1.85,1.6058,2.1615,230,0,0.0,1.3178
2021-10-04,1.6032,1.55,1.35,1.85,1.6032,2.1563,230,0,0.0,1.3183
2021-10-05,1.5988,1.55,1.35,1.85,1.5988,2.1514,230,0,0.0,1.3189
2021-10-06,1.589,1.55,1.3,1.85,1.589,2.1521,230,0,0.0,1.3194
2021-10-07,1.5836,1.55,1.3,1.85,1.5836,2.1454,230,0,0.0,1.32
2021-10-08,1.5784,1.5473,1.3,1.85,1.5784,2.1469,230,0,0.0,1.3204
2021-10-11,1.5809,1.55,1.3,1.85,1.5809,2.1421,230,0,0.0,1.3208
2021-10-13,1.5779,1.55,1.3,1.85,1.5779,2.1394,230,0,0.0,1.3213
2021-10-14,1.5772,1.5085,1.3,1.85,1.5772,2.1341,230,0,0.0,1.3218
2021-10-15,1.5829,1.5296,1.3,1.85,1.5829,2.1343,230,0,0.0,1.3221
2021-10-18,1.5779,1.515,1.3,1.85,1.5779,2.1293,230,0,0.0,1.3227
2021-10-19,1.5938,1.545,1.3095,1.85,1.5938,2.1112,230,0,0.0,1.3231
2021-10-20,1.5722,1.5019,1.3,1.85,1.5722,2.1112,230,0,0.0,1.324
2021-10-21,1.5958,1.5323,1.3197,1.85,1.5958,2.0949,230,0,0.0,1.3241
2021-10-22,1.6058,1.5202,1.327,1.85,1.6058,2.0868,230,0,0.0,1.3245
2021-10-25,1.6243,1.55,1.3511,1.85,1.6243,2.0813,230,0,0.0,1.3245
2021-10-26,1.6399,1.55,1.3901,1.85,1.6399,2.0699,230,0,0.0,1.3247
2021-10-27,1.6415,1.55,1.3975,1.85,1.6415,2.068,230,0,0.0,1.325
2021-10-28,1.6579,1.5959,1.4,1.85,1.6579,2.0479,230,0,0.0,1.3254
2021-10-29,1.6569,1.5659,1.4,1.85,1.6569,2.0508,230,0,0.0,1.3258
2021-11-01,1.699,1.6,1.4019,1.95,1.699,2.1933,238,0,0.0,1.3262
2021-11-03,1.6832,1.5865,1.4,1.95,1.6832,2.1993,238,0,0.0,1.3268
2021-11-04,1.6844,1.59,1.4,1.9425,1.6844,2.1935,238,0,0.0,1.3273
2021-11-05,1.6842,1.5862,1.4,2.0,1.6842,2.1923,238,0,0.0,1.3277
2021-11-08,1.6913,1.59,1.4,2.0,1.6913,2.1879,238,0,0.0,1.3281
2021-11-09,1.6828,1.5604,1.4,2.0,1.6828,2.1899,238,0,0.0,1.3287
2021-11-10,1.6853,1.5652,1.4,2.0,1.6853,2.1874,238,0,0.0,1.3291
2021-11-11,1.6834,1.559,1.3835,2.0,1.6834,2.1824,238,0,0.0,1.3295
2021-11-12,1.6845,1.5542,1.3906,2.0,1.6845,2.1792,238,0,0.0,1.33
2021-11-16,1.6875,1.5675,1.3877,2.0,1.6875,2.1851,238,0,0.0,1.3304
2021-11-17,1.6927,1.5823,1.3931,2.0,1.6927,2.179,238,0,0.0,1.3308
2021-11-18,1.6985,1.588,1.4,2.0,1.6985,2.1727,238,0,0.0,1.3312
2021-11-19,1.6934,1.5787,1.4,2.0,1.6934,2.1724,238,0,0.0,1.3318
2021-11-22,1.7177,1.6,1.4,2.0,1.7177,2.1847,237,0,0.0,1.3318
2021-11-23,1.725,1.5891,1.4,2.0,1.725,2.1862,237,0,0.0,1.3321
2021-11-24,1.7134,1.571,1.4,2.0,1.7134,2.1849,237,0,0.0,1.3327
2021-11-25,1.7166,1.5757,1.4,2.0,1.7166,2.1815,237,0,0.0,1.3331
2021-11-26,1.7144,1.5593,1.4,2.0,1.7144,2.182,237,0,0.0,1.3335
2021-11-29,1.7159,1.5871,1.4,2.0,1.7159,2.1817,237,0,0.0,1.334
2021-11-30,1.7099,1.55,1.4,2.0,1.7099,2.1803,237,0,0.0,1.3346
2021-12-01,1.7533,1.55,1.4,2.0,1.7533,2.1837,234,0,0.0,1.3345
2021-12-02,1.7396,1.55,1.4,2.0,1.7396,2.1864,234,0,0.0,1.3356
2021-12-03,1.7294,1.55,1.3701,2.0,1.7294,2.1915,234,0,0.0,1.3361
2021-12-06,1.7276,1.55,1.38,2.0,1.7276,2.1872,234,0,0.0,1.3367
2021-12-07,1.7142,1.55,1.38,1.95,1.7142,2.1843,234,0,0.0,1.3376
2021-12-08,1.7386,1.565,1.3709,2.0,1.7386,2.1843,234,0,0.0,1.3369
2021-12-09,1.7382,1.55,1.382,2.0,1.7382,2.1682,234,0,0.0,1.3377
2021-12-10,1.7354,1.55,1.3791,2.0,1.7354,2.1716,234,0,0.0,1.3382
2021-12-13,1.7402,1.55,1.3852,2.0,1.7402,2.1675,233,0,0.0,1.3387
2021-12-14,1.7387,1.55,1.3834,2.0,1.7387,2.1659,233,0,0.0,1.3392
2021-12-15,1.7406,1.55,1.3948,2.0,1.7406,2.1574,233,0,0.0,1.3398
2021-12-16,1.7485,1.6,1.4,2.0,1.7485,2.151,233,0,0.0,1.3402
2021-12-17,1.7567,1.6,1.41,2.0,1.7567,2.1441,233,0,0.0,1.3406
2021-12-20,1.7472,1.6,1.4039,2.0,1.7472,2.1813,232,0,0.0,1.341
2021-12-21,1.7432,1.6,1.4,2.0,1.7432,2.1811,232,0,0.0,1.3416
2021-12-22,1.745,1.6,1.4,2.0,1.745,2.1762,232,0,0.0,1.3421
2021-12-23,1.7615,1.622,1.4261,2.0,1.7615,2.1634,232,0,0.0,1.3422
2021-12-24,1.7615,1.622,1.4261,2.0,1.7615,2.1596,232,0,0.0,1.3428
2021-12-27,1.7643,1.6239,1.4284,2.0,1.7643,2.1553,232,0,0.0,1.3438
2021-12-28,1.7646,1.6232,1.4287,2.0,1.7646,2.1516,232,0,0.0,1.3443
2021-12-29,1.7725,1.6427,1.431,2.0,1.7725,2.1454,231,0,0.0,1.3452
2021-12-30,1.7697,1.6288,1.4268,2.0,1.7697,2.1612,230,0,0.0,1.346
2021-12-31,1.7698,1.6288,1.4267,2.0,1.7698,2.1574,230,0,0.0,1.3466
2022-01-03,1.8075,1.6,1.42,2.0,1.8075,2.1042,236,0,0.0,1.3472
2022-01-04,1.8159,1.6,1.4278,2.0,1.8159,2.0922,236,0,0.0,1.3478
2022-01-05,1.8142,1.6053,1.4,2.0,1.8142,2.0861,236,0,0.0,1.3485
2022-01-06,1.8055,1.6069,1.4,2.0,1.8055,2.0901,236,0,0.0,1.3491
2022-01-07,1.7999,1.6013,1.4,2.0,1.7999,2.0844,236,0,0.0,1.3499
2022-01-10,1.7981,1.6,1.4,2.0,1.7981,2.0793,236,0,0.0,1.3505
2022-01-11,1.7945,1.6,1.395,2.0,1.7945,2.075,236,0,0.0,1.3511
2022-01-12,1.7897,1.6,1.38,2.0,1.7897,2.0775,236,0,0.0,1.3517
2022-01-13,1.7892,1.6,1.3798,2.0,1.7892,2.0745,236,0,0.0,1.3523
2022-01-14,1.7915,1.6,1.3812,2.0,1.7915,2.07,236,0,0.0,1.3528
2022-01-17,1.7933,1.6028,1.399,2.0,1.7933,2.0685,236,0,0.0,1.3533
2022-01-18,1.7951,1.6058,1.395,2.0,1.7951,2.0635,236,0,0.0,1.3539
2022-01-19,1.7921,1.6,1.3863,2.0,1.7921,2.0645,236,0,0.0,1.3545
2022-01-20,1.7824,1.5872,1.3722,2.0,1.7824,2.0649,236,0,0.0,1.3552
2022-01-21,1.7894,1.6,1.38,2.0,1.7894,2.0584,236,0,0.0,1.3556
2022-01-24,1.7867,1.5999,1.372,2.0,1.7867,2.0571,236,0,0.0,1.3562
2022-01-25,1.7876,1.5996,1.3661,2.0,1.7876,2.0544,236,0,0.0,1.3567
2022-01-26,1.7874,1.5912,1.3718,2.0,1.7874,2.0499,236,0,0.0,1.3573
2022-01-27,1.7939,1.6,1.4,2.0,1.7939,2.0399,236,0,0.0,1.3579
2022-01-28,1.7981,1.6,1.4,2.0,1.7981,2.0356,236,0,0.0,1.3583
2022-01-31,1.7981,1.6,1.3999,2.0,1.7981,2.0347,236,0,0.0,1.3589
2022-02-01,1.7985,1.5989,1.3703,2.0,1.7985,2.1589,247,0,0.0,1.3596
2022-02-02,1.8004,1.6,1.3612,2.0,1.8004,2.158,247,0,0.0,1.3601
2022-02-03,1.7941,1.6,1.355,2.0,1.7941,2.1574,247,0,0.0,1.3607
2022-02-04,1.798,1.6,1.36,2.0,1.798,2.1477,247,0,0.0,1.3613
2022-02-07,1.7904,1.5947,1.36,2.0,1.7904,2.1473,247,0,0.0,1.3621
2022-02-08,1.7931,1.6,1.36,2.0,1.7931,2.1397,247,0,0.0,1.3628
2022-02-09,1.792,1.579,1.3665,2.0,1.792,2.1343,247,0,0.0,1.3635
2022-02-10,1.7946,1.5933,1.3779,2.0,1.7946,2.1273,247,0,0.0,1.3641
2022-02-11,1.795,1.6,1.3846,2.0,1.795,2.1205,247,0,0.0,1.3648
2022-02-14,1.7931,1.6,1.3796,2.0,1.7931,2.1176,247,0,0.0,1.3655
2022-02-15,1.788,1.6,1.368,2.0,1.788,2.1286,247,0,0.0,1.3663
2022-02-16,1.7856,1.6,1.3692,2.0,1.7856,2.1245,247,0,0.0,1.367
2022-02-17,1.7788,1.5655,1.35,2.0,1.7788,2.1184,247,0,0.0,1.3677
2022-02-18,1.7754,1.5587,1.35,2.0,1.7754,2.1164,247,0,0.0,1.3684
2022-02-21,1.7743,1.5517,1.35,2.0,1.7743,2.119,247,0,0.0,1.3691
2022-02-22,1.7679,1.5583,1.3379,2.0,1.7679,2.1137,247,0,0.0,1.3699
2022-02-23,1.7591,1.55,1.3,2.0,1.7591,2.1128,247,0,0.0,1.3707
2022-02-24,1.7588,1.55,1.3015,2.0,1.7588,2.1064,247,0,0.0,1.3715
2022-02-25,1.7588,1.55,1.3,2.0,1.7588,2.106,247,0,0.0,1.3722
2022-03-02,1.7833,1.5533,1.31,2.0,1.7833,2.1782,248,0,0.0,1.3728
2022-03-03,1.7845,1.5643,1.31,2.0,1.7845,2.1693,248,0,0.0,1.3735
2022-03-04,1.7896,1.5945,1.3089,2.0,1.7896,2.159,248,0,0.0,1.374
2022-03-07,1.8003,1.6,1.35,2.0,1.8003,2.1486,248,0,0.0,1.3746
2022-03-08,1.8012,1.6,1.35,2.0,1.8012,2.1419,248,0,0.0,1.3752
2022-03-09,1.7914,1.6,1.342,2.0,1.7914,2.1444,248,0,0.0,1.3761
2022-03-10,1.7939,1.6,1.35,2.0,1.7939,2.1368,248,0,0.0,1.3768
2022-03-11,1.7871,1.6,1.3496,2.0,1.7871,2.1302,248,0,0.0,1.3778
2022-03-14,1.7946,1.6,1.35,2.0,1.7946,2.121,248,0,0.0,1.3783
2022-03-15,1.789,1.5925,1.35,2.0,1.789,2.1347,248,0,0.0,1.3789
2022-03-16,1.7878,1.5765,1.3423,2.0,1.7878,2.1307,248,0,0.0,1.3796
2022-03-17,1.7815,1.568,1.31,2.0,1.7815,2.1314,248,0,0.0,1.3803
2022-03-18,1.7832,1.55,1.3441,2.0,1.7832,2.1335,248,0,0.0,1.381
2022-03-21,1.7869,1.5613,1.3288,2.0,1.7869,2.1291,248,0,0.0,1.3817
2022-03-22,1.7773,1.55,1.3183,2.0,1.7773,2.128,248,0,0.0,1.3826
2022-03-23,1.7767,1.55,1.3194,2.0,1.7767,2.1238,248,0,0.0,1.3833
2022-03-24,1.7693,1.55,1.3075,2.0,1.7693,2.1287,248,0,0.0,1.3841
2022-03-25,1.7603,1.5419,1.3,2.0,1.7603,2.1305,248,0,0.0,1.385
2022-03-28,1.7573,1.5386,1.3,2.0,1.7573,2.1343,248,0,0.0,1.3858
2022-03-29,1.753,1.5359,1.3,2.0,1.753,2.132,248,0,0.0,1.3865
2022-03-30,1.7531,1.5437,1.3,2.0,1.7531,2.1262,248,0,0.0,1.3873
2022-03-31,1.7539,1.5334,1.3,2.0,1.7539,2.1249,248,0,0.0,1.3879
2022-04-01,1.7108,1.6,1.35,2.05,1.7108,2.303,270,0,0.0,1.3888
2022-04-04,1.6974,1.6,1.3412,2.0875,1.6974,2.3058,270,0,0.0,1.3901
2022-04-05,1.7073,1.6,1.35,2.1,1.7073,2.295,270,0,0.0,1.3905
2022-04-06,1.7047,1.6,1.3425,2.0875,1.7047,2.2879,270,0,0.0,1.3914
2022-04-07,1.7042,1.6,1.3325,2.0875,1.7042,2.2829,270,0,0.0,1.3921
2022-04-08,1.7107,1.6,1.3425,2.1,1.7107,2.2716,270,0,0.0,1.3927
2022-04-11,1.714,1.6,1.3417,2.1,1.714,2.2631,270,0,0.0,1.3934
2022-04-12,1.7127,1.6,1.3325,2.1,1.7127,2.2584,270,0,0.0,1.3942
2022-04-13,1.7187,1.6,1.3325,2.1,1.7187,2.2537,270,0,0.0,1.3945
2022-04-14,1.7128,1.6128,1.35,2.1,1.7128,2.2373,270,0,0.0,1.3956
2022-04-18,1.7053,1.6,1.35,2.05,1.7053,2.253,270,0,0.0,1.3964
2022-04-19,1.7065,1.6,1.35,2.0875,1.7065,2.2485,270,0,0.0,1.397
2022-04-20,1.7045,1.6,1.35,2.05,1.7045,2.2451,270,0,0.0,1.3978
2022-04-22,1.7142,1.6049,1.3525,2.1,1.7142,2.2391,270,0,0.0,1.3981
2022-04-25,1.6934,1.6,1.35,2.05,1.6934,2.2539,269,0,0.0,1.3993
2022-04-26,1.6906,1.6,1.33,2.05,1.6906,2.2463,269,0,0.0,1.4001
2022-04-27,1.6879,1.6,1.3,2.05,1.6879,2.246,269,0,0.0,1.4009
2022-04-28,1.6793,1.6,1.3,2.05,1.6793,2.2421,269,0,0.0,1.4017
2022-04-29,1.6795,1.6,1.3,2.05,1.6795,2.2387,269,0,0.0,1.4025
2022-05-02,1.6968,1.6,1.31,2.0,1.6968,2.3146,288,0,0.0,1.4027
2022-05-03,1.6811,1.6,1.3,2.0,1.6811,2.3108,288,0,0.0,1.404
2022-05-04,1.675,1.6,1.3,2.0,1.675,2.3118,288,0,0.0,1.4048
2022-05-05,1.6792,1.6,1.3,2.0,1.6792,2.2994,288,0,0.0,1.4055
2022-05-06,1.6852,1.6,1.3001,2.0,1.6852,2.2902,288,0,0.0,1.4062
2022-05-09,1.6759,1.6,1.3,2.0,1.6759,2.2898,288,0,0.0,1.407
2022-05-10,1.6353,1.55,1.2746,2.0,1.6353,2.2862,288,0,0.0,1.4084
2022-05-11,1.6424,1.55,1.3,2.0,1.6424,2.2779,288,0,0.0,1.409
2022-05-12,1.6476,1.5624,1.3,2.0,1.6476,2.2716,288,0,0.0,1.4097
2022-05-13,1.6475,1.5651,1.3,2.0,1.6475,2.2672,288,0,0.0,1.4104
2022-05-16,1.6382,1.55,1.3,2.0,1.6382,2.2839,288,0,0.0,1.4115
2022-05-17,1.6354,1.55,1.3,2.0,1.6354,2.282,288,0,0.0,1.4124
2022-05-18,1.6381,1.55,1.3,2.0,1.6381,2.2806,288,0,0.0,1.4131
2022-05-19,1.6351,1.55,1.3,2.0,1.6351,2.2814,288,0,0.0,1.4139
2022-05-20,1.6291,1.55,1.3,2.0,1.6291,2.2857,288,0,0.0,1.4147
2022-05-23,1.627,1.55,1.3,2.0,1.627,2.2823,288,0,0.0,1.4155
2022-05-24,1.6296,1.55,1.3,1.9308,1.6296,2.2648,288,0,0.0,1.4164
2022-05-25,1.6439,1.55,1.3,1.975,1.6439,2.2759,287,0,0.0,1.4167
2022-05-26,1.6321,1.55,1.3,1.95,1.6321,2.278,287,0,0.0,1.4179
2022-05-27,1.6214,1.55,1.3,1.9,1.6214,2.2887,286,0,0.0,1.4187
2022-05-30,1.6237,1.55,1.3,1.95,1.6237,2.2778,286,0,0.0,1.4195
2022-05-31,1.6247,1.55,1.3,1.9625,1.6247,2.2842,284,0,0.0,1.4202
2022-06-01,1.6398,1.55,1.3,2.0,1.6398,2.3375,295,0,0.0,1.4209
2022-06-02,1.6407,1.55,1.3,2.0,1.6407,2.3309,295,0,0.0,1.4216
2022-06-03,1.6394,1.55,1.3,2.0,1.6394,2.328,295,0,0.0,1.4224
2022-06-06,1.639,1.55,1.3,2.0,1.639,2.3226,295,0,0.0,1.4232
2022-06-07,1.6537,1.58,1.3245,2.0,1.6537,2.3142,295,0,0.0,1.4234
2022-06-08,1.6501,1.55,1.31,2.0,1.6501,2.3101,295,0,0.0,1.4242
2022-06-09,1.6425,1.55,1.31,2.0,1.6425,2.3115,295,0,0.0,1.4251
2022-06-10,1.6348,1.55,1.31,2.0,1.6348,2.3071,295,0,0.0,1.426
2022-06-13,1.6421,1.56,1.3,2.0,1.6421,2.2954,295,0,0.0,1.4268
2022-06-14,1.6596,1.575,1.3353,2.0,1.6596,2.3036,294,0,0.0,1.4274
2022-06-15,1.6551,1.5859,1.3238,2.0,1.6551,2.3236,294,0,0.0,1.4282
2022-06-17,1.6578,1.55,1.35,2.0,1.6578,2.3273,294,0,0.0,1.4289
2022-06-20,1.6495,1.55,1.3,2.0,1.6495,2.3268,294,0,0.0,1.4299
2022-06-21,1.6596,1.55,1.35,2.0,1.6596,2.3198,294,0,0.0,1.4303
2022-06-22,1.6562,1.55,1.3444,2.0,1.6562,2.3203,294,0,0.0,1.4313
2022-06-23,1.6537,1.55,1.3374,2.0,1.6537,2.3208,294,0,0.0,1.4322
2022-06-24,1.6479,1.55,1.35,2.0,1.6479,2.3147,292,0,0.0,1.4329
2022-06-27,1.6535,1.55,1.35,2.0,1.6535,2.3093,292,0,0.0,1.4337
2022-06-28,1.6517,1.55,1.35,2.0,1.6517,2.296,292,0,0.0,1.4346
2022-06-29,1.6536,1.55,1.35,2.0,1.6536,2.2929,292,0,0.0,1.4353
2022-06-30,1.6525,1.55,1.35,2.0,1.6525,2.2936,292,0,0.0,1.436
2022-07-01,1.7219,1.55,1.35,2.0,1.7219,2.3406,310,0,0.0,1.4368
2022-07-04,1.727,1.55,1.35,2.0,1.727,2.3335,310,0,0.0,1.4375
2022-07-05,1.7248,1.55,1.35,2.0,1.7248,2.3265,310,0,0.0,1.4384
2022-07-06,1.7262,1.55,1.35,2.0,1.7262,2.3214,310,0,0.0,1.4392
2022-07-07,1.7252,1.55,1.35,2.0,1.7252,2.32,310,0,0.0,1.44
2022-07-08,1.7373,1.5555,1.3547,2.0,1.7373,2.3116,310,0,0.0,1.4404
2022-07-11,1.7373,1.565,1.3584,2.0,1.7373,2.3067,310,0,0.0,1.4413
2022-07-12,1.7349,1.5595,1.3525,2.0,1.7349,2.3084,310,0,0.0,1.4421
2022-07-13,1.7401,1.5771,1.36,2.0,1.7401,2.3045,310,0,0.0,1.4427
2022-07-14,1.7334,1.55,1.3551,2.0,1.7334,2.2974,310,0,0.0,1.4438
2022-07-15,1.73,1.55,1.35,2.0,1.73,2.3038,310,0,0.0,1.4447
2022-07-18,1.7364,1.5767,1.35,2.0,1.7364,2.293,310,0,0.0,1.4454
2022-07-19,1.7353,1.55,1.3525,2.0,1.7353,2.2859,310,0,0.0,1.4462
2022-07-20,1.7354,1.5565,1.35,2.0,1.7354,2.2846,310,0,0.0,1.4469
2022-07-21,1.7373,1.55,1.3598,2.0,1.7373,2.2773,310,0,0.0,1.4477
2022-07-22,1.7352,1.55,1.36,2.0,1.7352,2.2901,309,0,0.0,1.4485
2022-07-25,1.7399,1.5559,1.3603,2.0,1.7399,2.2917,309,0,0.0,1.4492
2022-07-26,1.7393,1.56,1.36,2.0,1.7393,2.2849,309,0,0.0,1.45
2022-07-27,1.7385,1.56,1.36,2.0,1.7385,2.2853,309,0,0.0,1.4508
2022-07-28,1.737,1.5514,1.36,2.0,1.737,2.2958,308,0,0.0,1.4516
2022-07-29,1.7369,1.55,1.36,2.0,1.7369,2.2968,308,0,0.0,1.4524
2022-08-01,1.8139,1.5501,1.4,2.05,1.8139,2.4094,301,0,0.0,1.4535
2022-08-02,1.8281,1.6,1.4,2.1,1.8281,2.4012,301,0,0.0,1.4539
2022-08-03,1.8234,1.5543,1.4,2.1,1.8234,2.4015,301,0,0.0,1.4549
2022-08-04,1.8219,1.567,1.3817,2.1,1.8219,2.4092,301,0,0.0,1.4556
2022-08-05,1.8095,1.55,1.3609,2.0,1.8095,2.4074,301,0,0.0,1.4568
2022-08-08,1.8103,1.55,1.36,2.1,1.8103,2.4073,301,0,0.0,1.4576
2022-08-09,1.8052,1.55,1.3555,2.05,1.8052,2.4005,301,0,0.0,1.4586
2022-08-10,1.8069,1.55,1.353,2.05,1.8069,2.3793,301,0,0.0,1.4594
2022-08-11,1.8075,1.55,1.3591,2.05,1.8075,2.3733,301,0,0.0,1.4602
2022-08-12,1.8023,1.55,1.35,2.0625,1.8023,2.3831,300,0,0.0,1.461
2022-08-15,1.7999,1.55,1.35,2.0125,1.7999,2.4033,300,0,0.0,1.4619
2022-08-16,1.8145,1.55,1.355,2.025,1.8145,2.4702,299,0,0.0,1.4627
2022-08-17,1.8219,1.55,1.36,2.05,1.8219,2.4606,299,0,0.0,1.4634
2022-08-18,1.8174,1.55,1.3598,2.0,1.8174,2.4537,299,0,0.0,1.4644
2022-08-19,1.8196,1.55,1.36,2.0,1.8196,2.4449,299,0,0.0,1.4651
2022-08-22,1.8175,1.55,1.355,2.025,1.8175,2.4506,299,0,0.0,1.466
2022-08-23,1.8178,1.55,1.35,2.075,1.8178,2.4532,299,0,0.0,1.4668
2022-08-24,1.8165,1.55,1.35,2.075,1.8165,2.4475,299,0,0.0,1.4677
2022-08-25,1.8224,1.5712,1.35,2.0875,1.8224,2.4389,298,0,0.0,1.4685
2022-08-26,1.8132,1.55,1.35,2.0875,1.8132,2.4399,298,0,0.0,1.4696
2022-08-29,1.8128,1.5524,1.35,2.0875,1.8128,2.4293,298,0,0.0,1.4705
2022-08-30,1.8117,1.5535,1.35,2.0875,1.8117,2.429,298,0,0.0,1.4714
2022-08-31,1.8077,1.55,1.35,2.05,1.8077,2.4289,298,0,0.0,1.4724
2022-09-01,1.8265,1.55,1.35,2.0,1.8265,2.4866,309,0,0.0,1.4734
2022-09-02,1.8234,1.55,1.35,2.0,1.8234,2.4846,309,0,0.0,1.4743
2022-09-05,1.8204,1.55,1.35,2.0,1.8204,2.4799,309,0,0.0,1.4753
2022-09-06,1.8183,1.55,1.35,1.9685,1.8183,2.4685,309,0,0.0,1.4763
2022-09-08,1.8154,1.55,1.34,1.9553,1.8154,2.4706,309,0,0.0,1.4772
2022-09-09,1.8132,1.55,1.34,1.95,1.8132,2.471,309,0,0.0,1.4781
2022-09-12,1.8124,1.55,1.34,1.95,1.8124,2.4669,309,0,0.0,1.479
2022-09-13,1.8135,1.55,1.3475,2.0,1.8135,2.4657,308,0,0.0,1.4797
2022-09-14,1.8106,1.55,1.35,1.9544,1.8106,2.4606,308,0,0.0,1.4808
2022-09-15,1.8117,1.55,1.35,1.9575,1.8117,2.463,308,0,0.0,1.4816
2022-09-16,1.8075,1.55,1.35,1.95,1.8075,2.4592,308,0,0.0,1.4826
2022-09-19,1.8112,1.55,1.3475,1.9764,1.8112,2.4608,308,0,0.0,1.4833
2022-09-20,1.8057,1.55,1.3474,1.9575,1.8057,2.4581,308,0,0.0,1.4843
2022-09-21,1.8048,1.55,1.35,1.95,1.8048,2.4609,308,0,0.0,1.4852
2022-09-22,1.807,1.55,1.33,1.9575,1.807,2.4643,308,0,0.0,1.4859
2022-09-23,1.8092,1.55,1.33,1.9575,1.8092,2.4552,308,0,0.0,1.4867
2022-09-26,1.803,1.55,1.33,1.9575,1.803,2.4434,308,0,0.0,1.4878
2022-09-27,1.8004,1.525,1.3251,1.9575,1.8004,2.4455,308,0,0.0,1.4888
2022-09-28,1.8107,1.55,1.33,1.9575,1.8107,2.4363,308,0,0.0,1.4893
2022-09-29,1.8221,1.55,1.3409,1.965,1.8221,2.448,307,0,0.0,1.49
2022-09-30,1.8112,1.55,1.33,1.95,1.8112,2.4502,307,0,0.0,1.4913
2022-10-03,1.8243,1.55,1.3339,2.0,1.8243,2.5145,329,0,0.0,1.4924
2022-10-04,1.8282,1.56,1.35,2.05,1.8282,2.5126,329,0,0.0,1.4932
2022-10-05,1.8188,1.56,1.33,2.05,1.8188,2.5087,329,0,0.0,1.4944
2022-10-06,1.8116,1.55,1.3215,2.05,1.8116,2.5037,329,0,0.0,1.4954
2022-10-07,1.8248,1.55,1.33,2.05,1.8248,2.5005,329,0,0.0,1.496
2022-10-10,1.8354,1.56,1.33,2.05,1.8354,2.4992,329,0,0.0,1.4965
2022-10-11,1.836,1.55,1.33,2.05,1.836,2.4898,329,0,0.0,1.4974
2022-10-13,1.82,1.55,1.334,2.05,1.82,2.487,329,0,0.0,1.4988
2022-10-14,1.8032,1.55,1.3389,2.0,1.8032,2.4808,329,0,0.0,1.5002
2022-10-17,1.802,1.55,1.33,2.0,1.802,2.5035,329,0,0.0,1.5011
2022-10-18,1.8008,1.55,1.33,2.0,1.8008,2.5008,329,0,0.0,1.502
2022-10-19,1.8003,1.55,1.33,2.0,1.8003,2.494,329,0,0.0,1.5029
2022-10-20,1.802,1.55,1.33,2.0,1.802,2.4897,329,0,0.0,1.5038
2022-10-21,1.7998,1.55,1.33,2.0,1.7998,2.4877,329,0,0.0,1.5048
2022-10-24,1.7999,1.55,1.3263,2.0,1.7999,2.4775,329,0,0.0,1.5057
2022-10-25,1.8106,1.55,1.33,1.95,1.8106,2.4738,329,0,0.0,1.5062
2022-10-26,1.7996,1.55,1.3334,2.0,1.7996,2.4676,329,0,0.0,1.5075
2022-10-27,1.7973,1.55,1.3243,2.0,1.7973,2.4671,329,0,0.0,1.5084
2022-10-28,1.7939,1.55,1.31,2.0,1.7939,2.4635,329,0,0.0,1.5094
2022-10-31,1.7912,1.55,1.306,2.0,1.7912,2.476,327,0,0.0,1.5103
2022-11-01,1.7846,1.6,1.3261,2.05,1.7846,2.5254,317,0,0.0,1.5111
2022-11-03,1.7837,1.65,1.33,2.05,1.7837,2.5195,317,0,0.0,1.512
2022-11-04,1.7758,1.6,1.3,2.05,1.7758,2.5189,317,0,0.0,1.5132
2022-11-07,1.7817,1.6,1.31,2.05,1.7817,2.5132,317,0,0.0,1.5139
2022-11-08,1.7819,1.6,1.31,2.05,1.7819,2.5078,317,0,0.0,1.5148
2022-11-09,1.7818,1.6,1.31,2.05,1.7818,2.5028,317,0,0.0,1.5157
2022-11-10,1.7935,1.609,1.35,2.1,1.7935,2.4701,317,0,0.0,1.5163
2022-11-11,1.7969,1.65,1.35,2.1,1.7969,2.4581,317,0,0.0,1.5171
2022-11-14,1.7917,1.6,1.35,2.0625,1.7917,2.4733,316,0,0.0,1.518
2022-11-16,1.7957,1.6093,1.35,2.0933,1.7957,2.471,316,0,0.0,1.5188
2022-11-17,1.7958,1.6322,1.35,2.0775,1.7958,2.4617,316,0,0.0,1.5197
2022-11-18,1.7977,1.6366,1.35,2.0675,1.7977,2.4462,316,0,0.0,1.5207
2022-11-21,1.8021,1.6351,1.3575,2.0675,1.8021,2.4514,316,0,0.0,1.5213
2022-11-22,1.7987,1.6366,1.35,2.1,1.7987,2.4418,316,0,0.0,1.5223
2022-11-23,1.804,1.65,1.35,2.09,1.804,2.4386,315,0,0.0,1.5233
2022-11-24,1.7997,1.634,1.35,2.06,1.7997,2.4463,315,0,0.0,1.5243
2022-11-25,1.8109,1.65,1.3504,2.1,1.8109,2.4372,315,0,0.0,1.5247
2022-11-28,1.8027,1.65,1.35,2.055,1.8027,2.444,315,0,0.0,1.5259
2022-11-29,1.799,1.601,1.35,2.055,1.799,2.4569,315,0,0.0,1.5268
2022-11-30,1.8016,1.6,1.35,2.05,1.8016,2.4591,315,0,0.0,1.5277
2022-12-01,1.8435,1.65,1.35,2.0859,1.8435,2.4938,322,0,0.0,1.529
2022-12-02,1.8411,1.6197,1.35,2.0737,1.8411,2.4984,322,0,0.0,1.53
2022-12-05,1.8474,1.625,1.35,2.0786,1.8474,2.4856,322,0,0.0,1.5307
2022-12-06,1.849,1.6291,1.35,2.0753,1.849,2.4787,322,0,0.0,1.5315
2022-12-07,1.8455,1.625,1.35,2.0669,1.8455,2.479,322,0,0.0,1.5325
2022-12-08,1.8476,1.6256,1.3525,2.0925,1.8476,2.4729,322,0,0.0,1.5333
2022-12-09,1.859,1.6076,1.35,2.05,1.859,2.468,322,0,0.0,1.5339
2022-12-12,1.8537,1.65,1.35,2.08,1.8537,2.4679,321,0,0.0,1.5351
2022-12-13,1.8531,1.65,1.35,2.05,1.8531,2.4548,321,0,0.0,1.5361
2022-12-14,1.8719,1.656,1.35,2.063,1.8719,2.4439,321,0,0.0,1.5364
2022-12-15,1.8566,1.65,1.35,2.05,1.8566,2.4607,321,0,0.0,1.5378
2022-12-16,1.8723,1.6522,1.35,2.0577,1.8723,2.4507,321,0,0.0,1.5382
2022-12-19,1.8582,1.65,1.35,2.0517,1.8582,2.4484,321,0,0.0,1.5394
2022-12-20,1.8563,1.65,1.35,2.05,1.8563,2.4581,321,0,0.0,1.5403
2022-12-21,1.857,1.65,1.35,2.05,1.857,2.4587,321,0,0.0,1.5411
2022-12-22,1.8582,1.65,1.35,2.05,1.8582,2.4529,321,0,0.0,1.5419
2022-12-23,1.8598,1.65,1.35,2.05,1.8598,2.4567,320,0,0.0,1.5427
2022-12-26,1.8686,1.65,1.35,2.05,1.8686,2.4712,319,0,0.0,1.5436
2022-12-27,1.8682,1.65,1.35,2.05,1.8682,2.4705,318,0,0.0,1.5445
2022-12-28,1.8667,1.65,1.35,2.05,1.8667,2.4745,318,0,0.0,1.5454
2022-12-29,1.8659,1.65,1.35,2.05,1.8659,2.477,317,0,0.0,1.5463
2022-12-30,1.8659,1.65,1.35,2.05,1.8659,2.473,317,0,0.0,1.5472
2023-01-02,1.865,1.65,1.385,2.05,1.865,2.4791,323,0,0.0,1.548
2023-01-03,1.8637,1.65,1.385,2.05,1.8637,2.467,323,0,0.0,1.549
2023-01-04,1.8623,1.65,1.37,2.05,1.8623,2.458,323,0,0.0,1.55
2023-01-05,1.8622,1.6689,1.36,2.05,1.8622,2.4615,323,0,0.0,1.5509
2023-01-06,1.8582,1.65,1.35,2.05,1.8582,2.465,323,0,0.0,1.552
2023-01-09,1.856,1.65,1.35,2.05,1.856,2.4646,323,0,0.0,1.5529
2023-01-10,1.8554,1.65,1.35,2.05,1.8554,2.4663,323,0,0.0,1.5538
2023-01-11,1.8544,1.65,1.35,2.05,1.8544,2.4679,323,0,0.0,1.5548
2023-01-12,2.1141,2.0,1.4882,2.35,2.1141,2.4644,323,0,0.0,1.5454
2023-01-13,2.1917,2.0,1.75,2.5,9.4808,2.442,323,3,1.5983,1.5268
2023-01-16,2.1958,2.0,1.725,2.475,58.4681,2.4473,323,3,1.5983,1.5182
2023-01-17,2.1967,2.0,1.65,2.45,137.3154,2.448,323,3,1.5983,1.5134
2023-01-18,2.195,2.0,1.6813,2.425,122.3515,2.4434,323,3,1.5983,1.516
2023-01-19,2.1626,2.0,1.64,2.4,837.6752,2.4375,323,3,1.5983,1.5032
2023-01-20,2.1322,1.95,1.6,2.35,2.1322,2.4262,320,0,0.0,1.5053
2023-01-23,2.128,1.95,1.6,2.3925,2.128,2.4205,320,0,0.0,1.5063
2023-01-24,2.0936,1.9,1.6,2.35,2.0936,2.4206,320,0,0.0,1.5085
2023-01-25,2.0859,1.9,1.6,2.35,2.0859,2.4218,320,0,0.0,1.5096
2023-01-26,2.0823,1.9,1.6,2.31,2.0823,2.4166,320,0,0.0,1.5106
2023-01-27,2.0783,1.9,1.55,2.3,2.0783,2.4115,319,0,0.0,1.5116
2023-01-30,2.1061,1.9,1.6,2.325,2.1061,2.4077,319,0,0.0,1.5117
2023-01-31,2.1047,1.9,1.59,2.325,2.1047,2.4063,319,0,0.0,1.5125
2023-02-01,2.2193,2.05,1.7,2.6,2.3769,2.5861,227,3,1.3493,1.5113
2023-02-02,2.2181,2.05,1.7,2.55,2.6349,2.579,227,4,1.5282,1.5085
2023-02-03,2.2238,2.05,1.7,2.6,3.2326,2.5656,227,4,1.5282,1.5052
2023-02-06,2.2285,2.05,1.7,2.6,3.2378,2.5621,227,4,1.5282,1.5061
2023-02-07,2.2254,2.05,1.7,2.6,2.9424,2.5663,225,4,0.972,1.5065
2023-02-08,2.3948,2.1,1.836,2.7,3.113,2.5658,225,4,0.972,1.5009
2023-02-09,2.4896,2.2,2.0,2.75,3.2501,2.5551,225,4,0.972,1.4977
2023-02-10,2.4936,2.2,2.0,2.75,3.2826,2.5514,225,4,0.972,1.4984
2023-02-13,2.7822,2.5,2.25,3.0,3.6002,2.5411,225,4,0.972,1.4883
2023-02-14,2.8618,2.5,2.25,3.1,3.7306,2.5366,225,4,0.972,1.4858
2023-02-15,2.8846,2.5,2.25,3.1,3.7284,2.5504,225,4,0.972,1.4865
2023-02-16,2.8919,2.5,2.25,3.15,3.7206,2.5445,225,4,0.972,1.4875
2023-02-17,2.8958,2.5,2.25,3.15,3.7314,2.544,225,4,0.972,1.4881
2023-02-22,2.8963,2.5,2.25,3.15,3.7319,2.5512,225,4,0.972,1.4891
2023-02-23,2.8658,2.5,2.2421,3.1,3.7523,2.5485,225,4,0.972,1.4916
2023-02-24,2.8496,2.55,2.2,3.15,3.7933,2.5384,225,4,0.972,1.4929
2023-02-27,2.854,2.5507,2.2,3.15,3.7976,2.5496,225,4,0.972,1.4936
2023-02-28,2.8592,2.6,2.2,3.15,3.9455,2.5425,225,4,0.972,1.494
2023-03-01,2.7628,2.5,2.1,3.0,2.7628,2.6209,201,0,0.0,1.4962
2023-03-02,2.7629,2.5,2.1,3.0,2.7629,2.6136,201,0,0.0,1.4972
2023-03-03,2.787,2.5,2.1,3.0,2.787,2.6077,201,0,0.0,1.4968
2023-03-06,2.8051,2.5,2.1,3.0,2.8051,2.6073,201,0,0.0,1.4968
2023-03-07,2.8106,2.5,2.05,3.0,2.8106,2.607,201,0,0.0,1.4974
2023-03-08,2.8092,2.5,2.0,3.0,2.8092,2.6105,201,0,0.0,1.4983
2023-03-09,2.8016,2.5,2.0,3.0,2.8016,2.6152,201,0,0.0,1.4994
2023-03-10,2.802,2.5,2.0,3.0,2.802,2.6063,201,0,0.0,1.5004
2023-03-13,2.806,2.5,2.0,3.0,2.806,2.611,201,0,0.0,1.5007
2023-03-14,2.8059,2.5,2.0,3.05,2.8059,2.6033,201,0,0.0,1.5017
2023-03-15,2.8201,2.5,2.0,3.05,2.8201,2.6164,201,0,0.0,1.502
2023-03-16,2.7928,2.5,2.0,3.05,2.7928,2.6096,201,0,0.0,1.5039
2023-03-17,2.8532,2.5,2.0,3.1,2.8532,2.6088,201,0,0.0,1.5024
2023-03-20,2.8931,2.5,2.0,3.15,2.8931,2.6078,201,0,0.0,1.5017
2023-03-21,2.9623,2.5,2.0,3.2,2.9623,2.6022,201,0,0.0,1.4998
2023-03-22,2.9511,2.5,2.0,3.15,2.9511,2.6013,201,0,0.0,1.5009
2023-03-23,2.9504,2.5,2.0,3.15,2.9504,2.5942,201,0,0.0,1.502
2023-03-24,3.021,2.55,2.0,3.25,3.021,2.5933,201,0,0.0,1.4997
2023-03-27,2.9888,2.55,2.0,3.25,2.9888,2.594,201,0,0.0,1.5019
2023-03-28,2.9148,2.55,2.05,3.15,2.9148,2.5907,201,0,0.0,1.5066
2023-03-29,2.9057,2.55,2.05,3.2,2.9057,2.582,201,0,0.0,1.5082
2023-03-30,2.9307,2.55,2.05,3.1632,2.9307,2.585,201,0,0.0,1.5078
2023-03-31,2.8672,2.55,2.05,3.15,2.8672,2.5819,201,0,0.0,1.5116
2023-04-03,2.7907,2.5,2.0,3.0625,2.7907,2.6559,204,0,0.0,1.5125
2023-04-04,2.79,2.5646,2.0551,3.0125,2.79,2.6546,204,0,0.0,1.5135
2023-04-05,2.791,2.5559,2.05,3.0,2.791,2.6552,204,0,0.0,1.5145
2023-04-06,2.7997,2.5635,2.0607,3.0125,2.7997,2.6481,204,0,0.0,1.5154
2023-04-10,2.8151,2.5894,2.0557,3.1,2.8151,2.6453,204,0,0.0,1.5157
2023-04-11,2.8143,2.6,2.0875,3.1075,2.8143,2.6507,204,0,0.0,1.5163
2023-04-12,2.8186,2.575,2.0875,3.1075,2.8186,2.6467,204,0,0.0,1.517
2023-04-13,2.8391,2.615,2.05,3.1525,2.8391,2.6457,204,0,0.0,1.5172
2023-04-14,2.8963,2.575,2.15,3.2,2.8963,2.6366,204,0,0.0,1.5159
2023-04-17,2.8865,2.6,2.15,3.1625,2.8865,2.6556,204,0,0.0,1.5171
2023-04-18,2.8978,2.625,2.15,3.25,2.8978,2.648,204,0,0.0,1.5178
2023-04-19,2.9009,2.625,2.15,3.25,2.9009,2.6356,204,0,0.0,1.5188
2023-04-20,2.9142,2.65,2.1933,3.2625,2.9142,2.6397,204,0,0.0,1.5191
2023-04-24,2.9269,2.65,2.1987,3.3,2.9269,2.6405,204,0,0.0,1.5194
2023-04-25,2.9256,2.65,2.1937,3.3,2.9256,2.6412,204,0,0.0,1.5204
2023-04-26,2.9188,2.65,2.195,3.2625,2.9188,2.6395,204,0,0.0,1.5216
2023-04-27,2.9267,2.65,2.15,3.2625,2.9267,2.6357,204,0,0.0,1.5222
2023-04-28,2.9274,2.65,2.166,3.2625,2.9274,2.626,204,0,0.0,1.5233
2023-05-02,2.8622,2.6,2.1,3.4,2.9003,2.6169,249,1,0.3138,1.5239
2023-05-03,2.8906,2.65,2.1,3.4,2.9286,2.617,249,1,0.3138,1.5236
2023-05-04,2.8942,2.65,2.1044,3.4,2.9322,2.6204,249,1,0.3138,1.5244
2023-05-05,2.9,2.7,2.1,3.4,2.9379,2.6214,249,1,0.3138,1.5251
2023-05-08,2.9034,2.7,2.1,3.4,2.9413,2.6179,249,1,0.3138,1.526
2023-05-09,2.8933,2.7,2.1,3.4,2.9313,2.6115,249,1,0.3138,1.5275
2023-05-10,2.9076,2.7,2.15,3.5,3.0164,2.6213,249,2,0.7283,1.5255
2023-05-11,2.9051,2.7,2.1,3.4,2.9431,2.6217,249,1,0.3138,1.5292
2023-05-12,2.905,2.7,2.1,3.4,2.9429,2.6203,249,1,0.3138,1.5303
2023-05-15,2.886,2.65,2.1,3.4,2.9239,2.6334,249,1,0.3138,1.5319
2023-05-16,2.8792,2.646,2.0816,3.35,2.9171,2.6271,249,1,0.3138,1.5333
2023-05-17,2.8646,2.6,2.0931,3.35,2.9025,2.622,249,1,0.3138,1.535
2023-05-18,2.8473,2.6,2.1,3.4,2.8815,2.62,249,1,0.3138,1.5368
2023-05-19,2.8252,2.6,2.0763,3.35,2.8595,2.6154,249,1,0.3138,1.5387
2023-05-22,2.8148,2.6,2.0,3.35,2.8491,2.6141,249,1,0.3138,1.5401
2023-05-23,2.778,2.55,1.99,3.35,2.8125,2.6158,249,1,0.3138,1.5426
2023-05-24,2.7655,2.5,2.0,3.35,2.7999,2.6156,249,1,0.3138,1.5441
2023-05-25,2.7465,2.5,1.95,3.32,2.781,2.621,249,1,0.3138,1.5457
2023-05-26,2.7243,2.5,1.9253,3.18,2.7589,2.622,249,1,0.3138,1.5478
2023-05-29,2.709,2.5,1.9,3.15,2.7429,2.6173,249,1,0.3138,1.5493
2023-05-30,2.7005,2.45,1.9,3.15,2.7344,2.6154,249,1,0.3138,1.5507
2023-05-31,2.7295,2.45,2.0,3.2,2.7633,2.6105,249,1,0.3138,1.5505
2023-06-01,2.7172,2.45,2.0,3.15,2.747,2.5231,299,1,0.276,1.5515
2023-06-02,2.7073,2.45,2.0,3.15,2.7371,2.5212,299,1,0.276,1.5529
2023-06-05,2.6818,2.45,1.95,3.1,2.7116,2.5265,299,1,0.276,1.5546
2023-06-06,2.6666,2.45,1.9,3.1,2.6965,2.5243,299,1,0.276,1.556
2023-06-07,2.6625,2.45,1.9,3.075,2.6924,2.5171,299,1,0.276,1.5572
2023-06-09,2.6741,2.45,1.925,3.1,2.7039,2.5184,299,1,0.276,1.5578
2023-06-12,2.6528,2.4,1.9,3.04,2.6828,2.5193,299,1,0.276,1.5593
2023-06-13,2.6457,2.4,1.9,3.035,2.6757,2.5098,299,1,0.276,1.5606
2023-06-14,2.6504,2.4,1.9,3.03,2.6803,2.5082,299,1,0.276,1.5614
2023-06-15,2.6533,2.4,1.9,3.05,2.6832,2.5186,298,1,0.276,1.5623
2023-06-16,2.6455,2.4,1.8775,3.05,2.6755,2.5165,298,1,0.276,1.5635
2023-06-19,2.6464,2.39,1.8775,3.05,2.6763,2.5123,298,1,0.276,1.5645
2023-06-20,2.6365,2.38,1.8887,3.05,2.6664,2.5131,298,1,0.276,1.5658
2023-06-21,2.6558,2.38,1.9,3.0,2.6857,2.5109,298,1,0.276,1.566
2023-06-22,2.6538,2.375,1.9,3.0,2.6838,2.5062,298,1,0.276,1.5671
2023-06-23,2.6481,2.4,1.9,3.0,2.6781,2.5067,298,1,0.276,1.5683
2023-06-26,2.6402,2.35,1.85,3.0,2.6702,2.5055,298,1,0.276,1.5696
2023-06-27,2.6235,2.35,1.85,3.0,2.6902,2.5006,298,2,0.5979,1.5698
2023-06-28,2.6272,2.375,1.85,3.0,2.6841,2.4734,298,2,0.5979,1.571
2023-06-29,2.6245,2.375,1.8226,3.0,2.6879,2.504,298,2,0.5979,1.5717
2023-06-30,2.6837,2.4,1.9,3.2,2.7467,2.5046,298,2,0.5979,1.5702
2023-07-03,2.6215,2.3919,1.8366,3.2,2.6822,2.5815,296,2,0.571,1.5718
2023-07-04,2.6148,2.375,1.8,3.2,2.6812,2.5747,296,2,0.571,1.5728
2023-07-05,2.6117,2.35,1.8049,3.2,2.6781,2.559,296,2,0.571,1.5741
2023-07-06,2.5644,2.35,1.8,3.15,2.7504,2.5583,296,4,1.2405,1.5737
2023-07-07,2.5621,2.375,1.8,3.2,2.7816,2.5604,296,4,1.2405,1.5739
2023-07-10,2.5784,2.35,1.8,3.1625,2.7973,2.5556,296,3,0.954,1.5751
2023-07-11,2.5718,2.35,1.8,3.2,2.6886,2.5519,296,3,0.954,1.5787
2023-07-12,2.5709,2.35,1.7945,3.2,2.6862,2.5479,296,3,0.954,1.5798
2023-07-13,2.5504,2.3,1.8,3.2,2.6695,2.5421,296,3,0.954,1.5815
2023-07-14,2.5905,2.3,1.8,3.2,2.7093,2.5342,296,3,0.954,1.581
2023-07-17,2.554,2.3,1.8,3.1956,2.6694,2.5466,296,3,0.954,1.5835
2023-07-18,2.5731,2.3,1.75,3.1712,2.6665,2.5472,296,2,0.6695,1.5846
2023-07-19,2.5598,2.285,1.75,3.15,2.6532,2.5414,296,2,0.6695,1.586
2023-07-20,2.5051,2.3,1.75,3.15,2.6725,2.5422,296,3,1.5794,1.5865
2023-07-21,2.4986,2.3,1.75,3.15,2.6779,2.5434,296,3,1.5794,1.5874
2023-07-24,2.4991,2.3,1.75,3.075,2.6605,2.5494,295,3,1.4316,1.5886
2023-07-25,2.4942,2.25,1.75,3.1,2.6571,2.5483,295,3,1.4316,1.5897
2023-07-26,2.4282,2.2,1.7,3.1,2.6604,2.5467,295,5,2.1168,1.5906
2023-07-27,2.3798,2.1,1.65,3.0,2.5419,2.5399,295,4,1.2514,1.5954
2023-07-28,2.4507,2.2,1.65,3.05,2.6168,2.5403,293,4,1.1824,1.5943
2023-07-31,2.433,2.15,1.65,3.0,2.5957,2.539,293,4,1.1824,1.596
2023-08-01,2.4375,2.125,1.65,3.0125,2.5635,2.5368,316,3,0.8601,1.5971
2023-08-02,2.4227,2.1,1.6,3.0,2.5537,2.5342,316,3,0.8601,1.5986
2023-08-03,2.4087,2.1,1.6,3.0,2.5418,2.5324,316,3,0.8601,1.5999
2023-08-04,2.3966,2.1,1.6,3.0,2.5465,2.5293,316,3,0.8601,1.6009
2023-08-07,2.3884,2.1,1.6,3.0,2.5354,2.5271,316,3,0.8601,1.6023
2023-08-08,2.3764,2.07,1.595,3.0,2.528,2.5281,316,3,0.8601,1.6036
2023-08-09,2.3803,2.075,1.58,3.0,2.5319,2.5225,316,3,0.8601,1.6044
2023-08-10,2.351,2.045,1.55,2.9024,2.4999,2.5198,316,3,0.8601,1.6068
2023-08-11,2.3512,2.05,1.55,2.96,2.4991,2.5167,316,3,0.8601,1.6076
2023-08-14,2.3406,2.05,1.55,2.95,2.5015,2.5074,316,3,0.8601,1.6088
2023-08-15,2.3292,2.05,1.545,2.9125,2.4875,2.5103,316,3,0.8601,1.6102
2023-08-16,2.3188,2.05,1.535,2.9,2.4773,2.5059,316,3,0.8601,1.6116
2023-08-17,2.2883,2.0,1.5,2.85,2.4468,2.497,316,3,0.8601,1.6137
2023-08-18,2.2829,2.0,1.5,2.85,2.4455,2.4959,316,3,0.8601,1.6147
2023-08-21,2.2704,2.0,1.5,2.8,2.4329,2.4962,316,3,0.8601,1.6161
2023-08-22,2.265,2.0,1.5,2.8,2.4273,2.4964,316,3,0.8601,1.6172
2023-08-23,2.2413,2.0,1.5,2.8,2.4019,2.4976,316,3,0.8601,1.619
2023-08-24,2.2364,2.0,1.5,2.8,2.3974,2.496,316,3,0.8601,1.6203
2023-08-25,2.2283,2.0,1.4894,2.8,2.3862,2.4953,316,3,0.8601,1.6217
2023-08-28,2.2222,1.9885,1.4892,2.75,2.3798,2.4918,316,3,0.8601,1.6227
2023-08-29,2.2194,1.9823,1.4531,2.75,2.3755,2.4909,316,3,0.8601,1.624
2023-08-30,2.209,1.95,1.4507,2.705,2.3648,2.4866,316,3,0.8601,1.6253
2023-08-31,2.2168,1.95,1.45,2.7004,2.3717,2.4767,316,3,0.8601,1.6261
2023-09-01,2.2108,1.95,1.45,2.7,2.3555,2.5022,319,3,0.8022,1.6271
2023-09-04,2.205,1.95,1.45,2.7,2.3497,2.4987,319,3,0.8022,1.6282
2023-09-05,2.206,1.95,1.45,2.735,2.3531,2.4908,319,3,0.8022,1.6291
2023-09-06,2.197,1.95,1.45,2.75,2.3409,2.4999,319,3,0.8022,1.6305
2023-09-08,2.1933,1.95,1.45,2.7,2.3382,2.4977,319,3,0.8022,1.6315
2023-09-11,2.1854,1.9,1.45,2.7,2.3208,2.4967,319,3,0.8022,1.633
2023-09-12,2.1813,1.9,1.45,2.7,2.3169,2.4958,319,3,0.8022,1.634
2023-09-13,2.2388,1.95,1.5,2.7456,2.37,2.4964,319,3,0.8022,1.6327
2023-09-14,2.1788,1.9,1.45,2.7,2.3055,2.4927,319,3,0.8022,1.6362
2023-09-15,2.1782,1.9,1.45,2.7,2.3016,2.4981,319,3,0.8022,1.6373
2023-09-18,2.1847,1.95,1.45,2.7,2.308,2.4947,319,3,0.8022,1.638
2023-09-19,2.1732,1.9,1.45,2.725,2.2979,2.4891,319,3,0.8022,1.6395
2023-09-20,2.1552,1.9,1.415,2.6646,2.2799,2.4887,319,3,0.8022,1.6412
2023-09-21,2.1531,1.9,1.415,2.682,2.2777,2.4818,319,3,0.8022,1.6423
2023-09-22,2.1497,1.9,1.4,2.68,2.2742,2.478,319,3,0.8022,1.6434
2023-09-25,2.1523,1.9,1.4,2.6682,2.2768,2.4717,319,3,0.8022,1.6443
2023-09-26,2.146,1.9,1.4,2.6741,2.2705,2.4624,319,3,0.8022,1.6454
2023-09-27,2.1363,1.9,1.4,2.65,2.2612,2.4515,319,3,0.8022,1.6468
2023-09-28,2.129,1.9,1.4,2.65,2.2539,2.4489,319,3,0.8022,1.648
2023-09-29,2.125,1.9,1.4,2.625,2.25,2.4513,319,3,0.8022,1.6491
2023-10-02,2.1777,1.9,1.45,2.66,2.3016,2.5316,327,3,0.798,1.648
2023-10-03,2.1423,1.9,1.45,2.7,2.2666,2.5228,327,3,0.798,1.6503
2023-10-04,2.1727,1.95,1.5,2.7,2.2969,2.5249,327,3,0.798,1.65
2023-10-05,2.1916,2.0,1.5,2.7,2.3157,2.5213,327,3,0.798,1.6502
2023-10-06,2.1886,2.0,1.5,2.7,2.3127,2.5184,327,3,0.798,1.6513
2023-10-09,2.1927,1.95,1.5,2.6964,2.3168,2.521,327,3,0.798,1.652
2023-10-10,2.1979,1.95,1.5,2.6715,2.3262,2.5218,327,3,0.798,1.6527
2023-10-11,2.1944,1.95,1.5,2.6709,2.3226,2.5149,327,3,0.798,1.6538
2023-10-13,2.2108,1.95,1.5,2.7,2.3387,2.5058,327,3,0.798,1.654
2023-10-16,2.1667,1.95,1.45,2.6001,2.295,2.5213,327,3,0.798,1.6568
2023-10-17,2.1538,1.9,1.45,2.6,2.2822,2.5116,327,3,0.798,1.6582
2023-10-18,2.1543,1.9,1.4,2.625,2.2865,2.5063,327,3,0.798,1.6591
2023-10-19,2.136,1.9,1.4,2.6,2.2668,2.4978,326,3,0.8014,1.6605
2023-10-20,2.1205,1.9,1.4,2.6,2.2496,2.5043,326,3,0.8014,1.6622
2023-10-23,2.1091,1.89,1.4,2.5875,2.2382,2.5009,326,3,0.8014,1.6637
2023-10-24,2.1047,1.8957,1.384,2.5875,2.2336,2.501,326,3,0.8014,1.6648
2023-10-25,2.0888,1.85,1.35,2.55,2.2178,2.501,326,3,0.8014,1.6664
2023-10-26,2.0888,1.85,1.35,2.5375,2.2177,2.5057,326,3,0.8014,1.6674
2023-10-27,2.0893,1.9,1.4,2.642,2.2906,2.4967,326,4,1.5317,1.6654
2023-10-30,2.0129,1.85,1.35,2.55,2.2312,2.4934,326,5,1.7896,1.6688
2023-10-31,2.005,1.83,1.35,2.55,2.2214,2.4936,325,5,1.7783,1.6702
2023-11-01,2.0777,1.84,1.35,2.55,2.2421,2.5512,328,5,1.141,1.6716
2023-11-03,2.0796,1.84,1.35,2.55,2.2439,2.5551,328,5,1.141,1.6724
2023-11-06,2.0153,1.825,1.35,2.55,2.2512,2.5545,328,6,1.8501,1.6732
2023-11-07,2.0044,1.8,1.35,2.535,2.2405,2.5558,328,6,1.8501,1.6746
2023-11-08,1.9996,1.8,1.35,2.55,2.2331,2.5551,328,6,1.8501,1.6758
2023-11-09,1.9942,1.8,1.35,2.55,2.1943,2.5525,328,6,1.8501,1.6777
2023-11-10,1.987,1.8,1.35,2.5478,2.1949,2.5582,328,6,1.8501,1.6787
2023-11-13,1.9961,1.8,1.35,2.55,2.2037,2.5555,328,6,1.8501,1.6793
2023-11-14,1.9792,1.8,1.35,2.55,2.2081,2.5589,328,6,1.8501,1.6802
2023-11-16,1.9808,1.7962,1.3192,2.5,2.2123,2.57,328,6,1.8501,1.6811
2023-11-17,1.9725,1.785,1.3,2.5,2.2041,2.57,328,6,1.8501,1.6823
2023-11-20,1.9675,1.8,1.3,2.4832,2.1825,2.5667,328,6,1.8501,1.6839
2023-11-21,1.9752,1.8,1.3,2.5009,2.1895,2.5585,328,6,1.8501,1.6847
2023-11-22,1.9626,1.75,1.3,2.4853,2.177,2.5574,328,6,1.8501,1.686
2023-11-23,1.9601,1.75,1.3,2.4847,2.1746,2.5538,328,6,1.8501,1.687
2023-11-24,1.9563,1.75,1.3,2.4746,2.1706,2.5513,328,6,1.8501,1.6881
2023-11-27,1.9547,1.75,1.3,2.4555,2.1685,2.5576,328,6,1.8501,1.6889
2023-11-28,1.947,1.75,1.2925,2.4559,2.1835,2.5537,328,6,1.8501,1.6894
2023-11-29,1.9456,1.75,1.2925,2.4472,2.1806,2.5517,328,6,1.8501,1.6905
2023-11-30,1.9388,1.75,1.25,2.4316,2.1739,2.5495,328,6,1.8501,1.6916
2023-12-01,1.9624,1.75,1.285,2.5,2.1702,2.5494,343,5,1.685,1.6924
2023-12-04,1.9815,1.75,1.3,2.55,2.189,2.5418,343,5,1.685,1.6921
2023-12-05,1.9911,1.75,1.25,2.5,2.1984,2.5395,343,5,1.685,1.6924
2023-12-06,1.9789,1.75,1.25,2.5,2.184,2.5392,343,5,1.685,1.694
2023-12-07,1.9913,1.75,1.25,2.5,2.1937,2.5354,343,5,1.685,1.6943
2023-12-08,1.987,1.75,1.25,2.5,2.187,2.5297,343,5,1.685,1.6956
2023-12-11,1.997,1.75,1.25,2.575,2.1961,2.5284,343,5,1.685,1.6961
2023-12-12,1.9904,1.75,1.25,2.525,2.1991,2.5293,343,5,1.685,1.697
2023-12-13,1.9902,1.75,1.25,2.575,2.1989,2.5303,343,5,1.685,1.6979
2023-12-14,1.9938,1.75,1.25,2.6,2.2478,2.5309,343,5,1.685,1.6977
2023-12-15,2.0006,1.75,1.25,2.575,2.2543,2.5419,343,5,1.685,1.6982
2023-12-18,1.9454,1.75,1.25,2.619,2.2344,2.54,343,7,2.1079,1.701
2023-12-19,2.0055,1.75,1.25,2.55,2.261,2.5351,343,5,1.685,1.7002
2023-12-20,1.9994,1.74,1.25,2.575,2.2547,2.5394,343,5,1.685,1.7013
2023-12-21,2.0056,1.74,1.25,2.575,2.2607,2.5359,343,5,1.685,1.702
2023-12-22,2.0063,1.74,1.25,2.575,2.2612,2.5327,343,5,1.685,1.7029
2023-12-26,1.9991,1.75,1.25,2.5875,2.2306,2.5291,342,5,1.6706,1.7039
2023-12-27,1.9956,1.75,1.25,2.5875,2.2272,2.5273,342,5,1.6706,1.705
2023-12-28,2.042,1.8,1.3,2.65,2.274,2.5204,342,5,1.6706,1.7039
2023-12-29,2.042,1.8,1.3,2.65,2.274,2.517,342,5,1.6706,1.7048
2024-01-02,1.9754,1.7,1.25,2.55,2.1478,2.541,330,4,1.5401,1.7077
2024-01-03,1.9719,1.7,1.25,2.55,2.1453,2.5364,330,4,1.5401,1.7087
2024-01-04,1.9704,1.7,1.25,2.5512,2.1439,2.531,330,4,1.5401,1.7096
2024-01-05,1.9721,1.7,1.25,2.6,2.1455,2.527,330,4,1.5401,1.7104
2024-01-08,2.0041,1.75,1.2625,2.65,2.177,2.5211,330,4,1.5401,1.7101
2024-01-09,2.0027,1.75,1.25,2.65,2.1636,2.5153,330,4,1.5401,1.7112
2024-01-10,2.0007,1.75,1.25,2.65,2.1526,2.5123,330,4,1.5401,1.7124
2024-01-11,2.0069,1.75,1.25,2.6653,2.1569,2.5097,330,4,1.5401,1.7131
2024-01-12,2.0139,1.75,1.25,2.65,2.1417,2.5047,330,3,1.2976,1.7145
2024-01-15,1.9916,1.75,1.25,2.65,2.1403,2.5146,330,4,1.5401,1.7155
2024-01-16,1.9849,1.75,1.25,2.65,2.1316,2.5049,330,4,1.5401,1.7167
2024-01-17,1.9549,1.7059,1.2385,2.6375,2.1011,2.5009,330,4,1.5401,1.7188
2024-01-18,1.9767,1.7033,1.2361,2.6375,2.1038,2.4955,330,3,1.2976,1.7195
2024-01-19,1.9666,1.7035,1.2,2.6,2.0935,2.492,330,3,1.2976,1.7208
2024-01-22,1.9809,1.7,1.2,2.6,2.0876,2.4881,330,2,1.0509,1.722
2024-01-23,1.9667,1.7,1.2,2.6,2.0736,2.4854,330,2,1.0509,1.7233
2024-01-24,1.9594,1.7,1.2,2.6,2.0664,2.482,330,2,1.0509,1.7245
2024-01-25,1.95,1.7,1.1925,2.55,2.0571,2.4842,330,2,1.0509,1.7258
2024-01-26,1.9379,1.7,1.17,2.55,2.0382,2.4821,330,2,1.0509,1.7273
2024-01-29,1.986,1.7,1.15,2.55,2.0167,2.4726,330,1,0.3608,1.7288
2024-01-30,1.9813,1.68,1.1335,2.5375,2.0121,2.4676,330,1,0.3608,1.7299
2024-01-31,1.97,1.65,1.1218,2.5,2.0007,2.4669,330,1,0.3608,1.7312
2024-02-01,1.9649,1.675,1.1265,2.5,1.9948,2.5265,326,1,0.3498,1.7328
2024-02-02,2.0217,1.75,1.25,2.5375,2.0514,2.5184,326,1,0.3498,1.7314
2024-02-05,1.9805,1.7,1.15,2.5,2.0103,2.5164,326,1,0.3498,1.7339
2024-02-06,1.9725,1.7,1.15,2.5,2.0024,2.5124,326,1,0.3498,1.7351
2024-02-07,1.9631,1.7,1.15,2.5,1.9929,2.5082,326,1,0.3498,1.7363
2024-02-08,1.9546,1.7,1.1425,2.5,1.9845,2.5015,326,1,0.3498,1.7376
2024-02-09,1.964,1.7,1.15,2.5,1.9939,2.4974,326,1,0.3498,1.738
2024-02-14,1.9686,1.7,1.15,2.5,2.0002,2.4934,326,1,0.3498,1.7387
2024-02-15,1.9661,1.7,1.15,2.5,1.9959,2.4962,326,1,0.3498,1.7396
2024-02-16,1.9648,1.7,1.15,2.5,1.995,2.4993,325,1,0.3537,1.7405
2024-02-19,1.9627,1.7,1.15,2.5,1.9929,2.4997,325,1,0.3537,1.7415
2024-02-20,1.9446,1.65,1.13,2.5,1.9748,2.5032,325,1,0.3537,1.7432
2024-02-21,1.9369,1.65,1.13,2.5,1.9672,2.5,325,1,0.3537,1.7444
2024-02-22,1.9802,1.75,1.2,2.5,2.0104,2.4941,325,1,0.3537,1.7435
2024-02-23,1.9386,1.65,1.1,2.5,1.9386,2.4871,325,0,0.0,1.7473
2024-02-26,1.9374,1.65,1.1,2.5,1.9374,2.4847,325,0,0.0,1.7481
2024-02-27,1.9264,1.65,1.1,2.5,1.9264,2.4838,325,0,0.0,1.7494
2024-02-28,1.9265,1.6333,1.1,2.5,1.9265,2.4787,325,0,0.0,1.7503
2024-02-29,1.8989,1.6,1.1,2.45,1.923,2.4791,325,1,0.2724,1.7514
2024-03-01,1.897,1.7,1.1,2.45,1.9349,2.4679,340,2,0.4302,1.7529
2024-03-04,1.9088,1.65,1.1,2.45,1.9241,2.4627,340,1,0.1685,1.7541
2024-03-05,1.8872,1.65,1.0925,2.4125,1.9134,2.4638,340,1,0.2617,1.7555
2024-03-06,1.8735,1.625,1.05,2.4125,1.9,2.4609,340,1,0.2617,1.757
2024-03-07,1.8686,1.625,1.05,2.4,1.8952,2.4395,340,1,0.2617,1.7582
2024-03-08,1.8664,1.625,1.05,2.4,1.893,2.4251,340,1,0.2617,1.7592
2024-03-11,1.8582,1.65,1.05,2.4,1.8847,2.4233,340,1,0.2617,1.7606
2024-03-12,1.853,1.64,1.0875,2.4,1.8794,2.421,340,1,0.2617,1.7617
2024-03-13,1.8411,1.6,1.05,2.4,1.8683,2.4191,340,1,0.2617,1.7631
2024-03-14,1.8395,1.6,1.0471,2.4,1.8687,2.4113,340,1,0.2617,1.764
2024-03-15,1.831,1.6,1.0474,2.4,1.8602,2.417,340,1,0.2617,1.7653
2024-03-18,1.8088,1.6,1.05,2.37,1.8511,2.4144,340,2,0.4116,1.7666
2024-03-19,1.801,1.6,1.0454,2.3625,1.8448,2.4135,340,2,0.4116,1.7677
2024-03-20,1.8042,1.6,1.0401,2.3625,1.8519,2.4127,340,2,0.4116,1.7684
2024-03-21,1.8027,1.6,1.011,2.35,1.8489,2.4198,338,2,0.4005,1.7694
2024-03-22,1.7944,1.6,1.0457,2.3375,1.8407,2.4153,338,2,0.4005,1.7706
2024-03-25,1.7876,1.6,1.0423,2.295,1.8345,2.4139,338,2,0.4005,1.7717
2024-03-26,1.8002,1.6,1.0343,2.3,1.8637,2.423,336,2,0.4026,1.7717
2024-03-27,1.8172,1.6,1.0462,2.35,1.8649,2.4189,336,2,0.4026,1.7722
2024-03-28,1.8251,1.6,1.0491,2.275,1.8746,2.4153,336,2,0.4026,1.7726
2024-04-01,1.8589,1.625,1.1,2.25,1.9625,2.4862,364,3,0.5416,1.7718
2024-04-02,1.8401,1.6,1.05,2.2625,1.9437,2.4813,364,3,0.5416,1.7735
2024-04-03,1.8038,1.6,1.05,2.2775,1.9914,2.4793,364,4,1.363,1.7734
2024-04-04,1.8323,1.6,1.0522,2.27,1.9375,2.4674,364,3,0.5416,1.7756
2024-04-05,1.8345,1.6,1.0627,2.2625,1.9397,2.4601,364,3,0.5416,1.7764
2024-04-08,1.8419,1.6,1.0623,2.25,1.9474,2.457,364,3,0.5416,1.7771
2024-04-09,1.8289,1.6,1.08,2.25,1.9358,2.4732,363,3,0.549,1.7778
2024-04-10,1.8289,1.6,1.08,2.25,1.9364,2.4592,363,3,0.549,1.7787
2024-04-11,1.831,1.595,1.08,2.24,1.9393,2.4598,362,3,0.5529,1.7796
2024-04-12,1.8713,1.6,1.09,2.25,1.9793,2.4505,362,3,0.5529,1.7793
2024-04-15,1.8336,1.595,1.09,2.2,1.9418,2.4508,362,3,0.5529,1.7814
2024-04-16,1.8346,1.59,1.0575,2.2,1.9433,2.4392,362,3,0.5529,1.7822
2024-04-17,1.8303,1.59,1.05,2.2,1.928,2.4409,361,3,0.5419,1.7833
2024-04-18,1.8224,1.59,1.05,2.2,1.9202,2.4385,361,3,0.5419,1.7843
2024-04-19,1.9135,1.65,1.15,2.25,2.0106,2.439,361,3,0.5419,1.7815
2024-04-22,1.83,1.6,1.05,2.2,1.9284,2.439,361,3,0.5419,1.7857
2024-04-23,1.8254,1.595,1.05,2.2,1.9271,2.4486,358,3,0.5549,1.7868
2024-04-24,1.8251,1.585,1.05,2.2,1.9273,2.4416,358,3,0.5549,1.7878
2024-04-25,1.8266,1.57,1.07,2.2,1.933,2.4374,357,3,0.5577,1.7885
2024-04-26,1.8196,1.57,1.05,2.2,1.9253,2.4385,357,3,0.5577,1.7897
2024-04-29,1.8506,1.6,1.05,2.25,1.9575,2.4361,357,3,0.5577,1.7892
2024-04-30,1.8234,1.55,1.05,2.215,1.9315,2.4441,355,3,0.5583,1.7912
2024-05-02,1.7806,1.5,1.0,2.15,1.8806,2.5423,373,3,0.5306,1.792
2024-05-03,1.8013,1.5,1.0,2.15,1.8996,2.5426,373,3,0.5306,1.7924
2024-05-06,1.7802,1.5,1.0,2.15,1.8792,2.5388,373,3,0.5306,1.7938
2024-05-07,1.7838,1.5,1.0,2.15,1.8936,2.5359,373,3,0.5306,1.7942
2024-05-08,1.8047,1.5,1.0,2.15,1.9138,2.5268,373,3,0.5306,1.7943
2024-05-09,1.8131,1.49,1.0,2.1,1.9197,2.5214,373,3,0.5306,1.795
2024-05-10,1.9506,1.6,1.1,2.15,2.061,2.519,373,3,0.5306,1.7902
2024-05-13,1.8757,1.5,1.0,2.15,1.979,2.5236,371,3,0.5302,1.7938
2024-05-14,1.8601,1.5,1.0,2.15,1.9672,2.5127,371,3,0.5302,1.7953
2024-05-15,1.8442,1.5,1.0,2.15,1.9983,2.5213,370,4,0.7711,1.7954
2024-05-16,1.7712,1.5,1.0,2.14,1.924,2.5178,370,4,0.7711,1.7989
2024-05-17,1.7645,1.5,0.98,2.1,1.93,2.519,369,5,0.8821,1.7999
2024-05-20,1.775,1.5,0.9686,2.1,1.9395,2.516,369,5,0.8821,1.8003
2024-05-21,1.7716,1.5,0.95,2.1,1.9361,2.5112,369,5,0.8821,1.8012
2024-05-22,1.7712,1.5,0.95,2.1025,1.9348,2.5091,368,5,0.8731,1.8021
2024-05-23,1.7656,1.5,0.95,2.13,1.9388,2.4974,367,5,0.8731,1.803
2024-05-24,1.7579,1.5,0.95,2.13,1.9295,2.4558,367,5,0.8731,1.8044
2024-05-27,1.7557,1.5,0.95,2.105,1.9193,2.4595,367,5,0.8731,1.8056
2024-05-28,1.7567,1.5,0.95,2.1,1.9329,2.4565,367,5,0.8731,1.8062
2024-05-29,1.7251,1.5,0.95,2.1019,1.9975,2.4559,367,6,1.7146,1.8054
2024-05-31,1.7661,1.5,0.95,2.1,1.9668,2.4949,365,5,0.8465,1.8071
2024-06-03,1.7641,1.49,0.9635,2.1,1.934,2.5777,363,6,0.9415,1.8094
2024-06-04,1.7626,1.46,0.9648,2.1,1.9313,2.5725,363,6,0.9415,1.8104
2024-06-05,1.753,1.45,0.95,2.1,1.9382,2.5703,363,6,0.9415,1.8112
2024-06-06,1.7553,1.45,0.95,2.1,1.9569,2.5695,363,6,0.9415,1.8118
2024-06-07,1.7534,1.45,0.945,2.1,1.9307,2.5488,363,6,0.9415,1.8133
2024-06-10,1.7603,1.45,0.945,2.1,1.9535,2.5506,363,6,0.9415,1.8135
2024-06-11,1.7427,1.45,0.94,2.1,1.9289,2.5502,363,6,0.9415,1.8151
2024-06-12,1.7418,1.45,0.94,2.1,1.9281,2.5422,363,6,0.9415,1.816
2024-06-13,1.749,1.4071,0.94,2.1,1.9297,2.5279,363,6,0.9415,1.8167
2024-06-14,1.7372,1.4,0.94,2.1,1.9097,2.5297,363,6,0.9415,1.8182
2024-06-17,1.6924,1.4,0.91,2.1,1.9613,2.5321,363,7,1.6321,1.8178
2024-06-18,1.6743,1.4,0.9025,2.1,1.9254,2.5433,362,7,1.6554,1.8196
2024-06-19,1.6773,1.4,0.9425,2.1,1.9278,2.5357,362,7,1.6554,1.8204
2024-06-20,1.7103,1.4,0.9425,2.1,1.8948,2.533,362,6,1.0187,1.8222
2024-06-21,1.6609,1.4,0.93,2.1,1.9199,2.5475,361,7,1.7371,1.8229
2024-06-24,1.657,1.4,0.915,2.1,1.9085,2.5509,360,7,1.7016,1.824
2024-06-25,1.6557,1.4,0.9,2.1,1.9073,2.5449,360,7,1.7016,1.8249
2024-06-26,1.6555,1.4,0.9,2.1,1.907,2.5365,360,7,1.7016,1.8257
2024-06-27,1.6481,1.4,0.9,2.1,1.8934,2.532,360,7,1.7016,1.8271
2024-06-28,1.6454,1.4,0.9,2.1,1.8905,2.5209,360,7,1.7016,1.8281
2024-07-01,1.6946,1.4,0.9,2.1,1.884,2.5455,375,7,1.1573,1.8288
2024-07-02,1.6862,1.4,0.9,2.1,1.8757,2.5433,375,7,1.1573,1.8299
2024-07-03,1.6856,1.4,0.9,2.1,1.8751,2.5451,375,7,1.1573,1.8308
2024-07-04,1.6729,1.4,0.9,2.1,1.8624,2.5492,375,7,1.1573,1.8323
2024-07-05,1.6738,1.4,0.9,2.1,1.8631,2.5471,375,7,1.1573,1.8331
2024-07-08,1.6714,1.4,0.9,2.1,1.863,2.5433,375,7,1.1573,1.834
2024-07-09,1.6658,1.36,0.9,2.05,1.8564,2.5422,375,7,1.1573,1.8351
2024-07-10,1.6615,1.35,0.9,2.05,1.8522,2.5452,375,7,1.1573,1.8362
2024-07-11,1.6594,1.35,0.9,2.025,1.8505,2.5425,375,7,1.1573,1.8372
2024-07-12,1.6519,1.35,0.9,2.025,1.843,2.5386,375,7,1.1573,1.8383
2024-07-15,1.6434,1.35,0.9,2.0276,1.8336,2.5405,375,7,1.1573,1.8395
2024-07-16,1.6418,1.35,0.9,2.025,1.8309,2.5387,375,7,1.1573,1.8405
2024-07-17,1.6398,1.35,0.9,2.0289,1.8288,2.5323,375,7,1.1573,1.8415
2024-07-18,1.6373,1.35,0.9,2.0,1.8254,2.5217,375,7,1.1573,1.8425
2024-07-19,1.6278,1.35,0.9,2.0477,1.8143,2.5164,375,7,1.1573,1.8437
2024-07-22,1.6222,1.34,0.9,2.0172,1.8069,2.4992,375,7,1.1573,1.8448
2024-07-23,1.6181,1.3,0.9,2.025,1.8029,2.4908,375,7,1.1573,1.8459
2024-07-24,1.6328,1.31,0.9,2.0,1.8262,2.5037,374,7,1.1699,1.8464
2024-07-25,1.6188,1.31,0.9,2.0,1.8037,2.4976,374,7,1.1699,1.8481
2024-07-26,1.6203,1.31,0.9,2.0,1.8106,2.4971,374,7,1.1699,1.8488
2024-07-29,1.6128,1.3,0.9,2.05,1.7983,2.5024,373,7,1.1767,1.8502
2024-07-30,1.6199,1.3,0.9,2.08,1.848,2.5004,373,7,1.1767,1.8497
2024-07-31,1.6015,1.3,0.88,2.0483,1.7849,2.4971,373,7,1.1767,1.8529
2024-08-01,1.5802,1.3,0.865,2.0525,1.7469,2.5984,387,7,1.0589,1.8541
2024-08-02,1.5784,1.3,0.85,2.025,1.7441,2.6058,387,7,1.0589,1.855
2024-08-05,1.5771,1.3,0.85,2.025,1.7427,2.6038,387,7,1.0589,1.8559
2024-08-06,1.6953,1.4,1.0,2.025,1.865,2.5904,387,7,1.0589,1.8518
2024-08-07,1.5976,1.3,0.9,2.05,1.7583,2.5867,387,7,1.0589,1.8568
2024-08-08,1.5982,1.3,0.9,2.025,1.7541,2.5844,387,7,1.0589,1.8576
2024-08-09,1.5925,1.3,0.9,2.025,1.756,2.5854,387,7,1.0589,1.8584
2024-08-12,1.5757,1.3,0.9,2.0,1.7353,2.5844,387,7,1.0589,1.8601
2024-08-13,1.5631,1.3,0.9,2.0,1.7233,2.5864,387,7,1.0589,1.8614
2024-08-14,1.5605,1.3,0.875,2.0,1.7181,2.5781,387,7,1.0589,1.8625
2024-08-15,1.5731,1.28,0.85,2.0,1.712,2.5817,387,6,0.9064,1.8634
2024-08-16,1.576,1.28,0.875,2.0,1.7149,2.5769,387,6,0.9064,1.8642
2024-08-19,1.5691,1.28,0.8584,2.0,1.7038,2.583,387,6,0.9064,1.8654
2024-08-20,1.5662,1.28,0.85,2.0,1.701,2.5827,387,6,0.9064,1.8664
2024-08-21,1.5633,1.28,0.85,2.0,1.7012,2.5798,387,6,0.9064,1.8673
2024-08-22,1.5628,1.28,0.85,2.0,1.7007,2.5689,387,6,0.9064,1.8682
2024-08-23,1.5512,1.27,0.85,2.0,1.6892,2.5703,387,6,0.9064,1.8695
2024-08-26,1.5527,1.25,0.85,2.0,1.6967,2.5874,385,6,0.9508,1.8704
2024-08-27,1.5426,1.25,0.85,2.0,1.6867,2.5804,385,6,0.9508,1.8717
2024-08-28,1.5339,1.25,0.85,2.0,1.6781,2.5714,385,6,0.9508,1.8729
2024-08-29,1.5332,1.25,0.85,1.9625,1.6843,2.5712,384,6,0.9584,1.8737
2024-08-30,1.5301,1.25,0.845,1.9633,1.6813,2.5587,384,6,0.9584,1.8747
2024-09-02,1.5297,1.25,0.845,1.9,1.6738,2.6589,404,7,0.9435,1.8756
2024-09-03,1.5203,1.25,0.845,1.9,1.6644,2.6567,404,7,0.9435,1.8769
2024-09-04,1.5149,1.25,0.845,1.9,1.6585,2.6592,404,7,0.9435,1.8781
2024-09-05,1.5147,1.2338,0.8075,1.9,1.6583,2.6585,404,7,0.9435,1.879
2024-09-06,1.5134,1.2353,0.8,1.9,1.657,2.6555,404,7,0.9435,1.88
2024-09-09,1.512,1.236,0.8,1.9,1.6557,2.6517,404,7,0.9435,1.8809
2024-09-10,1.5175,1.2112,0.8175,1.9,1.6611,2.647,404,7,0.9435,1.8816
2024-09-11,1.5177,1.21,0.8275,1.9,1.667,2.6411,404,7,0.9435,1.8824
2024-09-12,1.4706,1.225,0.8225,1.9078,1.6813,2.6379,404,10,1.5058,1.8829
2024-09-13,1.4663,1.23,0.815,1.9,1.6722,2.6341,403,10,1.4624,1.8839
2024-09-16,1.4664,1.215,0.8325,1.925,1.6723,2.6378,402,10,1.4625,1.8849
2024-09-17,1.4585,1.2,0.83,1.9,1.6609,2.6334,402,10,1.4625,1.8861
2024-09-18,1.451,1.215,0.805,1.9,1.6586,2.6351,402,10,1.4625,1.8871
2024-09-19,1.4583,1.2,0.82,1.95,1.6699,2.626,401,10,1.458,1.8875
2024-09-20,1.4607,1.22,0.8,1.95,1.7031,2.6073,401,10,1.458,1.8875
2024-09-23,1.4564,1.25,0.82,1.95,1.6989,2.596,401,10,1.458,1.8885
2024-09-24,1.4665,1.25,0.815,1.95,1.7017,2.6047,399,10,1.4094,1.8889
2024-09-25,1.4675,1.25,0.83,1.95,1.6788,2.6113,397,10,1.4139,1.8906
2024-09-26,1.4626,1.25,0.85,1.95,1.6812,2.6059,397,10,1.4139,1.8915
2024-09-27,1.458,1.2,0.85,1.998,1.6643,2.5988,397,10,1.4139,1.8932
2024-09-30,1.46,1.2,0.85,2.0,1.6778,2.6048,393,10,1.4856,1.894
2024-10-01,1.4713,1.25,0.8,2.0,1.6511,2.6328,405,8,1.144,1.8945
2024-10-02,1.4704,1.25,0.8,2.0,1.6482,2.631,405,8,1.144,1.8956
2024-10-03,1.4747,1.25,0.8,2.0,1.6499,2.626,405,8,1.144,1.8963
2024-10-04,1.4745,1.25,0.8,2.0,1.6497,2.6198,405,8,1.144,1.8972
2024-10-07,1.4775,1.26,0.85,2.0,1.6541,2.6212,405,8,1.144,1.898
2024-10-08,1.4856,1.25,0.85,1.9944,1.6633,2.6193,405,8,1.144,1.8985
2024-10-09,1.4957,1.25,0.85,2.0,1.6762,2.6053,405,8,1.144,1.8987
2024-10-10,1.5107,1.3,0.85,2.0,1.691,2.5995,405,8,1.144,1.8988
2024-10-11,1.5241,1.3,0.9,2.0,1.714,2.5912,405,8,1.144,1.8986
2024-10-14,1.5285,1.3,0.9,2.0,1.7183,2.5954,405,8,1.144,1.8994
2024-10-15,1.5328,1.3,0.9,2.0,1.7242,2.6031,405,8,1.144,1.9
2024-10-16,1.5432,1.3,0.9,2.0,1.7434,2.5778,404,8,1.1163,1.9
2024-10-17,1.5388,1.3,0.9,2.0,1.7325,2.572,404,8,1.1163,1.9013
2024-10-18,1.5406,1.3,0.9,2.0,1.7343,2.5677,404,8,1.1163,1.902
2024-10-21,1.5448,1.3,0.9,2.0,1.7396,2.587,402,8,1.1206,1.9028
2024-10-22,1.5445,1.3,0.9,2.0,1.7392,2.5832,402,8,1.1206,1.9038
2024-10-23,1.5456,1.3,0.9,2.0,1.744,2.5722,402,8,1.1206,1.9046
2024-10-24,1.5481,1.275,0.9,2.0,1.7505,2.5767,402,8,1.1206,1.9053
2024-10-25,1.5532,1.3,0.9,2.0,1.757,2.5683,402,8,1.1206,1.9058
2024-10-28,1.5482,1.3,0.9,2.0,1.7591,2.558,402,8,1.1206,1.9068
2024-10-29,1.5474,1.3,0.9,2.0,1.7491,2.5624,400,8,1.1043,1.908
2024-10-30,1.5443,1.3,0.9,2.0,1.7438,2.5619,400,8,1.1043,1.909
2024-10-31,1.5419,1.3,0.9,2.0,1.74,2.5561,400,8,1.1043,1.9102
2024-11-01,1.527,1.3,0.9,2.0,1.7485,2.6218,405,10,1.2482,1.9104
2024-11-04,1.5234,1.3,0.9,1.9782,1.7434,2.6284,405,10,1.2482,1.9116
2024-11-05,1.5261,1.3,0.9,1.9704,1.7461,2.6304,405,10,1.2482,1.912
2024-11-06,1.5306,1.3,0.9,1.9702,1.7536,2.6146,405,10,1.2482,1.9126
2024-11-07,1.5338,1.3,0.9,1.9633,1.7522,2.6118,405,10,1.2482,1.9135
2024-11-08,1.514,1.25,0.9,1.925,1.7156,2.6186,403,9,1.1465,1.915
2024-11-11,1.5121,1.25,0.9,1.8793,1.713,2.6188,403,9,1.1465,1.9161
2024-11-12,1.5096,1.3,0.9,1.887,1.71,2.6123,403,9,1.1465,1.9172
2024-11-13,1.5052,1.3,0.9,1.925,1.7054,2.6061,403,9,1.1465,1.9184
2024-11-14,1.5055,1.25,0.9,1.9,1.7057,2.6029,403,9,1.1465,1.9193
2024-11-18,1.5,1.25,0.9,1.9,1.6962,2.6036,403,9,1.1465,1.9205
2024-11-19,1.4977,1.25,0.9,1.9,1.8442,2.6032,403,9,1.1465,1.9188
2024-11-21,1.4914,1.25,0.9,1.87,1.8397,2.6023,403,9,1.1465,1.92
2024-11-22,1.4959,1.25,0.9,1.88,1.7632,2.5955,402,9,1.0321,1.9208
2024-11-25,1.4893,1.25,0.9,1.85,1.7567,2.5967,402,9,1.0321,1.9221
2024-11-26,1.4877,1.25,0.9,1.8225,1.752,2.5945,402,9,1.0321,1.9232
2024-11-27,1.5086,1.25,0.9,1.83,1.7795,2.586,401,9,1.0451,1.9233
2024-11-28,1.4969,1.25,0.9,1.85,1.821,2.5779,400,9,1.0444,1.9237
2024-11-29,1.4968,1.25,0.9,1.85,1.821,2.5715,400,9,1.0444,1.9246
2024-12-02,1.5056,1.25,0.9,1.8443,1.8357,2.5942,411,8,0.9896,1.9249
2024-12-03,1.5156,1.25,0.9,1.85,1.8492,2.5816,411,8,0.9896,1.9254
2024-12-04,1.5138,1.25,0.9,1.85,1.8441,2.5629,411,8,0.9896,1.9267
2024-12-05,1.5272,1.3,0.9,1.8563,1.8199,2.5566,411,8,0.9896,1.9277
2024-12-06,1.532,1.3,0.9,1.87,1.8681,2.5414,411,8,0.9896,1.9278
2024-12-09,1.5327,1.3,0.9,1.9,11.3673,2.5303,411,8,0.9896,1.9257
2024-12-10,1.5392,1.3,0.9,1.895,11.3737,2.5391,411,8,0.9896,1.9264
2024-12-11,1.5414,1.3,0.9,1.8694,5.6852,2.5496,410,8,0.6318,1.9272
2024-12-12,1.545,1.275,0.9,1.8925,5.6888,2.542,410,8,0.6318,1.9281
2024-12-13,1.551,1.3,0.9,1.8925,5.6947,2.5129,410,8,0.6318,1.9287
2024-12-16,1.5551,1.3,0.9126,1.9,5.7083,2.5068,410,9,0.7095,1.9292
2024-12-17,1.6043,1.3,0.95,1.95,6.1244,2.5335,405,9,0.7028,1.9283
2024-12-18,1.6281,1.3,0.95,1.95,6.2222,2.5121,403,8,0.6313,1.9287
2024-12-19,1.7471,1.4,1.05,2.0,6.3732,2.5269,403,9,0.9368,1.9227
2024-12-20,1.9756,1.55,1.2,2.2,6.6058,2.5314,403,10,0.9848,1.9155
2024-12-23,1.9597,1.6,1.2,2.2,6.6881,2.5211,403,12,1.9105,1.9134
2024-12-24,1.9488,1.6,1.2,2.2,7.0746,2.5327,401,12,1.834,1.9144
2024-12-26,1.9915,1.65,1.25,2.2,7.1307,2.5206,401,13,1.9916,1.9129
2024-12-27,1.9953,1.65,1.25,2.25,7.305,2.5175,400,12,1.8477,1.9144
2024-12-30,1.9958,1.65,1.25,2.25,7.3054,2.5088,400,12,1.8477,1.9155
2024-12-31,1.9958,1.65,1.25,2.25,7.3054,2.505,400,12,1.8477,1.9166
2025-01-02,1.9596,1.65,1.25,2.2,2.2799,2.5706,422,9,1.6026,1.9179
2025-01-03,2.0134,1.65,1.25,2.2,2.2606,2.5674,422,7,0.7839,1.9196
2025-01-06,1.9929,1.65,1.2,2.15,2.2385,2.5701,422,7,0.7839,1.9215
2025-01-07,1.9863,1.6,1.2,2.1875,2.2073,2.5617,422,6,0.5144,1.9236
2025-01-08,1.9743,1.6,1.2,2.2,2.1952,2.5566,422,6,0.5144,1.925
2025-01-09,1.9544,1.6,1.2,2.2,2.1754,2.5573,422,6,0.5144,1.9271
2025-01-10,1.9444,1.6,1.15,2.2,2.1654,2.5468,422,6,0.5144,1.9287
2025-01-13,1.9477,1.565,1.15,2.2,2.1687,2.5481,422,6,0.5144,1.9296
2025-01-14,1.9291,1.55,1.15,2.2,2.1529,2.5486,422,6,0.5144,1.9314
2025-01-15,1.9213,1.55,1.15,2.1875,2.1425,2.5603,422,5,0.4822,1.9329
2025-01-16,1.896,1.55,1.1,2.15,2.1294,2.5509,422,6,0.622,1.9347
2025-01-17,1.9338,1.6,1.15,2.2,2.1936,2.5436,422,7,0.6541,1.9333
2025-01-20,1.8856,1.53,1.1,2.15,2.1185,2.5454,422,6,0.622,1.9376
2025-01-21,1.8742,1.52,1.1,2.15,2.11,2.5418,422,6,0.622,1.9392
2025-01-22,1.8653,1.5,1.1,2.15,2.1039,2.5405,422,7,0.6521,1.9407
2025-01-23,1.8512,1.5,1.05,2.1375,2.0898,2.5175,422,7,0.6521,1.9427
2025-01-24,1.8443,1.5,1.05,2.1,2.0886,2.5118,422,6,0.622,1.9439
2025-01-27,1.8361,1.5,1.05,2.1,2.0818,2.5137,422,6,0.622,1.9454
2025-01-28,1.8253,1.5,1.05,2.1,2.0693,2.5116,422,7,0.6521,1.9471
2025-01-29,1.8151,1.49,1.05,2.1,2.0691,2.5045,422,8,0.7232,1.9484
2025-01-30,1.8141,1.465,1.05,2.1,2.0683,2.5145,422,8,0.7232,1.9495
2025-01-31,1.8173,1.45,1.0,2.1,2.0552,2.5304,420,8,0.6893,1.9509
2025-02-03,1.8555,1.5,1.05,2.1,2.1404,2.5972,413,9,0.7309,1.9514
2025-02-04,1.8433,1.5,1.05,2.1,2.128,2.5951,413,9,0.7309,1.9531
2025-02-05,1.8359,1.5,1.0,2.1,2.1204,2.5811,413,9,0.7309,1.9549
2025-02-06,1.8342,1.5,1.0,2.1,2.119,2.5759,413,9,0.7309,1.9563
2025-02-07,1.8336,1.5,1.0,2.1,2.1188,2.5658,413,9,0.7309,1.9575
2025-02-10,1.827,1.45,1.0,2.1,2.1113,2.562,413,9,0.7309,1.9589
2025-02-11,1.8202,1.45,1.0,2.1,2.1042,2.5637,413,9,0.7309,1.9604
2025-02-12,1.8186,1.45,1.0,2.1,2.1027,2.5564,413,9,0.7309,1.9615
2025-02-13,1.8176,1.45,1.0,2.1,2.1131,2.56,412,9,0.7378,1.9624
2025-02-14,1.8322,1.4561,1.0,2.1,2.1456,2.5639,412,10,0.9893,1.9622
2025-02-17,1.8095,1.45,1.0,2.1,2.0988,2.5801,411,9,0.7361,1.9652
2025-02-18,1.7982,1.4449,1.0,2.1,2.0857,2.5795,410,9,0.7351,1.9671
2025-02-19,1.7744,1.4,1.0,2.1,2.0849,2.5755,410,10,0.9887,1.9683
2025-02-20,1.772,1.4,1.0,2.1,2.0825,2.5801,410,10,0.9887,1.9696
2025-02-21,1.7542,1.4,1.0,2.0875,2.0649,2.5839,410,10,0.9887,1.9715
2025-02-24,1.7601,1.4,1.0,2.0875,2.0707,2.5773,410,10,0.9887,1.9723
2025-02-25,1.7359,1.4,1.0,2.0375,2.0476,2.5752,410,10,0.9887,1.9749
2025-02-26,1.7364,1.4,1.0,2.0375,2.048,2.5617,410,10,0.9887,1.976
2025-02-27,1.7313,1.4,1.0,2.0,2.0431,2.5576,410,10,0.9887,1.9774
2025-02-28,1.7342,1.4,1.0,2.0,2.0444,2.5436,410,10,0.9887,1.9787
2025-03-05,1.767,1.4,1.0,2.05,2.1134,2.5868,443,13,1.4418,1.9798
2025-03-06,1.7563,1.4,1.0,2.05,2.117,2.5825,443,14,1.5942,1.9807
2025-03-07,1.7509,1.4,1.0,2.05,2.1225,2.5688,443,14,1.5942,1.9818
2025-03-10,1.7349,1.4,1.0,2.05,2.0999,2.5617,443,14,1.5942,1.9836
2025-03-11,1.7199,1.4,0.9619,2.05,2.0819,2.5703,442,14,1.5946,1.9856
2025-03-12,1.7185,1.4,0.95,2.0,2.0849,2.5891,441,14,1.6177,1.9873
2025-03-13,1.7134,1.3672,0.95,2.05,2.081,2.5916,441,14,1.6177,1.9886
2025-03-14,1.7167,1.4,0.95,2.05,2.1104,2.5854,441,15,1.7385,1.9884
2025-03-17,1.7123,1.35,0.95,2.05,2.087,2.6013,441,14,1.6177,1.9911
2025-03-18,1.7008,1.35,0.95,2.0125,2.0778,2.6012,440,14,1.6192,1.9925
2025-03-19,1.6944,1.35,0.95,2.0125,2.0721,2.6006,440,14,1.6192,1.9939
2025-03-20,1.6981,1.35,0.95,1.9625,2.0699,2.5874,440,13,1.5555,1.9952
2025-03-21,1.6809,1.35,0.95,2.0,2.0557,2.5748,440,14,1.6192,1.9968
2025-03-24,1.6817,1.35,0.95,1.95,2.0481,2.5673,440,13,1.5555,1.9982
2025-03-25,1.6822,1.35,0.95,1.975,2.0511,2.563,439,13,1.5678,1.9995
2025-03-26,1.6724,1.35,0.95,1.95,2.0317,2.5619,437,13,1.5779,2.0013
2025-03-27,1.6704,1.35,0.95,1.95,2.0176,2.5651,437,13,1.5779,2.0028
2025-03-28,1.6733,1.35,0.95,2.0,2.0429,2.5803,436,13,1.6125,2.0029
2025-03-31,1.6534,1.3,0.95,1.95,2.0119,2.5804,436,13,1.6125,2.0052
2025-04-01,1.6162,1.3,0.91,1.865,1.9554,2.6089,427,11,1.4045,2.006
2025-04-02,1.6086,1.3,0.9,1.825,1.9479,2.6056,427,11,1.4045,2.0076
2025-04-03,1.6057,1.3,0.9,1.825,1.9465,2.6181,427,11,1.4045,2.0088
2025-04-04,1.6027,1.3,0.9,1.8,1.9429,2.6188,427,11,1.4045,2.0101
2025-04-07,1.6053,1.3,0.935,1.8,1.9455,2.6185,427,11,1.4045,2.0111
2025-04-08,1.6021,1.3,0.935,1.825,1.9444,2.6095,427,11,1.4045,2.0123
2025-04-09,1.6194,1.3,0.935,1.825,1.9461,2.6004,427,11,1.4045,2.0134
2025-04-10,1.6182,1.3,0.93,1.825,1.941,2.5988,427,11,1.4045,2.0147
2025-04-11,1.6175,1.3425,0.93,1.825,1.9403,2.6003,427,11,1.4045,2.0159
2025-04-14,1.6251,1.35,0.93,1.825,1.934,2.6073,427,11,1.4045,2.0169
2025-04-15,1.6244,1.35,0.95,1.825,1.9471,2.6163,427,11,1.4045,2.0181
2025-04-16,1.6141,1.33,0.95,1.825,1.9334,2.6153,427,11,1.4045,2.0199
2025-04-17,1.6171,1.33,0.95,1.825,1.9431,2.6098,427,11,1.4045,2.0208
2025-04-22,1.6176,1.33,0.95,1.8,1.94,2.6081,427,11,1.4045,2.0221
2025-04-23,1.6206,1.33,0.95,1.825,1.9418,2.615,427,11,1.4045,2.023
2025-04-24,1.6177,1.3,0.9463,1.8,1.9595,2.624,426,11,1.4688,2.0243
2025-04-25,1.614,1.3,0.9175,1.8,1.9553,2.6204,426,11,1.4688,2.0256
2025-04-28,1.6162,1.315,0.9125,1.8,1.9533,2.6169,426,11,1.4688,2.0266
2025-04-29,1.6128,1.315,0.92,1.8,1.9506,2.6126,426,11,1.4688,2.0279
2025-04-30,1.6093,1.3,0.91,1.8,1.9483,2.6156,426,11,1.4688,2.0292
2025-05-02,1.5402,1.3,0.9,1.75,1.8882,2.6691,431,11,1.5081,2.0305
2025-05-05,1.5411,1.3,0.9,1.75,1.9059,2.6672,431,11,1.5081,2.0313
2025-05-06,1.5377,1.3,0.9,1.75,1.9025,2.6685,431,11,1.5081,2.0327
2025-05-07,1.5381,1.3,0.9,1.75,1.8996,2.6638,431,11,1.5081,2.0338
2025-05-08,1.5245,1.3,0.9,1.75,1.8841,2.664,431,11,1.5081,2.0357
2025-05-09,1.5121,1.3,0.9,1.75,1.8826,2.6606,431,11,1.5081,2.0371
2025-05-12,1.5077,1.3,0.9,1.725,1.8782,2.6614,431,11,1.5081,2.0387
2025-05-13,1.5044,1.3,0.9,1.725,1.8732,2.6563,431,11,1.5081,2.0402
2025-05-14,1.5015,1.3,0.9,1.725,1.8702,2.6476,431,11,1.5081,2.0416
2025-05-15,1.495,1.3,0.9,1.7,1.8639,2.656,431,11,1.5081,2.0431
2025-05-16,1.497,1.3,0.9,1.7,1.8621,2.6527,431,11,1.5081,2.0443
2025-05-19,1.4913,1.3,0.9,1.7,1.86,2.6537,431,11,1.5081,2.0458
2025-05-20,1.4896,1.3,0.9,1.7,1.8565,2.6491,431,11,1.5081,2.0471
2025-05-21,1.5135,1.3,0.9,1.7,1.825,2.6468,430,10,0.9425,2.0493
2025-05-22,1.5195,1.3,0.9,1.7375,1.8274,2.651,430,10,0.9425,2.0505
2025-05-23,1.5317,1.3,0.9,1.75,1.8377,2.6495,429,10,0.9519,2.051
2025-05-26,1.4981,1.3,0.9,1.7,1.8027,2.6373,429,10,0.9519,2.0541
2025-05-27,1.5021,1.3,0.9,1.7,1.8068,2.6395,429,10,0.9519,2.0552
2025-05-28,1.4983,1.3,0.9,1.7,1.7967,2.6347,429,10,0.9519,2.0567
2025-05-29,1.5073,1.3,0.9,1.7,1.8063,2.6459,426,9,0.8944,2.058
2025-05-30,1.5154,1.3,0.9,1.7,1.8142,2.6377,426,9,0.8944,2.0588
2025-06-02,1.5221,1.3,0.95,1.75,1.8307,2.6926,427,9,1.2161,2.0581
2025-06-03,1.5174,1.3,0.95,1.75,1.826,2.6921,427,9,1.2161,2.0596
2025-06-04,1.5118,1.3,0.95,1.75,1.8509,2.6927,427,10,1.2874,2.0606
2025-06-05,1.5048,1.3,0.9,1.75,1.9074,2.6846,427,10,1.2909,2.0616
2025-06-06,1.5184,1.25,0.85,1.7,1.7966,2.6833,427,8,0.7762,2.0659
2025-06-09,1.5181,1.25,0.85,1.7,1.8025,2.6839,427,8,0.7762,2.067
2025-06-10,1.513,1.25,0.85,1.7,1.7852,2.6822,427,8,0.7762,2.0688
2025-06-11,1.5043,1.25,0.85,1.7,1.7811,2.6786,427,8,0.7762,2.0703
2025-06-12,1.5019,1.25,0.85,1.7,1.7788,2.6743,427,8,0.7762,2.0717
2025-06-13,1.497,1.25,0.85,1.7,1.7744,2.6775,426,8,0.7816,2.0729
2025-06-16,1.4979,1.25,0.85,1.7,1.7753,2.689,426,8,0.7816,2.0742
2025-06-17,1.4599,1.25,0.85,1.7,1.8325,2.6819,426,11,1.3129,2.0727
2025-06-18,1.4625,1.25,0.85,1.7,1.837,2.6777,426,11,1.3129,2.0739
2025-06-20,1.4808,1.25,0.85,1.7375,1.8419,2.6793,426,11,1.3129,2.0749
2025-06-23,1.4561,1.25,0.85,1.7,1.8131,2.6768,426,11,1.3129,2.0778
2025-06-24,1.4586,1.25,0.85,1.7,1.8076,2.6746,425,11,1.3129,2.0791
2025-06-25,1.4468,1.23,0.835,1.7,1.7893,2.6693,425,11,1.3129,2.0814
2025-06-26,1.4471,1.2,0.85,1.7,1.7837,2.6795,424,11,1.2541,2.0826
2025-06-27,1.4437,1.215,0.8254,1.7,1.7748,2.6767,424,11,1.2541,2.0845
2025-06-30,1.4456,1.2,0.85,1.7,1.7773,2.6676,424,11,1.2541,2.0855
2025-07-01,1.4694,1.24,0.8456,1.7,1.7925,2.6874,424,10,1.2126,2.0871
2025-07-02,1.4703,1.215,0.8455,1.7,1.7998,2.6819,424,10,1.2126,2.088
2025-07-03,1.4264,1.215,0.8455,1.7,1.8112,2.679,424,12,1.7953,2.0889
2025-07-04,1.447,1.215,0.8457,1.7,1.8083,2.6722,424,11,1.5239,2.0906
2025-07-07,1.4249,1.225,0.8459,1.7,1.8226,2.665,424,12,1.7953,2.0914
2025-07-08,1.424,1.25,0.8458,1.7,1.8218,2.6651,424,12,1.7953,2.0927
2025-07-09,1.4234,1.25,0.8414,1.7,1.817,2.6631,423,12,1.748,2.0938
2025-07-10,1.4249,1.25,0.85,1.7,1.818,2.6539,423,12,1.748,2.095
2025-07-11,1.4271,1.25,0.85,1.7,1.8202,2.6497,423,12,1.748,2.0962
2025-07-14,1.4231,1.25,0.85,1.7,1.8203,2.6464,423,12,1.748,2.0977
2025-07-15,1.421,1.25,0.8234,1.7,1.8218,2.6291,423,12,1.748,2.0988
2025-07-16,1.4203,1.25,0.8435,1.7,1.8157,2.6014,423,12,1.748,2.1002
2025-07-17,1.4194,1.23,0.8433,1.7,1.8149,2.6004,423,12,1.748,2.1016
2025-07-18,1.4212,1.24,0.85,1.7,1.8171,2.5981,422,12,1.7634,2.1028
2025-07-21,1.4204,1.24,0.85,1.7,1.8164,2.595,422,12,1.7634,2.1041
2025-07-22,1.4274,1.25,0.8355,1.7,1.8255,2.5987,421,12,1.7703,2.1052
2025-07-23,1.4234,1.25,0.8348,1.7,1.821,2.5953,421,12,1.7703,2.1067
2025-07-24,1.4404,1.25,0.85,1.75,1.839,2.5894,421,12,1.7703,2.1074
2025-07-25,1.4382,1.25,0.85,1.75,1.8421,2.5863,421,12,1.7703,2.1088
2025-07-28,1.422,1.2,0.85,1.7,1.8185,2.6166,419,12,1.7647,2.1112
2025-07-29,1.4254,1.2,0.85,1.7,1.8264,2.6258,417,12,1.7717,2.1119
2025-07-30,1.4214,1.23,0.85,1.7,1.8225,2.6187,417,12,1.7717,2.1134
2025-07-31,1.4213,1.2,0.85,1.7,1.8282,2.6092,417,12,1.7717,2.1145
2025-08-01,1.4264,1.2,0.8457,1.7,1.8518,2.6847,404,12,1.8037,2.1156
2025-08-04,1.4242,1.2,0.8456,1.7,1.8693,2.6834,404,12,1.8037,2.116
2025-08-05,1.4227,1.2,0.8456,1.7,1.8632,2.6796,404,12,1.8037,2.1176
2025-08-06,1.4223,1.2,0.8455,1.7,1.8977,2.6769,404,12,1.8037,2.118
2025-08-07,1.423,1.2,0.8452,1.7,1.8983,2.676,404,12,1.8037,2.1192
2025-08-08,1.4273,1.2,0.85,1.7,1.9293,2.6718,404,12,1.8037,2.1193
2025-08-11,1.4205,1.2,0.85,1.7,1.8684,2.6729,404,12,1.8037,2.1227
2025-08-12,1.426,1.2,0.8447,1.7,1.9156,2.6727,404,12,1.8037,2.1227
2025-08-13,1.4288,1.2,0.8445,1.7125,1.9332,2.667,404,12,1.8037,2.1234
2025-08-14,1.4292,1.2,0.8239,1.7125,1.9375,2.6634,404,12,1.8037,2.1245
2025-08-15,1.409,1.2,0.8236,1.755,1.9623,2.67,404,13,2.2929,2.1243
2025-08-18,1.4057,1.2,0.8075,1.8,1.9668,2.6639,404,14,2.3575,2.1253
2025-08-19,1.4053,1.2,0.8263,1.755,1.9502,2.6466,404,14,2.3575,2.1271
2025-08-20,1.4441,1.2,0.8251,1.75,1.9287,2.6375,404,12,1.8037,2.1294
2025-08-21,1.4018,1.2,0.8152,1.75,1.9428,2.6645,402,14,2.3344,2.1303
2025-08-22,1.401,1.2,0.8146,1.75,1.9419,2.666,402,14,2.3344,2.1316
2025-08-25,1.3997,1.2,0.8143,1.75,1.9872,2.667,402,14,2.3344,2.1327
2025-08-26,1.4434,1.2,0.8147,1.75,2.0188,2.66,402,14,2.3344,2.1319
2025-08-27,1.4417,1.2,0.8146,1.75,1.9965,2.6534,402,13,2.2499,2.134
2025-08-28,1.4485,1.2,0.8333,1.75,2.0081,2.653,402,13,2.2499,2.1348
2025-08-29,1.4391,1.2,0.81,1.8,1.9765,2.6477,401,13,2.2739,2.137
2025-09-01,1.4515,1.2,0.8,1.85,1.7334,2.6348,407,10,1.9042,2.1388
2025-09-02,1.4327,1.2,0.8,1.85,1.7084,2.6285,407,10,1.9042,2.1413
2025-09-03,1.4444,1.2,0.8,1.875,1.7193,2.6243,407,10,1.9042,2.142
2025-09-04,1.4392,1.2,0.8,1.875,1.7485,2.6233,407,11,2.3053,2.1423
2025-09-05,1.4723,1.2,0.8,1.85,1.7131,2.6164,407,9,1.4297,2.1453
2025-09-08,1.4697,1.2,0.8,1.85,1.7251,2.6133,407,9,1.4297,2.1462
2025-09-09,1.4514,1.2,0.8,1.875,1.7901,2.6079,407,10,1.9042,2.1456
2025-09-10,1.4501,1.2,0.805,1.875,1.7879,2.6047,407,10,1.9042,2.1471
2025-09-11,1.4794,1.2,0.8025,1.85,1.7634,2.6148,406,9,1.3724,2.1489
2025-09-12,1.4787,1.2,0.8025,1.85,1.7653,2.6098,406,9,1.3724,2.1502
2025-09-15,1.4718,1.2,0.8025,1.85,1.7608,2.6286,406,9,1.3724,2.1519
2025-09-16,1.4815,1.2,0.8075,1.9125,1.7927,2.6389,404,9,1.3829,2.1519
2025-09-17,1.4648,1.2,0.8,1.8625,1.7756,2.6364,404,9,1.3829,2.1541
2025-09-18,1.4542,1.2,0.8,1.85,1.7654,2.6322,404,9,1.3829,2.1557
2025-09-19,1.4173,1.2,0.8,1.85,1.7323,2.6291,404,9,1.3829,2.1582
2025-09-22,1.3376,1.2,0.8,1.65,1.6991,2.6018,404,10,1.8767,2.1614
2025-09-23,1.3793,1.2,0.8,1.65,1.6988,2.5996,404,9,1.3829,2.1632
2025-09-24,1.3786,1.2,0.8,1.65,1.7044,2.605,402,9,1.3588,2.1641
2025-09-25,1.3768,1.2,0.8,1.65,2.0728,2.6026,402,9,1.3588,2.1599
2025-09-26,1.3279,1.18,0.8,1.6425,1.5899,2.5984,400,8,1.3724,2.1606
2025-09-29,1.3597,1.2,0.83,1.69,1.7052,2.5817,399,8,1.3323,2.1572
2025-09-30,1.3943,1.2,0.85,1.65,1.6376,2.6065,397,7,0.7087,2.1593
2025-10-01,1.3275,1.2,0.85,1.65,1.5997,2.6792,407,8,1.1473,2.1607
2025-10-02,1.3302,1.2,0.85,1.65,1.6034,2.6727,407,8,1.1473,2.1618
2025-10-03,1.3312,1.2,0.85,1.65,1.6031,2.6666,407,8,1.1473,2.1632
2025-10-06,1.3318,1.2,0.85,1.62,1.6085,2.6678,407,8,1.1473,2.1644
2025-10-07,1.3361,1.2,0.85,1.645,1.6272,2.6626,407,8,1.1473,2.1652
2025-10-08,1.3341,1.2,0.85,1.62,1.6741,2.6609,407,9,1.2464,2.1652
2025-10-09,1.3804,1.2,0.85,1.65,1.6197,2.6602,407,7,0.6678,2.1681
2025-10-10,1.3942,1.2,0.85,1.65,1.6728,2.6597,407,7,0.6678,2.1682
2025-10-13,1.3672,1.23,0.85,1.7,1.6882,2.6591,407,9,1.5796,2.1664
2025-10-14,1.3722,1.2,0.85,1.75,1.7222,2.6555,407,9,1.2464,2.168
2025-10-15,1.377,1.2,0.85,1.75,1.6395,2.6743,407,8,1.1473,2.1721
2025-10-16,1.3767,1.2,0.85,1.7,1.7279,2.6726,407,9,1.2464,2.1709
2025-10-17,1.323,1.2,0.9,1.75,1.7684,2.6765,407,11,2.1226,2.1703
2025-10-20,1.3077,1.2,0.85,1.725,1.7935,2.6525,407,11,2.1226,2.1714
2025-10-21,1.3242,1.2,0.85,1.75,1.8184,2.6505,407,11,2.1226,2.1717
2025-10-22,1.361,1.25,0.9,1.8,1.7579,2.6969,405,10,1.8701,2.172
2025-10-23,1.3683,1.25,0.9,1.8,1.8138,2.7002,405,10,1.8701,2.1721
2025-10-24,1.395,1.25,0.9,1.8,1.8542,2.7006,405,11,1.9493,2.1714
2025-10-27,1.4034,1.25,0.9,1.8,1.8384,2.6989,405,11,1.9493,2.173
2025-10-28,1.4077,1.26,0.9,1.8,1.8517,2.6927,405,11,1.9493,2.1739
2025-10-29,1.4359,1.3,0.95,1.85,1.8767,2.6867,405,11,1.9493,2.1738
2025-10-30,1.4152,1.3,0.9,1.8,1.801,2.6803,405,10,1.8701,2.1783
2025-10-31,1.4209,1.3,0.9,1.8,1.8255,2.6788,405,11,1.9493,2.1784
2025-11-03,1.4334,1.3,0.9,1.85,2.2203,2.7534,385,16,2.8799,2.18
2025-11-04,1.4446,1.3,0.9,1.9,2.327,2.7549,385,16,2.8799,2.1802
2025-11-05,1.4159,1.3,0.9,1.85,2.3056,2.7536,385,17,3.1231,2.1819
2025-11-06,1.4614,1.3,0.9,1.85,2.1739,2.7505,385,14,2.4533,2.1868
2025-11-07,1.4006,1.25,0.85,1.85,2.2279,2.7373,385,16,3.0513,2.1879
2025-11-10,1.41,1.25,0.9,1.85,2.2254,2.7408,385,16,3.0513,2.1891
2025-11-11,1.461,1.3,0.85,1.825,2.1658,2.7649,383,15,2.4143,2.1906
2025-11-12,1.4975,1.3,0.875,1.85,2.1488,2.7588,383,14,2.0089,2.1923
2025-11-13,1.4529,1.3,0.8625,1.85,2.134,2.7604,382,15,2.4143,2.1942
2025-11-14,1.4547,1.3,0.9,1.9,2.1278,2.7496,382,15,2.4143,2.1955
2025-11-17,1.5326,1.3,0.9,1.9,2.1262,2.7491,382,13,1.5281,2.1969
2025-11-18,1.5245,1.3,0.9,1.9,2.119,2.7477,382,13,1.5281,2.1986
2025-11-19,1.461,1.25,0.9,1.9,2.0999,2.7518,382,14,1.9998,2.2014
2025-11-21,1.4623,1.25,0.9,1.9,2.161,2.7492,382,14,1.9998,2.2021
2025-11-24,1.4718,1.3,0.9,1.9,2.1553,2.7586,380,14,2.0159,2.2033
2025-11-25,1.4851,1.3,0.9,1.9,2.1706,2.7581,380,14,2.0159,2.2041
2025-11-26,1.4758,1.3,0.9,1.9,2.164,2.7553,380,14,2.0159,2.2058
2025-11-27,1.4688,1.3,0.9,1.9,2.1598,2.7516,380,14,2.0159,2.2077
2025-11-28,1.4701,1.3,0.9,1.9,2.1565,2.7495,380,14,2.0159,2.2091
2025-12-01,1.4053,1.3,0.85,1.95,2.2884,2.8033,408,17,2.492,2.2089
2025-12-02,1.4345,1.3,0.9,2.0,2.319,2.8005,408,17,2.492,2.2088
2025-12-03,1.4098,1.3,0.85,1.95,2.3816,2.7965,408,17,2.492,2.21
2025-12-04,1.404,1.3,0.85,1.95,2.4442,2.7984,407,17,2.3736,2.2107
2025-12-05,1.4235,1.3,0.865,1.95,2.4716,2.7743,407,17,2.3736,2.2111
2025-12-08,1.4155,1.3,0.865,1.94,2.4703,2.7744,407,17,2.3736,2.2127
2025-12-09,1.4161,1.3,0.865,1.94,2.4743,2.7649,407,17,2.3736,2.214
2025-12-10,1.4123,1.3,0.865,1.95,2.4758,2.7542,407,17,2.3736,2.2154
2025-12-11,1.4148,1.3,0.865,1.95,2.4828,2.7541,407,17,2.3736,2.2168
2025-12-12,1.4144,1.3,0.85,1.95,2.4866,2.756,407,17,2.3736,2.2182
2025-12-15,1.4126,1.3,0.85,1.95,2.3862,2.7675,406,17,2.3602,2.2198
2025-12-16,1.4195,1.3,0.85,2.0,2.4299,2.7728,405,17,2.3873,2.2203
2025-12-17,1.4126,1.3,0.85,1.98,2.3969,2.7701,403,17,2.3819,2.2227
2025-12-18,1.4106,1.3,0.85,1.98,2.4267,2.7627,403,17,2.3819,2.2239
2025-12-19,1.4076,1.3,0.85,1.99,2.4203,2.7609,403,17,2.3819,2.2254
2025-12-22,1.4164,1.3,0.85,1.98,2.4586,2.7581,403,17,2.3819,2.2264
2025-12-23,1.4153,1.3,0.85,1.99,2.5021,2.7554,403,17,2.3819,2.2263
2025-12-24,1.4094,1.3,0.85,1.98,2.446,2.7672,401,17,2.312,2.2277
2025-12-26,1.4302,1.3,0.88,2.0,2.4687,2.7619,401,17,2.312,2.2282
2025-12-29,1.422,1.3,0.85,2.0,2.4561,2.7643,400,17,2.3311,2.2301
2025-12-30,1.4219,1.3,0.85,2.0,2.4738,2.7636,399,17,2.348,2.2315
2025-12-31,1.4323,1.3,0.8575,2.0,2.4634,2.7651,398,17,2.3477,2.2331
2026-01-02,1.4378,1.33,0.9,2.0,2.2303,2.8004,442,15,1.8713,2.2345
2026-01-05,1.4017,1.3,0.85,1.95,2.2128,2.7975,442,14,1.8453,2.2373
2026-01-06,1.3965,1.3,0.85,1.9375,2.2083,2.7938,442,14,1.8453,2.2392
2026-01-07,1.3996,1.3,0.88,1.945,2.2189,2.7895,442,15,1.8713,2.2402
2026-01-08,1.3971,1.3,0.885,1.95,2.2239,2.7883,442,15,1.8713,2.2418
2026-01-09,1.3989,1.3,0.885,1.98,2.2364,2.7817,442,15,1.8713,2.2428
2026-01-12,1.3857,1.3,0.8575,1.9375,2.2339,2.782,442,15,1.8713,2.2447
2026-01-13,1.3786,1.3,0.85,1.9375,2.231,2.7791,442,15,1.8713,2.2465
2026-01-14,1.3735,1.3,0.85,1.9243,2.1883,2.7735,441,15,1.8609,2.2486
2026-01-15,1.4175,1.3,0.85,1.9249,2.1458,2.7738,441,13,1.1147,2.2509
2026-01-16,1.4395,1.3,0.9,2.0,2.1717,2.7645,441,13,1.1147,2.2514
2026-01-19,1.4188,1.3,0.85,1.9,2.1537,2.7548,441,13,1.1147,2.2538
2026-01-20,1.4102,1.3,0.85,1.9,2.1503,2.7484,441,13,1.1147,2.2558
2026-01-21,1.4093,1.3,0.85,1.9,2.1654,2.7491,441,13,1.1147,2.257
2026-01-22,1.4112,1.3,0.85,1.9,2.0972,2.748,441,13,1.1147,2.2587
2026-01-23,1.4097,1.3,0.85,1.9,2.1086,2.7471,441,13,1.1147,2.26
2026-01-26,1.4138,1.3,0.85,1.9,2.1189,2.747,441,13,1.1147,2.261
2026-01-27,1.4057,1.25,0.85,1.9,2.1347,2.7484,441,13,1.1147,2.2625
2026-01-28,1.4031,1.25,0.85,1.85,2.1434,2.7476,441,13,1.1147,2.2638
2026-01-29,1.399,1.25,0.85,1.88,2.1416,2.747,441,13,1.1147,2.2655
2026-01-30,1.3992,1.25,0.85,1.85,2.1513,2.7426,441,13,1.1147,2.2668
2026-02-02,1.3797,1.25,0.8,1.85,2.1223,2.7834,469,16,1.1464,2.2681
2026-02-03,1.379,1.25,0.82,1.8,2.1227,2.7821,469,16,1.1464,2.2697
2026-02-04,1.3808,1.25,0.85,1.85,2.1248,2.7756,469,16,1.1464,2.271
2026-02-05,1.3777,1.25,0.85,1.88,2.2162,2.774,469,17,1.3503,2.2694
2026-02-06,1.3819,1.25,0.85,1.9,2.2386,2.7682,469,17,1.3503,2.2699
2026-02-09,1.377,1.25,0.83,1.9,2.2565,2.7655,469,17,1.3503,2.2709
2026-02-10,1.3771,1.25,0.82,1.9,2.3047,2.7584,469,18,1.5901,2.269
2026-02-11,1.322,1.25,0.82,1.925,2.3037,2.7697,467,20,2.0668,2.2671
2026-02-12,1.348,1.25,0.85,1.9,2.3587,2.7645,467,21,2.1376,2.2652
2026-02-13,1.3446,1.25,0.85,1.9,2.3758,2.7602,467,21,2.1376,2.2663
2026-02-18,1.3446,1.25,0.85,1.9,2.3758,2.7686,467,21,2.1376,2.2677
2026-02-19,1.3476,1.25,0.85,1.9,2.35,2.7624,467,21,2.1376,2.2703
2026-02-20,1.349,1.25,0.85,1.9,2.3716,2.7721,467,21,2.1376,2.2716
2026-02-23,1.3474,1.25,0.845,1.9125,2.3394,2.772,464,21,2.0406,2.2734
2026-02-24,1.3451,1.25,0.8275,1.9,2.3232,2.7694,464,21,2.0406,2.2751
2026-02-25,1.3763,1.25,0.8275,1.9,2.3776,2.7653,464,21,2.0406,2.2734
2026-02-26,1.4114,1.25,0.8175,1.9,2.4093,2.7613,464,21,2.0406,2.2722
2026-02-27,1.42,1.25,0.8275,1.9,2.3976,2.7541,464,21,2.0406,2.2739
2026-03-02,1.3912,1.2,0.8,1.825,2.3458,2.789,499,20,1.8933,2.2751
2026-03-03,1.3933,1.2,0.8,1.85,2.4104,2.7767,499,20,1.8933,2.2758
2026-03-04,1.3951,1.2,0.8,1.85,2.4159,2.7778,499,20,1.8933,2.2771
2026-03-05,1.3945,1.2,0.8,1.85,2.4847,2.7648,499,20,1.8933,2.2771
2026-03-06,1.3791,1.2,0.8,1.845,2.457,2.7535,499,20,1.8933,2.2798
2026-03-09,1.3829,1.2,0.8,1.835,2.446,2.7481,499,20,1.8933,2.2816
2026-03-10,1.3872,1.25,0.8,1.85,287.6212,2.7509,499,20,1.8933,2.2793
2026-03-11,1.3884,1.2,0.8,1.82,2.6305,2.7466,497,18,1.6714,2.2807
2026-03-12,1.3915,1.2,0.8,1.83,2.5847,2.7303,495,16,1.4753,2.2785
2026-03-13,1.4125,1.2,0.8,1.85,2.6546,2.71,495,16,1.4753,2.2769
2026-03-16,1.4533,1.2,0.81,1.925,2.6978,2.7394,495,16,1.4753,2.2762
2026-03-17,1.3929,1.2,0.81,1.95,2.7426,2.7281,493,22,3.071,2.2689
2026-03-18,1.4547,1.3,0.95,2.0,2.7482,2.7259,492,24,3.2083,2.2646
2026-03-19,1.458,1.3,1.0,2.0,2.9038,2.7263,492,25,3.3561,2.2594
2026-03-20,1.4801,1.3,1.0,2.1,2.9915,2.7054,492,25,3.3561,2.2602
2026-03-23,1.5403,1.4,1.0,2.15,2.9424,2.708,491,24,3.0387,2.2602
2026-03-24,1.5441,1.4,1.0,2.15,2.8171,2.6995,491,24,3.0387,2.2659
2026-03-25,1.5691,1.4,1.0,2.3,2.8905,2.7087,490,24,3.3002,2.2662
2026-03-26,1.5683,1.4,1.0,2.3,2.8488,2.6893,490,24,3.3002,2.2688
2026-03-27,1.5823,1.4,1.0,2.3375,2.9215,2.674,490,24,3.3002,2.2694
2026-03-30,1.5326,1.4,1.0,2.2875,2.8881,2.6732,490,24,3.3002,2.2731
2026-03-31,1.5407,1.4,1.0,2.2,2.9057,2.6866,490,24,3.3002,2.2743
2026-04-01,1.5504,1.35,1.0,2.15,2.7446,2.7161,490,18,2.9998,2.2742
2026-04-02,1.9406,1.5,1.1,3.0,3.3296,2.7101,490,27,4.1422,2.2458
2026-04-06,1.8003,1.5,1.1,2.5,2.9126,2.7045,490,19,3.1376,2.267
2026-04-07,1.8113,1.5,1.1,2.75,3.0258,2.6957,489,21,3.4763,2.2652
2026-04-08,1.9911,1.5,1.1,2.85,3.0311,2.7207,489,15,1.8018,2.267
2026-04-09,1.9765,1.5,1.05,2.85,3.0919,2.7144,489,18,2.3952,2.2658
2026-04-10,2.0369,1.6,1.1,3.1,3.3005,2.7195,489,25,3.3218,2.2577
2026-04-13,1.882,1.5,1.1,2.75,3.0406,2.7144,489,18,2.3952,2.2768
2026-04-14,1.8769,1.5,1.07,2.65,3.033,2.7142,489,17,2.2952,2.2796
2026-04-15,1.8309,1.5,1.0,2.5,2.9381,2.7295,489,14,1.6983,2.2878
2026-04-16,1.8087,1.45,1.0,2.2625,2.961,2.728,488,14,1.6998,2.2904
2026-04-17,1.8563,1.5,1.0375,2.2625,3.1519,2.7343,488,14,1.6888,2.2885
2026-04-20,1.9382,1.5,1.05,2.65,3.2895,2.7339,488,14,1.6888,2.2858
2026-04-22,1.8281,1.45,1.0,2.35,3.1184,2.7243,488,13,1.5026,2.2948
2026-04-23,1.7792,1.45,1.0,2.35,3.2944,2.7127,488,13,1.5026,2.2991
2026-04-24,1.7701,1.4,1.0,2.3125,3.565,2.7109,488,13,1.5026,2.3015
2026-04-27,1.8077,1.45,1.0,2.4625,4.3502,2.7038,488,13,1.5026,2.3018
2026-04-28,1.7372,1.4,0.95,2.2125,7.3598,2.7004,488,13,1.5026,2.307
2026-04-29,1.7184,1.4,0.95,2.2,20.6638,2.7047,486,13,1.548,2.3095
2026-04-30,1.6869,1.375,0.9,2.2,20.648,2.7056,486,14,1.6672,2.312
