data,Bioenergia,Consumo,Distribuidores,Educação,Energia,Financeiro,Imobiliário,Industrial,Insumos,Locação,Logística,Metais e Mineração,Outros,Papel e Celulose,Saneamento,Saúde,Securitizadora,Telecom,Transporte,Óleo e Gás
2017-08-01,0.35,1.024,,,0.942,0.354,1.178,,,0.923,0.789,,,,0.528,0.703,,0.535,1.195,
2017-08-02,0.35,1.018,,,0.923,0.353,1.178,,,0.921,0.789,,,,0.528,0.702,,0.533,1.185,
2017-08-03,0.35,0.992,,,0.934,0.351,1.178,,,0.917,0.789,,,,0.528,0.706,,0.53,1.262,
2017-08-04,0.35,0.979,,,0.921,0.349,1.178,,,0.918,0.789,,,,0.528,0.701,,0.532,1.154,
2017-08-07,0.35,0.971,,,0.936,0.345,1.178,,,0.921,0.789,,,,0.528,0.672,,0.534,1.284,
2017-08-08,0.35,0.97,,,0.916,0.335,1.17,,,0.921,0.714,,,,0.462,0.655,,0.554,1.266,
2017-08-09,0.35,0.992,,,0.91,0.337,1.217,,,0.925,0.714,,,,0.462,0.658,,0.558,1.28,
2017-08-10,0.35,1.002,,,0.916,0.338,1.194,,,0.928,0.714,,,,0.462,0.66,,0.563,1.302,
2017-08-11,0.35,0.998,,,0.923,0.338,1.194,,,0.926,0.714,,,,0.462,0.659,,0.561,1.263,
2017-08-14,0.388,0.976,,,0.923,0.332,1.194,,,0.977,0.714,,,,0.462,0.659,,0.561,1.317,
2017-08-15,0.388,0.997,,,0.928,0.332,1.194,,,0.976,0.714,,,,0.462,0.659,,0.561,1.317,
2017-08-16,0.388,0.996,,,0.921,0.331,1.217,,,0.985,0.714,,,,0.462,0.658,,0.602,1.346,
2017-08-17,0.388,1.011,,,0.931,0.34,1.217,,,0.96,0.714,,,,0.462,0.662,,0.61,1.331,
2017-08-18,0.388,1.001,,,0.929,0.335,1.217,,,0.956,0.714,,,,0.462,0.66,,0.605,1.331,
2017-08-21,0.388,1.01,,,0.916,0.339,1.194,,,0.95,0.714,,,,0.462,0.662,,0.61,1.472,
2017-08-22,0.381,1.007,,,0.93,0.335,1.194,,,0.957,0.709,,,,0.462,0.661,,0.609,1.421,
2017-08-23,0.388,0.996,,,0.907,0.333,1.194,,,0.952,0.714,,,,0.462,0.657,,0.603,1.564,
2017-08-24,0.378,0.966,,,0.917,0.334,1.19,,,0.948,0.709,,,,0.462,0.655,,0.595,1.467,
2017-08-25,0.4,0.966,,,0.924,0.333,1.19,,,0.947,0.709,,,,0.462,0.655,,0.595,1.467,
2017-08-28,0.4,0.966,,,0.924,0.333,1.194,,,0.947,0.709,,,,0.462,0.655,,0.595,1.544,
2017-08-29,0.4,0.965,,,0.921,0.33,1.194,,,0.91,0.709,,,,0.462,0.645,,0.595,1.45,
2017-08-30,0.4,0.962,,,0.922,0.332,1.217,,,0.891,0.709,,,,0.462,0.644,,0.593,1.44,
2017-08-31,0.381,0.954,,,0.922,0.331,1.194,,,0.871,0.709,,,,0.462,0.643,,0.547,1.547,
2017-09-01,0.381,0.957,,,0.924,0.329,1.193,,,0.892,0.709,,,,0.462,0.659,,0.468,1.545,
2017-09-04,0.381,0.956,,,0.923,0.329,1.193,,,0.892,0.709,,,,0.462,0.659,,0.467,1.545,
2017-09-05,0.381,0.944,,,0.919,0.328,1.193,,,0.888,0.709,,,,0.462,0.657,,0.462,1.545,
2017-09-06,0.381,0.932,,,0.916,0.324,1.193,,,0.88,0.709,,,,0.462,0.652,,0.456,1.545,
2017-09-08,0.45,0.98,,,0.916,0.324,1.193,,,0.931,0.726,,,,0.462,0.651,,0.458,1.55,
2017-09-11,0.381,0.971,,,0.917,0.326,1.193,,,0.95,0.709,,,,0.462,0.653,,0.462,1.55,
2017-09-12,0.381,0.974,,,0.917,0.325,1.193,,,0.951,0.709,,,,0.462,0.649,,0.463,1.552,
2017-09-13,0.381,0.972,,,0.916,0.325,1.193,,,0.951,0.709,,,,0.462,0.649,,0.463,1.552,
2017-09-14,0.381,0.915,,,0.926,0.323,1.17,,,0.946,0.709,,,,0.462,0.646,,0.503,1.571,
2017-09-15,0.381,0.968,,,0.91,0.32,1.17,,,0.91,0.709,,,,0.462,0.647,,0.461,1.474,
2017-09-18,0.381,0.964,,,0.913,0.319,1.17,,,0.938,0.709,,,,0.462,0.646,,0.46,1.552,
2017-09-19,0.381,0.958,,,0.912,0.302,1.17,,,0.935,0.709,,,,0.462,0.644,,0.457,1.552,
2017-09-20,0.381,0.89,,,0.908,0.303,1.123,,,0.869,0.709,,,,0.462,0.603,,0.451,1.545,
2017-09-21,0.381,0.908,,,0.924,0.303,1.123,,,0.864,0.709,,,,0.462,0.6,,0.524,1.535,
2017-09-22,0.381,0.908,,,0.906,0.314,1.123,,,0.864,0.709,,,,0.462,0.601,,0.447,1.545,
2017-09-25,0.381,0.919,,,0.908,0.305,1.123,,,0.869,0.709,,,,0.462,0.603,,0.452,1.545,
2017-09-26,0.381,0.911,,,0.906,0.304,1.123,,,0.854,0.709,,,,0.462,0.601,,0.448,1.545,
2017-09-27,0.381,0.919,,,0.908,0.305,1.123,,,0.858,0.709,,,,0.462,0.603,,0.452,1.545,
2017-09-28,0.381,0.918,,,0.911,0.305,1.123,,,0.857,0.709,,,,0.462,0.602,,0.451,1.545,
2017-09-29,0.4,0.913,,,0.908,0.315,1.123,,,0.855,0.726,,,,0.462,0.601,,0.449,1.545,
2017-10-02,0.381,0.912,,,0.835,0.313,1.124,,,0.851,0.709,,,,0.462,0.6,,0.448,1.647,
2017-10-03,0.381,0.92,,,0.856,0.314,1.124,,,0.868,0.709,,,,0.462,0.602,,0.53,1.659,
2017-10-04,0.381,0.923,,,0.842,0.308,1.124,,,0.87,0.709,,,,0.462,0.603,,0.452,1.645,
2017-10-05,0.381,0.935,,,0.838,0.317,1.124,,,0.876,0.709,,,,0.462,0.605,,0.458,1.645,
2017-10-06,0.381,0.927,,,0.837,0.311,1.124,,,0.872,0.709,,,,0.462,0.604,,0.454,1.645,
2017-10-09,0.381,0.934,,,0.838,0.317,1.124,,,0.875,0.711,,,,0.462,0.605,,0.458,1.65,
2017-10-10,0.4,0.928,,,0.837,0.31,1.124,,,0.872,0.711,,,,0.462,0.603,,0.455,1.65,
2017-10-11,0.381,0.927,,,0.836,0.315,1.124,,,0.872,0.711,,,,0.462,0.603,,0.455,1.65,
2017-10-13,0.4,0.927,,,0.846,0.315,1.124,,,0.871,0.726,,,,0.462,0.603,,0.455,1.65,
2017-10-16,0.381,0.933,,,0.848,0.298,1.124,,,0.874,0.711,,,,0.462,0.604,,0.454,1.65,
2017-10-17,0.381,0.964,,,0.847,0.297,1.124,,,0.862,0.711,,,,0.462,0.627,,0.451,1.65,
2017-10-18,0.381,0.962,,,0.847,0.297,1.124,,,0.861,0.711,,,,0.462,0.627,,0.45,1.65,
2017-10-19,0.381,1.0,,,0.846,0.291,1.124,,,0.868,0.711,,,,0.462,0.619,,0.447,1.618,
2017-10-20,0.4,0.971,,,0.859,0.292,1.124,,,0.87,0.651,,,,0.462,0.623,,0.455,1.618,
2017-10-23,0.381,0.975,,,0.859,0.306,1.124,,,0.872,0.636,,,,0.462,0.624,,0.457,1.597,
2017-10-24,0.381,0.979,,,0.86,0.307,1.124,,,0.874,0.636,,,,0.462,0.629,,0.459,1.597,
2017-10-25,0.381,0.974,,,0.859,0.306,1.124,,,0.871,0.636,,,,0.462,0.627,,0.457,1.461,
2017-10-26,0.381,0.998,,,0.864,0.297,1.124,,,0.884,0.636,,,,0.462,0.639,,0.467,1.477,
2017-10-27,0.4,0.995,,,0.864,0.309,1.124,,,0.881,0.651,,,,0.462,0.637,,0.465,1.555,
2017-10-30,0.381,1.004,,,0.864,0.296,1.124,,,0.885,0.636,,,,0.458,0.639,,0.469,1.46,
2017-10-31,0.381,1.003,,,0.863,0.295,1.124,,,0.884,0.636,,,,0.462,0.637,,0.469,1.438,
2017-11-01,0.4,0.94,,,0.914,0.288,1.124,1.4,,0.882,0.651,,,,0.462,0.66,,0.472,1.511,
2017-11-03,0.4,0.951,,,0.929,0.309,1.124,1.4,,0.889,0.651,,,,0.462,0.693,,0.521,1.484,
2017-11-06,0.395,0.942,,,0.913,0.299,1.124,1.4,,0.884,0.638,,,,0.462,0.662,,0.473,1.511,
2017-11-07,0.395,0.946,,,0.914,0.3,1.124,1.4,,0.887,0.638,,,,0.462,0.664,,0.476,1.511,
2017-11-08,0.395,0.94,,,0.913,0.298,1.124,1.4,,0.883,0.638,,,,0.462,0.66,,0.473,1.476,
2017-11-09,0.38,0.941,,,0.914,0.305,1.124,1.4,,0.884,0.643,,,,0.462,0.663,,0.473,1.428,
2017-11-10,0.38,0.951,,,0.916,0.307,1.124,1.4,,0.89,0.643,,,,0.462,0.667,,0.478,1.502,
2017-11-13,0.38,0.953,,,0.916,0.307,1.124,1.4,,0.891,0.643,,,,0.462,0.667,,0.48,1.437,
2017-11-14,0.38,0.959,,,0.924,0.307,1.101,1.4,,0.922,0.643,,,,0.462,0.669,,0.483,1.422,
2017-11-16,0.38,0.95,,,0.922,0.306,1.124,1.4,,0.916,0.643,,,,0.462,0.652,,0.478,1.502,
2017-11-17,0.38,0.941,,,0.92,0.304,1.11,1.4,,0.91,0.643,,,,0.462,0.648,,0.516,1.407,
2017-11-20,0.38,0.941,,,0.92,0.304,1.11,1.4,,0.91,0.643,,,,0.462,0.648,,0.516,1.407,
2017-11-21,0.38,0.937,,,0.919,0.303,1.115,1.4,,0.908,0.643,,,,0.462,0.646,,0.513,1.359,
2017-11-22,0.38,0.937,,,0.919,0.303,1.124,1.4,,0.908,0.643,,,,0.462,0.646,,0.513,1.36,
2017-11-23,0.38,0.955,,,0.917,0.301,1.061,1.4,,0.903,0.643,,,,0.462,0.642,,0.51,1.39,
2017-11-24,0.38,0.958,,,0.918,0.304,1.052,1.4,,0.905,0.643,,,,0.462,0.644,,0.512,1.39,
2017-11-27,0.38,0.958,,,0.918,0.304,1.03,1.4,,0.905,0.643,,,,0.462,0.642,,0.513,1.38,
2017-11-28,0.38,0.954,,,0.917,0.303,1.03,1.4,,0.883,0.643,,,,0.462,0.654,,0.51,1.426,
2017-11-29,0.38,0.966,,,0.906,0.306,1.03,1.4,,0.909,0.643,,,,0.462,0.659,,0.517,1.426,
2017-11-30,0.38,0.969,,,0.907,0.317,1.03,1.4,,0.913,0.643,,,,0.462,0.662,,0.519,1.426,
2017-12-01,0.38,0.965,,,2.463,0.343,0.875,1.4,,0.912,0.915,,,,0.424,0.633,,0.516,1.184,
2017-12-04,0.38,0.958,,,2.57,0.34,0.875,1.4,,0.907,0.915,,,,0.423,0.63,,0.512,1.184,
2017-12-05,0.38,0.953,,,2.137,0.339,0.875,1.4,,0.904,0.915,,,,0.423,0.628,,0.51,1.183,
2017-12-06,0.38,0.953,,,2.137,0.339,0.875,1.4,,0.904,0.915,,,,0.423,0.628,,0.51,1.165,
2017-12-07,0.38,0.961,,,2.354,0.341,0.875,1.4,,0.909,0.915,,,,0.423,0.631,,0.514,1.165,
2017-12-08,0.38,0.991,,,2.245,0.34,0.875,1.4,,0.91,0.915,,,,0.422,0.64,,0.513,1.165,
2017-12-11,0.38,0.96,,,2.246,0.341,0.875,1.4,,0.911,0.97,,,,0.422,0.63,,0.513,1.161,
2017-12-12,0.38,0.996,,,2.354,0.342,0.875,1.4,,0.913,0.97,,,,0.422,0.63,,0.516,1.119,
2017-12-13,0.38,0.982,,,1.931,0.34,0.875,1.4,,0.911,0.97,,,,0.421,0.628,,0.513,1.119,
2017-12-14,0.38,0.989,,,1.77,0.342,0.875,1.4,,0.915,0.97,,,,0.421,0.63,,0.517,1.106,
2017-12-15,0.38,0.984,,,1.715,0.34,0.875,1.4,,0.911,0.97,,,,0.421,0.638,,0.515,1.109,
2017-12-18,0.38,0.993,,,1.715,0.34,0.875,1.4,,0.911,0.97,,,,0.421,0.628,,0.515,1.093,
2017-12-19,0.38,0.997,,,1.822,0.341,0.875,1.4,,0.913,0.97,,,,0.421,0.628,,0.518,1.076,
2017-12-20,0.38,0.981,,,1.821,0.338,0.875,1.4,,0.907,0.97,,,,0.42,0.624,,0.513,1.062,
2017-12-21,0.38,0.98,,,1.821,0.338,0.875,1.4,,0.888,0.97,,,,0.421,0.625,,0.511,1.062,
2017-12-22,0.38,0.98,,,1.821,0.338,0.875,1.2,,0.888,0.97,,,,0.42,0.624,,0.511,1.049,
2017-12-26,0.38,0.972,,,1.819,0.336,0.875,1.2,,0.883,0.97,,,,0.42,0.632,,0.507,1.023,
2017-12-27,0.38,0.97,,,1.819,0.342,0.875,1.2,,0.882,0.97,,,,0.42,0.631,,0.506,1.003,
2017-12-28,0.38,0.967,,,1.848,0.341,0.875,1.2,,0.88,0.97,,,,0.42,0.63,,0.545,1.028,
2017-12-29,0.38,0.967,,,1.848,0.341,0.875,1.2,,0.88,0.97,,,,0.42,0.63,,0.545,1.028,
2018-01-02,0.38,1.042,,,1.196,0.399,0.898,,,1.053,0.95,,,,0.74,0.609,,0.498,0.941,
2018-01-03,0.38,1.039,,,1.194,0.398,0.898,,,1.051,0.95,,,,0.74,0.607,,0.497,0.926,
2018-01-04,0.38,1.037,,,1.193,0.398,0.898,,,1.037,0.944,,,,0.74,0.607,,0.496,0.911,
2018-01-05,0.38,1.044,,,1.196,0.4,0.898,,,1.04,0.944,,,,0.74,0.611,,0.518,0.912,
2018-01-08,0.38,1.04,,,1.231,0.4,0.912,,,1.039,0.944,,,,0.74,0.611,,0.517,0.912,
2018-01-09,0.4,1.01,,,1.218,0.389,0.875,,,0.922,0.944,,,,0.74,0.612,,0.519,0.912,
2018-01-10,0.4,1.012,,,1.221,0.39,0.875,,,0.923,0.944,,,,0.706,0.616,,0.52,0.913,
2018-01-11,0.4,1.043,,,1.211,0.39,0.875,,,0.922,0.944,,,,0.712,0.617,,0.518,0.913,
2018-01-12,0.4,1.044,,,1.213,0.39,0.875,,,0.923,0.944,,,,0.713,0.619,,0.518,0.913,
2018-01-15,0.4,1.041,,,1.211,0.389,0.875,,,0.921,0.944,,,,0.712,0.616,,0.517,0.908,
2018-01-16,0.4,1.009,,,1.206,0.364,0.851,,,0.923,0.944,,,,0.712,0.617,,0.518,0.908,
2018-01-17,0.4,1.011,,,1.2,0.391,0.835,,,0.923,0.944,,,,0.713,0.618,,0.519,0.908,
2018-01-18,0.4,1.015,,,1.195,0.392,0.835,,,0.925,0.944,,,,0.736,0.62,,0.541,0.915,
2018-01-19,0.4,1.014,,,1.195,0.391,0.835,,,0.924,0.944,,,,0.713,0.619,,0.52,0.908,
2018-01-22,0.4,1.014,,,1.195,0.391,0.835,,,0.929,0.944,,,,0.713,0.62,,0.52,0.909,
2018-01-23,0.257,1.02,,,1.196,0.372,0.833,,,0.96,0.944,,,,0.712,0.62,,0.523,0.909,
2018-01-24,0.35,0.997,,,1.19,0.368,0.835,,,0.963,0.944,,,,0.711,0.612,,0.536,0.913,
2018-01-25,0.35,0.997,,,1.19,0.368,0.835,,,0.963,0.944,,,,0.711,0.612,,0.536,0.913,
2018-01-26,0.35,0.993,,,1.175,0.366,0.835,,,0.955,0.944,,,,0.71,0.608,,0.511,0.9,
2018-01-29,0.35,1.033,,,1.173,0.368,0.828,,,1.019,0.944,,,,0.711,0.61,,0.513,0.899,
2018-01-30,0.3,1.035,,,1.185,0.368,0.835,,,1.021,0.944,,,,0.699,0.612,,0.534,0.9,
2018-01-31,0.35,1.036,,,1.132,0.368,0.814,,,1.047,0.944,,,,0.699,0.612,,0.535,0.9,
2018-02-01,0.3,1.189,,,1.177,0.354,0.861,,,1.055,0.8,,,,0.705,0.763,,0.532,1.154,0.664
2018-02-02,0.3,1.203,,,1.14,0.356,0.83,,,1.061,0.8,,,,0.706,0.772,,0.538,1.146,0.672
2018-02-05,0.3,1.206,,,1.141,0.35,0.83,,,1.062,0.8,,,,0.697,0.773,,0.539,1.146,0.677
2018-02-06,0.3,1.245,,,1.146,0.353,0.83,,,1.06,0.8,,,,0.706,0.771,,0.537,1.146,0.672
2018-02-07,0.3,1.24,,,1.144,0.339,0.83,,,1.059,0.8,,,,0.705,0.768,,0.535,1.146,0.67
2018-02-08,0.3,1.237,,,1.132,0.351,0.83,,,1.057,0.8,,,,0.681,0.766,,0.534,1.145,0.67
2018-02-09,0.3,1.244,,,1.13,0.352,0.822,,,1.059,0.8,,,,0.681,0.77,,0.537,1.145,0.675
2018-02-14,0.3,1.244,,,1.13,0.352,0.822,,,1.059,0.8,,,,0.681,0.77,,0.537,1.145,0.675
2018-02-15,0.3,1.219,,,1.1,0.345,0.818,,,1.051,0.8,,,,0.678,0.755,,0.528,1.141,0.664
2018-02-16,0.3,1.164,,,1.094,0.343,0.771,,,1.047,0.8,,,,0.677,0.83,,0.519,1.122,0.659
2018-02-19,0.3,1.165,,,1.093,0.34,0.798,,,1.047,0.8,,,,0.676,0.831,,0.519,1.119,0.661
2018-02-20,0.3,1.158,,,1.091,0.339,0.798,,,1.045,0.8,,,,0.675,0.825,,0.516,1.119,0.659
2018-02-21,0.3,1.152,,,1.088,0.338,0.798,,,1.043,0.8,,,,0.675,0.822,,0.514,1.119,0.657
2018-02-22,0.3,1.156,,,1.091,0.339,0.798,,,1.025,0.8,,,,0.675,0.825,,0.516,1.119,0.622
2018-02-23,0.3,1.151,,,1.089,0.338,0.798,,,1.023,0.8,,,,0.675,0.821,,0.514,1.119,0.652
2018-02-26,0.3,1.187,,,1.089,0.343,0.822,,,1.021,0.8,,,,0.675,0.899,,0.512,1.119,0.647
2018-02-27,0.3,1.148,,,1.089,0.337,0.798,,,1.04,0.8,,,,0.675,0.819,,0.513,1.096,0.65
2018-02-28,0.3,1.142,,,1.087,0.336,0.806,,,1.038,0.8,,,,0.674,0.814,,0.51,1.122,0.646
2018-03-01,0.3,1.171,,1.134,1.068,0.276,0.86,1.05,,1.116,1.3,,,,0.677,0.814,,0.511,1.079,0.646
2018-03-02,0.3,1.167,,1.134,1.08,0.276,0.856,1.05,,1.114,1.3,,,,0.675,0.806,,0.506,1.079,0.641
2018-03-05,0.3,1.165,,1.134,1.076,0.276,0.856,1.05,,1.111,1.3,,,,0.675,0.8,,0.503,1.079,0.636
2018-03-06,0.3,1.154,,1.146,1.075,0.276,0.856,1.05,,1.11,1.3,,,,0.674,0.799,,0.502,1.079,0.636
2018-03-07,0.3,1.154,,1.157,1.075,0.276,0.856,1.05,,1.087,1.3,,,,0.674,0.799,,0.502,1.077,0.637
2018-03-08,0.3,1.153,,1.157,1.071,0.276,0.856,1.05,,1.109,1.3,,,,0.673,0.796,,0.5,1.03,0.636
2018-03-09,0.3,1.143,,1.157,1.071,0.276,0.88,1.05,,1.109,1.3,,,,0.673,0.796,,0.5,1.04,0.637
2018-03-12,0.3,1.142,,1.162,1.07,0.276,0.88,1.05,,1.108,1.3,,,,0.673,0.794,,0.499,1.08,0.637
2018-03-13,0.3,1.14,,1.201,1.075,0.276,0.88,1.05,,1.106,1.3,,,,0.673,0.79,,0.497,1.085,0.674
2018-03-14,0.3,1.129,,1.289,1.07,0.264,0.88,1.05,,1.083,1.3,,,,0.674,0.794,,0.499,1.042,0.633
2018-03-15,0.3,1.106,,1.289,1.069,0.264,0.88,1.05,,1.084,1.3,,,,0.674,0.796,,0.5,1.082,0.634
2018-03-16,0.3,1.148,,1.577,1.07,0.264,0.977,1.05,,1.083,1.3,,,,0.674,0.792,,0.498,1.042,0.632
2018-03-19,0.3,1.048,,1.289,1.07,0.264,0.88,1.05,,1.083,1.3,,,,0.674,0.794,,0.499,1.003,0.633
2018-03-20,0.3,1.054,,1.333,1.07,0.264,0.88,1.05,,1.086,1.3,,,,0.675,0.8,,0.503,1.029,0.638
2018-03-21,0.3,1.062,,1.289,1.071,0.264,0.88,1.05,,1.084,1.3,,,,0.674,0.796,,0.5,1.028,0.574
2018-03-22,0.3,1.031,,1.367,1.051,0.264,0.887,1.05,,1.088,1.3,,,,0.851,0.759,,0.498,1.03,0.623
2018-03-23,0.3,1.055,,1.411,1.052,0.264,0.88,1.05,,1.084,1.3,,,,0.67,0.759,,0.491,1.024,0.626
2018-03-26,0.3,1.026,,1.411,1.046,0.264,0.877,1.0,,1.069,1.3,,,,0.659,0.749,,0.467,1.03,0.618
2018-03-27,0.3,1.027,,1.461,1.056,0.276,0.854,1.0,,1.11,1.3,,,,0.659,0.75,,0.468,1.038,0.62
2018-03-28,0.3,1.028,,1.472,1.055,0.276,0.854,1.0,,1.111,1.3,,,,0.659,0.753,,0.469,1.038,0.622
2018-03-29,0.3,1.027,,1.472,1.053,0.276,0.854,1.0,,1.109,1.3,,,,0.658,0.749,,0.467,1.038,0.619
2018-04-02,0.3,0.967,,1.472,1.293,0.37,0.812,1.0,,1.009,1.3,,,,0.58,0.727,,0.47,1.111,0.623
2018-04-03,0.3,0.969,,1.472,1.29,0.37,0.812,1.0,,1.012,1.3,,,,0.583,0.729,,0.491,1.112,0.628
2018-04-04,0.3,0.993,,1.472,1.294,0.37,0.812,1.0,,1.013,1.3,,,,0.583,0.739,,0.474,1.101,0.632
2018-04-05,0.3,0.989,,1.472,1.288,0.37,0.812,1.0,,1.002,1.3,,,,0.582,0.734,,0.469,1.113,0.625
2018-04-06,0.3,0.992,,1.472,1.279,0.371,0.812,0.9,,1.012,1.3,,,,0.583,0.737,,0.473,1.115,0.632
2018-04-09,0.3,0.994,,1.505,1.281,0.371,0.811,0.9,,1.013,1.3,,,,0.583,0.74,,0.475,1.115,0.634
2018-04-10,0.3,0.993,,1.505,1.263,0.371,0.812,0.9,,1.015,1.3,,,,0.583,0.74,,0.493,1.115,0.636
2018-04-11,0.3,0.983,,1.505,1.261,0.371,0.797,0.9,,1.011,1.3,,,,0.583,0.737,,0.491,1.116,0.632
2018-04-12,0.3,0.979,,1.505,1.258,0.37,0.797,0.85,,0.987,1.25,,,,0.574,0.712,,0.487,1.115,0.628
2018-04-13,0.3,0.979,,1.505,1.229,0.37,0.797,0.85,,0.979,1.25,,,,0.574,0.711,,0.487,1.116,0.632
2018-04-16,0.3,0.977,,1.505,1.238,0.37,0.797,0.8,,0.977,1.2,,,,0.574,0.709,,0.484,1.116,0.629
2018-04-17,0.3,0.975,,1.505,1.231,0.37,0.797,0.8,,0.975,1.25,,,,0.574,0.707,,0.482,1.122,0.625
2018-04-18,0.3,0.972,,1.505,1.206,0.37,0.796,0.75,,0.968,1.25,,,,0.573,0.692,,0.479,1.096,0.62
2018-04-19,0.3,0.975,,1.505,1.231,0.37,0.797,0.75,,0.973,1.25,,,,0.574,0.707,,0.482,1.122,0.623
2018-04-20,0.3,0.973,,1.505,1.227,0.37,0.793,0.75,,0.966,1.25,,,,0.573,0.704,,0.48,1.123,0.623
2018-04-23,0.3,0.975,,1.505,1.229,0.37,0.793,0.75,,0.966,1.25,,,,0.574,0.707,,0.483,1.123,0.629
2018-04-24,0.3,0.976,,1.184,1.206,0.37,0.786,0.75,,0.961,1.25,,,,0.574,0.7,,0.483,1.106,0.63
2018-04-25,0.3,0.986,,1.184,1.207,0.37,0.793,0.75,,0.966,1.25,,,,0.574,0.702,,0.485,1.107,0.632
2018-04-26,0.3,0.976,,1.118,1.185,0.37,0.793,0.75,,0.96,1.25,,,,0.574,0.699,,0.483,1.062,0.629
2018-04-27,0.3,0.974,,1.118,1.2,0.37,0.786,0.75,,0.957,1.25,,,,0.574,0.698,,0.481,1.084,0.625
2018-04-30,0.3,0.957,,1.118,1.158,0.37,0.771,0.75,,0.957,1.25,,,,0.574,0.698,,0.484,1.029,0.629
2018-05-02,0.3,1.019,,1.118,1.237,0.85,0.824,0.75,,1.04,1.25,,,,0.973,0.813,,0.486,1.057,
2018-05-03,0.3,1.045,,1.107,1.261,0.85,0.834,0.75,,1.042,1.25,,,,0.973,0.835,,0.489,1.09,
2018-05-04,0.3,1.045,,1.107,1.244,0.85,0.824,0.75,,1.039,1.25,,,,0.973,0.818,,0.489,1.08,
2018-05-07,0.3,1.05,,1.107,1.247,0.85,0.824,0.75,,1.048,1.25,,,,0.974,0.846,,0.495,1.021,
2018-05-08,0.3,1.056,,1.107,1.23,0.85,0.834,0.75,,1.038,1.25,,,,0.975,0.86,,0.501,1.037,
2018-05-09,0.3,1.072,,1.107,1.254,0.85,0.834,0.75,,1.052,1.25,,,,0.975,0.874,,0.509,1.038,
2018-05-10,0.3,1.029,,1.107,1.213,0.85,0.832,0.75,,1.044,1.2,,,,0.954,0.839,,0.5,1.022,
2018-05-11,0.3,1.033,,1.14,1.219,0.85,0.835,0.75,,1.048,1.2,,,,0.949,0.849,,0.52,1.023,
2018-05-14,0.3,1.038,,1.14,1.225,0.85,0.835,0.75,,1.052,1.2,,,,0.955,0.86,,0.525,1.024,
2018-05-15,0.3,1.037,,1.107,1.209,0.85,0.824,0.75,,1.01,1.2,,,,0.955,0.857,,0.511,1.023,
2018-05-16,0.3,1.037,,1.107,1.219,0.85,0.775,0.75,,1.013,1.2,,,,0.955,0.856,,0.51,1.023,
2018-05-17,0.3,1.045,,1.095,1.235,0.85,0.807,0.75,,1.022,1.2,,,,0.957,0.881,,0.521,1.024,
2018-05-18,0.3,1.055,,1.095,1.242,0.85,0.797,0.75,,1.025,1.2,,,,0.959,0.902,,0.534,1.026,
2018-05-21,0.3,1.05,,1.095,1.24,0.85,0.797,0.75,,1.019,1.2,,,,0.958,0.89,,0.527,1.025,
2018-05-22,0.3,1.045,,1.09,1.234,0.85,0.807,0.75,,1.015,1.2,,,,0.972,0.876,,0.521,1.023,
2018-05-23,0.3,1.042,,1.09,1.232,0.85,0.807,0.75,,1.016,1.2,,,,0.971,0.868,,0.516,1.022,
2018-05-24,0.3,1.07,,1.09,1.239,0.85,0.832,0.75,,1.022,1.2,,,,0.987,0.879,,0.522,1.023,
2018-05-25,0.3,1.073,,1.09,1.241,0.85,0.832,0.75,,1.026,1.2,,,,0.987,0.895,,0.526,1.024,
2018-05-28,0.25,1.076,,1.09,1.245,0.85,0.828,0.75,,1.011,1.2,,,,0.996,0.904,,0.529,1.024,
2018-05-29,0.25,1.081,,1.09,1.248,0.85,0.804,0.75,,1.016,1.2,,,,0.996,0.908,,0.536,1.025,
2018-05-30,0.25,1.078,,1.09,1.248,0.85,0.804,0.75,,1.001,1.2,,,,0.997,0.904,,0.532,1.025,
2018-06-01,0.25,1.075,,1.09,1.255,0.85,0.804,0.75,,1.091,1.2,,,,0.991,0.895,,0.528,1.661,
2018-06-04,0.25,1.073,,1.084,1.253,0.85,0.804,0.75,,1.09,1.2,,,,0.99,0.889,,0.526,1.667,
2018-06-05,0.25,1.085,,1.084,1.245,0.85,0.804,0.75,,1.099,1.2,,,,0.992,0.919,,0.541,1.66,
2018-06-06,0.25,1.082,,1.084,1.272,0.85,0.804,0.75,,1.105,1.2,,,,0.994,0.93,,0.55,1.676,
2018-06-07,0.25,1.104,,1.084,1.289,0.85,0.804,0.75,,1.121,1.2,,,,1.001,0.995,,0.579,1.687,
2018-06-08,0.25,1.096,,1.084,1.281,0.85,0.804,0.75,,1.114,1.2,,,,0.993,0.977,,0.568,1.679,
2018-06-11,0.25,1.099,,1.018,1.289,0.85,0.804,0.75,,1.115,1.2,,,,0.998,0.98,,0.572,1.681,
2018-06-12,0.25,1.103,,1.018,1.289,0.85,0.841,0.75,,1.117,1.2,,,,0.998,0.986,,0.577,1.683,
2018-06-13,0.25,1.11,,1.018,1.283,0.85,0.831,0.75,,1.123,1.2,,,,0.994,1.006,,0.586,1.681,
2018-06-14,0.25,1.127,,1.018,1.29,0.85,0.841,0.75,,1.136,1.2,,,,1.004,1.05,,0.607,1.698,
2018-06-15,0.25,1.112,,1.018,1.298,0.85,0.841,0.75,,1.125,1.2,,,,1.001,1.015,,0.588,1.685,
2018-06-18,0.25,1.104,,1.018,1.288,0.85,0.841,0.75,,1.119,1.2,,,,0.999,0.993,,0.579,1.684,
2018-06-19,0.25,1.096,,1.018,1.27,0.85,0.841,0.75,,1.113,1.2,,,,0.997,0.971,,0.568,1.679,
2018-06-20,0.25,1.1,,1.018,1.284,0.85,0.807,0.75,,1.115,1.2,,,,0.998,0.98,,0.572,1.681,
2018-06-21,0.25,1.112,,1.051,1.282,0.85,0.811,0.75,,1.112,1.2,,,,0.998,0.985,,0.576,1.701,
2018-06-22,0.25,1.112,,1.051,1.282,0.85,0.811,0.75,,1.112,1.2,,,,0.998,0.985,,0.576,1.701,
2018-06-25,0.25,1.104,,1.018,1.276,0.85,0.841,0.75,,1.107,1.2,,,,1.009,0.968,,0.566,1.678,
2018-06-26,0.25,1.098,,1.018,1.268,0.85,0.841,0.75,,1.103,1.2,,,,1.008,0.953,,0.558,1.656,
2018-06-27,0.25,1.105,,1.018,1.22,0.85,0.841,0.75,,1.103,1.2,,,,1.009,0.969,,0.566,1.656,
2018-06-28,0.25,1.097,,1.051,1.229,0.85,0.841,0.75,,1.101,1.2,,,,1.073,0.948,,0.556,1.673,
2018-06-29,0.25,1.095,,1.018,1.217,0.85,0.829,0.75,,1.096,1.2,,,,1.007,0.945,,0.554,1.652,
2018-07-02,0.25,1.161,,1.051,1.12,0.427,0.768,0.75,,1.062,,,2.7,,1.01,0.942,,0.8,1.625,
2018-07-03,0.25,1.151,,1.046,1.108,0.43,0.778,0.75,,1.063,,,2.7,,1.007,0.949,,0.8,1.604,
2018-07-04,0.25,1.154,,1.046,1.111,0.43,0.778,0.75,,1.046,,,2.7,,1.01,0.94,,0.8,1.603,
2018-07-05,0.25,1.154,,1.046,1.114,0.433,0.778,0.75,,1.041,,,2.7,,1.019,0.939,,0.8,1.605,
2018-07-06,0.25,1.161,,1.046,1.094,0.427,0.757,0.75,,1.035,,,2.7,,1.017,0.915,,0.8,1.6,
2018-07-09,0.25,1.161,,1.046,1.094,0.427,0.757,0.75,,1.035,,,2.7,,1.017,0.915,,0.8,1.6,
2018-07-10,0.25,1.155,,1.046,1.095,0.421,0.757,0.75,,1.03,,,2.7,,1.016,0.9,,0.8,1.581,
2018-07-11,0.25,1.142,,1.046,1.098,0.424,0.757,0.75,,1.033,,,2.7,,1.017,0.909,,0.8,1.583,
2018-07-12,0.25,1.164,,1.04,1.112,0.429,0.758,0.75,,1.038,,,2.7,,1.018,0.921,,0.8,1.582,
2018-07-13,0.25,1.149,,1.04,1.094,0.425,0.757,0.75,,1.034,,,2.7,,1.017,0.911,,0.8,1.576,
2018-07-16,0.25,1.145,,1.04,1.087,0.424,0.746,0.75,,1.034,,,2.7,,1.009,0.909,,0.8,1.57,
2018-07-17,0.25,1.142,,1.04,1.067,0.421,0.746,0.75,,1.031,,,2.7,,1.016,0.9,,0.8,1.555,
2018-07-18,0.25,1.137,,1.007,1.082,0.423,0.746,0.75,,1.031,,,2.7,,1.016,0.906,,0.8,1.555,
2018-07-19,0.25,1.158,,1.007,1.064,0.424,0.738,0.75,,1.019,,,2.7,,1.016,0.886,,0.8,1.554,
2018-07-20,0.25,1.14,,1.007,1.059,0.42,0.754,0.75,,1.016,,,2.7,,1.008,0.877,,0.8,1.552,
2018-07-23,0.25,1.142,,1.007,1.082,0.421,0.733,0.75,,1.017,,,2.7,,1.008,0.883,,0.8,1.552,
2018-07-24,0.25,1.129,,1.007,1.058,0.419,0.754,0.75,,1.015,,,2.7,,1.008,0.876,,0.8,1.537,
2018-07-25,0.25,1.124,,1.018,1.06,0.415,0.736,0.75,,1.033,,,2.7,,0.992,0.865,,0.8,1.531,
2018-07-26,0.25,1.125,,1.018,1.047,0.415,0.743,0.75,,1.033,,,2.7,,0.965,0.864,,0.8,1.532,
2018-07-27,0.25,1.126,,1.018,1.044,0.413,0.732,0.75,,1.033,,,2.7,,0.968,0.861,,0.8,1.531,
2018-07-30,0.25,1.121,,1.018,1.035,0.413,0.751,0.75,,1.033,,,2.55,,0.977,0.861,,0.8,1.532,
2018-07-31,0.25,1.124,,1.018,1.034,0.414,0.742,0.75,,1.033,,,2.7,,0.965,0.862,,0.85,1.522,
2018-08-01,0.25,1.124,,1.05,1.012,0.373,0.742,0.75,,0.991,,,2.7,,0.973,0.812,,0.85,1.503,
2018-08-02,0.25,1.124,,1.05,1.015,0.373,0.742,0.75,,0.991,,,2.7,,0.973,0.812,,0.85,1.495,
2018-08-03,0.25,1.131,,1.05,1.01,0.373,0.742,0.75,,0.991,,,2.7,,0.966,0.812,,0.85,1.502,
2018-08-06,0.25,1.129,,1.05,1.009,0.373,0.742,0.75,,0.991,,,2.7,,0.966,0.8,,0.85,1.527,
2018-08-07,0.25,1.129,,1.05,0.999,0.373,0.742,0.75,,0.986,,,2.7,,0.966,0.8,,0.85,1.57,
2018-08-08,0.25,1.129,,1.05,0.999,0.373,0.742,0.75,,0.975,,,2.7,,0.966,0.8,,0.85,1.561,
2018-08-09,0.25,1.129,,1.05,0.988,0.373,0.742,0.75,,0.978,,,2.35,,0.966,0.8,,0.85,1.541,
2018-08-10,0.25,1.129,,1.05,0.984,0.373,0.742,0.75,,0.977,,,2.38,,0.966,0.8,,0.85,1.556,
2018-08-13,0.25,1.129,,1.05,0.988,0.373,0.742,0.75,,0.974,,,2.7,,0.966,0.793,,0.85,1.553,
2018-08-14,0.25,1.128,,1.05,0.984,0.373,0.739,0.75,,0.974,,,2.7,,0.966,0.8,,0.85,1.552,
2018-08-15,0.25,1.128,,1.05,0.987,0.373,0.739,0.75,,0.967,,,2.7,,0.951,0.8,,0.85,1.562,
2018-08-16,0.25,1.128,,1.05,0.987,0.373,0.739,0.75,,0.967,,,2.7,,0.951,0.8,,0.85,1.568,
2018-08-17,0.25,1.128,,1.05,0.987,0.373,0.739,0.75,,0.967,,,2.7,,0.951,0.8,,0.85,1.568,
2018-08-20,0.25,1.128,,1.05,0.983,0.373,0.739,0.65,,0.96,,,2.3,,0.932,0.8,,0.85,1.566,
2018-08-21,0.25,1.12,,1.0,0.986,0.373,0.735,0.65,,0.967,,,2.3,,0.951,0.817,,0.85,1.569,
2018-08-22,0.25,1.107,,1.0,0.983,0.373,0.735,0.65,,0.96,,,2.35,,0.927,0.817,,0.85,1.569,
2018-08-23,0.25,1.128,,1.0,0.986,0.373,0.735,0.65,,0.961,,,2.33,,0.943,0.817,,0.85,1.569,
2018-08-24,0.25,1.119,,1.0,0.986,0.373,0.732,0.65,,0.966,,,2.7,,0.938,0.817,,0.85,1.569,
2018-08-27,0.25,1.119,,1.0,0.986,0.373,0.732,0.65,,0.966,,,2.28,,0.951,0.817,,0.85,1.569,
2018-08-28,0.25,1.114,,1.0,0.958,0.373,0.732,0.6,,0.955,,,2.4,,0.951,0.817,,0.85,1.568,
2018-08-29,0.25,1.119,,1.0,0.969,0.373,0.732,0.6,,0.955,,,2.4,,0.937,0.817,,0.85,1.56,
2018-08-30,0.25,1.113,,1.0,0.973,0.373,0.732,0.6,,0.955,,,2.4,,0.928,0.783,,0.85,1.571,
2018-08-31,0.25,1.118,,1.0,0.971,0.373,0.727,0.6,,0.95,,,2.4,,0.935,0.783,,0.85,1.548,
2018-09-03,0.25,1.11,,1.088,0.966,0.309,0.734,1.123,,0.999,0.555,,1.999,,0.993,0.718,,0.85,1.531,1.181
2018-09-04,0.25,1.11,,1.088,0.965,0.308,0.739,1.123,,0.999,0.555,,1.999,,0.993,0.718,,0.85,1.531,1.161
2018-09-05,0.25,1.11,,1.088,0.963,0.308,0.739,1.085,,0.999,0.555,,1.911,,0.97,0.718,,0.85,1.531,1.161
2018-09-06,0.25,1.11,,1.088,0.966,0.308,0.739,1.085,,0.999,0.555,,1.999,,0.984,0.718,,0.85,1.533,1.161
2018-09-10,0.25,1.103,,1.088,0.957,0.308,0.739,1.085,,1.002,0.555,,1.999,,0.984,0.711,,0.85,1.502,1.101
2018-09-11,0.25,1.099,,1.088,0.955,0.308,0.719,1.085,,1.002,0.555,,1.999,,0.953,0.711,,0.85,1.477,1.101
2018-09-12,0.25,1.099,,1.088,0.952,0.308,0.725,1.085,,1.002,0.555,,1.999,,0.953,0.711,,0.85,1.513,1.101
2018-09-13,0.25,1.099,,1.088,0.95,0.308,0.739,1.085,,1.002,0.555,,1.999,,0.953,0.706,,0.85,1.498,1.101
2018-09-14,0.25,1.099,,1.088,0.941,0.308,0.739,1.085,,1.002,0.555,,1.999,,0.949,0.706,,0.85,1.513,1.101
2018-09-17,0.25,1.103,,1.088,0.95,0.308,0.739,1.085,,1.002,0.555,,1.999,,0.953,0.711,,0.85,1.513,1.101
2018-09-18,0.25,1.103,,1.088,0.947,0.308,0.739,1.085,,0.987,0.555,,1.999,,0.953,0.711,,0.8,1.513,1.101
2018-09-19,0.25,1.033,,1.088,0.92,0.308,0.739,1.085,,0.994,0.555,,1.999,,0.936,0.711,,0.8,1.495,1.101
2018-09-20,0.25,1.062,,1.088,0.947,0.308,0.734,1.085,,0.979,0.555,,1.999,,0.936,0.711,,0.83,1.513,1.101
2018-09-21,0.25,1.053,,1.088,0.947,0.308,0.739,1.085,,0.97,0.555,,1.999,,0.936,0.711,,0.8,1.512,1.101
2018-09-24,0.25,1.048,,1.088,0.947,0.308,0.739,1.085,,0.963,0.555,,1.999,,0.932,0.711,,0.8,1.494,1.101
2018-09-25,0.25,1.048,,1.088,0.951,0.308,0.739,1.048,,0.963,0.555,,1.999,,0.936,0.711,,0.8,1.512,1.101
2018-09-26,0.25,1.048,,1.088,0.948,0.308,0.739,1.048,,0.963,0.555,,1.999,,0.925,0.711,,0.8,1.59,1.101
2018-09-27,0.25,1.044,,1.088,0.948,0.308,0.739,1.048,,0.963,0.555,,1.999,,0.934,0.711,,0.8,1.673,1.101
2018-09-28,0.25,1.044,,1.088,0.943,0.3,0.739,1.048,,0.963,0.555,,1.94,,0.927,0.712,,0.8,1.532,1.041
2018-10-01,,1.096,,1.006,0.909,0.297,0.738,1.044,,1.03,0.8,,1.786,,0.906,0.709,,0.916,1.614,1.042
2018-10-02,,1.1,,1.006,0.909,0.297,0.738,1.044,,1.03,0.8,,1.786,,0.906,0.709,,0.916,1.637,1.042
2018-10-03,,1.1,,1.006,0.909,0.297,0.738,1.022,,1.043,0.8,,1.786,,0.898,0.709,,0.916,1.65,1.042
2018-10-04,,1.1,,1.006,0.905,0.297,0.738,1.044,,1.043,0.8,,1.786,,0.906,0.709,,0.916,1.652,1.042
2018-10-05,,1.117,,1.041,0.899,0.297,0.738,1.044,,1.048,0.8,,1.786,,0.92,0.705,,0.916,1.674,1.042
2018-10-08,,1.1,,1.006,0.901,0.297,0.738,1.044,,1.039,0.8,,1.786,,0.898,0.705,,0.916,1.651,1.042
2018-10-09,,1.1,,1.006,0.898,0.297,0.738,1.029,,1.043,0.8,,1.786,,0.898,0.705,,0.916,1.651,1.001
2018-10-10,,1.1,,1.006,0.899,0.297,0.738,1.044,,1.037,0.8,,1.707,,0.906,0.705,,0.916,1.651,1.001
2018-10-11,,1.1,,1.006,0.899,0.297,0.738,1.044,,1.037,0.8,,1.707,,0.906,0.705,,0.916,1.651,1.001
2018-10-15,,1.1,,1.006,0.901,0.297,0.734,1.029,,1.043,0.8,,1.786,,0.895,0.701,,0.877,1.651,1.001
2018-10-16,,1.097,,1.006,0.899,0.293,0.724,1.044,,1.043,0.8,,1.786,,0.906,0.696,,0.877,1.636,1.001
2018-10-17,,1.084,,1.006,0.895,0.297,0.734,1.007,,1.039,0.8,,1.786,,0.889,0.696,,0.877,1.651,1.001
2018-10-18,,1.067,,1.006,0.886,0.297,0.731,0.97,,1.026,0.8,,1.786,,0.883,0.696,,0.839,1.636,1.001
2018-10-19,,1.067,,1.006,0.89,0.297,0.731,0.955,,1.023,0.8,,1.786,,0.883,0.696,,0.877,1.651,0.969
2018-10-22,,1.034,,1.003,0.883,0.297,0.731,0.97,,0.999,0.8,,1.786,,0.891,0.689,,0.877,1.652,0.961
2018-10-23,,1.067,,1.003,0.861,0.297,0.725,0.97,,0.999,0.8,,1.746,,0.875,0.685,,0.877,1.633,0.961
2018-10-24,,1.063,,1.003,0.86,0.297,0.721,0.97,,0.999,0.8,,1.746,,0.859,0.681,,0.877,1.633,0.961
2018-10-25,,1.056,,1.003,0.859,0.297,0.721,0.97,,0.975,0.8,,1.746,,0.875,0.681,,0.877,1.633,0.961
2018-10-26,,1.056,,1.003,0.86,0.297,0.721,0.97,,0.975,0.8,,1.746,,0.875,0.681,,0.877,1.633,0.961
2018-10-29,,1.06,,0.953,0.85,0.297,0.699,0.97,,0.969,0.8,,1.707,,0.861,0.679,,0.839,1.63,0.961
2018-10-30,,1.06,,0.953,0.85,0.297,0.699,0.97,,0.969,0.8,,1.707,,0.861,0.679,,0.831,1.63,0.961
2018-10-31,,1.063,,1.029,0.845,0.297,0.681,0.97,,0.972,0.8,,1.707,,0.875,0.677,,0.831,1.65,0.961
2018-11-01,,1.062,,0.953,0.844,0.347,0.727,0.937,,0.994,0.8,,1.707,,0.897,0.673,,0.839,1.838,0.59
2018-11-05,,1.062,,0.953,0.833,0.347,0.727,0.974,,1.001,0.8,,1.707,,0.897,0.673,,0.785,1.815,0.59
2018-11-06,,1.048,,0.947,0.831,0.347,0.727,0.974,,1.001,0.8,,1.707,,0.897,0.673,,0.839,1.815,0.59
2018-11-07,,1.058,,0.947,0.809,0.347,0.727,0.974,,0.998,0.8,,1.707,,0.897,0.673,,0.831,1.79,0.59
2018-11-08,,1.058,,0.944,0.82,0.347,0.727,0.974,,1.0,0.8,,1.707,,0.897,0.673,,0.839,1.801,0.59
2018-11-09,,1.054,,0.944,0.819,0.347,0.727,0.917,,0.989,0.8,,1.707,,0.884,0.673,,0.839,1.79,0.59
2018-11-12,,1.054,,0.944,0.819,0.347,0.729,0.974,,0.993,0.8,,1.707,,0.915,0.673,,0.839,1.791,0.571
2018-11-13,,1.054,,0.944,0.809,0.347,0.729,0.885,,0.991,0.8,,1.707,,0.904,0.666,,0.839,1.745,0.571
2018-11-14,,1.054,,0.944,0.817,0.347,0.729,0.974,,0.988,0.8,,1.707,,1.002,0.673,,0.839,1.765,0.571
2018-11-16,,1.054,,1.02,0.792,0.347,0.719,0.974,,0.987,0.8,,1.707,,0.95,0.669,,0.839,1.76,0.571
2018-11-19,,1.061,,1.02,0.824,0.347,0.729,0.974,,1.004,0.8,,1.707,,0.984,0.676,,0.839,1.787,0.629
2018-11-20,,1.061,,1.02,0.824,0.347,0.729,0.974,,1.004,0.8,,1.707,,0.984,0.676,,0.839,1.787,0.629
2018-11-21,,1.054,,1.02,0.805,0.347,0.729,0.974,,0.991,0.8,,1.707,,0.969,0.673,,0.839,1.751,0.571
2018-11-22,,1.061,,0.985,0.816,0.347,0.729,0.974,,0.991,0.8,,1.707,,1.002,0.676,,0.839,1.789,0.629
2018-11-23,,1.054,,0.985,0.798,0.347,0.727,0.974,,0.99,0.8,,1.707,,0.986,0.673,,0.839,1.742,0.571
2018-11-26,,1.04,,0.985,0.8,0.347,0.718,0.974,,0.996,0.8,,1.707,,0.986,0.666,,0.839,1.691,0.571
2018-11-27,,1.04,,0.985,0.79,0.347,0.718,0.974,,0.992,0.8,,1.707,,0.986,0.671,,0.839,1.74,0.567
2018-11-28,,1.04,,0.985,0.807,0.347,0.718,0.922,,0.997,0.8,,1.707,,1.002,0.676,,0.839,1.689,0.571
2018-11-29,,1.005,,0.827,0.791,0.347,0.718,0.974,,0.985,0.8,,1.707,,0.986,0.671,,0.827,1.662,0.571
2018-11-30,,0.998,,0.827,0.79,0.347,0.718,0.899,,0.985,0.8,,1.707,,0.986,0.671,,0.816,1.727,0.571
2018-12-03,,1.01,,0.827,0.817,0.432,0.717,0.9,,1.069,0.8,,1.707,,0.994,0.676,,0.816,1.738,0.571
2018-12-04,,1.01,,0.827,0.82,0.436,0.717,0.9,,1.072,0.8,,1.707,,0.978,0.676,,0.816,1.69,0.571
2018-12-05,,0.97,,0.874,0.817,0.436,0.717,0.9,,1.048,0.8,,1.707,,0.945,0.676,,0.839,1.619,0.552
2018-12-06,,0.953,,0.827,0.796,0.436,0.717,0.862,,1.038,0.8,,1.707,,0.978,0.658,,0.789,1.632,0.552
2018-12-07,,0.944,,0.827,0.806,0.436,0.717,0.862,,1.032,0.8,,1.707,,0.962,0.667,,0.789,1.632,0.552
2018-12-10,,0.933,,0.827,0.799,0.431,0.717,0.862,,1.029,0.8,,1.707,,0.962,0.671,,0.789,1.628,0.552
2018-12-11,,0.936,,0.788,0.792,0.436,0.717,0.84,,1.023,0.8,,1.707,,0.962,0.665,,0.789,1.626,0.552
2018-12-12,,0.938,,0.798,0.786,0.426,0.717,0.825,,1.023,0.8,,1.707,,0.962,0.665,,0.789,1.626,0.552
2018-12-13,,0.938,,0.798,0.794,0.436,0.717,0.84,,1.036,0.8,,1.707,,0.962,0.671,,0.789,1.626,0.552
2018-12-14,,0.938,,0.792,0.792,0.436,0.717,0.9,,1.031,0.8,,1.707,,0.945,0.665,,0.789,1.626,0.552
2018-12-17,,0.937,,0.792,0.792,0.436,0.717,0.9,,1.032,0.8,,1.707,,0.962,0.667,,0.789,1.63,0.552
2018-12-18,,0.97,,0.856,0.802,0.436,0.717,0.9,,1.033,0.8,,1.707,,0.962,0.672,,0.8,1.637,0.54
2018-12-19,,0.949,,0.792,0.781,0.426,0.717,0.862,,1.027,0.8,,1.707,,0.962,0.667,,0.789,1.609,0.54
2018-12-20,,0.985,,0.751,0.802,0.436,0.717,0.862,,1.03,0.8,,1.707,,0.962,0.672,,0.8,1.637,0.54
2018-12-21,,0.96,,0.751,0.781,0.436,0.717,0.9,,1.02,0.8,,1.707,,0.945,0.635,,0.789,1.599,0.552
2018-12-24,,0.96,,0.751,0.781,0.436,0.717,0.9,,1.02,0.8,,1.707,,0.945,0.635,,0.789,1.599,0.552
2018-12-26,,0.96,,0.751,0.779,0.436,0.717,0.9,,1.022,0.8,,1.707,,0.978,0.635,,0.789,1.599,0.54
2018-12-27,,0.973,,0.751,0.801,0.422,0.717,0.9,,1.021,0.8,,1.707,,0.962,0.64,,0.8,1.637,0.54
2018-12-28,,0.973,,0.751,0.801,0.436,0.717,0.9,,1.021,0.8,,1.942,,0.962,0.64,,0.8,1.637,0.54
2018-12-31,,0.973,,0.751,0.801,0.436,0.717,0.9,,1.021,0.8,,1.942,,0.962,0.64,,0.8,1.637,0.54
2019-01-02,,0.933,,0.729,0.841,0.338,0.669,0.6,,0.951,0.599,,1.694,,0.671,0.586,,0.8,1.582,0.505
2019-01-03,,0.921,,0.729,0.816,0.331,0.669,0.6,,0.946,0.6,,1.774,,0.662,0.587,,0.75,1.52,0.506
2019-01-04,,0.922,,0.729,0.816,0.332,0.669,0.6,,0.952,0.602,,1.783,,0.673,0.59,,0.75,1.516,0.507
2019-01-07,,0.926,,0.729,0.814,0.336,0.67,0.6,,0.955,0.608,,1.787,,0.676,0.597,,0.75,1.545,0.512
2019-01-08,,0.921,,0.729,0.813,0.336,0.632,0.6,,0.947,0.605,,1.8,,0.674,0.587,,0.75,1.545,0.509
2019-01-09,,0.92,,0.729,0.812,0.335,0.632,0.6,,0.945,0.604,,1.759,,0.66,0.587,,0.75,1.545,0.508
2019-01-10,,0.935,,0.729,0.837,0.338,0.67,0.6,,0.949,0.609,,1.815,,0.669,0.593,,0.8,1.584,0.506
2019-01-11,,0.935,,0.729,0.834,0.334,0.67,0.6,,0.949,0.608,,1.811,,0.663,0.592,,0.8,1.584,0.505
2019-01-14,,0.9,,0.729,0.804,0.336,0.651,0.6,,0.941,0.605,,1.799,,0.672,0.587,,0.75,1.635,0.509
2019-01-15,,0.903,,0.729,0.805,0.337,0.652,0.6,,0.943,0.61,,1.809,,0.655,0.592,,0.75,1.635,0.513
2019-01-16,,0.904,,0.729,0.808,0.337,0.652,0.6,,0.956,0.61,,1.809,,0.655,0.588,,0.75,1.635,0.513
2019-01-17,,0.906,,0.729,0.805,0.336,0.652,0.6,,0.955,0.608,,1.784,,0.673,0.585,,0.75,1.634,0.512
2019-01-18,,0.904,,0.729,0.805,0.331,0.652,0.6,,0.954,0.606,,1.795,,0.661,0.583,,0.75,1.634,0.51
2019-01-21,,0.897,,0.729,0.807,0.334,0.652,0.6,,0.971,0.606,,1.794,,0.648,0.583,,0.75,1.634,0.51
2019-01-22,,0.87,,0.729,0.802,0.331,0.65,0.6,,0.967,0.597,,1.776,,0.65,0.568,,0.75,1.633,0.498
2019-01-23,,0.859,,0.729,0.801,0.326,0.649,0.6,,0.966,0.595,,1.756,,0.641,0.562,,0.75,1.633,0.501
2019-01-24,,0.884,,0.729,0.802,0.326,0.65,0.6,,0.971,0.592,,1.742,,0.631,0.565,,0.8,1.734,0.504
2019-01-25,,0.908,,0.729,0.82,0.352,0.66,0.6,,0.988,0.653,,1.497,,0.663,0.62,,0.75,1.634,0.54
2019-01-28,,0.894,,0.729,0.828,0.328,0.651,0.6,,0.972,0.592,,1.766,,0.643,0.565,,0.8,1.734,0.504
2019-01-29,,0.869,,0.729,0.812,0.318,0.645,0.6,,0.964,0.592,,1.752,,0.629,0.56,,0.8,1.734,0.495
2019-01-30,,0.872,,0.729,0.822,0.321,0.646,0.6,,0.966,0.597,,1.757,,0.642,0.563,,0.8,1.734,0.503
2019-01-31,,0.863,,0.729,0.824,0.326,0.644,0.6,,0.98,0.585,,1.734,,0.658,0.553,,0.8,1.733,0.43
2019-02-01,,0.88,,0.823,0.786,0.321,0.652,,,0.951,,,1.725,,0.617,0.617,,0.8,1.542,0.421
2019-02-04,,0.881,,0.886,0.774,0.315,0.652,,,0.952,,,1.729,,0.629,0.619,,0.8,1.521,0.422
2019-02-05,,0.882,,0.886,0.78,0.316,0.652,,,0.957,,,1.732,,0.637,0.621,,0.8,1.534,0.423
2019-02-06,,0.864,,0.855,0.757,0.322,0.65,,,0.949,,,1.731,,0.621,0.623,,0.75,1.467,0.374
2019-02-07,,0.864,,0.855,0.753,0.327,0.651,,,0.956,,,1.755,,0.623,0.631,,0.75,1.471,0.429
2019-02-08,,0.865,,0.855,0.756,0.331,0.652,,,0.958,,,1.755,,0.62,0.64,,0.75,1.47,0.399
2019-02-11,,0.865,,0.855,0.757,0.33,0.652,,,0.954,,,1.772,,0.644,0.638,,0.75,1.471,0.434
2019-02-12,,0.861,,0.855,0.738,0.317,0.642,,,0.95,,,1.76,,0.612,0.633,,0.75,1.46,0.394
2019-02-13,,0.886,,0.886,0.787,0.314,0.642,,,0.964,,,1.744,,0.638,0.588,,0.8,1.523,0.427
2019-02-14,,0.848,,0.855,0.747,0.316,0.644,,,0.946,,,1.734,,0.617,0.585,,0.75,1.456,0.425
2019-02-15,,0.844,,0.855,0.745,0.314,0.643,,,0.943,,,1.722,,0.612,0.579,,0.75,1.45,0.42
2019-02-18,,0.849,,0.863,0.744,0.316,0.644,,,0.946,,,1.721,,0.607,0.585,,0.65,1.455,0.425
2019-02-19,,0.844,,0.846,0.747,0.315,0.643,,,0.949,,,1.679,,0.636,0.582,,0.65,1.455,0.422
2019-02-20,,0.852,,0.863,0.742,0.318,0.645,,,0.953,,,1.743,,0.634,0.589,,0.65,1.449,0.428
2019-02-21,,0.844,,0.863,0.738,0.318,0.645,,,0.946,,,1.708,,0.633,0.589,,0.65,1.45,0.427
2019-02-22,,0.828,,0.863,0.729,0.314,0.641,,,0.92,,,1.729,,0.593,0.576,,0.6,1.449,0.389
2019-02-25,,0.83,,0.863,0.726,0.317,0.642,,,0.921,,,1.735,,0.594,0.576,,0.6,1.45,0.39
2019-02-26,,0.838,,0.863,0.726,0.32,0.642,,,0.927,,,1.691,,0.626,0.576,,0.65,1.442,0.395
2019-02-27,,0.831,,0.863,0.732,0.318,0.642,,,0.926,,,1.734,,0.625,0.572,,0.65,1.434,0.392
2019-02-28,,0.825,,0.871,0.723,0.321,0.642,,,0.927,,,1.746,,0.635,0.576,,0.6,1.44,0.377
2019-03-01,,0.759,,0.87,0.958,0.289,0.666,,,0.917,,,1.735,,0.701,0.598,,0.6,1.51,0.38
2019-03-06,,0.732,,0.87,0.87,0.32,0.691,,,0.867,,,1.751,,0.698,0.596,,0.6,1.511,0.37
2019-03-07,,0.765,,0.87,0.965,0.32,0.695,,,0.919,,,1.753,,0.706,0.602,,0.6,1.513,0.382
2019-03-08,,0.753,,0.809,0.958,0.315,0.694,,,0.915,,,1.743,,0.69,0.597,,0.6,1.513,0.379
2019-03-11,,0.75,,0.87,0.951,0.313,0.693,,,0.912,,,1.704,,0.702,0.59,,0.6,1.512,0.375
2019-03-12,,0.752,,0.87,0.961,0.309,0.692,,,0.921,,,1.724,,0.711,0.586,,0.6,1.629,0.373
2019-03-13,,0.745,,0.87,0.958,0.311,0.663,,,0.917,,,1.705,,0.708,0.578,,0.6,1.628,0.369
2019-03-14,,0.746,,0.832,0.937,0.313,0.658,,,0.911,,,1.691,,0.71,0.584,,0.6,1.512,0.372
2019-03-15,,0.75,,0.832,0.936,0.288,0.663,,,0.908,,,1.715,,0.72,0.583,,0.6,1.508,0.372
2019-03-18,,0.745,,0.832,0.934,0.287,0.663,,,0.906,,,1.707,,0.705,0.579,,0.6,1.511,0.369
2019-03-19,,0.734,,0.832,0.934,0.287,0.663,,,0.904,,,2.1,,0.704,0.577,,0.6,1.505,0.368
2019-03-20,,0.725,,0.832,0.93,0.285,0.657,,,0.895,,,2.1,,0.703,0.573,,0.6,1.504,0.365
2019-03-21,,0.731,,0.832,0.929,0.283,0.658,,,0.876,,,2.1,,0.704,0.569,,0.6,1.505,0.367
2019-03-22,,0.746,,0.832,0.955,0.29,0.661,,,0.891,,,2.1,,0.725,0.591,,0.6,1.487,0.38
2019-03-25,,0.743,,0.832,0.946,0.315,0.66,,,0.888,,,2.1,,0.722,0.583,,0.6,1.487,0.375
2019-03-26,,0.716,,0.832,0.951,0.292,0.661,,,0.87,,,2.1,,0.723,0.587,,0.6,1.506,0.377
2019-03-27,,0.749,,0.828,0.961,0.357,0.663,,,0.891,,,2.1,,0.728,0.601,,0.6,1.509,0.386
2019-03-28,,0.736,,0.828,0.951,0.293,0.656,,,0.882,,,2.1,,0.749,0.587,,0.6,1.53,0.377
2019-03-29,,0.748,,0.828,0.955,0.293,0.66,,,0.882,,,2.1,,0.739,0.581,,0.65,1.523,0.377
2019-04-01,,0.707,,0.817,0.956,0.281,0.701,0.85,,0.878,,,2.1,,0.757,0.523,,0.678,1.487,0.372
2019-04-02,,0.709,,0.821,0.975,0.288,0.701,0.85,,0.882,,,2.1,,0.744,0.522,,0.678,1.556,0.372
2019-04-03,,0.705,,0.817,0.958,0.29,0.702,0.85,,0.881,,,2.1,,0.767,0.525,,0.678,1.48,0.372
2019-04-04,,0.71,,0.817,0.95,0.289,0.701,0.85,,0.88,,,2.1,,0.766,0.525,,0.678,1.487,0.371
2019-04-05,,0.709,,0.817,0.95,0.288,0.697,0.85,,0.879,,,2.1,,0.753,0.523,,0.678,1.481,0.37
2019-04-08,,0.711,,0.828,0.954,0.289,0.698,0.85,,0.777,,,2.1,,0.752,0.541,,0.678,1.539,0.372
2019-04-09,,0.713,,0.817,0.957,0.284,0.695,0.85,,0.778,,,2.1,,0.768,0.544,,0.678,1.498,0.374
2019-04-10,,0.71,,0.828,0.954,0.289,0.694,0.85,,0.77,,,2.1,,0.754,0.541,,0.678,1.472,0.371
2019-04-11,,0.704,,0.787,0.96,0.291,0.694,0.85,,0.772,,,2.1,,0.768,0.545,,0.678,1.472,0.374
2019-04-12,,0.711,,0.787,0.961,0.291,0.694,0.85,,0.774,,,2.1,,0.769,0.546,,0.716,1.472,0.375
2019-04-15,,0.715,,0.807,0.977,0.29,0.694,0.85,,0.776,,,2.1,,0.767,0.53,,0.716,1.554,0.373
2019-04-16,,0.67,,0.807,0.981,0.289,0.694,0.85,,0.777,,,2.1,,0.768,0.518,,0.716,1.554,0.374
2019-04-17,,0.699,,0.787,0.96,0.29,0.694,0.7,,0.779,,,2.1,,0.769,0.527,,0.716,1.472,0.382
2019-04-18,,0.708,,0.787,0.953,0.288,0.694,0.85,,0.771,,,2.1,,0.764,0.516,,0.716,1.471,0.372
2019-04-22,,0.704,,0.787,0.947,0.287,0.694,0.7,,0.777,,,2.05,,0.764,0.523,,0.716,1.471,0.366
2019-04-23,,0.698,,0.787,0.964,0.28,0.693,0.69,,0.766,,,2.05,,0.75,0.5,,0.716,1.471,0.367
2019-04-24,,0.705,,0.756,0.97,0.288,0.694,0.85,,0.773,,,2.05,,0.752,0.509,,0.716,1.479,0.371
2019-04-25,,0.706,,0.756,0.971,0.289,0.694,0.85,,0.775,,,2.05,,0.752,0.527,,0.716,1.479,0.369
2019-04-26,,0.702,,0.756,0.969,0.29,0.694,0.8,,0.77,,,2.05,,0.743,0.528,,0.716,1.479,0.37
2019-04-29,,0.704,,0.756,0.979,0.291,0.694,0.8,,0.78,,,2.05,,0.757,0.53,,0.716,1.479,0.371
2019-04-30,,0.715,,0.776,0.998,0.291,0.694,0.8,,0.784,,,2.05,,0.765,0.53,,0.716,1.554,0.371
2019-05-02,,0.716,,0.776,1.02,0.29,0.723,0.71,,0.788,,,,,0.865,0.529,,0.716,1.637,0.401
2019-05-03,,0.704,,0.756,0.991,0.289,0.723,0.75,,0.778,,,,,0.858,0.529,,0.716,1.561,0.401
2019-05-06,,0.7,,0.756,0.986,0.287,0.723,0.72,,0.77,,,,,0.867,0.523,,0.716,1.56,0.397
2019-05-07,,0.712,,0.776,1.005,0.287,0.723,0.75,,0.775,,,,,0.885,0.524,,0.716,1.575,0.398
2019-05-08,,0.71,,0.776,1.002,0.285,0.723,0.75,,0.772,,,,,0.884,0.52,,0.716,1.575,0.396
2019-05-09,,0.693,,0.769,0.976,0.285,0.723,0.75,,0.766,,,,,0.864,0.518,,0.716,1.503,0.394
2019-05-10,,0.693,,0.756,0.971,0.283,0.722,0.73,,0.764,,,,,0.862,0.514,,0.716,1.495,0.391
2019-05-13,,0.673,,0.756,0.973,0.283,0.722,0.75,,0.764,,,,,0.875,0.514,,0.716,1.495,0.391
2019-05-14,,0.672,,0.756,0.969,0.282,0.722,0.75,,0.763,,,,,0.862,0.512,,0.716,1.495,0.391
2019-05-15,,0.672,,0.756,0.969,0.282,0.722,0.75,,0.765,,,,,0.862,0.513,,0.716,1.504,0.392
2019-05-16,,0.677,,0.756,0.975,0.284,0.723,0.8,,0.769,,,,,0.859,0.518,,0.716,1.504,0.396
2019-05-17,,0.684,,0.756,0.986,0.288,0.724,0.8,,0.776,,,,,0.867,0.527,,0.716,1.516,0.403
2019-05-20,,0.68,,0.756,0.981,0.285,0.723,0.85,,0.772,,,,,0.865,0.522,,0.716,1.504,0.399
2019-05-21,,0.674,,0.756,0.973,0.283,0.723,0.85,,0.766,,,,,0.863,0.515,,0.716,1.504,0.393
2019-05-22,,0.672,,0.756,0.973,0.282,0.722,0.85,,0.765,,,,,0.857,0.513,,0.716,1.504,0.392
2019-05-23,,0.676,,0.776,0.975,0.281,0.722,0.85,,0.771,,,,,0.874,0.497,,0.716,1.573,0.395
2019-05-24,,0.67,,0.756,0.968,0.28,0.722,0.85,,0.763,,,,,0.87,0.509,,0.716,1.503,0.39
2019-05-27,,0.654,,0.756,0.957,0.279,0.706,0.85,,0.76,,,,,0.866,0.506,,0.716,1.509,0.388
2019-05-28,,0.659,,0.756,0.978,0.279,0.722,0.85,,0.768,,,,,0.856,0.506,,0.716,1.576,0.383
2019-05-29,,0.643,,0.756,0.951,0.275,0.721,0.85,,0.754,,,,,0.842,0.494,,0.716,1.508,0.373
2019-05-30,,0.685,,0.756,0.953,0.274,0.712,0.85,,0.757,,,,,0.842,0.496,,0.716,1.508,0.372
2019-05-31,,0.661,,0.756,0.95,0.274,0.72,0.85,,0.76,,,,,0.869,0.496,,0.716,1.508,0.385
2019-06-03,,0.692,,0.756,0.954,0.27,0.72,0.85,,0.83,,,,,0.849,0.598,,0.727,1.512,0.37
2019-06-04,,0.686,,0.756,0.948,0.268,0.72,0.85,,0.825,,,,,0.847,0.59,,0.716,1.511,0.361
2019-06-05,,0.692,,0.756,0.956,0.271,0.72,0.85,,0.831,,,,,0.849,0.6,,0.716,1.504,0.367
2019-06-06,,0.686,,0.756,0.949,0.271,0.72,0.85,,0.825,,,,,0.847,0.585,,0.716,1.504,0.361
2019-06-07,,0.674,,0.74,0.933,0.268,0.717,0.85,,0.814,,,,,0.831,0.579,,0.705,1.503,0.356
2019-06-10,,0.674,,0.74,0.926,0.266,0.717,0.85,,0.812,,,,,0.825,0.579,,0.705,1.503,0.355
2019-06-11,,0.671,,0.735,0.919,0.265,0.717,0.85,,0.808,,,,,0.821,0.575,,0.705,1.503,0.351
2019-06-12,,0.672,,0.735,0.922,0.265,0.717,0.85,,0.809,,,,,0.822,0.594,,0.705,1.503,0.353
2019-06-13,,0.668,,0.735,0.913,0.262,0.716,0.85,,0.805,,,,,0.82,0.586,,0.705,1.502,0.349
2019-06-14,,0.665,,0.74,0.924,0.26,0.716,0.85,,0.805,,,,,0.827,0.582,,0.705,1.577,0.347
2019-06-17,,0.666,,0.735,0.918,0.261,0.716,0.85,,0.807,,,,,0.812,0.585,,0.705,1.502,0.355
2019-06-18,,0.665,,0.735,0.907,0.26,0.716,0.85,,0.803,,,,,0.811,0.58,,0.705,1.502,0.346
2019-06-19,,0.658,,0.74,0.919,0.256,0.716,0.85,,0.801,,,,,0.788,0.56,,0.705,1.577,0.344
2019-06-21,,0.656,,0.735,0.895,0.251,0.768,0.85,,0.796,,,,,0.796,0.543,,0.727,1.474,0.334
2019-06-24,,0.657,,0.735,0.891,0.251,0.699,0.85,,0.797,,,,,0.799,0.545,,0.727,1.459,0.358
2019-06-25,,0.663,,0.735,0.894,0.28,0.715,0.85,,0.8,,,,,0.809,0.547,,0.727,1.46,0.346
2019-06-26,,0.663,,0.74,0.91,0.258,0.715,0.85,,0.801,,,,,0.808,0.542,,0.727,1.556,0.345
2019-06-27,,0.66,,0.74,0.907,0.279,0.715,0.85,,0.795,,,,,0.794,0.537,,0.705,1.556,0.344
2019-06-28,,0.651,,0.74,0.915,0.274,0.714,0.85,,0.791,,,,,0.768,0.533,,0.705,1.555,0.339
2019-07-01,,0.696,,0.735,0.865,0.274,0.679,0.85,,0.856,,0.411,,,0.813,0.537,,0.705,1.47,0.332
2019-07-02,,0.699,,0.735,0.863,0.276,0.687,0.85,,0.858,,0.414,,,0.806,0.541,,0.705,1.471,0.334
2019-07-03,,0.693,,0.735,0.86,0.274,0.686,0.85,,0.855,,0.41,,,0.805,0.536,,0.705,1.492,0.331
2019-07-04,,0.713,,0.735,0.856,0.247,0.699,0.85,,0.857,,0.406,,,0.822,0.531,,0.705,1.491,0.328
2019-07-05,,0.688,,0.74,0.849,0.246,0.699,0.85,,0.855,,0.404,,,0.803,0.527,,0.705,1.577,0.328
2019-07-08,,0.685,,0.735,0.848,0.27,0.699,0.85,,0.85,,0.399,,,0.788,0.521,,0.694,1.49,0.335
2019-07-09,,0.685,,0.735,0.848,0.27,0.699,0.85,,0.85,,0.399,,,0.788,0.521,,0.694,1.49,0.335
2019-07-10,,0.681,,0.734,0.842,0.268,0.698,0.85,,0.85,,0.394,,,0.785,0.515,,0.694,1.49,0.332
2019-07-11,,0.68,,0.74,0.841,0.243,0.698,0.85,,0.849,,0.393,,,0.803,0.514,,0.694,1.576,0.331
2019-07-12,,0.704,,0.735,0.846,0.243,0.698,0.85,,0.854,,0.394,,,0.833,0.516,,0.694,1.49,0.332
2019-07-15,,0.703,,0.735,0.844,0.242,0.7,0.85,,0.85,,0.393,,,0.795,0.515,,0.694,1.49,0.342
2019-07-16,,0.707,,0.735,0.844,0.242,0.701,0.85,,0.844,,0.398,,,0.797,0.532,,0.694,1.484,0.346
2019-07-17,,0.682,,0.735,0.844,0.242,0.701,0.85,,0.836,,0.398,,,0.797,0.532,,0.694,1.49,0.346
2019-07-18,,0.709,,0.735,0.84,0.241,0.7,0.85,,0.842,,0.396,,,0.796,0.529,,0.694,1.49,0.344
2019-07-19,,0.708,,0.735,0.84,0.241,0.698,0.85,,0.817,,0.397,,,0.796,0.53,,0.694,1.489,0.345
2019-07-22,,0.706,,0.735,0.84,0.24,0.698,0.8,,0.822,,0.396,,,0.796,0.528,,0.694,1.476,0.345
2019-07-23,,0.679,,0.735,0.887,0.238,0.695,0.85,,0.818,,0.392,,,0.792,0.526,,0.694,1.46,0.401
2019-07-24,,0.677,,0.735,0.889,0.237,0.695,0.85,,0.819,,0.39,,,0.761,0.531,,0.694,1.46,0.399
2019-07-25,,0.678,,0.731,0.66,0.283,0.68,0.85,,0.822,,0.395,,,0.746,0.564,,0.694,1.452,0.403
2019-07-26,,0.68,,0.731,0.66,0.278,0.71,0.85,,0.819,,0.392,,,0.749,0.542,,0.694,1.452,0.397
2019-07-29,,0.667,,0.731,0.658,0.277,0.704,0.85,,0.816,,0.393,,,0.743,0.557,,0.694,1.452,0.397
2019-07-30,,0.661,,0.731,0.662,0.276,0.71,0.85,,0.825,,0.391,,,0.754,0.557,,0.694,1.45,0.396
2019-07-31,,0.662,,0.731,0.67,0.299,0.711,0.85,,0.839,,0.396,,,0.743,0.566,,0.694,1.45,0.396
2019-08-01,,0.708,,0.729,0.727,0.7,0.758,0.893,,0.856,,0.396,0.346,,0.747,0.621,,0.736,1.936,0.384
2019-08-02,,0.708,,0.729,0.729,0.7,0.753,0.887,,0.856,,0.396,0.346,,0.756,0.621,,0.736,1.936,0.384
2019-08-05,,0.721,,0.729,0.741,0.7,0.759,0.887,,0.872,,0.408,0.354,,0.751,0.636,,0.736,1.975,0.395
2019-08-06,,0.714,,0.726,0.738,0.7,0.762,0.794,,0.871,,0.4,0.349,,0.746,0.626,,0.736,1.975,0.388
2019-08-07,,0.71,,0.727,0.736,0.7,0.761,0.794,,0.869,,0.397,0.346,,0.748,0.619,,0.736,1.974,0.384
2019-08-08,,0.708,,0.725,0.731,0.7,0.757,0.794,,0.868,,0.396,0.345,,0.747,0.616,,0.736,1.974,0.382
2019-08-09,,0.711,,0.726,0.739,0.7,0.761,0.794,,0.865,,0.396,0.343,,0.741,0.616,,0.736,1.999,0.383
2019-08-12,,0.716,,0.726,0.74,0.7,0.761,0.794,,0.864,,0.398,0.344,,0.747,0.619,,0.736,1.999,0.389
2019-08-13,,0.738,,0.726,0.746,0.7,0.761,0.794,,0.855,,0.397,0.343,,0.756,0.618,,0.736,1.999,0.387
2019-08-14,,0.74,,0.726,0.761,0.7,0.762,0.794,,0.865,,0.402,0.347,,0.758,0.629,,0.736,1.962,0.393
2019-08-15,,0.736,,0.726,0.759,0.7,0.764,0.794,,0.874,,0.402,0.347,,0.758,0.637,,0.736,2.0,0.392
2019-08-16,,0.733,,0.755,0.758,0.7,0.763,0.794,,0.872,,0.397,0.343,,0.757,0.631,,0.736,1.961,0.388
2019-08-19,,0.737,,0.755,0.76,0.7,0.764,0.794,,0.876,,0.401,0.346,,0.758,0.645,,0.736,1.961,0.395
2019-08-20,,0.742,,0.755,0.761,0.7,0.764,0.794,,0.869,,0.401,0.372,,0.758,0.651,,0.736,1.961,0.404
2019-08-21,,0.735,,0.76,0.756,0.7,0.782,0.794,,0.866,,0.395,0.367,,0.756,0.651,,0.736,1.979,0.397
2019-08-22,,0.737,,0.76,0.763,0.7,0.778,0.794,,0.875,,0.397,0.368,,0.757,0.65,,0.736,1.96,0.399
2019-08-23,,0.739,,0.76,0.753,0.9,0.779,0.819,,0.877,,0.401,0.371,,0.758,0.655,,0.736,1.961,0.403
2019-08-26,,0.747,,0.76,0.765,0.9,0.78,0.813,,0.881,,0.409,0.375,,0.769,0.672,,0.736,1.961,0.411
2019-08-27,,0.758,,0.775,0.789,0.9,0.785,0.813,,0.892,,0.413,0.38,,0.792,0.682,,0.752,1.962,0.415
2019-08-28,,0.765,,0.78,0.782,0.9,0.787,0.813,,0.912,,0.419,0.383,,0.806,0.692,,0.766,1.988,0.422
2019-08-29,,0.76,,0.776,0.793,0.9,0.791,0.813,,0.911,,0.417,0.381,,0.815,0.692,,0.774,1.987,0.419
2019-08-30,,0.748,,0.776,0.784,0.9,0.789,0.813,,0.888,,0.409,0.376,,0.804,0.681,,0.788,1.986,0.412
2019-09-02,,0.757,,0.785,0.784,,0.834,0.91,,1.013,,0.413,0.378,1.076,0.812,0.714,,0.786,1.95,0.553
2019-09-03,,0.753,,0.785,0.781,,0.834,0.91,,1.016,,0.408,0.374,1.064,0.811,0.706,,0.786,1.953,0.546
2019-09-04,,0.743,,0.755,0.778,,0.834,0.91,,1.02,,0.402,0.37,1.051,0.788,0.693,,0.786,1.952,0.539
2019-09-05,,0.741,,0.755,0.776,,0.834,0.91,,1.019,,0.4,0.368,1.052,0.795,0.695,,0.786,1.99,0.538
2019-09-06,,0.741,,0.755,0.778,,0.834,0.91,,1.016,,0.4,0.367,1.055,0.789,0.705,,0.786,1.942,0.607
2019-09-09,,0.746,,0.758,0.777,,0.834,0.91,,1.018,,0.4,0.365,1.035,0.795,0.703,,0.786,1.989,0.606
2019-09-10,,0.747,,0.759,0.778,,0.834,0.91,,1.019,,0.401,0.365,1.056,0.808,0.709,,0.786,1.989,0.608
2019-09-11,,0.748,,0.764,0.78,,0.838,0.91,,1.018,,0.401,0.367,1.054,0.808,0.709,,0.794,1.989,0.607
2019-09-12,,0.744,,0.764,0.777,,0.838,0.91,,1.018,,0.398,0.364,1.048,0.806,0.715,,0.794,1.989,0.603
2019-09-13,,0.751,,0.764,0.776,,0.838,0.91,,1.021,,0.403,0.366,1.065,0.808,0.714,,0.784,1.982,0.612
2019-09-16,,0.764,,0.757,0.774,,0.829,0.91,,1.023,,0.397,0.359,1.068,0.79,0.714,,0.778,1.95,0.57
2019-09-17,,0.738,,0.756,0.781,,0.832,0.91,,1.037,,0.389,0.356,1.034,0.782,0.696,,0.806,1.943,0.56
2019-09-18,,0.73,,0.757,0.777,,0.827,0.91,,1.035,,0.391,0.356,1.015,0.784,0.715,,0.806,1.962,0.527
2019-09-19,,0.732,,0.758,0.778,,0.83,0.919,,1.033,,0.385,0.345,1.046,0.792,0.712,,0.736,1.96,0.558
2019-09-20,,0.747,,0.761,0.778,,0.832,0.919,,1.03,,0.378,0.342,1.015,0.812,0.705,,0.736,1.96,0.549
2019-09-23,,0.757,,0.758,0.786,,0.832,0.919,,1.038,,0.382,0.344,1.027,0.8,0.71,,0.736,1.96,0.552
2019-09-24,,0.745,,0.756,0.788,,0.832,0.919,,1.029,,0.384,0.345,1.045,0.793,0.714,,0.736,1.94,0.556
2019-09-25,,0.759,,0.761,0.787,,0.832,0.919,,1.026,,0.381,0.344,1.036,0.774,0.708,,0.736,2.037,0.551
2019-09-26,,0.757,,0.761,0.781,,0.832,0.919,,1.04,,0.38,0.341,1.013,0.785,0.705,,0.736,2.036,0.549
2019-09-27,,0.756,,0.762,0.78,,0.831,0.929,,1.042,,0.378,0.336,1.012,0.784,0.704,,0.731,2.191,0.548
2019-09-30,,0.762,,0.761,0.793,,0.832,0.919,,1.041,,0.377,0.34,1.013,0.784,0.703,,0.736,2.036,0.645
2019-10-01,,0.758,,0.772,0.856,,0.843,0.92,,1.048,,,0.904,1.043,0.798,0.732,,0.738,1.252,0.657
2019-10-02,,0.777,,0.769,0.857,,0.833,0.92,,1.057,,,0.904,1.012,0.784,0.736,,0.738,1.271,0.687
2019-10-03,,0.771,,0.772,0.864,,0.833,0.918,,1.056,,,0.919,1.038,0.785,0.733,,0.738,1.26,0.682
2019-10-04,,0.769,,0.772,0.867,,0.833,0.92,,1.056,,,0.932,1.035,0.79,0.731,,0.738,1.267,0.68
2019-10-07,,0.791,,0.772,0.868,,0.843,0.918,,1.071,,,0.933,1.061,0.791,0.769,,0.738,1.264,0.685
2019-10-08,,0.796,,0.764,0.864,,0.84,0.91,,1.071,,,0.917,1.056,0.8,0.764,,0.738,1.283,0.679
2019-10-09,,0.787,,0.774,0.862,,0.84,0.91,,1.076,,,0.912,1.055,0.822,0.756,,0.738,1.291,0.671
2019-10-10,,0.807,,0.774,0.864,,0.841,0.95,,1.075,,,0.909,1.053,0.811,0.78,,0.738,1.256,0.668
2019-10-11,,0.801,,0.774,0.873,,0.841,0.95,,1.07,,,0.907,1.088,0.817,0.771,,0.738,1.256,0.652
2019-10-14,,0.798,,0.774,0.874,,0.838,0.95,,1.079,,,0.906,1.053,0.819,0.785,,0.738,1.255,0.664
2019-10-15,,0.827,,0.774,0.883,,0.841,0.95,,1.07,,,0.905,1.099,0.822,0.801,,0.738,1.256,0.671
2019-10-16,,0.822,,0.777,0.887,,0.838,0.97,,1.061,,,1.106,1.083,0.84,0.895,,0.738,1.264,0.662
2019-10-17,,0.83,,0.778,0.895,,0.866,0.95,,1.08,,,1.0,1.034,0.853,0.809,,0.746,1.264,0.666
2019-10-18,,0.871,,0.78,0.92,,0.868,0.97,,1.062,,,1.077,1.068,0.862,0.849,,0.83,1.263,0.725
2019-10-21,,0.872,,0.78,0.924,,0.868,0.97,,1.071,,,1.106,1.13,0.862,0.917,,0.83,1.263,0.725
2019-10-22,,0.903,,0.792,0.951,,0.871,0.97,,1.122,,,1.113,1.143,0.86,0.888,,0.83,1.264,0.654
2019-10-23,,0.892,,0.794,0.961,,0.871,0.97,,1.137,,,1.113,1.148,0.931,0.887,,0.874,1.264,0.765
2019-10-24,,0.957,,0.958,1.037,,0.941,1.11,,1.196,,,1.053,1.201,0.946,0.982,,1.008,1.27,0.78
2019-10-25,,0.949,,0.958,1.05,,0.953,1.11,,1.2,,,1.049,1.189,0.975,0.977,,1.008,1.269,0.825
2019-10-28,,0.937,,0.973,1.063,,0.963,1.11,,1.207,,,1.079,1.165,1.016,0.984,,1.016,1.283,0.782
2019-10-29,,0.959,,0.973,1.081,,0.971,1.11,,1.2,,,1.077,1.169,1.0,0.986,,1.016,1.283,0.847
2019-10-30,,1.01,,1.01,1.084,,0.971,1.13,,1.209,,,1.075,1.373,0.973,1.007,,1.024,1.283,0.886
2019-10-31,,1.042,,1.01,1.098,,0.965,1.17,,1.21,,,1.085,1.244,1.019,1.027,,1.024,1.284,0.898
2019-11-01,,1.066,,1.011,1.173,,1.05,1.17,,1.183,,1.188,2.025,1.246,0.984,1.019,,1.024,2.172,0.765
2019-11-04,,1.088,,1.011,1.175,,1.02,1.17,,1.189,,1.191,2.025,1.309,1.004,1.02,,1.024,2.172,0.78
2019-11-05,,1.101,,1.011,1.182,,1.021,1.17,,1.198,,1.201,2.025,1.283,1.016,1.024,,1.024,2.172,0.776
2019-11-06,,1.158,,1.063,1.227,,1.101,1.17,,1.263,,1.223,2.025,1.387,1.026,1.121,,1.032,2.172,0.883
2019-11-07,,1.409,,1.071,1.321,,1.103,1.371,,1.327,,1.543,2.025,1.529,1.207,1.271,,1.073,2.172,0.891
2019-11-08,,1.318,,1.123,1.322,,1.174,1.279,,1.378,,1.553,2.075,1.441,1.159,1.317,,1.082,2.172,0.97
2019-11-11,,1.303,,1.123,1.338,,1.18,1.279,,1.369,,1.538,2.075,1.464,1.187,1.32,,1.082,2.172,0.958
2019-11-12,,1.552,,1.14,1.417,,1.191,1.4,,1.413,,1.571,2.152,1.622,1.227,1.42,,1.109,2.172,1.038
2019-11-13,,1.619,,1.14,1.429,,1.186,1.36,,1.433,,1.573,2.152,1.752,1.249,1.426,,1.109,2.172,1.043
2019-11-14,,1.36,,1.133,1.382,,1.215,1.279,,1.429,,1.571,2.191,1.521,1.21,1.394,,1.119,2.197,1.025
2019-11-18,,1.363,,1.141,1.391,,1.206,1.279,,1.436,,1.577,2.191,1.525,1.225,1.368,,1.119,2.197,0.906
2019-11-19,,1.368,,1.141,1.379,,1.204,1.279,,1.415,,1.584,2.191,1.5,1.229,1.35,,1.119,2.197,0.96
2019-11-20,,1.368,,1.141,1.379,,1.204,1.279,,1.415,,1.583,2.191,1.5,1.229,1.35,,1.119,2.197,0.959
2019-11-21,,1.377,,1.141,1.389,,1.201,1.279,,1.408,,1.609,2.063,1.489,1.231,1.383,,1.119,2.177,0.941
2019-11-22,,1.368,,1.176,1.372,,1.187,1.229,,1.405,,1.597,2.052,1.48,1.241,1.396,,1.111,2.256,0.948
2019-11-25,,1.371,,1.176,1.372,,1.194,1.27,,1.402,,1.616,2.052,1.46,1.241,1.384,,1.111,2.216,0.958
2019-11-26,,1.362,,1.176,1.367,,1.196,1.189,,1.425,,1.631,2.052,1.745,1.219,1.415,,1.111,2.216,0.913
2019-11-27,,1.363,,1.176,1.363,,1.194,1.229,,1.413,,1.634,2.052,1.749,1.235,1.342,,1.111,2.216,0.925
2019-11-28,,1.359,,1.176,1.358,,1.19,1.189,,1.418,,1.619,2.052,1.77,1.23,1.369,,1.111,2.216,0.905
2019-11-29,,1.369,,1.176,1.377,,1.193,1.27,,1.419,,1.614,2.052,1.763,1.23,1.352,,1.166,2.216,0.911
2019-12-02,,1.374,,1.19,1.392,,1.303,1.279,,1.485,,1.625,2.052,1.772,1.285,1.385,,1.166,2.18,0.938
2019-12-03,,1.355,,1.227,1.385,,1.297,1.255,,1.465,,1.606,2.052,1.719,1.297,1.32,,1.166,2.18,0.895
2019-12-04,,1.319,,1.227,1.363,,1.257,1.32,,1.404,,1.525,2.052,1.637,1.254,1.339,,1.166,2.118,0.899
2019-12-05,,1.359,,1.227,1.377,,1.293,1.32,,1.417,,1.596,2.052,1.677,1.295,1.362,,1.166,2.118,0.923
2019-12-06,,1.301,,1.227,1.346,,1.267,1.239,,1.412,,1.577,2.052,1.643,1.228,1.303,,1.166,2.118,0.906
2019-12-09,,1.293,,1.227,1.334,,1.269,1.32,,1.356,,1.576,2.052,1.691,1.233,1.298,,1.166,2.118,0.905
2019-12-10,,1.296,,1.227,1.324,,1.253,1.223,,1.35,,1.577,2.04,1.677,1.235,1.277,,1.133,2.057,0.9
2019-12-11,,1.295,,1.159,1.324,,1.252,1.239,,1.346,,1.576,2.052,1.674,1.215,1.299,,1.152,2.057,0.895
2019-12-12,,1.285,,1.161,1.316,,1.256,1.32,,1.337,,1.45,1.952,1.673,1.198,1.303,,1.166,2.057,0.901
2019-12-13,,1.311,,1.153,1.291,,1.241,1.32,,1.339,,1.581,2.04,1.676,1.211,1.304,,1.166,2.057,0.88
2019-12-16,,1.32,,1.16,1.309,,1.259,1.199,,1.334,,1.603,2.013,1.682,1.215,1.285,,1.166,2.057,0.911
2019-12-17,,1.339,,1.16,1.329,,1.262,1.32,,1.353,,1.634,1.974,1.714,1.25,1.355,,1.194,2.057,0.933
2019-12-18,,1.328,,1.16,1.33,,1.259,1.32,,1.352,,1.626,2.013,1.709,1.244,1.304,,1.194,2.057,0.925
2019-12-19,,1.352,,1.183,1.334,,1.278,1.32,,1.371,,1.495,2.013,1.744,1.28,1.36,,1.194,2.057,0.943
2019-12-20,,1.325,,1.183,1.311,,1.258,1.279,,1.359,,1.48,1.974,1.727,1.268,1.271,,1.194,2.057,0.933
2019-12-23,,1.295,,1.199,1.305,,1.241,1.279,,1.353,,1.401,1.974,1.711,1.256,1.342,,1.194,2.037,0.933
2019-12-24,,1.295,,1.199,1.304,,1.241,1.279,,1.352,,1.401,1.974,1.711,1.256,1.341,,1.194,2.037,0.932
2019-12-26,,1.275,,1.191,1.31,,1.245,1.279,,1.337,,1.42,1.974,1.677,1.203,1.287,,1.194,2.037,0.924
2019-12-27,,1.279,,1.191,1.299,,1.244,1.279,,1.317,,1.417,1.974,1.692,1.202,1.286,,1.194,2.037,0.924
2019-12-30,,1.308,,1.211,1.323,,1.227,1.279,,1.357,,1.401,2.013,1.669,1.237,1.332,,1.216,2.068,0.974
2019-12-31,,1.308,,1.211,1.323,,1.227,1.279,,1.357,,1.401,2.013,1.669,1.237,1.332,,1.216,2.068,0.974
2020-01-02,,1.307,,1.195,1.328,,1.224,1.263,,1.382,,1.392,2.013,1.66,1.706,1.352,,1.187,2.067,0.964
2020-01-03,,1.287,,1.215,1.324,,1.219,1.239,,1.353,,1.399,1.975,1.67,1.706,1.343,,1.166,2.067,0.946
2020-01-06,,1.271,,1.109,1.293,,1.229,1.239,,1.328,,1.407,1.898,1.663,1.707,1.349,,1.166,2.036,0.87
2020-01-07,,1.264,,1.244,1.282,,1.211,1.191,,1.321,,1.403,1.874,1.677,1.706,1.337,,1.166,2.036,0.945
2020-01-08,,1.258,,1.232,1.282,,1.21,1.239,,1.292,,1.395,1.867,1.637,1.698,1.326,,1.16,2.036,0.916
2020-01-09,,1.233,,1.238,1.274,,1.204,1.239,,1.332,,1.392,1.898,1.616,1.655,1.296,,1.166,2.036,0.883
2020-01-10,,1.21,,1.231,1.27,,1.177,1.32,,1.29,,1.316,1.936,1.622,1.668,1.303,,1.166,2.036,0.89
2020-01-13,,1.231,,1.22,1.263,,1.207,1.32,,1.328,,1.396,1.936,1.588,1.698,1.312,,1.166,2.036,0.893
2020-01-14,,1.21,,1.231,1.259,,1.213,1.32,,1.317,,1.397,1.986,1.609,1.661,1.303,,1.152,2.036,0.837
2020-01-15,,1.182,,1.159,1.255,,1.172,1.32,,1.307,,1.322,1.87,1.565,1.7,1.293,,1.166,2.006,0.871
2020-01-16,,1.217,,1.231,1.259,,1.175,1.32,,1.325,,1.279,1.948,1.555,1.699,1.317,,1.166,2.006,0.892
2020-01-17,,1.21,,1.235,1.254,,1.185,1.159,,1.315,,1.408,1.848,1.571,1.696,1.317,,1.166,2.036,0.892
2020-01-20,,1.205,,1.235,1.251,,1.19,1.159,,1.326,,1.401,1.87,1.564,1.681,1.31,,1.137,2.006,0.889
2020-01-21,,1.194,,1.235,1.241,,1.182,1.159,,1.299,,1.389,1.878,1.553,1.684,1.298,,1.137,2.006,0.859
2020-01-22,,1.185,,1.235,1.24,,1.175,1.159,,1.276,,1.382,1.909,1.546,1.679,1.288,,1.137,2.006,0.851
2020-01-23,,1.19,,1.232,1.235,,1.189,1.149,,1.277,,1.384,1.898,1.547,1.694,1.293,,1.137,2.006,0.851
2020-01-24,,1.159,,1.235,1.23,,1.161,1.159,,1.262,,1.38,1.859,1.543,1.695,1.29,,1.109,2.006,0.85
2020-01-27,,1.175,,1.235,1.232,,1.17,1.179,,1.271,,1.38,1.886,1.543,1.695,1.302,,1.137,2.006,0.87
2020-01-28,,1.165,,1.235,1.228,,1.181,1.199,,1.269,,1.363,1.886,1.542,1.689,1.288,,1.151,2.006,0.845
2020-01-29,,1.156,,1.235,1.228,,1.156,1.099,,1.261,,1.363,1.886,1.542,1.672,1.288,,1.151,2.006,0.845
2020-01-30,,1.149,,1.235,1.23,,1.162,1.099,,1.252,,1.363,1.875,1.607,1.684,1.288,,1.151,2.006,0.845
2020-01-31,,1.182,,1.235,1.236,,1.181,1.118,,1.257,,1.364,1.878,1.607,1.685,1.292,,1.151,2.006,0.851
2020-02-03,,1.209,,1.262,1.247,1.275,1.187,1.3,,1.207,,1.349,1.875,2.613,1.679,1.294,,1.151,1.678,0.858
2020-02-04,,1.182,,1.273,1.243,1.264,1.165,1.4,,1.215,,1.34,1.887,2.585,1.669,1.287,,1.151,1.673,0.822
2020-02-05,,1.189,,1.273,1.247,1.263,1.15,1.3,,1.207,,1.326,1.875,2.623,1.695,1.28,,1.151,1.669,0.836
2020-02-06,,1.203,,1.197,1.254,1.276,1.163,1.3,,1.223,,1.344,1.84,2.635,1.685,1.3,,1.151,1.676,0.853
2020-02-07,,1.209,,1.197,1.252,1.261,1.19,1.4,,1.216,,1.357,1.879,2.612,1.677,1.305,,1.151,1.682,0.854
2020-02-10,,1.195,,1.197,1.255,1.257,1.164,1.3,,1.211,,1.345,1.871,2.56,1.676,1.292,,1.151,1.678,0.863
2020-02-11,,1.186,,1.197,1.255,1.25,1.188,1.4,,1.207,,1.331,1.871,2.578,1.664,1.277,,1.145,1.663,0.853
2020-02-12,,1.177,,1.195,1.246,1.244,1.158,1.4,,1.187,,1.323,1.887,2.573,1.671,1.269,,1.151,1.671,0.846
2020-02-13,,1.188,,1.197,1.252,1.253,1.194,1.4,,1.192,,1.333,1.887,2.578,1.674,1.278,,1.151,1.666,0.85
2020-02-14,,1.17,,1.197,1.248,1.246,1.179,1.4,,1.195,,1.31,1.887,2.564,1.627,1.254,,1.151,1.667,0.832
2020-02-17,,1.171,,1.195,1.254,1.247,1.179,1.4,,1.194,,1.316,1.887,2.574,1.668,1.26,,1.146,1.674,0.835
2020-02-18,,1.167,,1.197,1.251,1.244,1.16,1.35,,1.195,,1.32,1.887,2.577,1.539,1.24,,1.146,1.674,0.817
2020-02-19,,1.163,,1.197,1.25,1.237,1.17,1.4,,1.194,,1.345,1.887,2.558,1.537,1.254,,1.146,1.67,0.827
2020-02-20,,1.17,,1.197,1.254,1.238,1.186,1.4,,1.194,,1.352,1.887,2.564,1.537,1.259,,1.146,1.671,0.829
2020-02-21,,1.177,,1.197,1.258,1.235,1.173,1.4,,1.202,,1.364,1.887,2.54,1.556,1.268,,1.151,1.679,0.835
2020-02-26,,1.19,,1.197,1.265,1.237,1.182,1.4,,1.218,,1.395,1.887,2.563,1.559,1.291,,1.151,1.684,0.85
2020-02-27,,1.177,,1.197,1.261,1.225,1.194,1.4,,1.216,,1.381,1.887,2.61,1.545,1.275,,1.146,1.672,0.837
2020-02-28,,1.191,,1.2,1.288,1.209,1.225,1.5,,1.238,,1.423,1.909,2.639,1.569,1.304,,1.207,1.728,0.832
2020-03-02,,1.207,,1.24,1.268,1.171,1.213,1.5,,1.309,,1.374,1.942,2.613,1.666,1.292,,1.215,1.7,0.799
2020-03-03,,1.181,,1.147,1.251,1.138,1.198,1.4,,1.302,,1.364,1.924,2.609,1.641,1.252,,1.159,1.679,0.788
2020-03-04,,1.183,,1.237,1.261,1.114,1.196,1.4,,1.297,,1.417,1.924,2.605,1.642,1.273,,1.159,1.677,0.779
2020-03-05,,1.221,,1.239,1.279,1.145,1.222,1.4,,1.327,,1.463,1.924,2.635,1.667,1.296,,1.159,1.692,0.811
2020-03-06,,1.264,,1.284,1.318,1.134,1.294,1.4,,1.347,,1.53,1.924,2.68,1.67,1.326,,1.21,1.71,0.812
2020-03-09,,1.363,,1.364,1.402,1.182,1.383,1.4,,1.466,,1.675,1.924,2.79,1.744,1.408,,1.437,1.75,1.112
2020-03-10,,1.447,,1.545,1.482,1.152,1.476,1.7,,1.616,,1.772,2.215,2.868,1.779,1.553,,1.501,1.934,1.281
2020-03-11,,1.525,,1.401,1.528,1.241,1.555,1.7,,1.686,,2.101,2.144,2.996,1.765,1.741,,1.415,1.939,1.434
2020-03-12,,1.731,,1.401,1.655,1.447,1.685,1.7,,1.888,,2.457,2.144,3.223,1.81,2.056,,1.415,2.003,1.722
2020-03-13,,1.815,,1.409,1.672,1.46,1.663,1.7,,1.879,,2.172,2.312,3.043,1.929,1.867,,1.742,2.019,1.558
2020-03-16,,1.899,,1.409,1.828,1.51,1.797,1.7,,1.956,,2.51,2.312,3.378,2.101,1.99,,1.742,2.134,1.512
2020-03-17,,1.806,,1.409,1.769,1.418,1.739,1.7,,1.873,,2.365,2.312,3.289,2.077,1.854,,1.742,2.096,1.388
2020-03-18,,2.354,,1.409,2.433,1.972,2.475,1.7,,2.537,,3.504,2.312,3.721,2.723,2.631,,1.742,2.423,1.768
2020-03-19,,2.994,,1.409,2.795,1.932,2.761,4.0,,3.879,,3.503,2.312,3.721,2.851,3.281,,2.866,3.292,2.378
2020-03-20,,3.595,,1.409,3.359,1.946,3.235,5.0,,4.214,,4.524,2.312,4.346,3.688,3.522,,4.0,3.733,2.44
2020-03-23,,4.223,,1.409,3.867,1.848,3.879,6.0,,4.593,,5.216,2.312,4.492,3.839,4.164,,4.414,4.177,2.57
2020-03-24,,4.056,,1.409,3.763,1.807,3.786,6.0,,4.534,,4.993,2.312,4.384,3.798,3.936,,4.414,4.096,2.464
2020-03-25,,4.645,,1.537,4.088,1.685,4.378,5.0,,4.946,,5.309,2.312,5.197,4.294,4.268,,4.354,4.662,2.404
2020-03-26,,4.558,,1.537,4.033,1.722,4.291,5.0,,4.824,,5.029,2.312,4.996,4.276,4.094,,4.354,4.636,2.314
2020-03-27,,4.853,,1.537,4.57,1.726,4.126,6.5,,4.975,,4.969,2.312,4.956,4.153,4.566,,4.927,4.375,2.265
2020-03-30,,5.071,,1.537,4.397,1.678,4.457,6.5,,5.257,,4.856,6.915,4.909,4.125,4.476,,4.927,4.421,2.345
2020-03-31,,4.791,,1.537,4.457,1.602,4.177,6.5,,5.006,,5.181,5.57,4.885,4.624,4.363,,4.927,4.581,2.1
2020-04-01,,6.039,,3.727,5.096,1.611,5.01,6.5,,5.175,8.0,5.761,,5.015,5.131,5.867,,4.918,5.283,4.801
2020-04-02,,6.009,,3.727,5.077,1.592,5.092,6.5,,5.294,8.0,5.626,,5.028,5.119,5.581,,4.918,5.372,4.793
2020-04-03,,5.984,,3.741,5.012,1.574,5.16,6.5,,5.407,8.0,5.683,,5.008,5.091,5.697,,4.918,5.401,4.898
2020-04-06,,6.646,,3.741,5.086,1.624,5.45,6.5,,5.728,8.0,5.787,,5.063,5.211,6.222,,4.613,5.583,5.626
2020-04-07,,6.532,,3.932,5.196,1.594,5.322,6.5,,5.855,8.0,6.571,,4.917,5.211,5.868,,4.347,5.727,5.135
2020-04-08,,6.707,,3.932,5.623,1.59,5.799,7.0,,6.178,8.0,6.669,,4.979,5.436,6.161,,4.75,5.803,5.827
2020-04-09,,6.411,,4.122,5.105,1.567,5.239,6.5,,6.048,,6.497,,4.707,5.158,5.823,,4.347,5.734,4.934
2020-04-13,,6.187,,4.122,5.043,1.542,5.208,7.0,,5.787,,6.482,,4.692,5.101,5.87,,4.276,5.628,4.658
2020-04-14,,6.1,,4.122,4.89,1.514,4.924,7.0,,5.621,,6.445,,4.617,5.045,5.642,,4.05,5.545,4.83
2020-04-15,,5.651,,4.122,4.492,1.517,4.848,7.0,,5.19,,5.638,,4.378,4.842,5.436,,3.791,5.294,4.683
2020-04-16,,5.453,,4.094,4.422,1.523,4.799,7.0,,4.984,,5.47,,4.317,4.81,5.322,,3.791,5.247,4.371
2020-04-17,,5.14,,4.065,3.886,1.514,4.668,7.0,,4.743,,4.555,,4.021,4.598,5.046,,3.587,4.966,3.614
2020-04-20,,4.521,,4.094,3.831,5.045,4.468,7.0,,4.464,,4.411,,3.81,4.483,4.998,,3.553,4.896,3.341
2020-04-22,,4.457,,3.713,3.669,3.875,4.093,7.0,,4.31,,4.28,,3.52,4.401,4.913,,3.597,4.541,3.346
2020-04-23,,4.791,,3.698,3.65,4.112,3.848,6.75,,4.214,,4.415,,3.158,4.19,4.757,,3.201,4.172,3.439
2020-04-24,,4.556,,3.698,3.975,4.702,4.205,6.75,,4.764,,4.728,,3.726,4.306,5.605,,3.291,4.435,3.85
2020-04-27,,5.093,,3.903,4.229,4.837,4.302,7.0,,4.85,,4.792,,3.792,4.401,5.815,,3.416,4.472,3.811
2020-04-28,,4.437,,3.331,3.847,4.286,3.966,7.0,,4.374,,4.681,,3.586,4.302,5.173,,3.223,3.712,3.53
2020-04-29,,4.861,,3.11,3.638,4.291,3.722,7.0,,4.488,,4.638,,3.41,4.205,4.747,,2.985,4.268,3.183
2020-04-30,,4.306,,3.11,3.654,4.203,3.771,7.0,,4.257,,4.645,,3.214,4.211,4.725,,2.985,4.205,3.406
2020-05-04,,4.308,,3.5,3.489,,3.79,7.0,,4.506,,4.409,,3.236,4.204,4.664,,2.962,4.142,3.442
2020-05-05,,4.119,,3.5,3.407,,3.682,7.0,,4.6,,4.493,,3.23,4.198,4.604,,2.771,4.067,3.358
2020-05-06,,3.965,,3.5,3.402,,3.554,5.25,,4.459,,4.503,,3.184,4.113,4.959,,2.795,4.072,3.176
2020-05-07,,4.006,,3.481,3.354,,3.555,5.25,,4.415,9.5,4.403,,3.254,3.968,4.643,,2.785,4.065,3.121
2020-05-08,,3.985,,3.481,3.369,,3.539,5.25,,4.331,,4.381,,3.294,4.103,4.959,,2.795,4.025,3.407
2020-05-11,,4.098,,3.481,3.36,,3.492,5.25,,4.295,,4.391,,3.223,4.107,4.606,,2.795,4.031,3.426
2020-05-12,,4.077,,3.481,3.415,,3.587,5.25,,4.393,,4.571,,3.314,4.191,4.727,,2.795,4.015,3.494
2020-05-13,,4.132,,3.481,3.439,,3.66,5.25,,4.469,,4.603,,3.531,4.185,4.518,,2.795,4.127,3.496
2020-05-14,,4.138,,3.481,3.481,,3.641,5.25,,4.588,,4.588,,3.548,4.176,4.584,,2.795,4.123,3.23
2020-05-15,,4.097,,3.481,3.485,,3.609,5.25,,4.529,10.0,5.024,,3.514,4.088,4.504,,2.795,4.117,3.482
2020-05-18,,3.973,,3.481,3.432,,3.597,5.25,,4.504,10.0,4.992,,3.451,4.12,4.442,,2.795,4.059,3.385
2020-05-19,,3.908,,3.481,3.436,,3.521,5.25,,4.449,10.0,4.978,,3.458,4.04,4.389,,2.795,4.031,3.409
2020-05-20,,3.943,,3.481,3.437,,3.547,5.25,,4.45,10.0,5.139,,3.477,4.007,4.421,,2.604,4.037,3.418
2020-05-21,,3.934,,3.481,3.405,,3.491,6.0,,4.394,10.0,5.108,,3.429,3.998,4.359,,2.604,4.025,3.333
2020-05-22,,3.977,,3.528,3.411,,3.519,6.0,,4.434,10.0,5.144,,3.428,4.009,4.372,,2.604,4.043,3.34
2020-05-25,,3.876,,3.481,3.354,,3.433,6.0,,4.276,10.0,5.04,,3.328,3.971,4.19,,2.604,3.991,3.16
2020-05-26,,3.846,,3.713,3.387,,3.419,6.0,,4.247,10.0,5.023,,3.349,3.972,4.187,,2.604,3.992,3.2
2020-05-27,,3.846,,3.713,3.342,,3.407,6.0,,4.244,10.0,5.015,,3.336,3.969,4.17,,2.604,3.985,3.188
2020-05-28,,3.839,,3.713,3.358,,3.414,6.0,,4.238,9.15,5.022,,3.347,3.96,4.185,,2.604,3.975,3.192
2020-05-29,,3.876,,3.944,3.353,,3.382,5.2,,4.252,8.7,5.009,,3.332,3.918,4.158,,2.604,3.951,3.141
2020-06-01,,4.043,,3.712,3.283,,3.376,6.0,,3.969,10.0,5.002,4.25,3.479,3.643,4.047,,2.603,3.772,3.033
2020-06-02,,4.001,,3.666,3.22,,3.337,6.0,,3.909,10.0,4.965,4.25,3.43,3.63,3.944,,2.603,3.742,2.954
2020-06-03,,4.045,,3.712,3.212,,3.32,6.0,,3.832,10.0,4.915,4.25,3.404,3.619,3.906,,2.603,3.727,2.929
2020-06-04,,3.892,,3.712,3.185,,3.33,6.0,,3.859,8.65,4.898,4.25,3.425,3.622,3.933,,2.603,3.698,2.944
2020-06-05,,4.075,,3.712,3.23,,3.344,5.75,,3.87,8.75,4.82,4.25,3.443,3.653,3.998,,2.603,3.713,2.984
2020-06-08,,4.069,,3.708,3.186,,3.291,5.0,,3.787,8.5,4.81,4.25,3.425,3.641,3.709,,2.603,3.674,2.962
2020-06-09,,3.802,,3.708,3.142,,3.264,5.0,,3.765,8.5,4.782,4.25,3.37,3.305,3.797,,2.544,3.684,2.9
2020-06-10,,3.76,,3.708,3.125,,3.196,5.0,,3.743,8.5,4.729,4.25,3.295,3.327,3.709,,2.544,3.589,2.831
2020-06-12,,3.781,,3.708,3.122,,3.196,5.5,,3.678,8.5,4.708,4.2,3.302,3.305,3.685,,2.544,3.533,2.832
2020-06-15,,3.774,,3.616,3.105,,3.202,5.75,,3.624,8.5,4.715,4.25,3.311,3.32,3.604,,2.54,3.49,2.848
2020-06-16,,3.782,,3.616,3.115,,3.213,5.75,,3.651,8.5,4.794,4.15,3.342,3.305,3.635,,2.544,3.559,2.873
2020-06-17,,3.768,,3.57,3.098,,3.184,5.75,,3.563,8.5,4.772,4.0,3.267,3.243,3.588,,2.544,3.443,2.833
2020-06-18,,3.801,,3.542,3.106,,3.214,5.5,,3.602,8.0,4.842,4.0,3.322,3.034,3.516,,2.544,3.386,2.9
2020-06-19,,3.774,,3.523,3.089,,3.151,5.5,,3.504,7.85,4.671,4.25,3.316,3.129,3.438,,2.53,3.434,2.864
2020-06-22,,3.71,,3.477,3.065,,3.149,5.15,,3.453,7.85,4.759,4.25,3.308,3.127,3.475,,2.544,3.478,2.919
2020-06-23,,3.735,,3.462,3.002,,3.152,4.75,,3.285,7.15,4.741,4.25,3.28,3.093,3.409,,2.533,3.398,2.861
2020-06-24,,3.68,,3.277,3.024,,3.168,5.0,,3.275,7.1,4.734,4.25,3.296,3.112,3.465,,2.376,3.403,2.885
2020-06-25,,3.609,,3.185,2.905,,3.071,5.1,,3.213,7.2,4.543,4.25,3.226,3.022,3.349,,2.376,3.329,2.758
2020-06-26,,3.476,,3.092,2.88,,3.023,5.15,,3.184,7.2,4.524,4.25,3.225,3.081,3.377,,2.317,3.253,2.79
2020-06-29,,3.678,,3.092,2.896,,2.986,5.15,,3.181,7.2,4.351,3.9,3.225,3.084,3.343,,2.34,3.308,2.763
2020-06-30,,3.376,,3.085,2.85,,2.98,5.15,,3.085,7.2,4.301,3.8,3.153,2.949,3.347,,2.34,3.277,2.684
2020-07-01,,3.413,,3.085,2.821,,2.968,5.15,,3.14,7.0,4.279,3.702,3.116,3.019,3.173,,2.442,3.193,2.658
2020-07-02,,3.415,,3.085,2.804,,2.96,5.15,,3.168,6.5,4.245,3.754,3.133,3.114,3.144,,2.442,3.206,2.664
2020-07-03,,3.389,,3.085,2.789,,2.879,5.15,,3.116,6.5,4.136,3.455,3.102,3.009,3.089,,2.433,3.196,2.635
2020-07-06,,3.369,,2.9,2.761,,2.853,5.15,,3.134,6.5,4.071,3.44,3.053,3.066,3.051,,2.402,3.201,2.577
2020-07-07,,3.229,,2.85,2.722,,2.795,5.15,,3.163,6.0,3.952,3.399,3.028,2.904,3.099,,2.34,3.194,2.532
2020-07-08,,3.264,,2.896,2.719,,2.79,5.15,,3.187,6.0,3.988,3.399,3.059,2.918,3.118,,2.331,3.137,2.542
2020-07-09,,3.239,,2.896,2.7,,2.748,5.15,,3.204,5.8,3.982,3.399,2.974,2.91,3.107,,2.319,3.137,2.52
2020-07-10,,3.195,,2.892,2.657,,2.654,5.15,,3.118,5.75,3.913,3.358,2.931,2.88,3.049,,2.319,3.135,2.458
2020-07-13,,3.171,,2.892,2.652,,2.642,5.15,,3.121,5.75,3.678,3.358,2.94,2.872,3.057,,2.319,3.1,2.463
2020-07-14,,3.165,,2.892,2.644,,2.642,5.15,,3.117,5.75,3.447,3.358,2.945,2.852,3.059,,2.315,3.127,2.449
2020-07-15,,3.147,,2.892,2.615,,2.621,5.15,,3.137,5.5,3.435,3.358,2.923,2.84,3.073,,2.303,3.136,2.316
2020-07-16,,3.152,,2.892,2.606,,2.619,5.15,,3.14,5.5,3.357,3.346,2.83,2.841,3.044,,2.303,3.13,2.462
2020-07-17,,3.123,,2.892,2.595,,2.58,5.15,,3.143,5.5,3.329,3.346,2.831,2.811,3.023,,2.275,3.11,2.433
2020-07-20,,3.111,,2.892,2.594,,2.582,5.15,,3.124,5.0,3.279,3.346,2.834,2.826,3.023,,2.275,3.106,2.435
2020-07-21,,3.067,,2.889,2.583,,2.55,5.15,,3.113,5.0,3.221,3.349,2.761,2.803,3.016,,2.275,3.102,2.434
2020-07-22,,3.104,,2.889,2.573,,2.535,5.15,,3.109,5.0,3.093,3.337,2.742,2.804,3.047,,2.275,3.088,2.448
2020-07-23,,3.094,,2.889,2.558,,2.514,5.15,,3.105,5.0,3.098,3.337,2.752,2.778,3.058,,2.267,2.993,2.459
2020-07-24,,2.999,,2.889,2.473,,2.481,5.15,,3.019,5.0,2.996,3.337,2.657,2.752,2.992,,2.267,2.939,2.41
2020-07-27,,3.125,,2.885,2.452,,2.466,5.15,,2.956,5.0,3.019,3.337,2.641,2.708,2.939,,2.267,2.929,2.387
2020-07-28,,2.9,,2.885,2.448,,2.463,4.5,,2.924,5.0,2.981,3.337,2.645,2.694,2.927,,2.248,2.953,2.393
2020-07-29,,2.834,,2.885,2.437,,2.446,4.5,,2.898,5.0,2.968,3.337,2.579,2.687,2.943,,2.248,2.897,2.346
2020-07-30,,2.797,,2.742,2.38,,2.366,4.5,,2.817,4.5,2.779,3.308,2.541,2.639,2.849,,2.198,2.827,2.254
2020-07-31,,2.792,,2.742,2.376,,2.362,4.5,,2.844,4.45,2.774,3.308,2.533,2.649,2.827,,2.198,2.793,2.244
2020-08-03,,2.777,,2.742,2.351,,2.347,,,2.828,4.389,2.763,3.288,2.535,2.646,2.514,,2.199,2.657,2.243
2020-08-04,,2.799,,2.742,2.367,,2.373,,,2.861,4.389,2.739,3.288,2.558,2.654,2.561,,2.199,2.648,2.268
2020-08-05,,2.747,,2.742,2.329,,2.342,,,2.794,4.156,2.665,3.229,2.557,2.63,2.547,,2.199,2.621,2.261
2020-08-06,,2.707,,2.735,2.284,,2.308,,,2.72,4.035,2.59,3.229,2.542,2.609,2.474,,2.19,2.559,2.225
2020-08-07,,2.71,,2.685,2.29,,2.339,,,2.758,4.083,2.509,3.199,2.514,2.6,2.534,,2.181,2.554,2.272
2020-08-10,,2.694,,2.685,2.283,,2.351,,,2.734,3.927,2.568,3.188,2.498,2.586,2.471,,2.163,2.454,2.301
2020-08-11,,2.695,,2.681,2.297,,2.356,,,2.727,3.927,2.524,3.188,2.519,2.584,2.576,,2.163,2.509,2.325
2020-08-12,,2.712,,2.677,2.313,,2.351,,,2.747,3.855,2.492,3.188,2.559,2.58,2.635,,2.156,2.509,2.373
2020-08-13,,2.691,,2.677,2.309,,2.397,,,2.746,3.637,2.52,3.188,2.589,2.567,2.636,,2.149,2.47,2.41
2020-08-14,,2.728,,2.677,2.309,,2.389,,,2.734,3.637,2.494,3.188,2.586,2.567,2.688,,2.117,2.457,2.403
2020-08-17,,2.731,,2.677,2.306,,2.409,,,2.755,3.637,2.51,3.188,2.62,2.568,2.724,,2.117,2.47,2.452
2020-08-18,,2.38,,2.577,2.225,,2.292,,,2.631,3.663,2.49,3.138,2.558,2.504,2.505,,2.026,2.377,2.297
2020-08-19,,2.399,,2.574,2.233,,2.299,,,2.647,3.673,2.481,3.149,2.588,2.49,2.565,,2.026,2.367,2.343
2020-08-20,,2.39,,2.574,2.218,,2.259,,,2.605,3.87,2.502,3.149,2.583,2.485,2.557,,2.006,2.367,2.334
2020-08-21,,2.366,,2.574,2.211,,2.255,,,2.617,3.548,2.501,3.138,2.519,2.474,2.534,,2.006,2.352,2.327
2020-08-24,,2.338,,2.666,2.199,,2.238,,,2.565,3.534,2.492,3.138,2.505,2.437,2.503,,1.969,2.324,2.278
2020-08-25,,2.324,,2.666,2.198,,2.227,,,2.564,3.538,2.48,3.097,2.475,2.44,2.509,,1.969,2.324,2.317
2020-08-26,,2.36,,2.662,2.218,,2.215,,,2.569,3.591,2.5,3.097,2.516,2.456,2.587,,1.969,2.324,2.381
2020-08-27,,2.309,,2.566,2.217,,2.222,,,2.519,3.601,2.502,3.056,2.513,2.458,2.585,,1.969,2.324,2.335
2020-08-28,,2.26,,2.659,2.193,,2.199,,,2.471,3.615,2.485,3.047,2.478,2.451,2.528,,1.969,2.324,2.284
2020-08-31,,2.249,,2.52,2.188,,2.191,,,2.523,3.62,2.478,3.038,2.469,2.421,2.534,,1.956,2.295,2.253
2020-09-01,,2.215,,2.612,2.17,,2.192,,,2.536,3.5,2.427,3.038,2.767,2.142,2.533,,1.433,2.297,2.166
2020-09-02,,2.197,,2.612,2.148,,2.177,,,2.499,3.35,2.433,3.038,2.775,2.132,2.524,,1.44,2.248,2.19
2020-09-03,,2.173,,2.612,2.155,,2.165,,,2.48,3.4,2.426,3.038,2.736,2.132,2.503,,1.431,2.248,2.17
2020-09-04,,2.158,,2.608,2.133,,2.166,,,2.444,3.4,2.427,2.997,2.708,2.086,2.459,,1.416,2.242,2.152
2020-09-08,,2.178,,2.608,2.15,,2.196,,,2.415,3.4,2.441,2.956,2.73,2.095,2.516,,1.435,2.23,2.194
2020-09-09,,2.105,,2.608,2.125,,2.193,,,2.379,3.4,2.436,2.956,2.723,2.075,2.497,,1.428,2.218,2.179
2020-09-10,,2.058,,2.608,2.15,,2.219,,,2.413,3.4,2.43,2.926,2.752,2.089,2.543,,1.438,2.218,2.182
2020-09-11,,2.136,,2.608,2.172,,2.237,,,2.437,3.43,2.402,2.926,2.729,2.201,2.56,,1.438,2.212,2.385
2020-09-14,,2.092,,2.608,2.124,,2.209,,,2.465,3.25,2.397,2.915,2.707,2.088,2.527,,1.43,2.207,2.172
2020-09-15,,2.073,,2.608,2.135,,2.225,,,2.486,3.25,2.406,2.915,2.721,2.094,2.567,,1.442,2.199,2.148
2020-09-16,,2.07,,2.608,2.147,,2.234,,,2.443,3.25,2.413,2.915,2.735,2.1,2.601,,1.427,2.192,2.17
2020-09-17,,2.065,,2.608,2.097,,2.246,,,2.447,3.25,2.405,2.915,2.72,2.083,2.524,,1.412,2.192,2.078
2020-09-18,,2.13,,2.608,2.155,,2.288,,,2.59,3.25,2.43,2.915,2.758,2.117,2.385,,1.444,2.18,2.167
2020-09-21,,2.118,,2.608,2.156,,2.262,,,2.581,3.25,2.418,2.915,2.736,2.104,2.391,,1.45,2.169,2.131
2020-09-22,,2.104,,2.608,2.131,,2.24,,,2.519,3.25,2.411,2.956,2.68,2.103,2.373,,1.434,2.137,2.114
2020-09-23,,2.118,,2.608,2.131,,2.259,,,2.573,3.25,2.423,3.038,2.727,2.091,2.414,,1.445,2.161,2.147
2020-09-24,,2.097,,2.608,2.097,,2.217,,,2.487,3.25,2.404,2.997,2.711,2.093,2.409,,1.418,2.161,2.04
2020-09-25,,2.016,,2.608,2.098,,2.227,,,2.507,3.25,2.406,2.997,2.713,2.087,2.343,,1.469,2.158,2.045
2020-09-28,,2.056,,2.608,2.146,,2.283,,,2.599,3.25,2.44,2.956,2.755,2.094,2.458,,1.509,2.158,2.138
2020-09-29,,2.115,,2.608,2.152,,2.286,,,2.615,3.24,2.422,2.956,2.716,2.107,2.468,,1.535,2.158,2.141
2020-09-30,,2.084,,2.608,2.141,,2.265,,,2.555,3.23,2.411,2.956,2.719,2.105,2.429,,1.51,2.158,2.111
2020-10-01,,2.141,,2.608,2.106,0.355,2.268,3.7,,2.566,3.24,2.414,2.976,2.725,2.079,2.519,,1.523,1.985,1.57
2020-10-02,,2.078,,2.607,2.153,0.362,2.268,3.7,,2.555,3.25,2.425,2.976,2.741,2.101,2.491,,1.579,1.985,1.636
2020-10-05,,2.058,,2.608,2.154,0.355,2.199,3.7,,2.485,3.25,2.471,2.976,2.646,2.096,2.418,,1.546,1.985,1.578
2020-10-06,,2.071,,2.608,2.167,0.357,2.195,3.6,,2.55,3.25,2.459,2.983,2.735,2.1,2.469,,1.571,1.992,1.626
2020-10-07,,2.061,,2.608,2.154,0.356,2.221,3.6,,2.539,3.25,2.484,2.983,2.705,2.091,2.457,,1.556,1.986,1.605
2020-10-08,,2.067,,2.608,2.141,0.353,2.174,3.5,,2.495,3.25,2.479,2.632,2.722,2.085,2.419,,1.508,1.991,1.579
2020-10-09,,2.07,,2.608,2.147,0.351,2.147,3.5,,2.516,3.25,2.478,2.983,2.749,2.087,2.422,,1.515,1.995,1.583
2020-10-13,,2.058,,2.608,2.153,0.351,2.158,3.5,,2.501,3.25,2.447,2.976,2.731,2.083,2.519,,1.515,1.995,1.569
2020-10-14,,2.057,,2.608,2.163,0.351,2.136,3.5,,2.472,3.25,2.446,2.976,2.71,2.085,2.421,,1.508,2.014,1.557
2020-10-15,,2.071,,2.516,2.19,0.35,2.143,3.5,,2.536,3.25,2.461,2.976,2.75,2.086,2.476,,1.531,2.059,1.598
2020-10-16,,2.081,,2.608,2.201,0.351,2.201,3.4,,2.558,3.25,2.464,2.976,2.749,2.102,2.46,,1.546,2.059,1.622
2020-10-19,,2.067,,2.608,2.156,0.349,2.174,3.4,,2.499,3.25,2.449,2.955,2.731,2.095,2.449,,1.527,2.055,1.586
2020-10-20,,2.058,,2.608,2.159,0.347,2.16,3.3,,2.439,3.25,2.46,2.955,2.71,2.088,2.404,,1.518,2.049,1.557
2020-10-21,,2.059,,2.608,2.151,0.348,2.16,3.5,,2.418,3.2,2.464,2.955,2.716,2.088,2.374,,1.521,2.044,1.565
2020-10-22,,2.067,,2.608,2.156,0.349,2.17,3.5,,2.474,3.25,2.471,2.955,2.729,2.084,2.382,,1.526,2.049,1.582
2020-10-23,,2.088,,2.608,2.188,0.35,2.188,3.5,,2.505,3.25,2.484,2.928,2.743,2.096,2.463,,1.569,2.051,1.654
2020-10-26,,2.085,,2.608,2.181,0.349,2.185,3.5,,2.526,3.25,2.434,2.928,2.739,2.083,2.474,,1.559,2.055,1.648
2020-10-27,,2.08,,2.608,2.189,0.348,2.195,3.5,,2.553,3.25,2.487,2.928,2.744,2.09,2.528,,1.562,2.069,1.653
2020-10-28,,2.102,,2.608,2.183,0.35,2.192,3.5,,2.523,3.25,2.486,2.928,2.743,2.085,2.503,,1.579,2.058,1.676
2020-10-29,,2.085,,2.608,2.177,0.346,2.196,3.5,,2.522,3.25,2.365,2.925,2.746,2.091,2.463,,1.568,2.051,1.662
2020-10-30,,2.096,,2.608,2.188,0.348,2.204,3.5,,2.53,3.25,2.472,2.972,2.744,2.086,2.42,,1.579,2.056,1.686
2020-11-03,,2.034,,2.567,2.173,,2.251,3.698,,2.519,3.25,2.483,2.723,2.748,2.119,2.452,,1.546,2.117,1.967
2020-11-04,,2.007,,2.567,2.154,,2.228,3.754,,2.473,3.25,2.469,2.747,2.742,2.119,2.367,,1.528,2.108,1.927
2020-11-05,,1.961,,2.567,2.148,,2.204,3.754,,2.401,3.25,2.417,2.395,2.695,2.109,2.311,,1.523,2.1,1.912
2020-11-06,,1.932,,2.567,2.133,,2.179,3.754,,2.409,3.25,2.429,2.772,2.662,2.106,2.305,,1.501,2.1,1.871
2020-11-09,,1.888,,2.567,2.119,,2.153,3.754,,2.376,3.25,2.401,2.772,2.636,2.1,2.265,,1.485,2.107,1.839
2020-11-10,,1.888,,2.567,2.123,,2.163,3.754,,2.338,3.25,2.407,2.691,2.646,2.089,2.281,,1.488,2.111,1.847
2020-11-11,,1.888,,2.547,2.13,,2.181,3.754,,2.419,3.25,2.425,2.772,2.676,2.087,2.42,,1.516,2.109,1.895
2020-11-12,,1.91,,2.547,2.135,,2.165,3.754,,2.402,3.25,2.433,2.747,2.687,2.086,2.335,,1.512,2.12,1.904
2020-11-13,,1.887,,2.362,2.115,,2.155,3.754,,2.34,3.25,2.402,2.756,2.673,2.087,2.273,,1.502,2.12,1.819
2020-11-16,,1.878,,2.547,2.105,,2.119,3.754,,2.311,3.25,2.425,2.696,2.662,2.075,2.257,,1.492,2.108,1.803
2020-11-17,,1.856,,2.547,2.097,,2.113,3.754,,2.293,3.25,2.398,2.663,2.668,2.072,2.232,,1.483,2.111,1.787
2020-11-18,,1.867,,2.547,2.113,,2.133,3.754,,2.308,3.25,2.411,2.741,2.69,2.078,2.272,,1.49,2.12,1.814
2020-11-19,,1.869,,2.547,2.114,,2.134,3.754,,2.341,3.25,2.411,2.741,2.692,2.079,2.256,,1.494,2.13,1.823
2020-11-20,,1.885,,2.547,2.13,,2.16,3.754,,2.375,3.25,2.423,2.628,2.735,2.087,2.298,,1.515,2.121,1.879
2020-11-23,,1.871,,2.547,2.135,,2.169,3.754,,2.381,3.25,2.433,2.741,2.747,2.079,2.312,,1.534,2.119,1.907
2020-11-24,,1.873,,2.547,2.123,,2.161,3.754,,2.351,3.25,2.389,2.741,2.737,2.08,2.297,,1.528,2.132,1.892
2020-11-25,,1.866,,2.547,2.116,,2.151,3.754,,2.313,3.25,2.383,2.772,2.728,2.081,2.277,,1.515,2.135,1.873
2020-11-26,,1.859,,2.547,2.106,,2.122,3.698,,2.288,3.25,2.365,2.772,2.718,2.066,2.245,,1.505,2.142,1.81
2020-11-27,,1.856,,2.524,2.104,,2.109,3.754,,2.268,3.25,2.406,2.772,2.705,2.07,2.208,,1.495,2.185,1.812
2020-11-30,,1.858,,2.547,2.106,,2.12,3.754,,2.267,3.25,2.411,2.784,2.712,2.077,2.222,,1.505,2.191,1.832
2020-12-01,,1.844,,2.608,2.102,,2.099,3.121,,2.261,3.25,2.396,3.043,2.686,2.084,2.116,,1.461,2.315,1.781
2020-12-02,,1.845,,2.608,2.085,,2.073,3.121,,2.232,3.25,2.359,3.043,2.687,2.083,2.069,,1.449,2.303,1.734
2020-12-03,,1.778,,2.608,2.067,,2.033,3.121,,2.184,3.25,2.336,3.043,2.645,2.069,1.999,,1.434,2.301,1.677
2020-12-04,,1.806,,2.608,2.073,,2.04,3.121,,2.185,3.25,2.374,3.043,2.646,2.071,2.007,,1.453,2.322,1.693
2020-12-07,,1.793,,2.608,2.064,,2.032,3.121,,2.169,3.25,2.372,3.043,2.633,2.055,2.011,,1.447,2.347,1.669
2020-12-08,,1.795,,2.608,2.057,,2.03,3.121,,2.163,3.25,2.311,3.043,2.598,2.062,2.009,,1.45,2.337,1.674
2020-12-09,,1.786,,2.608,2.047,,2.036,3.121,,2.168,3.25,2.352,3.043,2.607,2.061,2.018,,1.442,2.337,1.674
2020-12-10,,1.799,,2.608,2.04,,2.028,3.121,,2.16,3.25,2.343,3.043,2.59,2.07,1.99,,1.46,2.328,1.615
2020-12-11,,1.789,,2.608,2.047,,2.061,3.121,,2.186,3.25,2.367,3.043,2.633,2.067,1.97,,1.445,2.317,1.642
2020-12-14,,1.792,,2.608,2.068,,2.072,3.121,,2.194,3.25,2.371,3.043,2.642,2.075,1.998,,1.448,2.331,1.646
2020-12-15,,1.786,,2.608,2.059,,2.064,3.121,,2.172,3.25,2.363,3.043,2.627,2.071,1.985,,1.424,2.328,1.618
2020-12-16,,1.777,,2.604,2.064,,2.081,3.121,,2.247,3.25,2.387,3.043,2.637,2.076,2.032,,1.437,2.307,1.642
2020-12-17,,1.783,,2.604,2.069,,2.086,3.121,,2.252,3.25,2.387,3.04,2.637,2.069,2.041,,1.435,2.307,1.648
2020-12-18,,1.811,,2.598,2.058,,2.084,2.81,,2.25,3.25,2.385,3.04,2.63,2.065,2.048,,1.436,2.337,1.652
2020-12-21,,1.826,,2.552,2.045,,2.08,2.81,,2.246,3.25,2.383,3.04,2.629,2.06,2.074,,1.439,2.358,1.55
2020-12-22,,1.79,,2.548,2.0,,2.043,2.81,,2.165,3.25,2.379,2.928,2.624,2.036,2.037,,1.363,2.332,1.518
2020-12-23,,1.807,,2.552,2.018,,2.046,2.81,,2.235,3.25,2.368,2.906,2.611,2.048,2.014,,1.408,2.346,1.491
2020-12-24,,1.786,,2.552,2.018,,2.046,2.81,,2.234,3.25,2.368,2.906,2.611,2.048,2.013,,1.407,2.346,1.49
2020-12-28,,1.804,,2.552,2.038,,2.058,2.869,,2.257,3.25,2.469,3.14,2.774,2.058,2.04,,1.428,2.379,1.515
2020-12-29,,1.82,,2.552,2.021,,2.046,2.87,,2.196,3.25,2.36,3.096,2.744,2.052,2.007,,1.417,2.371,1.527
2020-12-30,,1.834,,2.552,2.015,,2.038,2.87,,2.202,3.25,2.357,3.096,2.741,2.049,2.01,,1.409,2.371,1.526
2020-12-31,,1.834,,2.552,2.017,,2.038,2.87,,2.201,3.25,2.358,3.095,2.741,2.048,2.009,,1.408,2.369,1.524
2021-01-04,,2.161,,2.552,2.0,,2.019,2.81,,2.305,3.25,2.337,3.098,2.584,2.077,2.14,,1.463,2.327,1.479
2021-01-05,,2.1,,2.552,1.999,,2.03,2.772,,2.312,3.2,2.327,3.011,2.561,2.061,2.17,,1.471,2.306,1.511
2021-01-06,,2.132,,2.552,2.013,,2.051,2.81,,2.38,3.25,2.345,3.118,2.588,2.074,2.137,,1.488,2.288,1.543
2021-01-07,,2.096,,2.548,2.01,,2.051,2.62,,2.428,3.0,2.371,2.925,2.625,2.084,2.185,,1.456,2.288,1.597
2021-01-08,,2.128,,2.548,2.024,,2.057,2.62,,2.446,3.0,2.379,2.945,2.634,2.09,2.204,,1.463,2.288,1.616
2021-01-11,,2.112,,2.502,2.04,,2.075,2.62,,2.421,3.0,2.378,2.988,2.658,2.097,2.225,,1.527,2.284,1.611
2021-01-12,,2.096,,2.502,2.021,,2.043,2.62,,2.385,3.0,2.365,2.988,2.644,2.09,2.196,,1.512,2.276,1.587
2021-01-13,,2.126,,2.365,2.044,,2.058,2.62,,2.44,3.0,2.384,3.094,2.666,2.105,2.246,,1.536,2.287,1.644
2021-01-14,,2.114,,2.365,2.022,,2.033,2.62,,2.422,3.0,2.372,3.094,2.643,2.086,2.221,,1.54,2.259,1.576
2021-01-15,,2.095,,2.224,2.022,,2.031,2.62,,2.363,3.0,2.362,3.094,2.614,2.09,2.208,,1.559,2.251,1.591
2021-01-18,,2.093,,2.224,1.998,,2.025,2.62,,2.321,3.0,2.358,3.05,2.61,2.066,2.199,,1.525,2.207,1.572
2021-01-19,,2.078,,2.361,1.986,,2.045,2.62,,2.297,3.0,2.361,3.03,2.616,2.052,2.203,,1.525,2.202,1.575
2021-01-20,,2.096,,2.361,1.985,,2.024,2.62,,2.379,3.0,2.34,3.03,2.62,2.047,2.201,,1.522,2.201,1.573
2021-01-21,,2.06,,2.361,2.003,,2.033,2.62,,2.402,2.8,2.346,2.965,2.636,2.053,2.215,,1.555,2.209,1.616
2021-01-22,,2.06,,2.361,2.013,,2.051,2.62,,2.409,3.0,2.363,2.965,2.666,2.067,2.244,,1.556,2.205,1.633
2021-01-25,,2.06,,2.361,2.012,,2.05,2.62,,2.408,3.0,2.363,2.965,2.666,2.066,2.243,,1.555,2.204,1.631
2021-01-26,,2.062,,2.361,1.985,,2.001,2.62,,2.394,3.0,2.335,2.944,2.641,2.041,2.198,,1.567,2.19,1.606
2021-01-27,,2.062,,2.361,1.969,,1.982,2.62,,2.421,3.0,2.352,3.016,2.568,2.033,2.202,,1.573,2.188,1.602
2021-01-28,,2.062,,2.361,1.958,,1.964,2.62,,2.375,3.0,2.343,2.887,2.573,2.023,2.176,,1.551,2.158,1.571
2021-01-29,,2.053,,2.361,1.934,,1.942,2.62,,2.272,3.0,2.321,2.887,2.556,2.063,2.148,,1.537,2.14,1.539
2021-02-01,,2.774,,2.361,1.924,1.5,2.001,2.572,,2.261,3.0,2.288,2.54,2.552,2.015,2.221,,1.31,2.136,1.474
2021-02-02,,2.761,,2.361,1.912,1.3,1.984,2.572,,2.238,3.0,2.256,2.521,2.534,2.009,2.198,,1.307,2.111,1.454
2021-02-03,,2.742,,2.361,1.901,1.45,1.943,2.572,,2.156,3.0,2.272,2.498,2.526,1.999,2.166,,1.311,2.093,1.451
2021-02-04,,2.722,,2.361,1.896,1.45,1.969,2.572,,2.206,2.75,2.152,2.475,2.536,1.985,2.162,,1.307,2.068,1.466
2021-02-05,,2.689,,2.357,1.896,1.45,1.96,2.572,,2.168,2.75,2.086,2.464,2.459,1.983,2.155,,1.319,2.065,1.499
2021-02-08,,2.718,,2.357,1.887,1.4,1.944,2.62,,2.154,2.75,2.089,2.451,2.405,1.963,2.153,,1.318,2.043,1.494
2021-02-09,,2.72,,2.357,1.882,1.45,1.94,2.596,,2.158,2.75,2.118,2.451,2.474,1.95,2.15,,1.317,2.064,1.504
2021-02-10,,2.711,,2.357,1.869,1.45,1.907,2.62,,2.132,2.75,2.078,2.395,2.441,1.945,2.108,,1.303,2.052,1.468
2021-02-11,,2.681,,2.357,1.843,1.45,1.889,2.31,,2.102,2.6,2.077,2.393,2.445,1.924,2.053,,1.303,2.034,1.464
2021-02-12,,2.637,,2.311,1.843,1.45,1.87,2.56,,2.074,2.45,2.023,2.368,2.453,1.902,2.049,,1.308,2.018,1.48
2021-02-17,,2.641,,2.311,1.855,1.45,1.883,2.56,,2.095,2.45,2.033,2.368,2.466,1.909,2.072,,1.319,2.022,1.508
2021-02-18,,2.645,,2.311,1.848,1.4,1.886,2.56,,2.064,2.45,2.014,2.38,2.461,1.888,2.048,,1.314,2.022,1.513
2021-02-19,,2.633,,2.311,1.855,1.4,1.892,2.56,,2.084,2.45,2.022,2.38,2.443,1.887,2.066,,1.319,1.992,1.532
2021-02-22,,2.646,,2.311,1.878,1.4,1.915,2.56,,2.159,2.45,2.039,2.38,2.496,1.902,2.12,,1.336,2.005,1.635
2021-02-23,,2.632,,2.307,1.858,1.4,1.9,2.56,,2.098,2.45,1.955,2.346,2.488,1.894,2.077,,1.325,1.994,1.604
2021-02-24,,2.637,,2.257,1.866,1.4,1.903,2.56,,2.109,2.45,1.948,2.37,2.51,1.903,2.1,,1.324,1.977,1.624
2021-02-25,,2.624,,2.257,1.861,1.4,1.866,2.56,,2.066,2.45,1.972,2.37,2.445,1.881,2.118,,1.347,1.965,1.65
2021-02-26,,2.626,,2.257,1.873,1.4,1.889,2.5,,2.086,2.45,1.954,2.37,2.374,1.895,2.13,,1.363,1.988,1.678
2021-03-01,,2.764,,2.257,1.881,1.35,1.931,2.5,,2.115,2.45,1.966,2.381,2.328,2.116,2.14,,1.444,1.969,1.458
2021-03-02,,2.749,,2.257,1.87,1.35,1.925,2.5,,2.088,2.45,1.933,2.381,2.337,2.105,2.043,,1.45,1.965,1.473
2021-03-03,,2.755,,2.257,1.87,1.35,1.915,2.5,,2.059,2.45,1.951,2.391,2.307,2.11,2.067,,1.468,1.971,1.704
2021-03-04,,2.726,,2.257,1.818,1.35,1.845,2.5,,1.983,2.45,1.859,2.415,2.248,2.081,1.96,,1.433,1.945,1.598
2021-03-05,,2.711,,2.257,1.801,1.35,1.836,2.5,,1.965,2.45,1.881,2.495,2.221,2.06,1.902,,1.426,1.974,1.566
2021-03-08,,2.729,,2.257,1.821,1.35,1.863,2.5,,2.009,2.45,1.904,2.535,2.249,2.063,1.956,,1.447,1.974,1.633
2021-03-09,,2.735,,2.257,1.836,1.35,1.875,2.5,,2.031,2.45,1.913,2.548,2.268,2.076,1.996,,1.454,1.982,1.649
2021-03-10,,2.751,,2.257,1.835,1.35,1.883,2.5,,2.031,2.45,1.901,2.564,2.267,2.077,2.002,,1.457,1.994,1.657
2021-03-11,,2.75,,2.257,1.836,1.3,1.885,2.5,,2.029,2.45,1.907,2.56,2.253,2.073,1.974,,1.466,1.996,1.67
2021-03-12,,2.755,,2.257,1.85,1.25,1.899,2.5,,2.028,2.45,1.913,2.56,2.268,2.091,1.992,,1.477,2.008,1.697
2021-03-15,,2.759,,2.257,1.85,1.3,1.888,2.5,,2.043,2.45,1.898,2.56,2.236,2.092,1.991,,1.487,2.011,1.701
2021-03-16,,2.738,,2.257,1.825,1.35,1.851,2.5,,2.014,2.45,1.833,2.56,2.23,2.085,1.925,,1.485,2.01,1.687
2021-03-17,,2.739,,2.257,1.835,1.3,1.858,2.5,,2.018,2.45,1.898,2.562,2.234,2.076,1.941,,1.493,2.01,1.694
2021-03-18,,2.757,,2.257,1.82,1.3,1.868,2.5,,2.022,2.45,1.877,2.55,2.228,2.092,1.945,,1.531,1.99,1.737
2021-03-19,,2.762,,2.257,1.828,1.3,1.878,2.5,,2.038,2.45,1.868,2.539,2.235,2.086,1.952,,1.535,1.992,1.753
2021-03-22,,2.772,,2.257,1.813,1.35,1.872,2.5,,2.054,2.45,1.877,2.516,2.216,2.089,1.971,,1.529,1.995,1.769
2021-03-23,,2.773,,2.302,1.796,1.3,1.875,2.5,,2.051,2.45,1.88,2.528,2.237,2.096,1.986,,1.539,2.005,1.801
2021-03-24,,2.787,,2.302,1.81,1.3,1.882,2.5,,2.07,2.45,1.895,2.539,2.262,2.085,1.98,,1.546,1.991,1.822
2021-03-25,,2.772,,2.302,1.797,1.3,1.866,2.5,,2.049,2.45,1.87,2.539,2.261,2.087,1.97,,1.535,1.984,1.802
2021-03-26,,2.783,,2.165,1.802,1.3,1.873,2.5,,2.018,2.45,1.881,2.528,2.262,2.092,1.974,,1.543,1.973,1.815
2021-03-29,,2.771,,2.257,1.8,1.3,1.867,2.5,,2.036,2.45,1.891,2.551,2.277,2.094,1.99,,1.549,1.976,1.843
2021-03-30,,2.772,,2.257,1.781,1.35,1.848,2.5,,2.0,2.45,1.881,2.551,2.262,2.077,1.959,,1.527,1.97,1.797
2021-03-31,,2.774,,2.257,1.772,1.35,1.848,2.5,,1.976,2.45,1.846,2.539,2.264,2.082,1.96,,1.519,1.969,1.782
2021-04-01,,2.36,,2.257,1.797,1.53,1.852,2.274,,2.061,2.305,1.852,2.541,2.224,2.271,1.931,,1.523,1.983,1.806
2021-04-05,,2.363,,2.257,1.79,1.531,1.846,2.274,,2.053,2.305,1.873,2.553,2.222,2.259,1.925,,1.522,1.958,1.789
2021-04-06,,2.358,,2.257,1.799,1.522,1.842,2.274,,2.043,2.378,1.878,2.553,2.23,2.265,1.938,,1.527,1.985,1.804
2021-04-07,,2.359,,2.257,1.804,1.519,1.853,2.274,,2.037,2.305,1.887,2.541,2.244,2.255,1.947,,1.538,1.988,1.834
2021-04-08,,2.353,,2.257,1.779,1.517,1.822,2.274,,1.979,2.305,1.872,2.553,2.221,2.251,1.893,,1.528,1.971,1.773
2021-04-09,,2.359,,2.257,1.789,1.524,1.822,2.274,,1.969,2.281,1.858,2.553,2.238,2.251,1.904,,1.537,1.982,1.799
2021-04-12,,2.355,,2.257,1.786,1.529,1.819,2.274,,1.972,2.281,1.857,2.553,2.198,2.231,1.896,,1.537,1.975,1.796
2021-04-13,,2.455,,2.257,1.784,1.526,1.826,2.274,,2.019,2.257,1.865,2.541,2.209,2.236,1.914,,1.532,1.975,1.819
2021-04-14,,2.286,,2.257,1.775,1.516,1.818,2.274,,1.98,2.281,1.86,2.541,2.203,2.231,1.895,,1.526,1.96,1.794
2021-04-15,,2.279,,2.211,1.762,1.51,1.807,2.274,,1.961,2.281,1.853,2.553,2.193,2.221,1.874,,1.519,1.953,1.769
2021-04-16,,2.274,,2.257,1.745,1.503,1.761,2.274,,1.932,2.281,1.84,2.553,2.135,2.212,1.816,,1.512,1.947,1.741
2021-04-19,,1.895,,2.257,1.733,1.506,1.759,2.274,,1.92,2.281,1.834,2.553,2.125,2.206,1.798,,1.509,1.953,1.723
2021-04-20,,1.894,,2.257,1.728,1.508,1.762,2.274,,1.931,2.281,1.841,2.553,2.132,2.206,1.814,,1.518,1.95,1.75
2021-04-22,,1.858,,2.257,1.712,1.542,1.741,2.274,,1.884,2.255,1.806,2.512,2.113,2.2,1.78,,1.508,1.946,1.587
2021-04-23,,1.865,,2.257,1.702,1.542,1.727,2.274,,1.875,2.281,1.801,2.512,2.105,2.201,1.771,,1.505,1.945,1.707
2021-04-26,,1.865,,2.257,1.699,1.538,1.726,2.228,,1.88,2.281,1.824,2.512,2.091,2.201,1.764,,1.507,1.933,1.705
2021-04-27,,1.866,,2.257,1.702,1.539,1.718,2.228,,1.883,2.281,1.794,2.491,2.109,2.196,1.767,,1.508,1.933,1.718
2021-04-28,,1.865,,2.257,1.694,1.539,1.71,2.228,,1.878,2.281,1.792,2.512,2.107,2.195,1.765,,1.507,1.932,1.711
2021-04-29,,1.865,,2.257,1.691,1.539,1.71,2.228,,1.871,2.281,1.791,2.512,2.095,2.194,1.763,,1.505,1.932,1.705
2021-04-30,,1.865,,2.257,1.69,1.54,1.705,2.228,,1.881,2.281,1.794,2.512,2.12,2.195,1.775,,1.511,1.932,1.714
2021-05-03,,1.816,,2.186,1.702,1.52,1.711,2.228,,1.859,2.041,1.801,2.304,2.129,2.194,1.81,,1.502,1.922,1.746
2021-05-04,,1.82,,2.186,1.709,1.52,1.723,2.228,,1.879,2.046,1.81,2.304,2.144,2.2,1.829,,1.511,1.925,1.781
2021-05-05,,1.818,,2.186,1.702,1.52,1.712,2.228,,1.87,2.045,1.805,2.304,2.117,2.198,1.819,,1.511,1.924,1.771
2021-05-06,,1.812,,2.176,1.703,1.435,1.715,2.228,,1.847,2.047,1.799,2.304,2.125,2.193,1.815,,1.511,1.924,1.778
2021-05-07,,1.813,,2.209,1.707,1.435,1.707,2.228,,1.846,2.05,1.78,2.304,2.123,2.195,1.82,,1.518,1.921,1.796
2021-05-10,,2.288,,2.206,1.701,1.435,1.712,2.228,,1.857,2.051,1.78,2.304,2.129,2.2,1.826,,1.518,1.92,1.794
2021-05-11,,2.206,,2.206,1.688,1.433,1.704,2.228,,1.833,2.039,1.775,2.273,2.125,2.19,1.807,,1.51,1.907,1.777
2021-05-12,,2.193,,2.206,1.7,1.435,1.717,2.228,,1.854,2.048,1.81,2.273,2.144,2.198,1.836,,1.527,1.913,1.828
2021-05-13,,2.17,,2.206,1.693,1.435,1.714,2.146,,1.853,2.046,1.785,2.273,2.142,2.202,1.826,,1.526,1.914,1.803
2021-05-14,,2.163,,2.206,1.694,1.435,1.717,2.228,,1.84,2.031,1.835,2.273,2.143,2.207,1.826,,1.536,1.921,1.828
2021-05-17,,2.178,,2.206,1.682,1.435,1.709,2.228,,1.838,2.03,1.807,2.289,2.136,2.201,1.802,,1.533,1.915,1.773
2021-05-18,,2.179,,2.206,1.684,1.435,1.707,2.228,,1.836,2.051,1.812,2.289,2.144,2.198,1.804,,1.536,1.918,1.794
2021-05-19,,2.18,,2.206,1.683,1.435,1.716,2.228,,1.848,2.053,1.815,2.289,2.15,2.198,1.818,,1.542,1.919,1.808
2021-05-20,,2.178,,2.206,1.677,1.431,1.715,2.228,,1.879,2.05,1.809,2.289,2.142,2.195,1.807,,1.54,1.913,1.789
2021-05-21,,2.175,,2.206,1.674,1.435,1.705,2.228,,1.827,2.032,1.806,2.289,2.137,2.194,1.795,,1.547,1.904,1.77
2021-05-24,,2.178,,2.243,1.683,1.435,1.714,2.166,,1.88,2.053,1.812,2.289,2.145,2.201,1.804,,1.552,1.917,1.8
2021-05-25,,2.175,,2.243,1.674,1.435,1.711,2.166,,1.863,2.049,1.818,2.289,2.136,2.198,1.792,,1.545,1.907,1.779
2021-05-26,,2.174,,2.243,1.665,1.425,1.697,2.166,,1.852,2.047,1.814,2.289,2.129,2.189,1.781,,1.544,1.898,1.77
2021-05-27,,2.162,,2.243,1.662,1.429,1.696,2.166,,1.841,2.045,1.804,2.289,2.116,2.192,1.768,,1.544,1.906,1.757
2021-05-28,,2.164,,2.279,1.658,1.425,1.677,2.077,,1.834,2.046,1.799,2.289,2.104,2.188,1.76,,1.549,1.906,1.757
2021-05-31,,2.148,,2.243,1.663,1.425,1.684,2.077,,1.828,2.05,1.803,2.289,2.108,2.194,1.771,,1.554,1.901,1.775
2021-06-01,,2.018,,2.385,1.673,1.445,1.694,2.078,,1.879,1.744,1.803,2.226,2.105,2.037,1.782,,1.563,1.938,1.806
2021-06-02,,1.985,,2.385,1.674,1.445,1.688,2.078,,1.87,2.094,1.798,2.226,2.083,2.035,1.773,,1.561,1.937,1.795
2021-06-04,,1.983,,2.385,1.662,1.445,1.678,2.078,,1.859,2.07,1.791,2.226,2.06,2.027,1.765,,1.553,1.935,1.774
2021-06-07,,1.984,,2.385,1.666,1.445,1.685,2.078,,1.878,1.689,1.797,2.226,2.061,2.042,1.777,,1.562,1.938,1.531
2021-06-08,,1.896,,2.385,1.661,1.445,1.682,2.078,,1.852,1.659,1.795,2.226,2.06,2.036,1.775,,1.564,1.939,1.533
2021-06-09,,1.88,,2.385,1.664,1.445,1.682,2.078,,1.866,1.677,1.787,2.226,2.06,2.043,1.786,,1.576,1.929,1.551
2021-06-10,,1.892,,2.385,1.668,1.445,1.708,2.078,,1.853,1.7,1.769,2.226,2.034,2.039,1.795,,1.587,1.936,1.57
2021-06-11,,1.907,,2.411,1.75,1.445,1.7,2.078,,1.911,1.695,1.857,2.226,2.079,2.051,1.773,,1.608,1.973,1.579
2021-06-14,,1.892,,2.385,1.671,1.442,1.688,2.078,,1.852,1.692,1.772,2.226,2.038,2.032,1.763,,1.564,1.933,1.579
2021-06-15,,1.889,,2.43,1.669,1.443,1.657,2.078,,1.847,1.692,1.769,2.226,2.029,2.021,1.741,,1.57,1.935,1.536
2021-06-16,,1.891,,2.43,1.665,1.435,1.659,2.078,,1.85,1.698,1.771,2.226,2.03,2.022,1.746,,1.574,1.937,1.545
2021-06-17,,1.898,,2.43,1.666,1.43,1.665,2.078,,1.873,1.724,1.778,2.226,2.05,2.019,1.756,,1.595,1.932,1.536
2021-06-18,,1.888,,2.43,1.666,1.432,1.677,2.078,,1.872,1.776,1.791,2.226,2.073,2.023,1.774,,1.607,1.935,1.554
2021-06-21,,1.892,,2.43,1.653,1.432,1.665,2.078,,1.855,1.748,1.782,2.21,2.056,2.015,1.758,,1.6,1.93,1.532
2021-06-22,,1.885,,2.43,1.656,1.435,1.671,2.078,,1.869,1.776,1.784,2.194,2.062,1.985,1.77,,1.614,1.914,1.562
2021-06-23,,1.936,,2.43,1.655,1.433,1.669,2.078,,1.855,1.781,1.772,2.161,2.041,2.022,1.772,,1.618,1.904,1.567
2021-06-24,,1.934,,2.43,1.65,1.433,1.661,2.017,,1.849,1.768,1.766,2.161,2.031,1.968,1.761,,1.616,1.903,1.551
2021-06-25,,1.91,,2.43,1.642,1.433,1.651,2.017,,1.847,1.758,1.744,2.161,2.034,1.964,1.737,,1.614,1.879,1.511
2021-06-28,,1.9,,2.43,1.624,1.433,1.64,1.928,,1.831,1.719,1.737,2.161,2.023,1.959,1.705,,1.601,1.879,1.477
2021-06-29,,1.899,,2.43,1.62,1.433,1.631,1.928,,1.827,1.711,1.735,2.107,2.02,1.958,1.698,,1.596,1.877,1.45
2021-06-30,,1.896,,2.43,1.625,1.43,1.634,1.928,,1.838,1.735,1.739,2.161,2.029,1.961,1.71,,1.583,1.875,1.471
2021-07-01,,1.897,,2.43,1.628,1.433,1.64,1.928,,1.83,1.748,1.678,2.248,2.038,1.981,1.715,,1.589,1.871,1.483
2021-07-02,,1.896,,2.43,1.625,1.441,1.635,1.928,,1.843,1.738,1.676,2.24,2.02,1.983,1.707,,1.584,1.868,1.474
2021-07-05,,1.886,,2.43,1.624,1.438,1.64,1.928,,1.853,1.748,1.682,2.195,2.025,1.981,1.69,,1.592,1.869,1.491
2021-07-06,,1.874,,2.376,1.621,1.426,1.642,1.887,,1.856,1.775,1.69,2.216,2.018,1.969,1.694,,1.593,1.864,1.51
2021-07-07,,1.849,,2.376,1.602,1.449,1.618,1.864,,1.845,1.756,1.684,2.199,1.99,1.959,1.672,,1.588,1.859,1.497
2021-07-08,,1.819,,2.376,1.607,1.439,1.613,1.864,,1.843,1.769,1.658,2.199,1.968,1.958,1.683,,1.595,1.856,1.493
2021-07-09,,1.818,,2.376,1.606,1.439,1.613,1.864,,1.843,1.769,1.657,2.199,1.968,1.958,1.683,,1.593,1.856,1.492
2021-07-12,,1.856,,2.376,1.602,1.439,1.617,1.819,,1.851,1.53,1.665,2.199,1.986,1.951,1.689,,1.597,1.856,1.498
2021-07-13,,1.838,,2.376,1.611,1.439,1.621,1.819,,1.859,1.543,1.705,2.202,1.992,1.951,1.693,,1.601,1.837,1.512
2021-07-14,,1.819,,2.376,1.592,1.439,1.611,1.819,,1.84,1.522,1.673,2.202,1.977,1.944,1.676,,1.33,1.84,1.489
2021-07-15,,1.811,,2.376,1.587,1.439,1.603,1.819,,1.832,1.52,1.694,2.202,1.977,1.935,1.677,,1.334,1.84,1.446
2021-07-16,,1.808,,2.376,1.576,1.439,1.593,1.819,,1.823,1.51,1.688,2.199,1.954,1.93,1.669,,1.33,1.832,1.436
2021-07-19,,1.801,,2.376,1.572,1.43,1.588,1.819,,1.811,1.498,1.68,2.199,1.954,1.93,1.666,,1.327,1.831,1.408
2021-07-20,,1.765,,2.376,1.565,1.43,1.579,1.819,,1.797,1.485,1.676,2.199,1.944,1.926,1.65,,1.326,1.829,1.395
2021-07-21,,1.754,,2.376,1.56,1.409,1.57,1.819,,1.79,1.485,1.677,2.192,1.945,1.923,1.644,,1.325,1.822,1.386
2021-07-22,,1.754,,2.376,1.562,1.409,1.572,1.819,,1.792,1.493,1.677,2.18,1.933,1.904,1.632,,1.284,1.82,1.395
2021-07-23,,1.833,,2.376,1.58,1.409,1.581,1.819,,1.812,1.535,1.694,2.182,1.957,1.91,1.656,,1.304,1.828,1.441
2021-07-26,,1.825,,2.376,1.58,1.409,1.576,1.819,,1.813,1.551,1.698,2.181,1.955,1.912,1.662,,1.313,1.83,1.439
2021-07-27,,1.83,,2.376,1.579,1.409,1.579,1.819,,1.813,1.562,1.701,2.181,1.948,1.9,1.659,,1.319,1.833,1.45
2021-07-28,,1.83,,2.376,1.572,1.409,1.577,1.753,,1.816,1.569,1.684,2.181,1.942,1.896,1.653,,1.316,1.829,1.312
2021-07-29,,1.827,,2.376,1.567,1.409,1.571,1.819,,1.806,1.549,1.697,2.172,1.945,1.896,1.646,,1.313,1.827,1.296
2021-07-30,,1.831,,2.376,1.584,1.407,1.582,1.819,,1.828,1.592,1.72,2.172,1.97,1.9,1.673,,1.324,1.833,1.333
2021-08-02,,2.104,,2.376,1.573,1.464,1.614,1.884,,1.892,1.592,1.703,2.089,1.954,1.924,1.657,,1.323,1.824,1.239
2021-08-03,,2.099,,2.376,1.568,1.462,1.609,1.869,,1.886,1.601,1.706,2.086,1.957,1.922,1.662,,1.325,1.816,1.244
2021-08-04,,2.094,,2.376,1.566,1.462,1.609,1.869,,1.876,1.599,1.706,2.084,1.956,1.922,1.657,,1.325,1.824,1.243
2021-08-05,,2.096,,2.376,1.576,1.441,1.619,1.869,,1.9,1.641,1.728,2.082,1.976,1.927,1.667,,1.337,1.826,1.257
2021-08-06,,2.075,,2.376,1.573,1.44,1.62,1.869,,1.9,1.638,1.726,2.082,1.976,1.927,1.665,,1.339,1.826,1.256
2021-08-09,,2.066,,2.376,1.546,1.44,1.603,1.869,,1.878,1.511,1.702,2.082,1.97,1.931,1.644,,1.345,1.809,1.199
2021-08-10,,2.054,,2.376,1.503,1.44,1.6,1.869,,1.86,1.491,1.681,2.082,1.962,1.923,1.634,,1.341,1.798,1.185
2021-08-11,,2.054,,2.376,1.508,1.439,1.589,1.869,,1.859,1.496,1.658,2.071,1.959,1.924,1.637,,1.344,1.805,1.188
2021-08-12,,2.056,,2.376,1.514,1.439,1.588,1.833,,1.863,1.514,1.667,2.071,1.971,1.927,1.642,,1.35,1.798,1.163
2021-08-13,,2.055,,2.376,1.52,1.437,1.594,1.833,,1.865,1.53,1.663,2.063,1.994,1.931,1.656,,1.355,1.8,1.177
2021-08-16,,2.075,,2.376,1.516,1.432,1.6,1.833,,1.871,1.535,1.672,2.067,1.948,1.932,1.661,,1.352,1.8,1.178
2021-08-17,,2.192,,2.422,1.514,1.429,1.591,1.833,,1.87,1.535,1.668,2.041,1.937,1.923,1.641,,1.356,1.797,1.18
2021-08-18,,2.192,,2.417,1.518,1.439,1.602,1.833,,1.878,1.558,1.683,2.041,1.935,1.928,1.664,,1.364,1.804,1.196
2021-08-19,,2.208,,2.417,1.517,1.475,1.603,1.833,,1.871,1.558,1.643,2.076,1.882,1.934,1.676,,1.376,1.807,1.168
2021-08-20,,2.21,,2.417,1.505,1.475,1.595,1.833,,1.858,1.54,1.634,2.054,1.89,1.93,1.66,,1.374,1.806,1.141
2021-08-23,,2.201,,2.417,1.501,1.475,1.58,1.833,,1.853,1.554,1.644,2.054,1.903,1.924,1.637,,1.375,1.807,1.142
2021-08-24,,2.122,,2.367,1.492,1.464,1.572,1.833,,1.833,1.539,1.636,2.054,1.891,1.922,1.627,,1.372,1.806,1.114
2021-08-25,,2.127,,2.367,1.485,1.424,1.568,1.833,,1.822,1.54,1.629,2.011,1.87,1.917,1.622,,1.375,1.807,1.108
2021-08-26,,2.105,,2.367,1.479,1.416,1.564,1.833,,1.826,1.543,1.63,2.011,1.871,1.915,1.623,,1.364,1.808,1.114
2021-08-27,,2.093,,2.367,1.459,1.416,1.538,1.798,,1.802,1.531,1.614,2.006,1.814,1.891,1.575,,1.346,1.783,1.106
2021-08-30,,2.113,,2.417,1.458,1.412,1.537,1.798,,1.803,1.523,1.613,2.027,1.816,1.882,1.573,,1.346,1.794,1.101
2021-08-31,,2.087,,2.367,1.463,1.42,1.546,1.798,,1.804,1.541,1.624,2.001,1.83,1.883,1.583,,1.346,1.741,1.109
2021-09-01,,2.001,,2.367,1.475,1.427,1.557,1.798,,1.814,1.543,1.626,2.045,1.829,1.879,1.597,,1.351,1.714,1.117
2021-09-02,,2.001,,2.367,1.48,1.423,1.566,1.78,,1.82,1.565,1.627,2.045,1.844,1.882,1.611,,1.356,1.715,1.128
2021-09-03,,1.991,,2.367,1.477,1.419,1.566,1.78,,1.82,1.569,1.63,2.037,1.835,1.88,1.614,,1.354,1.713,1.135
2021-09-06,,1.99,,2.367,1.475,1.419,1.565,1.78,,1.818,1.563,1.628,2.037,1.833,1.88,1.611,,1.357,1.712,1.131
2021-09-08,,1.941,,2.367,1.473,1.415,1.57,1.78,,1.824,1.513,1.642,1.985,1.832,1.88,1.622,,1.365,1.698,1.121
2021-09-09,,1.939,,2.367,1.477,1.4,1.561,1.78,,1.833,1.573,1.636,1.98,1.844,1.877,1.645,,1.403,1.704,1.172
2021-09-10,,1.942,,2.367,1.471,1.403,1.565,1.78,,1.828,1.561,1.63,1.98,1.835,1.878,1.634,,1.393,1.698,1.152
2021-09-13,,1.939,,2.367,1.469,1.406,1.564,1.78,,1.82,1.559,1.628,2.001,1.818,1.878,1.632,,1.395,1.699,1.155
2021-09-14,,1.939,,2.367,1.456,1.409,1.559,1.78,,1.809,1.524,1.62,2.001,1.816,1.874,1.617,,1.369,1.695,1.112
2021-09-15,,1.94,,2.367,1.459,1.407,1.563,1.744,,1.815,1.535,1.625,2.001,1.822,1.876,1.623,,1.372,1.696,1.129
2021-09-16,,1.939,,2.367,1.458,1.406,1.564,1.744,,1.815,1.54,1.586,2.001,1.798,1.868,1.621,,1.373,1.702,1.132
2021-09-17,,1.932,,2.367,1.442,1.387,1.549,1.744,,1.799,1.396,1.59,2.001,1.804,1.872,1.539,,1.374,1.687,1.084
2021-09-20,,1.914,,2.367,1.437,1.387,1.545,1.744,,1.794,1.387,1.586,2.001,1.799,1.85,1.529,,1.373,1.692,1.08
2021-09-21,,1.906,,2.367,1.427,1.383,1.531,1.713,,1.774,1.364,1.572,2.001,1.781,1.84,1.513,,1.37,1.676,1.062
2021-09-22,,1.902,,2.367,1.418,1.379,1.523,1.713,,1.772,1.362,1.545,2.001,1.776,1.837,1.509,,1.361,1.715,1.061
2021-09-23,,1.96,,2.367,1.415,1.371,1.532,1.713,,1.762,1.373,1.553,2.006,1.792,1.831,1.5,,1.361,1.667,1.058
2021-09-24,,1.951,,2.367,1.415,1.367,1.522,1.713,,1.767,1.381,1.556,2.006,1.798,1.818,1.5,,1.365,1.667,1.065
2021-09-27,,1.942,,2.367,1.417,1.36,1.525,1.713,,1.772,1.392,1.56,2.006,1.805,1.828,1.506,,1.367,1.662,1.074
2021-09-28,,1.944,,2.367,1.426,1.374,1.529,1.713,,1.777,1.406,1.563,2.006,1.811,1.824,1.513,,1.422,1.666,1.085
2021-09-29,,1.943,,2.367,1.415,1.371,1.514,1.713,,1.752,1.399,1.557,2.006,1.805,1.834,1.501,,1.42,1.651,1.071
2021-09-30,,1.93,,2.367,1.414,1.371,1.509,1.713,,1.749,1.408,1.551,2.017,1.813,1.819,1.49,,1.291,1.652,1.077
2021-10-01,,2.168,,2.367,1.429,1.42,1.502,1.944,,1.777,1.423,1.544,2.015,1.804,1.793,1.498,,1.181,1.743,1.1
2021-10-04,,2.163,,2.367,1.421,1.42,1.503,1.939,,1.779,1.432,1.546,1.99,1.809,1.793,1.5,,1.168,1.733,1.109
2021-10-05,,2.158,,2.367,1.413,1.419,1.493,1.931,,1.774,1.438,1.532,1.994,1.811,1.792,1.497,,1.171,1.725,1.11
2021-10-06,,2.156,,2.367,1.4,1.418,1.485,1.929,,1.754,1.416,1.522,2.015,1.802,1.786,1.484,,1.168,1.719,1.092
2021-10-07,,2.131,,2.367,1.39,1.415,1.484,1.914,,1.756,1.438,1.521,2.015,1.809,1.776,1.481,,1.117,1.709,1.097
2021-10-08,,2.141,,2.367,1.384,1.432,1.476,1.911,,1.75,1.414,1.51,2.011,1.78,1.772,1.465,,1.113,1.707,1.079
2021-10-11,,2.142,,2.367,1.386,1.432,1.478,1.911,,1.754,1.42,1.514,2.011,1.785,1.773,1.47,,1.116,1.708,1.084
2021-10-13,,2.137,,2.367,1.381,1.432,1.477,1.913,,1.75,1.419,1.512,2.011,1.781,1.773,1.463,,1.119,1.708,1.08
2021-10-14,,2.132,,2.367,1.383,1.431,1.468,1.88,,1.756,1.43,1.515,2.011,1.723,1.771,1.455,,1.123,1.708,1.087
2021-10-15,,2.138,,2.367,1.39,1.43,1.48,1.88,,1.763,1.445,1.522,2.011,1.73,1.773,1.46,,1.124,1.71,1.098
2021-10-18,,2.112,,2.359,1.388,1.411,1.471,1.878,,1.763,1.453,1.514,2.011,1.734,1.761,1.458,,1.108,1.711,1.101
2021-10-19,,2.121,,2.359,1.404,1.412,1.485,1.878,,1.784,1.514,1.542,2.011,1.766,1.761,1.489,,1.126,1.716,1.119
2021-10-20,,2.115,,2.359,1.378,1.412,1.476,1.877,,1.771,1.359,1.544,2.011,1.722,1.763,1.459,,1.127,1.701,1.109
2021-10-21,,2.119,,2.359,1.412,1.412,1.496,1.876,,1.788,1.456,1.56,2.011,1.751,1.769,1.505,,1.152,1.697,1.148
2021-10-22,,2.124,,2.359,1.42,1.431,1.494,1.873,,1.795,1.49,1.584,2.011,1.754,1.774,1.503,,1.172,1.716,1.163
2021-10-25,,2.151,,2.359,1.433,1.458,1.521,1.872,,1.816,1.521,1.604,2.011,1.77,1.792,1.524,,1.203,1.719,1.208
2021-10-26,,2.154,,2.359,1.445,1.467,1.532,1.872,,1.831,1.563,1.615,2.036,1.779,1.796,1.545,,1.219,1.75,1.242
2021-10-27,,2.197,,2.359,1.445,1.445,1.523,1.873,,1.825,1.557,1.595,2.047,1.776,1.807,1.538,,1.237,1.767,1.249
2021-10-28,,2.168,,2.359,1.464,1.445,1.532,1.872,,1.856,1.639,1.605,2.047,1.807,1.806,1.575,,1.227,1.775,1.279
2021-10-29,,2.176,,2.359,1.461,1.465,1.529,1.885,,1.842,1.658,1.605,2.047,1.795,1.807,1.561,,1.222,1.773,1.268
2021-11-01,,2.013,,2.358,1.481,1.557,1.539,1.764,,1.875,1.717,1.617,2.257,1.808,1.808,1.521,,1.153,1.944,1.283
2021-11-03,,2.019,,2.358,1.461,1.562,1.521,1.762,,1.853,1.643,1.599,2.257,1.783,1.805,1.502,,1.153,1.946,1.243
2021-11-04,,2.017,,2.358,1.459,1.562,1.525,1.775,,1.848,1.647,1.604,2.266,1.79,1.809,1.508,,1.153,1.952,1.242
2021-11-05,,2.015,,2.358,1.459,1.563,1.53,1.775,,1.855,1.635,1.6,2.27,1.785,1.809,1.504,,1.153,1.952,1.24
2021-11-08,,2.015,,2.358,1.466,1.603,1.539,1.775,,1.858,1.656,1.603,2.266,1.782,1.808,1.509,,1.181,1.956,1.254
2021-11-09,,2.008,,2.358,1.458,1.603,1.531,1.777,,1.842,1.645,1.583,2.265,1.766,1.797,1.5,,1.181,1.95,1.24
2021-11-10,,2.018,,2.358,1.465,1.603,1.529,1.777,,1.834,1.651,1.576,2.274,1.767,1.8,1.5,,1.195,1.958,1.235
2021-11-11,,2.024,,2.404,1.461,1.592,1.534,1.716,,1.83,1.629,1.572,2.274,1.765,1.82,1.495,,1.208,1.956,1.22
2021-11-12,,2.024,,2.404,1.46,1.592,1.536,1.759,,1.834,1.63,1.576,2.274,1.764,1.82,1.495,,1.208,1.957,1.219
2021-11-16,,2.027,,2.404,1.464,1.593,1.541,1.759,,1.837,1.632,1.58,2.274,1.793,1.82,1.498,,1.208,1.957,1.224
2021-11-17,,2.031,,2.404,1.469,1.593,1.545,1.698,,1.845,1.64,1.585,2.274,1.8,1.821,1.507,,1.208,1.957,1.259
2021-11-18,,2.032,,2.404,1.476,1.593,1.552,1.759,,1.85,1.654,1.59,2.289,1.803,1.823,1.51,,1.208,1.958,1.269
2021-11-19,,2.037,,2.34,1.473,1.622,1.567,1.713,,1.847,1.64,1.584,2.279,1.811,1.827,1.497,,1.208,1.931,1.274
2021-11-22,,2.051,,2.404,1.498,1.612,1.581,1.712,,1.859,1.668,1.596,2.287,1.82,1.841,1.529,,1.195,1.999,1.29
2021-11-23,,2.066,,2.404,1.502,1.612,1.589,1.712,,1.887,1.706,1.636,2.274,1.807,1.85,1.521,,1.195,1.984,1.306
2021-11-24,,2.058,,2.404,1.491,1.612,1.579,1.712,,1.853,1.644,1.632,2.281,1.805,1.847,1.514,,1.195,2.0,1.273
2021-11-25,,2.058,,2.404,1.496,1.618,1.584,1.757,,1.857,1.641,1.633,2.285,1.809,1.847,1.514,,1.195,2.005,1.271
2021-11-26,,2.064,,2.404,1.492,1.618,1.582,1.757,,1.86,1.62,1.626,2.294,1.802,1.845,1.506,,1.195,2.004,1.27
2021-11-29,,2.06,,2.404,1.491,1.612,1.587,1.712,,1.876,1.618,1.635,2.282,1.795,1.851,1.511,,1.195,2.012,1.272
2021-11-30,,2.057,,2.404,1.486,1.612,1.567,1.734,,1.859,1.616,1.607,2.282,1.786,1.844,1.499,,1.195,2.004,1.289
2021-12-01,,2.158,,2.404,1.489,1.742,1.575,1.588,,1.973,1.609,1.617,2.282,1.788,1.888,1.543,,1.212,1.972,1.285
2021-12-02,,2.146,,2.541,1.472,1.672,1.562,1.588,,1.949,1.594,1.597,2.282,1.779,1.857,1.527,,1.212,1.968,1.268
2021-12-03,,2.14,,2.541,1.463,1.672,1.547,1.604,,1.928,1.562,1.574,2.3,1.762,1.85,1.509,,1.212,1.967,1.245
2021-12-06,,2.134,,2.541,1.463,1.662,1.548,1.598,,1.931,1.568,1.584,2.282,1.762,1.848,1.506,,1.212,1.967,1.24
2021-12-07,,2.082,,2.587,1.442,1.653,1.542,1.63,,1.903,1.561,1.572,2.255,1.874,1.822,1.532,,1.212,1.939,1.242
2021-12-08,,2.11,,2.587,1.465,1.723,1.558,1.63,,1.94,1.548,1.575,2.282,1.863,1.877,1.546,,1.212,1.98,1.233
2021-12-09,,2.106,,2.587,1.481,1.671,1.555,1.598,,1.924,1.586,1.578,2.302,1.859,1.853,1.546,,1.212,1.978,1.247
2021-12-10,,2.105,,2.587,1.474,1.671,1.552,1.598,,1.914,1.609,1.568,2.302,1.844,1.852,1.545,,1.226,1.983,1.231
2021-12-13,,2.109,,2.586,1.48,1.672,1.563,1.598,,1.928,1.618,1.593,2.26,1.852,1.855,1.551,,1.226,1.983,1.246
2021-12-14,,2.115,,2.586,1.476,1.672,1.56,1.598,,1.927,1.616,1.612,2.26,1.845,1.854,1.535,,1.226,1.983,1.244
2021-12-15,,2.117,,2.586,1.467,1.672,1.57,1.598,,1.939,1.626,1.615,2.26,1.847,1.859,1.547,,1.24,1.983,1.252
2021-12-16,,2.118,,2.586,1.477,1.672,1.579,1.634,,1.947,1.643,1.621,2.26,1.876,1.864,1.554,,1.24,1.992,1.262
2021-12-17,,2.119,,2.586,1.485,1.681,1.59,1.634,,1.952,1.653,1.627,2.266,1.885,1.866,1.581,,1.254,1.995,1.285
2021-12-20,,2.03,,2.587,1.486,1.67,1.594,1.634,,1.941,1.727,1.615,2.26,1.873,1.865,1.598,,1.254,2.005,1.297
2021-12-21,,2.033,,2.587,1.483,1.67,1.591,1.634,,1.936,1.71,1.609,2.26,1.867,1.866,1.582,,1.254,2.005,1.287
2021-12-22,,2.033,,2.587,1.485,1.67,1.593,1.634,,1.941,1.709,1.61,2.26,1.869,1.866,1.588,,1.254,2.005,1.287
2021-12-23,,2.039,,2.587,1.501,1.679,1.602,1.634,,1.97,1.735,1.619,2.266,1.924,1.875,1.597,,1.254,2.034,1.317
2021-12-24,,2.039,,2.587,1.501,1.679,1.602,1.634,,1.97,1.735,1.619,2.266,1.924,1.875,1.597,,1.254,2.034,1.317
2021-12-27,,2.039,,2.587,1.507,1.679,1.603,1.634,,1.979,1.75,1.62,2.266,1.924,1.875,1.587,,1.254,2.034,1.321
2021-12-28,,2.039,,2.587,1.505,1.679,1.603,1.634,,1.978,1.751,1.62,2.266,1.923,1.878,1.587,,1.254,2.041,1.322
2021-12-29,,2.05,,2.678,1.512,1.679,1.601,1.634,,2.0,1.765,1.625,2.259,1.93,1.881,1.59,,1.254,2.058,1.333
2021-12-30,,2.04,,2.678,1.524,1.679,1.593,1.634,,1.977,1.759,1.623,2.231,1.929,1.876,1.585,,1.254,2.035,1.33
2021-12-31,,2.04,,2.678,1.524,1.679,1.593,1.634,,1.977,1.759,1.623,2.231,1.929,1.876,1.585,,1.254,2.035,1.33
2022-01-03,,1.9,,2.586,1.49,1.564,1.585,1.634,,1.97,1.749,1.611,2.223,1.944,2.535,1.568,,1.254,2.058,1.334
2022-01-04,,1.9,,2.586,1.498,1.568,1.596,1.634,,1.981,1.785,1.626,2.223,1.965,2.536,1.588,,1.254,2.058,1.357
2022-01-05,,1.897,,2.678,1.494,1.569,1.594,1.634,,1.961,1.791,1.63,2.223,1.971,2.536,1.574,,1.254,2.05,1.348
2022-01-06,,1.906,,2.678,1.483,1.562,1.59,1.634,,1.94,1.782,1.62,2.223,1.971,2.532,1.566,,1.25,2.055,1.286
2022-01-07,,1.901,,2.678,1.468,1.563,1.579,1.625,,1.933,1.788,1.629,2.223,1.975,2.529,1.569,,1.205,2.048,1.289
2022-01-10,,1.899,,2.678,1.465,1.563,1.578,1.625,,1.928,1.798,1.633,2.223,1.981,2.529,1.57,,1.205,2.048,1.268
2022-01-11,,1.903,,2.678,1.46,1.542,1.571,1.618,,1.927,1.809,1.634,2.223,1.985,2.524,1.571,,1.193,2.047,1.259
2022-01-12,,1.901,,2.678,1.452,1.539,1.562,1.618,,1.937,1.784,1.622,2.223,1.968,2.524,1.556,,1.193,2.046,1.249
2022-01-13,,1.899,,2.678,1.452,1.539,1.562,1.618,,1.934,1.79,1.621,2.223,1.966,2.524,1.557,,1.193,2.046,1.247
2022-01-14,,1.901,,2.678,1.457,1.539,1.563,1.618,,1.933,1.791,1.627,2.223,1.966,2.527,1.558,,1.193,2.046,1.25
2022-01-17,,1.903,,2.586,1.461,1.541,1.571,1.618,,1.943,1.804,1.624,2.223,1.983,2.528,1.568,,1.193,2.049,1.258
2022-01-18,,1.903,,2.586,1.461,1.542,1.573,1.618,,1.947,1.803,1.628,2.279,1.986,2.529,1.571,,1.193,2.049,1.249
2022-01-19,,1.904,,2.586,1.458,1.54,1.569,1.618,,1.939,1.787,1.619,2.279,1.972,2.528,1.561,,1.193,2.051,1.256
2022-01-20,,1.902,,2.769,1.438,1.54,1.566,1.618,,1.942,1.667,1.611,2.271,1.962,2.528,1.535,,1.193,2.044,1.2
2022-01-21,,1.957,,2.769,1.439,1.541,1.569,1.618,,1.947,1.668,1.617,2.279,1.977,2.528,1.538,,1.193,2.044,1.203
2022-01-24,,1.933,,2.769,1.437,1.577,1.567,1.618,,1.933,1.66,1.613,2.271,1.923,2.536,1.534,,1.193,2.044,1.199
2022-01-25,,1.925,,2.769,1.437,1.577,1.571,1.618,,1.932,1.662,1.612,2.304,1.968,2.536,1.533,,1.193,2.044,1.198
2022-01-26,,1.919,,2.769,1.436,1.578,1.571,1.618,,1.931,1.678,1.613,2.281,1.964,2.534,1.534,,1.193,2.046,1.208
2022-01-27,,1.915,,2.769,1.445,1.576,1.58,1.618,,1.949,1.707,1.615,2.29,1.912,2.535,1.551,,1.193,2.047,1.225
2022-01-28,,1.923,,2.769,1.45,1.576,1.581,1.618,,1.952,1.699,1.628,2.313,1.931,2.536,1.541,,1.193,2.067,1.226
2022-01-31,,1.923,,2.769,1.448,1.576,1.578,1.618,,1.952,1.711,1.626,2.29,1.973,2.538,1.54,,1.193,2.061,1.227
2022-02-01,,1.97,,2.769,1.438,1.587,1.57,1.618,,1.933,1.693,1.759,2.189,1.955,2.543,1.662,,1.319,2.05,1.195
2022-02-02,,1.974,,2.815,1.441,1.586,1.566,1.618,,1.929,1.689,1.755,2.206,1.947,2.535,1.658,,1.319,2.067,1.192
2022-02-03,,1.973,,2.815,1.431,1.577,1.558,1.605,,1.923,1.665,1.733,2.211,1.945,2.539,1.651,,1.319,2.066,1.177
2022-02-04,,1.974,,2.815,1.436,1.577,1.561,1.605,,1.935,1.676,1.758,2.2,1.965,2.536,1.658,,1.319,2.066,1.185
2022-02-07,,1.968,,2.815,1.424,1.576,1.553,1.605,,1.933,1.67,1.736,2.193,1.957,2.536,1.636,,1.319,2.055,1.183
2022-02-08,,1.969,,2.815,1.423,1.578,1.559,1.572,,1.94,1.689,1.743,2.2,1.967,2.536,1.643,,1.319,2.055,1.195
2022-02-09,,1.968,,2.815,1.425,1.561,1.559,1.572,,1.946,1.706,1.734,2.2,1.963,2.535,1.647,,1.319,2.049,1.17
2022-02-10,,1.968,,2.815,1.43,1.563,1.56,1.56,,1.951,1.719,1.738,2.2,1.921,2.535,1.649,,1.319,2.056,1.178
2022-02-11,,1.958,,2.815,1.427,1.557,1.561,1.56,,1.961,1.738,1.743,2.214,1.974,2.529,1.641,,1.283,2.056,1.186
2022-02-14,,1.957,,2.815,1.424,1.558,1.558,1.56,,1.966,1.737,1.743,2.214,1.926,2.524,1.642,,1.283,2.056,1.185
2022-02-15,,1.953,,2.815,1.419,1.55,1.554,1.55,,1.961,1.724,1.716,2.214,1.917,2.524,1.637,,1.283,2.053,1.177
2022-02-16,,1.953,,2.815,1.415,1.544,1.551,1.55,,1.962,1.725,1.727,2.207,1.916,2.524,1.632,,1.283,2.044,1.177
2022-02-17,,1.95,,2.815,1.405,1.544,1.543,1.55,,1.961,1.728,1.713,2.207,1.922,2.519,1.62,,1.279,2.041,1.135
2022-02-18,,1.948,,2.813,1.398,1.545,1.538,1.55,,1.96,1.725,1.729,2.207,1.922,2.518,1.615,,1.279,2.032,1.133
2022-02-21,,1.947,,2.813,1.392,1.538,1.531,1.55,,1.953,1.723,1.718,2.207,1.915,2.516,1.625,,1.279,2.032,1.169
2022-02-22,,1.948,,2.813,1.384,1.539,1.531,1.55,,1.946,1.729,1.702,2.207,1.894,2.516,1.603,,1.279,2.032,1.128
2022-02-23,,1.929,,2.811,1.372,1.534,1.517,1.55,,1.941,1.719,1.696,2.207,1.889,2.514,1.579,,1.279,2.032,1.123
2022-02-24,,1.927,,2.811,1.366,1.532,1.513,1.55,,1.961,1.729,1.701,2.207,1.88,2.513,1.583,,1.269,2.021,1.129
2022-02-25,,1.927,,2.81,1.364,1.532,1.514,1.55,,1.969,1.733,1.681,2.207,1.881,2.511,1.584,,1.269,2.02,1.131
2022-03-02,,1.93,,2.81,1.428,1.349,1.515,1.546,,2.161,1.654,1.685,2.319,1.886,2.539,1.584,,1.268,2.041,1.146
2022-03-03,,1.923,,2.81,1.425,1.351,1.513,1.546,,2.168,1.674,1.692,2.319,1.868,2.539,1.592,,1.294,2.037,1.153
2022-03-04,,1.921,,2.81,1.423,1.349,1.51,1.546,,2.177,1.694,1.725,2.317,1.879,2.546,1.619,,1.273,2.048,1.166
2022-03-07,,1.934,,2.81,1.438,1.379,1.546,1.546,,2.18,1.71,1.71,2.317,1.917,2.542,1.617,,1.278,2.052,1.185
2022-03-08,,1.934,,2.81,1.44,1.379,1.549,1.546,,2.178,1.706,1.713,2.317,1.914,2.541,1.617,,1.278,2.05,1.2
2022-03-09,,1.92,,2.81,1.432,1.378,1.536,1.546,,2.164,1.688,1.705,2.268,1.885,2.542,1.608,,1.278,2.05,1.189
2022-03-10,,1.925,,2.81,1.437,1.378,1.533,1.546,,2.17,1.704,1.71,2.273,1.846,2.535,1.617,,1.278,2.048,1.199
2022-03-11,,1.942,,2.81,1.432,1.345,1.532,1.544,,2.17,1.722,1.697,2.254,1.84,2.532,1.61,,1.237,2.012,1.192
2022-03-14,,1.95,,2.81,1.435,1.341,1.616,1.544,,2.175,1.736,1.706,2.254,1.856,2.522,1.635,,1.237,2.013,1.204
2022-03-15,,1.956,,2.81,1.429,1.367,1.56,1.495,,2.164,1.714,1.664,2.273,1.812,2.517,1.598,,1.268,2.048,1.188
2022-03-16,,1.973,,2.81,1.423,1.36,1.578,1.497,,2.166,1.714,1.661,2.273,1.846,2.516,1.591,,1.264,2.048,1.158
2022-03-17,,1.972,,2.81,1.416,1.359,1.572,1.497,,2.154,1.692,1.656,2.266,1.839,2.514,1.584,,1.264,2.042,1.147
2022-03-18,,1.96,,2.81,1.422,1.369,1.573,1.497,,2.151,1.681,1.649,2.27,1.788,2.518,1.61,,1.264,2.042,1.141
2022-03-21,,1.962,,2.81,1.415,1.37,1.562,1.497,,2.151,1.788,1.651,2.27,1.792,2.512,1.579,,1.264,2.055,1.194
2022-03-22,,1.962,,2.81,1.411,1.369,1.564,1.497,,2.142,1.685,1.648,2.27,1.825,2.512,1.566,,1.264,2.048,1.143
2022-03-23,,1.96,,2.81,1.412,1.364,1.564,1.497,,2.145,1.69,1.649,2.27,1.74,2.515,1.567,,1.264,2.048,1.145
2022-03-24,,1.95,,2.81,1.402,1.361,1.587,1.497,,2.128,1.67,1.64,2.256,1.753,2.51,1.555,,1.264,2.047,1.134
2022-03-25,,1.94,,2.81,1.392,1.351,1.573,1.497,,2.12,1.659,1.634,2.249,1.724,2.508,1.533,,1.264,2.046,1.126
2022-03-28,,1.939,,2.81,1.391,1.351,1.567,1.497,,2.112,1.657,1.622,2.249,1.707,2.507,1.525,,1.254,2.043,1.122
2022-03-29,,1.936,,2.81,1.387,1.346,1.564,1.497,,2.107,1.651,1.618,2.249,1.704,2.506,1.522,,1.254,2.043,1.09
2022-03-30,,1.936,,2.81,1.385,1.317,1.563,1.497,,2.127,1.663,1.623,2.254,1.71,2.506,1.529,,1.254,2.041,1.09
2022-03-31,,1.935,,2.81,1.384,1.317,1.557,1.497,,2.13,1.656,1.62,2.254,1.693,2.507,1.559,,1.254,2.045,1.088
2022-04-01,,1.865,,2.857,1.414,1.328,1.612,1.492,,2.196,1.72,1.612,2.209,1.856,1.835,1.626,,1.354,1.988,1.074
2022-04-04,,1.854,,2.857,1.398,1.314,1.608,1.492,,2.197,1.721,1.57,2.204,1.837,1.827,1.612,,1.334,1.935,1.073
2022-04-05,,1.878,,2.857,1.4,1.315,1.618,1.512,,2.216,1.732,1.577,2.204,1.846,1.865,1.616,,1.334,1.937,1.08
2022-04-06,,1.863,,2.857,1.401,1.315,1.618,1.492,,2.215,1.738,1.581,2.204,1.851,1.838,1.618,,1.334,1.938,1.084
2022-04-07,,1.862,,2.857,1.402,1.316,1.623,1.512,,2.21,1.736,1.583,2.204,1.854,1.827,1.62,,1.334,1.936,1.085
2022-04-08,,1.866,,2.857,1.408,1.318,1.633,1.512,,2.221,1.758,1.59,2.204,1.863,1.83,1.626,,1.334,1.939,1.099
2022-04-11,,1.867,,2.857,1.412,1.319,1.65,1.512,,2.223,1.77,1.596,2.204,1.868,1.83,1.625,,1.334,1.937,1.109
2022-04-12,,1.865,,2.857,1.406,1.319,1.651,1.512,,2.222,1.772,1.614,2.204,1.889,1.83,1.621,,1.334,1.937,1.102
2022-04-13,,1.871,,2.772,1.417,1.329,1.662,1.512,,2.224,1.77,1.637,2.204,1.905,1.836,1.634,,1.307,1.962,1.101
2022-04-14,,1.87,,2.686,1.42,1.32,1.661,1.512,,2.224,1.773,1.618,2.204,1.877,1.83,1.625,,1.334,1.94,1.105
2022-04-18,,1.876,,2.666,1.413,1.329,1.651,1.463,,2.193,1.768,1.637,2.145,1.866,1.824,1.615,,1.334,1.956,1.099
2022-04-19,,1.869,,2.666,1.414,1.342,1.647,1.463,,2.191,1.767,1.638,2.151,1.876,1.824,1.625,,1.334,1.952,1.101
2022-04-20,,1.869,,2.666,1.413,1.342,1.644,1.463,,2.189,1.767,1.638,2.145,1.876,1.824,1.611,,1.334,1.952,1.101
2022-04-22,,1.875,,2.581,1.42,1.353,1.649,1.536,,2.236,1.767,1.635,2.184,1.922,1.849,1.58,,1.334,1.967,1.1
2022-04-25,,1.853,,2.582,1.401,1.342,1.631,1.463,,2.196,1.757,1.625,2.1,1.876,1.818,1.595,,1.334,1.961,1.088
2022-04-26,,1.853,,2.582,1.396,1.329,1.635,1.463,,2.191,1.766,1.629,2.1,1.891,1.818,1.598,,1.288,1.946,1.086
2022-04-27,,1.847,,2.582,1.395,1.321,1.663,1.463,,2.181,1.758,1.621,2.1,1.885,1.815,1.592,,1.288,1.944,1.09
2022-04-28,,1.847,,2.582,1.391,1.321,1.682,1.457,,2.179,1.584,1.621,2.1,1.883,1.815,1.59,,1.288,1.944,1.093
2022-04-29,,1.843,,2.582,1.391,1.312,1.679,1.413,,2.179,1.58,1.614,2.105,1.883,1.809,1.624,,1.277,1.946,1.094
2022-05-02,,1.841,1.5,2.582,1.412,1.323,1.661,1.46,,2.212,1.764,1.388,2.348,1.876,1.808,1.597,,1.33,1.927,1.152
2022-05-03,,1.839,1.5,2.582,1.405,1.311,1.643,1.445,,2.156,1.767,1.389,2.306,1.853,1.787,1.597,,1.33,1.886,1.153
2022-05-04,,1.838,1.5,2.582,1.398,1.311,1.634,1.444,,2.146,1.76,1.377,2.306,1.849,1.787,1.591,,1.33,1.884,1.122
2022-05-05,,1.839,1.5,2.539,1.404,1.313,1.64,1.443,,2.152,1.78,1.386,2.31,1.86,1.788,1.599,,1.33,1.885,1.132
2022-05-06,,1.839,1.5,2.539,1.409,1.341,1.645,1.443,,2.154,1.788,1.391,2.31,1.867,1.788,1.603,,1.351,1.895,1.14
2022-05-09,,1.833,1.45,2.51,1.404,1.313,1.64,1.443,,2.151,1.783,1.359,2.306,1.867,1.784,1.599,,1.328,1.885,1.114
2022-05-10,,1.817,1.45,2.51,1.381,1.309,1.618,1.435,,2.148,1.239,1.323,2.315,1.862,1.775,1.599,,1.328,1.856,1.004
2022-05-11,,1.829,1.45,2.51,1.385,1.31,1.63,1.426,,2.148,1.243,1.35,2.32,1.895,1.78,1.606,,1.328,1.875,1.009
2022-05-12,,1.836,1.45,2.51,1.392,1.309,1.661,1.428,,2.146,1.252,1.358,2.32,1.898,1.777,1.618,,1.328,1.875,1.016
2022-05-13,,1.835,1.45,2.49,1.392,1.312,1.668,1.428,,2.147,1.249,1.348,2.32,1.896,1.777,1.619,,1.328,1.875,1.018
2022-05-16,,1.835,1.45,2.51,1.383,1.304,1.656,1.427,,2.14,1.245,1.317,2.336,1.878,1.761,1.597,,1.328,1.852,1.014
2022-05-17,,1.834,1.45,2.51,1.379,1.304,1.656,1.427,,2.137,1.243,1.316,2.336,1.86,1.761,1.591,,1.328,1.849,1.012
2022-05-18,,1.833,1.45,2.51,1.379,1.303,1.656,1.429,,2.163,1.242,1.315,2.34,1.859,1.761,1.591,,1.328,1.849,1.011
2022-05-19,,1.825,1.45,2.51,1.377,1.302,1.653,1.429,,2.16,1.239,1.312,2.34,1.841,1.76,1.586,,1.328,1.849,1.007
2022-05-20,,1.825,1.45,2.468,1.363,1.304,1.653,1.427,,2.145,1.237,1.309,2.34,1.836,1.758,1.588,,1.328,1.852,0.999
2022-05-23,,1.824,1.45,2.425,1.361,1.304,1.654,1.427,,2.143,1.237,1.308,2.34,1.833,1.758,1.586,,1.328,1.852,0.998
2022-05-24,,1.824,1.45,2.425,1.363,1.305,1.653,1.427,,2.142,1.247,1.315,2.34,1.83,1.77,1.597,,1.302,1.846,1.006
2022-05-25,,1.831,1.45,2.424,1.375,1.328,1.666,1.432,,2.152,1.235,1.328,2.33,1.864,1.788,1.613,,1.281,1.881,1.007
2022-05-26,,1.829,1.45,2.424,1.365,1.322,1.655,1.43,,2.135,1.229,1.289,2.315,1.827,1.785,1.594,,1.281,1.856,1.002
2022-05-27,,1.797,1.45,2.382,1.365,1.322,1.648,1.43,,2.133,1.229,1.29,2.337,1.828,1.698,1.595,,1.278,1.856,1.003
2022-05-30,,1.795,1.45,2.382,1.368,1.323,1.641,1.43,,2.141,1.235,1.296,2.337,1.839,1.699,1.597,,1.278,1.856,1.008
2022-05-31,,1.794,1.45,2.382,1.368,1.322,1.655,1.425,,2.138,1.232,1.296,2.337,1.835,1.699,1.603,,1.277,1.865,1.004
2022-06-01,,1.811,1.45,2.382,1.371,1.323,1.664,1.425,,2.099,1.236,1.538,2.42,1.84,1.699,1.611,,1.514,1.865,1.053
2022-06-02,,1.812,1.45,2.382,1.373,1.321,1.665,1.425,,2.1,1.238,1.539,2.42,1.843,1.7,1.613,,1.516,1.865,1.055
2022-06-03,,1.81,1.45,2.382,1.372,1.32,1.67,1.425,,2.098,1.237,1.54,2.414,1.818,1.7,1.612,,1.516,1.861,1.055
2022-06-06,,1.817,1.45,2.382,1.371,1.321,1.662,1.425,,2.099,1.238,1.55,2.397,1.821,1.698,1.613,,1.507,1.859,1.056
2022-06-07,,1.818,1.45,2.382,1.384,1.325,1.686,1.427,,2.111,1.241,1.603,2.424,1.871,1.717,1.641,,1.491,1.876,1.059
2022-06-08,,1.819,1.45,2.382,1.375,1.327,1.668,1.427,,2.109,1.241,1.6,2.419,1.871,1.713,1.641,,1.512,1.868,1.059
2022-06-09,,1.801,1.45,2.339,1.372,1.326,1.635,1.427,,2.105,1.233,1.596,2.419,1.866,1.7,1.637,,1.512,1.861,1.054
2022-06-10,,1.794,1.45,2.103,1.367,1.326,1.634,1.427,,2.105,1.232,1.596,2.419,1.867,1.7,1.637,,1.501,1.861,1.054
2022-06-13,,1.822,1.45,1.976,1.38,1.341,1.649,1.433,,2.12,1.244,1.588,2.409,1.864,1.696,1.642,,1.524,1.872,1.07
2022-06-14,,1.827,1.45,2.019,1.416,1.345,1.666,1.433,,2.131,1.257,1.596,2.409,1.874,1.696,1.659,,1.526,1.876,1.08
2022-06-15,,1.829,1.45,2.019,1.407,1.344,1.665,1.433,,2.127,1.25,1.589,2.409,1.861,1.703,1.654,,1.533,1.864,1.072
2022-06-17,,1.828,1.45,2.019,1.415,1.347,1.665,1.433,,2.131,1.246,1.585,2.421,1.854,1.703,1.652,,1.55,1.872,1.068
2022-06-20,,1.828,1.45,2.019,1.399,1.347,1.656,1.433,,2.117,1.247,1.553,2.421,1.851,1.697,1.651,,1.526,1.858,1.068
2022-06-21,,1.847,1.45,2.019,1.401,1.381,1.67,1.442,,2.125,1.24,1.575,2.452,1.864,1.71,1.658,,1.526,1.863,1.067
2022-06-22,,1.847,1.45,2.019,1.399,1.38,1.673,1.442,,2.119,1.239,1.573,2.452,1.858,1.707,1.64,,1.526,1.863,1.065
2022-06-23,,1.846,1.45,2.019,1.398,1.38,1.672,1.442,,2.116,1.236,1.566,2.451,1.856,1.706,1.627,,1.516,1.863,1.063
2022-06-24,,1.844,1.45,2.019,1.403,1.376,1.675,1.442,,2.124,1.245,1.573,2.408,1.866,1.709,1.637,,1.511,1.773,1.07
2022-06-27,,1.841,1.45,2.019,1.419,1.376,1.685,1.442,,2.126,1.246,1.569,2.41,1.868,1.72,1.637,,1.535,1.777,1.079
2022-06-28,,1.837,1.45,2.019,1.409,1.379,1.684,1.442,,2.131,1.254,1.575,2.409,1.892,1.703,1.642,,1.511,1.774,1.077
2022-06-29,,1.837,1.45,2.019,1.414,1.379,1.701,1.442,,2.131,1.255,1.575,2.411,1.891,1.699,1.643,,1.511,1.775,1.078
2022-06-30,,1.844,1.45,2.009,1.412,1.379,1.698,1.442,,2.125,1.25,1.572,2.418,1.886,1.699,1.644,,1.511,1.775,1.075
2022-07-01,,1.881,1.45,2.009,1.407,1.435,1.738,1.512,,2.114,1.246,1.569,2.436,1.884,2.197,1.639,,1.511,1.737,1.419
2022-07-04,,1.882,1.45,2.009,1.417,1.437,1.74,1.521,,2.115,1.249,1.571,2.466,1.887,2.196,1.642,,1.511,1.737,1.435
2022-07-05,,1.885,1.45,2.009,1.41,1.435,1.737,1.521,,2.12,1.25,1.568,2.435,1.905,2.196,1.641,,1.511,1.737,1.438
2022-07-06,,1.885,1.45,2.009,1.418,1.436,1.738,1.521,,2.12,1.252,1.566,2.432,1.906,2.196,1.637,,1.511,1.738,1.44
2022-07-07,,1.888,1.45,2.009,1.416,1.435,1.734,1.521,,2.117,1.252,1.564,2.431,1.902,2.195,1.635,,1.511,1.742,1.438
2022-07-08,,1.907,1.45,2.018,1.423,1.451,1.687,1.523,,2.142,1.256,1.589,2.495,1.909,2.196,1.658,,1.503,1.748,1.446
2022-07-11,,1.899,1.45,2.018,1.424,1.437,1.69,1.517,,2.145,1.262,1.59,2.454,2.001,2.198,1.663,,1.498,1.752,1.443
2022-07-12,,1.899,1.45,2.032,1.419,1.436,1.686,1.517,,2.14,1.258,1.587,2.449,1.994,2.197,1.663,,1.498,1.752,1.438
2022-07-13,,1.902,1.45,2.032,1.42,1.451,1.686,1.522,,2.143,1.262,1.609,2.489,1.995,2.196,1.664,,1.498,1.758,1.443
2022-07-14,,1.894,1.45,2.023,1.425,1.452,1.688,1.522,,2.135,1.265,1.582,2.47,1.912,2.191,1.649,,1.498,1.742,1.447
2022-07-15,,1.894,1.45,2.023,1.419,1.45,1.686,1.522,,2.128,1.261,1.584,2.464,1.894,2.191,1.646,,1.498,1.739,1.444
2022-07-18,,1.892,1.45,2.066,1.431,1.437,1.702,1.527,,2.14,1.269,1.588,2.431,1.903,2.198,1.654,,1.498,1.752,1.461
2022-07-19,,1.887,1.45,2.023,1.425,1.438,1.693,1.515,,2.142,1.267,1.6,2.429,1.913,2.192,1.674,,1.498,1.751,1.462
2022-07-20,,1.894,1.45,2.023,1.418,1.437,1.695,1.515,,2.144,1.264,1.599,2.429,1.911,2.201,1.674,,1.512,1.754,1.459
2022-07-21,,1.894,1.45,2.023,1.42,1.437,1.698,1.515,,2.147,1.265,1.601,2.429,1.915,2.198,1.683,,1.512,1.755,1.462
2022-07-22,,1.883,1.45,2.023,1.421,1.438,1.688,1.515,,2.138,1.261,1.589,2.424,1.897,2.224,1.688,,1.512,1.748,1.466
2022-07-25,,1.884,1.45,2.065,1.429,1.437,1.694,1.527,,2.146,1.262,1.587,2.421,1.893,2.223,1.691,,1.512,1.762,1.456
2022-07-26,,1.879,1.45,2.023,1.429,1.437,1.695,1.527,,2.151,1.265,1.588,2.42,1.893,2.22,1.697,,1.512,1.762,1.458
2022-07-27,,1.878,1.45,2.023,1.427,1.436,1.69,1.527,,2.153,1.265,1.586,2.42,1.887,2.219,1.695,,1.512,1.762,1.456
2022-07-28,,1.905,1.45,2.023,1.425,1.436,1.685,1.527,,2.145,1.26,1.582,2.42,1.879,2.219,1.687,,1.512,1.762,1.45
2022-07-29,,1.908,1.45,2.023,1.425,1.435,1.675,1.527,,2.15,1.256,1.583,2.42,1.873,2.219,1.686,,1.512,1.762,1.445
2022-08-01,,1.89,1.417,2.023,1.419,1.512,1.669,1.478,,2.145,1.813,1.581,2.42,1.868,2.506,1.686,,2.259,1.742,1.521
2022-08-02,,1.898,1.417,1.989,1.446,1.517,1.684,1.492,,2.174,1.82,1.583,2.424,1.874,2.522,1.698,,2.265,1.754,1.524
2022-08-03,,1.912,1.417,2.031,1.417,1.511,1.662,1.472,,2.16,1.812,1.584,2.459,1.968,2.514,1.704,,2.254,1.748,1.52
2022-08-04,,1.911,1.417,2.031,1.415,1.51,1.66,1.472,,2.148,1.812,1.595,2.459,1.955,2.518,1.706,,2.259,1.748,1.509
2022-08-05,,1.893,1.417,1.989,1.407,1.51,1.665,1.454,,2.13,1.809,1.591,2.433,1.851,2.518,1.683,,2.254,1.742,1.509
2022-08-08,,1.893,1.417,1.989,1.417,1.515,1.651,1.451,,2.126,1.809,1.586,2.433,1.838,2.516,1.681,,2.265,1.742,1.501
2022-08-09,,1.89,1.417,1.947,1.407,1.51,1.646,1.451,,2.126,1.809,1.588,2.427,1.843,2.51,1.682,,2.254,1.742,1.503
2022-08-10,,1.9,1.417,1.947,1.408,1.51,1.645,1.451,,2.13,1.809,1.588,2.427,1.84,2.51,1.682,,2.254,1.743,1.502
2022-08-11,,1.899,1.417,1.947,1.409,1.51,1.643,1.451,,2.133,1.809,1.588,2.427,1.843,2.512,1.682,,2.254,1.743,1.504
2022-08-12,,1.896,1.417,1.947,1.406,1.51,1.634,1.45,,2.129,1.809,1.585,2.417,1.836,2.497,1.682,,2.254,1.739,1.499
2022-08-15,,1.891,1.417,1.947,1.405,1.509,1.631,1.417,,2.127,1.826,1.591,2.409,1.792,2.495,1.681,,2.254,1.739,1.495
2022-08-16,,1.892,1.417,1.984,1.404,1.663,1.631,1.417,,2.141,1.82,1.591,2.427,1.793,2.498,1.681,,2.23,1.739,1.496
2022-08-17,,1.893,1.417,1.984,1.418,1.671,1.639,1.417,,2.156,1.82,1.594,2.424,1.82,2.504,1.684,,2.24,1.739,1.501
2022-08-18,,1.892,1.417,1.978,1.406,1.663,1.637,1.417,,2.149,1.82,1.596,2.424,1.831,2.497,1.685,,2.23,1.739,1.504
2022-08-19,,1.893,1.417,1.978,1.408,1.657,1.641,1.417,,2.152,1.82,1.634,2.424,1.837,2.496,1.686,,2.23,1.739,1.508
2022-08-22,,1.886,1.417,1.983,1.404,1.657,1.639,1.411,,2.153,1.817,1.626,2.424,1.822,2.496,1.688,,2.228,1.739,1.497
2022-08-23,,1.892,1.417,1.983,1.4,1.667,1.641,1.411,,2.148,1.834,1.618,2.424,1.813,2.503,1.688,,2.227,1.745,1.487
2022-08-24,,1.891,1.417,1.971,1.402,1.667,1.642,1.416,,2.144,1.834,1.619,2.418,1.815,2.492,1.689,,2.227,1.745,1.489
2022-08-25,,1.894,1.417,1.962,1.418,1.667,1.653,1.416,,2.155,1.834,1.621,2.425,1.849,2.482,1.685,,2.23,1.745,1.494
2022-08-26,,1.894,1.417,1.962,1.401,1.659,1.643,1.416,,2.149,1.834,1.631,2.423,1.82,2.475,1.684,,2.103,1.745,1.502
2022-08-29,,1.894,1.417,1.95,1.399,1.66,1.645,1.395,,2.15,1.834,1.633,2.427,1.823,2.475,1.685,,2.103,1.745,1.493
2022-08-30,,1.894,1.417,1.95,1.398,1.66,1.644,1.395,,2.146,1.834,1.629,2.427,1.815,2.475,1.685,,2.103,1.745,1.493
2022-08-31,,1.887,1.417,1.946,1.394,1.641,1.637,1.395,,2.142,1.834,1.627,2.437,1.811,2.467,1.684,,2.102,1.745,1.49
2022-09-01,,1.893,1.417,1.946,1.394,1.49,1.609,1.448,,2.144,1.832,1.624,2.341,1.803,2.521,1.67,,2.106,1.711,1.496
2022-09-02,,1.884,1.417,1.909,1.393,1.49,1.608,1.448,,2.139,1.832,1.623,2.341,1.8,2.516,1.67,,2.106,1.711,1.483
2022-09-05,,1.88,1.417,1.909,1.393,1.502,1.602,1.448,,2.136,1.832,1.623,2.326,1.8,2.509,1.667,,2.106,1.706,1.456
2022-09-06,,1.869,1.417,1.909,1.391,1.502,1.604,1.448,,2.138,1.831,1.627,2.336,1.807,2.504,1.658,,2.106,1.706,1.448
2022-09-08,,1.869,1.417,1.909,1.388,1.495,1.601,1.448,,2.135,1.82,1.617,2.33,1.795,2.502,1.656,,2.106,1.706,1.443
2022-09-09,,1.869,1.417,1.909,1.381,1.495,1.594,1.448,,2.129,1.819,1.615,2.326,1.789,2.502,1.658,,2.15,1.705,1.428
2022-09-12,,1.869,1.417,1.909,1.382,1.495,1.593,1.448,,2.125,1.816,1.616,2.324,1.791,2.502,1.655,,2.143,1.705,1.43
2022-09-13,,1.863,1.417,1.909,1.386,1.428,1.603,1.447,,2.127,1.816,1.604,2.323,1.817,2.513,1.668,,2.142,1.71,1.455
2022-09-14,,1.862,1.417,1.909,1.383,1.426,1.598,1.447,,2.122,1.816,1.598,2.327,1.828,2.517,1.657,,2.142,1.706,1.436
2022-09-15,,1.859,1.417,1.909,1.385,1.429,1.601,1.447,,2.125,1.816,1.592,2.327,1.846,2.517,1.659,,2.142,1.706,1.44
2022-09-16,,1.858,1.417,1.909,1.381,1.43,1.593,1.443,,2.119,1.816,1.591,2.323,1.831,2.504,1.656,,2.139,1.706,1.439
2022-09-19,,1.856,1.417,1.906,1.382,1.434,1.597,1.443,,2.118,1.816,1.596,2.327,1.818,2.531,1.654,,2.139,1.71,1.436
2022-09-20,,1.849,1.417,1.906,1.378,1.434,1.592,1.443,,2.115,1.816,1.589,2.323,1.817,2.507,1.654,,2.139,1.71,1.436
2022-09-21,,1.848,1.417,1.906,1.386,1.434,1.593,1.443,,2.118,1.816,1.569,2.318,1.809,2.495,1.652,,2.148,1.706,1.43
2022-09-22,,1.848,1.417,1.906,1.386,1.432,1.588,1.443,,2.114,1.815,1.565,2.333,1.802,2.513,1.654,,2.154,1.71,1.425
2022-09-23,,1.848,1.417,1.906,1.386,1.432,1.59,1.44,,2.118,1.815,1.591,2.342,1.81,2.512,1.655,,2.154,1.71,1.429
2022-09-26,,1.849,1.417,1.906,1.371,1.433,1.59,1.44,,2.104,1.815,1.571,2.33,1.821,2.507,1.657,,2.145,1.71,1.431
2022-09-27,,1.849,1.417,1.906,1.369,1.432,1.585,1.44,,2.1,1.815,1.568,2.33,1.816,2.507,1.65,,2.139,1.71,1.425
2022-09-28,,1.866,1.483,1.906,1.381,1.433,1.601,1.44,,2.107,1.824,1.571,2.33,1.823,2.509,1.663,,2.15,1.73,1.43
2022-09-29,,1.859,1.483,1.906,1.4,1.432,1.619,1.439,,2.121,1.819,1.572,2.302,1.834,2.546,1.661,,2.165,1.73,1.429
2022-09-30,,1.851,1.45,1.9,1.388,1.431,1.59,1.439,,2.098,1.811,1.594,2.295,1.828,2.544,1.65,,2.158,1.708,1.426
2022-10-03,,1.86,1.45,1.969,1.42,1.315,1.764,1.441,,2.038,2.022,1.849,2.255,1.819,2.513,1.69,,2.145,1.739,1.488
2022-10-04,,1.873,1.45,1.938,1.428,1.322,1.767,1.441,,2.039,2.022,1.85,2.265,1.824,2.516,1.688,,2.158,1.742,1.487
2022-10-05,,1.872,1.45,1.925,1.416,1.322,1.765,1.441,,2.025,2.022,1.851,2.255,1.827,2.481,1.689,,2.152,1.739,1.489
2022-10-06,,1.869,1.45,1.894,1.403,1.314,1.776,1.46,,2.002,2.018,1.852,2.242,1.84,2.478,1.692,,2.156,1.734,1.468
2022-10-07,,1.873,1.45,1.894,1.422,1.322,1.782,1.46,,2.008,2.031,1.873,2.273,1.84,2.513,1.692,,2.167,1.741,1.483
2022-10-10,,1.873,1.45,1.894,1.42,1.322,1.78,1.46,,2.001,2.02,1.889,2.273,1.839,2.609,1.691,,2.167,1.741,1.482
2022-10-11,,1.873,1.45,1.894,1.421,1.322,1.781,1.456,,2.004,2.02,1.875,2.273,1.846,2.609,1.693,,2.167,1.741,1.485
2022-10-13,,1.873,1.45,1.864,1.421,1.323,1.765,1.456,,1.998,2.015,1.881,2.277,1.844,2.499,1.691,,2.167,1.736,1.476
2022-10-14,,1.858,1.433,1.864,1.415,1.323,1.736,1.431,,1.997,1.973,1.871,2.277,1.81,2.448,1.661,,2.153,1.726,1.447
2022-10-17,,1.861,1.433,1.864,1.413,1.323,1.734,1.431,,1.993,1.973,1.868,2.277,1.806,2.449,1.659,,2.153,1.725,1.444
2022-10-18,,1.861,1.433,1.864,1.412,1.322,1.732,1.431,,1.992,1.91,1.851,2.277,1.804,2.449,1.665,,2.153,1.721,1.444
2022-10-19,,1.861,1.433,1.864,1.413,1.321,1.73,1.431,,1.987,1.91,1.859,2.271,1.807,2.449,1.664,,2.153,1.721,1.445
2022-10-20,,1.875,1.433,1.851,1.413,1.32,1.767,1.431,,1.981,1.91,1.86,2.271,1.809,2.449,1.665,,2.153,1.721,1.446
2022-10-21,,1.875,1.433,1.841,1.406,1.32,1.766,1.431,,1.98,1.91,1.843,2.271,1.807,2.449,1.664,,2.153,1.721,1.445
2022-10-24,,1.875,1.433,1.841,1.404,1.32,1.768,1.437,,1.982,1.91,1.846,2.272,1.814,2.448,1.666,,2.153,1.721,1.448
2022-10-25,,1.864,1.433,1.841,1.399,1.32,1.777,1.437,,1.982,1.91,1.846,2.274,1.813,2.557,1.665,,2.153,1.709,1.442
2022-10-26,,1.874,1.433,1.841,1.405,1.321,1.773,1.437,,1.977,1.91,1.864,2.267,1.81,2.447,1.666,,2.153,1.72,1.451
2022-10-27,,1.873,1.433,1.841,1.401,1.32,1.771,1.437,,1.971,1.91,1.862,2.267,1.805,2.443,1.665,,2.153,1.72,1.449
2022-10-28,,1.871,1.433,1.828,1.396,1.32,1.767,1.436,,1.963,1.896,1.862,2.269,1.804,2.441,1.661,,2.153,1.72,1.448
2022-10-31,,1.855,1.433,1.829,1.39,1.317,1.766,1.425,,1.955,1.911,1.887,2.267,1.798,2.449,1.643,,2.154,1.726,1.437
2022-11-01,,1.871,1.433,1.885,1.41,1.341,1.777,1.536,,2.002,1.979,1.871,2.262,1.793,2.305,1.708,,2.341,1.755,1.435
2022-11-03,,1.866,1.433,1.856,1.408,1.341,1.772,1.536,,2.006,1.979,1.868,2.266,1.796,2.305,1.707,,2.341,1.755,1.437
2022-11-04,,1.858,1.433,1.856,1.398,1.327,1.759,1.532,,1.992,1.979,1.859,2.255,1.787,2.302,1.703,,2.341,1.755,1.418
2022-11-07,,1.858,1.433,1.856,1.399,1.344,1.762,1.532,,2.015,1.979,1.863,2.255,1.797,2.3,1.721,,2.341,1.753,1.422
2022-11-08,,1.858,1.433,1.856,1.4,1.344,1.764,1.532,,2.018,1.979,1.865,2.258,1.802,2.296,1.721,,2.341,1.748,1.425
2022-11-09,,1.855,1.433,1.856,1.4,1.344,1.764,1.532,,2.022,1.979,1.872,2.258,1.804,2.291,1.721,,2.341,1.747,1.425
2022-11-10,,1.861,1.433,1.851,1.409,1.349,1.79,1.532,,2.061,1.979,1.89,2.264,1.845,2.29,1.736,,2.341,1.745,1.447
2022-11-11,,1.869,1.433,1.839,1.409,1.351,1.795,1.534,,2.066,1.979,1.894,2.273,1.849,2.29,1.745,,2.341,1.745,1.452
2022-11-14,,1.868,1.433,1.825,1.406,1.371,1.793,1.539,,2.06,1.979,1.89,2.268,1.834,2.283,1.743,,2.341,1.743,1.445
2022-11-16,,1.876,1.433,1.825,1.409,1.399,1.799,1.539,,2.065,1.979,1.895,2.268,1.845,2.283,1.745,,2.341,1.743,1.452
2022-11-17,,1.873,1.433,1.825,1.41,1.4,1.792,1.539,,2.068,1.979,1.957,2.263,1.852,2.273,1.748,,2.341,1.731,1.457
2022-11-18,,1.871,1.433,1.825,1.413,1.401,1.803,1.539,,2.07,1.979,1.959,2.27,1.85,2.273,1.752,,2.341,1.728,1.46
2022-11-21,,1.876,1.433,1.838,1.417,1.4,1.811,1.538,,2.085,1.979,1.956,2.279,1.843,2.275,1.749,,2.347,1.735,1.456
2022-11-22,,1.871,1.433,1.825,1.404,1.401,1.802,1.538,,2.088,1.979,1.953,2.289,1.85,2.274,1.75,,2.341,1.729,1.46
2022-11-23,,1.874,1.433,1.825,1.41,1.4,1.858,1.538,,2.086,1.98,1.963,2.29,1.87,2.272,1.748,,2.342,1.73,1.467
2022-11-24,,1.873,1.433,1.795,1.405,1.398,1.854,1.538,,2.081,1.98,1.95,2.289,1.848,2.271,1.742,,2.342,1.729,1.46
2022-11-25,,1.877,1.433,1.795,1.419,1.402,1.853,1.538,,2.102,1.98,1.954,2.312,1.842,2.284,1.755,,2.342,1.74,1.465
2022-11-28,,1.876,1.433,1.795,1.405,1.401,1.852,1.538,,2.093,1.98,1.951,2.298,1.835,2.272,1.749,,2.342,1.729,1.461
2022-11-29,,1.875,1.433,1.795,1.399,1.399,1.846,1.538,,2.083,1.98,1.942,2.298,1.816,2.274,1.746,,2.342,1.729,1.45
2022-11-30,,1.875,1.433,1.825,1.396,1.504,1.841,1.538,,2.08,1.98,1.938,2.297,1.807,2.276,1.746,,2.342,1.728,1.446
2022-12-01,,1.998,1.433,1.766,1.427,1.534,1.461,1.547,,2.081,2.01,2.218,2.304,1.811,2.492,1.756,,2.342,1.725,1.448
2022-12-02,,1.997,1.433,1.766,1.425,1.534,1.458,1.547,,2.077,2.01,2.217,2.294,1.801,2.491,1.757,,2.342,1.719,1.443
2022-12-05,,1.997,1.433,1.766,1.438,1.551,1.46,1.547,,2.081,2.01,2.225,2.294,1.81,2.492,1.768,,2.34,1.726,1.447
2022-12-06,,2.004,1.433,1.766,1.438,1.551,1.459,1.547,,2.082,2.01,2.225,2.294,1.814,2.492,1.775,,2.34,1.723,1.451
2022-12-07,,2.003,1.433,1.766,1.435,1.551,1.455,1.547,,2.079,2.01,2.2,2.293,1.81,2.491,1.764,,2.335,1.723,1.446
2022-12-08,,2.004,1.433,1.766,1.438,1.55,1.462,1.547,,2.083,2.01,2.2,2.302,1.813,2.495,1.763,,2.335,1.719,1.444
2022-12-09,,2.014,1.433,1.766,1.432,1.55,1.464,1.544,,2.083,2.01,2.199,2.297,1.815,2.614,1.756,,2.335,1.715,1.445
2022-12-12,,2.026,1.433,1.766,1.436,1.627,1.459,1.543,,2.084,2.024,2.2,2.3,1.824,2.492,1.763,,2.335,1.72,1.451
2022-12-13,,2.03,1.433,1.766,1.437,1.627,1.464,1.541,,2.084,2.024,2.2,2.299,1.833,2.492,1.752,,2.335,1.717,1.457
2022-12-14,,2.033,1.433,1.766,1.441,1.645,1.475,1.541,,2.091,2.024,2.2,2.306,1.868,2.617,1.757,,2.335,1.72,1.464
2022-12-15,,2.026,1.433,1.766,1.438,1.645,1.463,1.542,,2.085,2.024,2.2,2.324,1.859,2.493,1.758,,2.335,1.721,1.459
2022-12-16,,2.034,1.433,1.737,1.44,1.645,1.473,1.541,,2.084,2.024,2.2,2.335,1.867,2.617,1.759,,2.335,1.719,1.463
2022-12-19,,2.052,1.433,1.708,1.438,1.622,1.464,1.541,,2.084,2.024,2.193,2.354,1.852,2.492,1.763,,2.335,1.712,1.444
2022-12-20,,2.051,1.433,1.708,1.435,1.622,1.462,1.541,,2.079,2.024,2.192,2.351,1.839,2.491,1.765,,2.335,1.712,1.436
2022-12-21,,2.066,1.433,1.708,1.435,1.621,1.463,1.541,,2.074,2.024,2.192,2.349,1.836,2.492,1.765,,2.335,1.711,1.434
2022-12-22,,2.066,1.433,1.708,1.434,1.621,1.461,1.541,,2.071,2.024,2.192,2.349,1.832,2.492,1.783,,2.335,1.71,1.431
2022-12-23,,2.077,1.433,1.678,1.434,1.613,1.455,1.563,,2.065,2.016,2.192,2.352,1.819,2.498,1.779,,2.336,1.711,1.426
2022-12-26,,2.076,1.433,1.678,1.452,1.635,1.456,1.563,,2.067,2.016,2.193,2.352,1.821,2.498,1.779,,2.336,1.711,1.43
2022-12-27,,2.089,1.433,1.678,1.456,1.635,1.457,1.568,,2.065,2.016,2.193,2.32,1.822,2.496,1.778,,2.336,1.711,1.43
2022-12-28,,2.089,1.433,1.678,1.455,1.635,1.452,1.568,,2.062,2.016,2.193,2.32,1.814,2.496,1.777,,2.336,1.708,1.424
2022-12-29,,2.074,1.433,1.678,1.457,1.635,1.451,1.568,,2.061,2.016,2.193,2.32,1.811,2.496,1.777,,2.336,1.708,1.423
2022-12-30,,2.074,1.433,1.678,1.457,1.635,1.451,1.568,,2.061,2.016,2.193,2.32,1.811,2.496,1.777,,2.336,1.708,1.423
2023-01-02,,1.974,1.433,1.678,1.461,1.618,1.454,1.568,,2.107,2.016,2.589,2.326,1.822,2.498,1.787,,2.336,1.707,1.434
2023-01-03,,1.973,1.433,1.678,1.46,1.603,1.456,1.568,,2.11,2.016,2.59,2.326,1.83,2.498,1.784,,2.331,1.704,1.44
2023-01-04,,1.974,1.433,1.643,1.459,1.603,1.448,1.568,,2.111,2.016,2.559,2.326,1.835,2.498,1.783,,2.331,1.703,1.439
2023-01-05,,1.984,1.433,1.648,1.457,1.603,1.45,1.568,,2.109,2.016,2.531,2.337,1.826,2.496,1.782,,2.331,1.704,1.421
2023-01-06,,1.973,1.433,1.648,1.454,1.603,1.446,1.568,,2.097,2.013,2.531,2.337,1.818,2.493,1.783,,2.331,1.699,1.416
2023-01-09,,1.97,1.433,1.648,1.453,1.603,1.445,1.568,,2.095,2.013,2.531,2.337,1.815,2.493,1.784,,2.331,1.683,1.407
2023-01-10,,1.973,1.433,1.648,1.452,1.602,1.444,1.568,,2.089,2.013,2.518,2.336,1.817,2.496,1.786,,2.331,1.683,1.404
2023-01-11,,1.973,1.433,1.648,1.451,1.602,1.443,1.568,,2.086,2.013,2.518,2.336,1.811,2.496,1.785,,2.331,1.681,1.401
2023-01-12,,2.414,1.433,2.281,1.699,1.61,1.63,1.568,,2.513,2.013,2.576,2.703,2.085,2.614,2.035,,2.421,2.02,1.398
2023-01-13,,2.286,1.933,2.161,1.809,1.672,1.791,2.013,,2.429,2.228,2.815,2.745,2.063,2.816,2.22,,2.421,2.033,1.692
2023-01-16,,2.335,1.933,2.147,1.824,1.672,1.794,2.013,,2.462,2.228,2.815,2.676,2.146,2.802,2.239,,2.407,1.96,1.697
2023-01-17,,2.312,1.933,2.153,1.786,1.672,1.795,2.03,,2.422,2.228,2.708,2.875,2.007,2.964,2.189,,2.413,1.927,1.694
2023-01-18,,2.26,1.933,2.153,1.791,1.672,1.788,2.03,,2.426,2.228,2.674,2.872,2.166,2.963,2.197,,2.418,1.912,1.695
2023-01-19,,2.309,1.833,2.081,1.767,1.66,1.713,1.972,,2.384,2.185,2.709,2.769,2.171,2.911,2.147,,2.446,1.879,1.638
2023-01-20,,2.286,1.833,2.081,1.74,1.657,1.681,1.894,,2.355,2.22,2.678,2.693,2.141,2.929,2.054,,2.452,1.856,1.653
2023-01-23,,2.266,1.833,2.059,1.736,1.657,1.669,1.897,,2.362,2.22,2.657,2.693,2.093,2.919,2.059,,2.452,1.852,1.655
2023-01-24,,2.262,1.667,2.015,1.698,1.722,1.674,1.862,,2.34,2.22,2.7,2.642,2.063,2.832,1.977,,2.432,1.829,1.688
2023-01-25,,2.26,1.667,1.956,1.679,1.722,1.672,1.862,,2.339,2.203,2.678,2.64,2.015,2.828,1.974,,2.426,1.834,1.671
2023-01-26,,2.248,1.667,1.956,1.687,1.74,1.667,1.861,,2.324,2.225,2.661,2.628,2.004,2.812,1.972,,2.426,1.825,1.686
2023-01-27,,2.27,1.667,1.868,1.673,1.718,1.659,1.852,,2.326,2.202,2.64,2.596,2.011,2.811,1.997,,2.426,1.818,1.675
2023-01-30,,2.243,1.667,1.839,1.725,1.803,1.732,1.88,,2.335,2.202,2.71,2.643,2.011,2.825,2.025,,2.426,1.829,1.741
2023-01-31,,2.243,1.667,1.839,1.721,1.803,1.725,1.88,,2.332,2.202,2.709,2.658,1.995,2.821,2.024,,2.426,1.833,1.739
2023-02-01,,2.279,1.667,1.772,1.776,2.272,1.904,1.923,,2.42,2.894,2.675,2.665,2.0,2.938,2.061,,1.817,1.885,2.059
2023-02-02,,2.276,1.667,1.772,1.742,2.272,1.904,1.923,,2.424,2.894,2.675,2.67,1.997,2.966,2.061,,1.817,1.885,2.059
2023-02-03,,2.287,1.667,1.772,1.756,2.272,1.904,1.923,,2.429,2.894,2.684,2.67,2.01,2.972,2.062,,1.817,1.885,2.059
2023-02-06,,2.297,1.667,1.772,1.765,2.272,1.904,1.923,,2.435,2.894,2.684,2.67,2.051,2.972,2.065,,1.817,1.886,2.059
2023-02-07,,2.288,1.667,1.772,1.76,2.272,1.904,1.923,,2.432,2.894,2.719,2.671,2.01,2.972,2.062,,1.817,1.885,2.059
2023-02-08,,2.585,1.833,2.102,1.881,2.288,2.015,2.009,,2.624,2.972,2.843,2.857,2.141,3.064,2.292,,2.008,2.079,2.059
2023-02-09,,2.669,2.0,2.119,2.013,2.288,2.091,2.265,,2.688,2.972,2.94,2.931,2.175,3.103,2.466,,2.157,2.116,2.21
2023-02-10,,2.669,2.0,2.119,2.017,2.288,2.091,2.265,,2.694,2.972,3.082,2.931,2.174,3.103,2.468,,2.157,2.116,2.21
2023-02-13,,3.011,2.25,2.341,2.248,2.386,2.31,2.41,,3.004,3.024,3.232,3.376,2.436,3.293,2.88,,2.366,2.447,2.416
2023-02-14,,3.081,2.417,2.324,2.261,2.386,2.41,2.419,,3.097,3.024,3.296,3.338,2.523,3.366,3.136,,2.366,2.524,2.454
2023-02-15,,3.126,2.417,2.324,2.249,2.176,2.366,2.36,,3.15,3.024,3.314,3.567,2.406,3.384,3.133,,2.365,2.579,2.372
2023-02-16,,3.304,2.417,2.27,2.245,2.16,2.366,2.358,,3.191,3.024,3.273,3.564,2.386,3.383,3.095,,2.315,2.521,2.372
2023-02-17,,3.289,2.417,2.27,2.229,2.16,2.352,2.358,,3.19,3.314,3.273,3.583,2.371,3.398,3.118,,2.315,2.508,2.439
2023-02-22,,3.289,2.417,2.27,2.23,2.16,2.352,2.358,,3.192,3.314,3.273,3.583,2.374,3.398,3.119,,2.315,2.508,2.439
2023-02-23,,3.304,2.417,2.376,2.225,2.16,2.594,2.32,,3.148,3.401,3.208,3.601,2.374,3.401,2.958,,2.24,2.412,2.376
2023-02-24,,3.315,2.417,2.336,2.215,2.16,2.527,2.337,,3.074,3.401,3.143,3.555,2.353,3.389,2.989,,2.228,2.401,2.376
2023-02-27,,3.443,2.417,2.336,2.207,2.16,2.535,2.337,,3.061,3.444,3.143,3.562,2.341,3.373,2.981,,2.228,2.39,2.376
2023-02-28,,3.532,2.417,2.336,2.21,2.16,2.508,2.332,,3.067,3.444,3.137,3.547,2.337,3.365,2.981,,2.262,2.376,2.376
2023-03-01,,3.434,2.305,2.43,2.173,2.148,2.264,2.342,,3.046,2.67,3.138,3.266,2.366,3.177,2.923,,2.267,2.379,2.271
2023-03-02,,3.436,2.305,2.401,2.16,2.148,2.257,2.34,,3.09,2.67,3.073,3.285,2.301,3.174,2.924,,2.255,2.364,2.271
2023-03-03,,3.439,2.077,2.401,2.143,2.105,2.254,2.34,,3.074,2.67,3.138,3.275,2.301,3.226,3.09,,2.222,2.364,2.271
2023-03-06,,3.424,2.305,2.371,2.136,2.105,2.243,2.323,,3.065,2.67,3.111,3.238,2.293,3.215,3.251,,2.222,2.337,2.347
2023-03-07,,3.396,2.305,2.371,2.127,2.105,2.24,2.336,,3.086,2.67,3.111,3.237,2.276,3.252,3.277,,2.209,2.338,2.281
2023-03-08,,3.455,2.205,2.358,2.132,2.105,2.22,2.302,,3.065,2.67,3.111,3.237,2.271,3.268,3.264,,2.158,2.326,2.286
2023-03-09,,3.42,2.205,2.358,2.131,2.105,2.232,2.271,,3.045,2.67,3.111,3.233,2.259,3.267,3.257,,2.167,2.331,2.286
2023-03-10,,3.423,2.205,2.358,2.121,2.105,2.21,2.278,,3.032,2.67,3.111,3.241,2.264,3.271,3.272,,2.157,2.331,2.33
2023-03-13,,3.389,2.205,2.358,2.073,2.105,2.206,2.284,,3.022,2.67,3.111,3.252,2.255,3.262,3.383,,2.157,2.333,2.33
2023-03-14,,3.369,2.205,2.358,2.098,2.055,2.201,2.284,,3.006,2.67,3.111,3.25,2.26,3.256,3.394,,2.155,2.326,2.297
2023-03-15,,3.378,2.012,2.358,2.117,2.055,2.239,2.288,,3.034,2.67,3.111,3.281,2.259,3.255,3.419,,2.188,2.334,2.297
2023-03-16,,3.36,2.012,2.328,2.062,2.055,2.201,2.261,,2.979,2.67,3.111,3.274,2.241,3.251,3.406,,2.203,2.308,2.297
2023-03-17,,3.478,1.995,2.328,2.119,2.062,2.239,2.33,,3.014,2.67,3.111,3.286,2.236,3.275,3.503,,2.239,2.44,2.33
2023-03-20,,3.476,1.995,2.328,2.116,2.062,2.239,2.324,,3.014,2.8,3.111,3.283,2.234,3.275,3.755,,2.239,2.445,2.297
2023-03-21,,3.816,1.995,2.299,2.118,2.062,2.226,2.341,,3.038,2.8,3.111,3.299,2.234,3.277,3.963,,2.29,2.45,2.297
2023-03-22,,3.676,1.995,2.299,2.106,2.048,2.209,2.341,,3.001,2.8,3.111,3.272,2.23,3.277,4.052,,2.254,2.419,2.297
2023-03-23,,3.674,1.995,2.299,2.107,2.048,2.209,2.319,,3.002,2.8,3.111,3.272,2.232,3.267,4.052,,2.254,2.419,2.33
2023-03-24,,3.672,1.995,2.313,2.14,2.048,2.226,2.313,,3.083,2.8,3.208,3.43,2.269,3.285,4.219,,2.294,2.533,2.33
2023-03-27,,3.672,1.995,2.313,2.14,2.048,2.226,2.313,,3.047,2.8,3.208,3.424,2.263,3.285,4.044,,2.294,2.552,2.33
2023-03-28,,3.639,1.995,2.299,2.134,2.048,2.222,2.313,,3.006,2.8,3.111,3.328,2.264,3.276,3.761,,2.294,2.449,2.33
2023-03-29,,3.61,1.995,2.313,2.14,2.048,2.226,2.276,,3.051,2.8,3.208,3.397,2.269,3.278,3.615,,2.306,2.483,2.33
2023-03-30,,3.586,1.995,2.313,2.125,2.048,2.226,2.276,,3.055,2.8,3.208,3.349,2.259,3.281,3.816,,2.306,2.483,2.33
2023-03-31,,3.553,1.995,2.283,2.138,2.048,2.226,2.284,,3.035,2.8,3.208,3.327,2.204,3.28,3.467,,2.275,2.475,2.33
2023-04-03,,3.364,2.1,2.283,2.127,1.912,2.155,2.178,,3.002,2.542,3.208,3.22,2.218,3.24,3.386,,2.275,2.47,2.786
2023-04-04,,3.299,2.1,2.283,2.135,1.912,2.155,2.178,,3.039,2.542,3.208,3.216,2.211,3.232,3.384,,2.275,2.461,2.81
2023-04-05,,3.281,2.1,2.283,2.143,1.912,2.154,2.186,,3.041,2.542,3.208,3.22,2.234,3.232,3.381,,2.275,2.461,2.821
2023-04-06,,3.292,2.1,2.283,2.132,1.912,2.155,2.186,,3.045,2.542,3.208,3.226,2.238,3.354,3.386,,2.274,2.458,2.821
2023-04-10,,3.301,2.1,2.283,2.137,1.984,2.171,2.195,,3.042,2.542,3.208,3.236,2.238,3.36,3.443,,2.274,2.459,2.875
2023-04-11,,3.365,2.1,2.386,2.14,1.984,2.168,2.195,,3.045,2.542,3.208,3.218,2.227,3.258,3.436,,2.274,2.462,2.875
2023-04-12,,3.359,2.1,2.386,2.136,1.984,2.162,2.186,,3.052,2.542,3.208,3.211,2.218,3.294,3.469,,2.267,2.442,2.875
2023-04-13,,3.368,2.1,2.386,2.131,1.987,2.162,2.186,,3.067,2.639,3.305,3.23,2.212,3.401,3.505,,2.267,2.453,2.875
2023-04-14,,3.405,2.2,2.386,2.195,2.116,2.206,2.272,,3.079,2.542,3.305,3.269,2.217,3.425,3.661,,2.267,2.502,2.909
2023-04-17,,3.411,2.15,2.386,2.196,2.091,2.222,2.273,,3.08,2.621,3.337,3.267,2.228,3.436,3.551,,2.275,2.548,2.909
2023-04-18,,3.424,2.2,2.386,2.209,2.091,2.235,2.355,,3.079,2.886,3.369,3.324,2.22,3.436,3.534,,2.287,2.546,2.909
2023-04-19,,3.431,2.2,2.415,2.207,2.091,2.237,2.355,,3.089,2.807,3.369,3.319,2.224,3.451,3.536,,2.355,2.546,2.909
2023-04-20,,3.499,2.2,2.415,2.219,2.091,2.3,2.282,,3.095,2.886,3.434,3.302,2.289,3.449,3.545,,2.355,2.549,2.909
2023-04-24,,3.509,2.2,2.415,2.223,2.079,2.299,2.362,,3.097,2.886,3.402,3.309,2.293,3.458,3.596,,2.355,2.554,2.909
2023-04-25,,3.517,2.2,2.415,2.226,2.065,2.297,2.357,,3.096,2.755,3.402,3.327,2.287,3.454,3.586,,2.355,2.563,2.909
2023-04-26,,3.54,2.2,2.415,2.23,2.065,2.297,2.362,,3.089,2.781,3.411,3.325,2.275,3.371,3.567,,2.355,2.56,2.909
2023-04-27,,3.56,2.2,2.415,2.243,2.065,2.286,2.362,,3.092,2.781,3.443,3.343,2.272,3.373,3.577,,2.355,2.566,2.887
2023-04-28,,3.565,2.2,2.415,2.244,2.009,2.289,2.362,,3.089,2.781,3.443,3.37,2.279,3.373,3.578,,2.355,2.568,2.887
2023-05-02,,3.759,2.2,2.464,2.226,1.973,2.312,2.332,,3.166,2.997,3.479,3.783,2.279,3.14,3.518,,2.465,2.499,2.693
2023-05-03,,3.798,2.2,2.464,2.291,1.973,2.322,2.332,,3.184,2.997,3.485,3.803,2.307,3.151,3.535,,2.53,2.54,2.693
2023-05-04,,3.817,2.2,2.585,2.297,1.956,2.319,2.332,,3.204,2.997,3.485,3.807,2.312,3.149,3.531,,2.571,2.527,2.686
2023-05-05,,3.886,2.2,2.585,2.298,1.956,2.335,2.319,,3.205,2.997,3.511,3.787,2.299,3.149,3.527,,2.592,2.533,2.686
2023-05-08,,3.88,2.2,2.585,2.298,1.956,2.335,2.319,,3.235,2.997,3.511,3.781,2.304,3.147,3.525,,2.592,2.544,2.686
2023-05-09,,3.895,2.2,2.585,2.306,1.956,2.339,2.324,,3.192,2.997,3.526,3.771,2.302,3.142,3.478,,2.579,2.54,2.67
2023-05-10,,3.887,2.2,2.661,2.324,1.956,2.35,2.346,,3.244,2.997,3.531,3.455,2.296,3.185,3.616,,2.59,2.571,2.67
2023-05-11,,3.943,2.2,2.585,2.313,1.959,2.345,2.41,,3.193,3.021,3.526,3.753,2.275,3.149,3.498,,2.586,2.559,2.67
2023-05-12,,3.972,2.2,2.585,2.309,1.944,2.347,2.41,,3.185,3.205,3.526,3.752,2.271,3.147,3.487,,2.586,2.558,2.67
2023-05-15,,3.96,2.2,2.585,2.308,1.924,2.303,2.403,,3.163,3.085,3.564,3.743,2.254,3.14,3.428,,2.584,2.534,2.67
2023-05-16,,4.032,2.2,2.585,2.289,1.902,2.276,2.369,,3.156,3.108,3.604,3.742,2.259,3.135,3.382,,2.584,2.533,2.693
2023-05-17,,4.021,2.2,2.585,2.286,1.896,2.26,2.315,,3.146,3.085,3.618,3.715,2.262,3.125,3.331,,2.563,2.531,2.693
2023-05-18,,4.02,2.2,2.57,2.263,1.891,2.235,2.311,,3.139,3.108,3.579,3.696,2.261,3.091,3.298,,2.563,2.522,2.663
2023-05-19,,4.07,2.2,2.57,2.246,1.866,2.209,2.296,,3.109,3.143,3.54,3.628,2.252,3.065,3.253,,2.563,2.491,2.632
2023-05-22,,4.062,2.2,2.555,2.245,1.855,2.21,2.296,,3.086,3.091,3.54,3.629,2.252,3.059,3.231,,2.553,2.471,2.632
2023-05-23,,4.029,2.2,2.509,2.208,1.84,2.172,2.284,,3.045,3.04,3.54,3.571,2.223,3.034,3.164,,2.528,2.45,2.607
2023-05-24,,3.984,2.2,2.509,2.205,1.84,2.169,2.275,,3.04,3.025,3.535,3.568,2.229,3.012,3.133,,2.525,2.433,2.607
2023-05-25,,3.95,2.2,2.509,2.182,1.833,2.113,2.261,,3.025,3.025,3.613,3.554,2.21,2.993,3.109,,2.521,2.4,2.607
2023-05-26,,3.951,2.2,2.509,2.173,1.832,2.099,2.248,,2.982,2.981,3.602,3.552,2.207,2.993,3.022,,2.437,2.393,2.607
2023-05-29,,3.933,2.2,2.509,2.161,1.822,2.103,2.233,,2.958,2.935,3.602,3.531,2.199,2.976,2.998,,2.441,2.381,2.607
2023-05-30,,3.937,2.2,2.509,2.157,1.819,2.11,2.198,,2.935,2.919,3.596,3.52,2.197,2.974,2.988,,2.378,2.373,2.591
2023-05-31,,4.059,2.2,2.509,2.195,1.812,2.107,2.191,,2.944,3.001,3.596,3.585,2.196,2.999,2.995,,2.422,2.402,2.591
2023-06-01,,4.048,2.243,3.108,2.123,1.741,2.256,2.197,,2.914,2.623,3.599,3.571,2.212,3.321,2.975,,2.413,2.275,2.688
2023-06-02,,4.041,2.243,3.108,2.118,1.729,2.258,2.197,,2.873,2.566,3.599,3.562,2.188,3.321,2.97,,2.413,2.273,2.688
2023-06-05,,3.981,2.243,3.1,2.087,1.738,2.217,2.181,,2.854,2.566,3.613,3.503,2.16,3.283,2.951,,2.39,2.249,2.688
2023-06-06,,3.975,2.243,3.1,2.065,1.722,2.206,2.175,,2.843,2.562,3.613,3.494,2.157,3.269,2.941,,2.39,2.204,2.688
2023-06-07,,3.984,2.243,3.031,2.049,1.727,2.186,2.172,,2.843,2.578,3.613,3.489,2.163,3.263,2.936,,2.39,2.206,2.688
2023-06-09,,3.998,2.243,3.1,2.069,1.739,2.233,2.175,,2.865,2.562,3.602,3.486,2.174,3.267,2.946,,2.39,2.204,2.688
2023-06-12,,3.974,2.243,3.031,2.026,1.727,2.185,2.163,,2.834,2.575,3.602,3.468,2.165,3.252,2.938,,2.377,2.201,2.688
2023-06-13,,3.967,2.243,3.031,2.018,1.724,2.173,2.153,,2.832,2.562,3.596,3.457,2.175,3.246,2.929,,2.371,2.195,2.644
2023-06-14,,4.029,2.243,3.031,2.015,1.725,2.163,2.142,,2.823,2.536,3.596,3.467,2.172,3.244,2.928,,2.358,2.212,2.713
2023-06-15,,4.06,2.243,3.031,2.015,1.725,2.155,2.126,,2.814,2.571,3.596,3.47,2.169,3.24,2.933,,2.358,2.219,2.757
2023-06-16,,4.05,2.243,3.031,2.011,1.708,2.133,2.114,,2.813,2.571,3.585,3.463,2.166,3.232,2.923,,2.327,2.213,2.757
2023-06-19,,4.047,2.243,3.031,2.014,1.705,2.133,2.112,,2.814,2.571,3.596,3.496,2.185,3.228,2.916,,2.327,2.207,2.757
2023-06-20,,4.061,2.157,3.014,2.003,1.683,2.121,2.105,,2.806,2.551,3.596,3.495,2.194,3.22,2.903,,2.327,2.189,2.757
2023-06-21,,4.096,2.157,3.031,2.018,1.764,2.121,2.165,,2.809,2.576,3.596,3.497,2.191,3.226,2.929,,2.327,2.18,2.794
2023-06-22,,4.145,2.157,3.031,2.008,1.764,2.12,2.152,,2.797,2.568,3.591,3.51,2.179,3.219,2.925,,2.327,2.171,2.794
2023-06-23,,4.135,2.157,3.031,1.997,1.73,2.116,2.151,,2.792,2.543,3.591,3.567,2.17,3.224,2.919,,2.306,2.16,2.753
2023-06-26,,4.184,2.157,3.031,1.981,1.696,2.112,2.138,,2.782,2.53,3.591,3.567,2.165,3.211,2.905,,2.306,2.158,2.768
2023-06-27,,4.243,2.157,3.031,1.971,1.671,2.109,2.133,,2.795,2.53,3.596,3.567,2.166,3.209,2.794,,2.267,2.154,2.735
2023-06-28,,4.309,2.157,3.031,1.97,1.636,2.101,2.11,,2.789,2.53,3.596,3.603,2.169,3.222,2.799,,2.266,2.15,2.735
2023-06-29,,4.291,2.243,3.031,1.967,1.621,2.097,2.095,,2.784,2.53,3.596,3.627,2.176,3.225,2.798,,2.257,2.14,2.735
2023-06-30,,4.427,2.243,2.913,2.04,1.621,2.125,2.153,,2.789,2.553,3.557,3.682,2.165,3.258,2.931,,2.387,2.236,2.735
2023-07-03,,4.359,2.242,2.778,1.97,1.646,2.079,2.101,,2.768,2.537,3.553,3.807,2.167,2.966,2.916,,2.257,2.163,3.013
2023-07-04,,4.358,2.242,2.778,1.96,1.646,2.062,2.101,,2.756,2.537,3.63,3.787,2.171,2.949,2.917,,2.257,2.137,3.013
2023-07-05,,4.345,2.242,2.778,1.952,1.645,2.045,2.101,,2.765,2.537,3.611,3.782,2.187,2.95,2.913,,2.255,2.137,3.013
2023-07-06,,4.346,2.242,2.778,1.948,1.637,2.032,2.101,,2.749,2.554,3.593,3.201,2.192,2.947,2.871,,2.255,2.147,3.013
2023-07-07,,4.328,2.242,2.778,1.946,1.634,2.038,2.101,,2.741,2.554,3.593,3.223,2.157,2.94,2.879,,2.251,2.148,2.978
2023-07-10,,4.33,2.242,2.778,1.948,1.634,2.023,2.013,,2.727,2.554,3.593,3.223,2.184,2.937,2.992,,2.245,2.149,3.013
2023-07-11,,4.373,2.075,2.778,1.943,1.634,2.039,2.013,,2.713,2.538,3.593,3.202,2.182,2.926,2.973,,2.245,2.141,3.013
2023-07-12,,4.359,2.242,2.778,1.937,1.635,2.026,2.009,,2.712,2.538,3.593,3.198,2.18,2.923,2.972,,2.245,2.154,3.013
2023-07-13,,4.354,2.242,2.778,1.895,1.589,1.998,2.006,,2.691,2.533,3.593,3.179,2.173,2.915,2.961,,2.242,2.151,3.013
2023-07-14,,4.421,2.096,2.697,1.961,1.59,2.021,2.009,,2.722,2.515,3.613,3.216,2.178,2.991,3.008,,2.281,2.197,3.0
2023-07-17,,4.454,2.096,2.697,1.902,1.582,1.999,1.986,,2.683,2.515,3.607,3.194,2.172,2.908,2.956,,2.248,2.147,3.0
2023-07-18,,4.525,2.242,2.697,1.887,1.582,1.997,1.986,,2.672,2.515,3.601,3.181,2.168,2.904,3.067,,2.241,2.148,2.981
2023-07-19,,4.439,2.242,2.697,1.877,1.573,1.994,1.986,,2.664,2.515,3.601,3.189,2.172,2.903,3.052,,2.241,2.135,2.965
2023-07-20,,3.888,2.117,2.697,1.891,1.573,1.974,1.986,,2.656,2.497,3.601,3.211,2.155,2.911,3.019,,2.258,2.141,2.965
2023-07-21,,3.889,2.117,2.697,1.889,1.562,1.968,1.982,,2.643,2.502,3.64,3.207,2.152,2.905,3.013,,2.279,2.113,2.948
2023-07-24,,3.913,2.116,2.681,1.896,1.559,1.964,1.962,,2.626,2.502,3.661,3.188,2.024,2.905,3.015,,2.285,2.104,2.973
2023-07-25,,3.945,2.116,2.661,1.89,1.559,1.943,1.962,,2.608,2.502,3.657,3.182,2.008,2.896,3.011,,2.285,2.097,2.957
2023-07-26,,3.366,2.116,2.651,1.859,1.534,1.929,1.948,,2.567,2.502,3.657,3.148,1.995,2.879,3.002,,2.23,2.071,2.89
2023-07-27,,4.196,1.8,2.222,1.766,1.518,1.912,1.776,,2.491,2.399,3.578,3.115,1.806,2.382,2.916,,2.192,1.977,2.735
2023-07-28,,4.165,1.8,2.628,1.834,1.509,1.912,1.777,,2.516,2.399,3.585,3.12,2.004,2.867,2.969,,2.192,2.055,2.735
2023-07-31,,4.178,1.8,2.609,1.794,1.501,1.901,1.77,,2.505,2.399,3.576,3.085,1.956,2.861,2.951,,2.181,2.039,2.727
2023-08-01,,4.463,1.8,2.533,1.779,1.563,1.908,1.76,,2.518,2.061,3.458,3.069,1.977,2.803,2.944,,2.181,2.026,2.471
2023-08-02,,4.492,1.8,2.533,1.742,1.548,1.889,1.76,,2.514,2.053,3.483,3.064,1.973,2.797,2.912,,2.182,2.008,2.471
2023-08-03,,4.41,1.8,2.361,1.736,1.544,1.885,1.756,,2.507,2.049,3.479,3.049,1.965,2.786,2.9,,2.175,1.997,2.495
2023-08-04,,4.403,1.8,2.29,1.728,1.521,1.852,1.749,,2.494,2.044,3.472,3.031,1.964,2.784,2.882,,2.175,1.994,2.495
2023-08-07,,4.389,1.8,2.29,1.716,1.525,1.849,1.745,,2.494,2.038,3.473,3.043,1.965,2.772,2.853,,2.221,1.99,2.487
2023-08-08,,4.374,1.8,2.281,1.701,1.525,1.85,1.745,,2.473,2.038,3.47,3.0,1.958,2.766,2.845,,2.203,1.976,2.486
2023-08-09,,4.383,1.8,2.289,1.708,1.525,1.844,1.745,,2.465,2.038,3.565,2.989,2.026,2.768,2.845,,2.203,1.971,2.496
2023-08-10,,4.425,1.8,2.262,1.679,1.509,1.822,1.692,,2.45,2.014,3.47,2.994,1.943,2.749,2.766,,2.178,1.946,2.449
2023-08-11,,4.382,1.8,2.262,1.671,1.525,1.809,1.729,,2.45,2.024,3.469,2.999,1.943,2.744,2.778,,2.178,1.947,2.484
2023-08-14,,4.325,1.8,2.262,1.657,1.525,1.811,1.682,,2.443,2.002,3.473,3.004,1.951,2.732,2.772,,2.171,1.937,2.487
2023-08-15,,4.289,1.8,2.262,1.648,1.52,1.809,1.682,,2.436,2.001,3.471,3.038,1.954,2.716,2.739,,2.113,1.926,2.488
2023-08-16,,4.24,1.74,2.262,1.647,1.507,1.8,1.687,,2.423,1.988,3.522,3.042,1.961,2.706,2.719,,2.102,1.913,2.488
2023-08-17,,4.082,1.74,2.212,1.617,1.496,1.783,1.666,,2.39,1.984,3.519,3.012,1.967,2.683,2.704,,2.086,1.891,2.476
2023-08-18,,4.065,1.74,2.212,1.616,1.487,1.782,1.666,,2.377,1.984,3.519,3.008,1.934,2.683,2.701,,2.086,1.884,2.469
2023-08-21,,3.949,1.74,2.204,1.607,1.486,1.781,1.666,,2.38,1.984,3.521,2.989,1.928,2.672,2.703,,2.093,1.876,2.419
2023-08-22,,3.974,1.74,2.195,1.6,1.482,1.766,1.666,,2.358,1.981,3.52,3.002,1.927,2.662,2.691,,2.072,1.872,2.44
2023-08-23,,3.881,1.74,2.141,1.577,1.472,1.736,1.653,,2.326,1.951,3.508,2.965,1.883,2.656,2.679,,2.051,1.863,2.443
2023-08-24,,3.93,1.74,2.141,1.571,1.474,1.737,1.653,,2.32,1.934,3.51,2.943,1.88,2.639,2.67,,2.051,1.859,2.375
2023-08-25,,3.895,1.74,2.128,1.564,1.474,1.73,1.638,,2.313,1.907,3.509,2.945,1.884,2.637,2.662,,2.041,1.845,2.377
2023-08-28,,3.794,1.74,2.128,1.561,1.474,1.728,1.638,,2.294,1.907,3.509,3.008,1.883,2.636,2.663,,2.041,1.845,2.369
2023-08-29,,3.815,1.64,2.124,1.561,1.493,1.687,1.638,,2.288,1.906,3.499,2.994,1.877,2.631,2.662,,2.021,1.835,2.363
2023-08-30,,3.798,1.64,2.124,1.56,1.493,1.677,1.638,,2.268,1.906,3.5,2.994,1.879,2.609,2.637,,2.034,1.84,2.315
2023-08-31,,3.792,1.64,2.132,1.568,1.493,1.677,1.638,,2.288,1.956,3.503,2.979,1.889,2.644,2.642,,2.034,1.843,2.317
2023-09-01,,3.857,1.638,2.131,1.566,1.437,1.852,1.655,,2.3,1.984,3.501,2.881,1.649,2.638,2.71,,2.791,1.786,1.963
2023-09-04,,3.857,1.638,2.124,1.567,1.437,1.838,1.655,,2.298,1.959,3.501,2.921,1.65,2.596,2.687,,2.791,1.78,1.958
2023-09-05,,3.911,1.638,2.124,1.562,1.433,1.873,1.655,,2.3,1.954,3.503,2.909,1.658,2.624,2.677,,2.694,1.78,1.944
2023-09-06,,3.882,1.6,2.124,1.554,1.429,1.864,1.648,,2.29,1.929,3.503,2.908,1.635,2.621,2.664,,2.676,1.778,1.949
2023-09-08,,3.872,1.6,2.124,1.551,1.429,1.864,1.648,,2.285,1.948,3.502,2.891,1.632,2.644,2.65,,2.676,1.764,1.957
2023-09-11,,3.84,1.6,2.124,1.539,1.429,1.85,1.648,,2.283,1.948,3.5,2.883,1.629,2.641,2.643,,2.675,1.757,1.946
2023-09-12,,3.775,1.6,2.124,1.535,1.433,1.809,1.648,,2.284,1.945,3.498,2.89,1.624,2.643,2.654,,2.675,1.751,1.939
2023-09-13,,3.985,1.6,2.053,1.591,1.426,1.883,1.651,,2.336,1.953,3.468,2.961,1.606,2.681,2.749,,2.703,1.827,1.924
2023-09-14,,3.748,1.6,2.053,1.533,1.426,1.872,1.648,,2.281,1.948,3.45,2.868,1.607,2.649,2.664,,2.675,1.754,1.924
2023-09-15,,3.743,1.6,2.053,1.533,1.425,1.873,1.648,,2.282,1.948,3.451,2.865,1.611,2.649,2.656,,2.675,1.769,1.908
2023-09-18,,3.723,1.6,2.058,1.533,1.425,1.873,1.648,,2.291,1.953,3.452,2.852,1.611,2.68,2.691,,2.692,1.756,1.93
2023-09-19,,3.705,1.6,2.042,1.529,1.425,1.88,1.635,,2.293,1.905,3.424,2.835,1.602,2.666,2.671,,2.689,1.728,1.917
2023-09-20,,3.67,1.6,2.042,1.51,1.404,1.855,1.632,,2.285,1.905,3.336,2.788,1.572,2.649,2.656,,2.76,1.718,1.916
2023-09-21,,3.666,1.6,2.042,1.509,1.405,1.853,1.627,,2.284,1.905,3.341,2.805,1.558,2.644,2.636,,2.76,1.718,1.947
2023-09-22,,3.651,1.538,2.042,1.508,1.405,1.846,1.627,,2.29,1.905,3.341,2.8,1.543,2.641,2.625,,2.771,1.721,1.947
2023-09-25,,3.7,1.571,2.042,1.505,1.405,1.847,1.627,,2.292,1.905,3.343,2.791,1.549,2.64,2.625,,2.771,1.72,1.958
2023-09-26,,3.671,1.6,2.039,1.498,1.391,1.834,1.627,,2.303,1.897,3.338,2.781,1.558,2.63,2.622,,2.769,1.72,1.917
2023-09-27,,3.623,1.6,2.042,1.493,1.383,1.835,1.624,,2.304,1.896,3.328,2.753,1.555,2.614,2.607,,2.769,1.717,1.925
2023-09-28,,3.599,1.6,2.042,1.486,1.384,1.831,1.612,,2.307,1.89,3.327,2.745,1.536,2.608,2.592,,2.769,1.712,1.901
2023-09-29,,3.591,1.6,2.042,1.489,1.384,1.828,1.607,,2.296,1.887,3.307,2.736,1.527,2.601,2.588,,2.768,1.708,1.892
2023-10-02,,3.626,1.652,2.042,1.574,1.313,1.848,2.143,,2.361,1.882,3.744,2.951,1.538,2.32,2.636,,2.606,1.746,1.921
2023-10-03,,3.348,1.652,2.042,1.55,1.31,1.839,2.135,,2.365,1.879,3.744,2.927,1.55,2.307,2.598,,2.455,1.726,1.924
2023-10-04,,3.376,1.716,2.042,1.6,1.313,1.865,2.14,,2.366,1.88,3.744,2.962,1.541,2.325,2.653,,2.459,1.783,1.941
2023-10-05,,3.495,1.716,2.042,1.613,1.349,1.891,2.151,,2.375,1.89,3.751,2.978,1.543,2.331,2.671,,2.46,1.799,1.916
2023-10-06,,3.526,1.716,2.042,1.615,1.351,1.877,2.142,,2.373,1.886,3.751,2.978,1.518,2.318,2.65,,2.46,1.793,1.916
2023-10-09,,3.565,1.716,2.042,1.618,1.343,1.847,2.142,,2.378,1.894,3.751,2.969,1.509,2.324,2.666,,2.46,1.79,1.938
2023-10-10,,3.64,1.716,2.042,1.618,1.34,1.846,2.15,,2.377,1.907,3.751,2.966,1.503,2.329,2.665,,2.487,1.804,1.896
2023-10-11,,3.646,1.716,2.039,1.615,1.337,1.845,2.15,,2.368,1.907,3.751,2.948,1.506,2.326,2.669,,2.487,1.797,1.883
2023-10-13,,3.651,1.716,2.039,1.622,1.337,1.81,2.141,,2.397,1.904,3.751,2.998,1.491,2.36,2.722,,2.487,1.797,1.886
2023-10-16,,3.605,1.716,2.039,1.57,1.329,1.843,2.133,,2.357,1.869,3.751,2.925,1.486,2.315,2.643,,2.478,1.714,1.884
2023-10-17,,3.58,1.716,2.031,1.552,1.329,1.841,2.124,,2.347,1.864,3.751,2.915,1.495,2.304,2.628,,2.478,1.689,1.849
2023-10-18,,3.577,1.716,2.031,1.53,1.329,1.826,2.124,,2.348,1.859,3.751,2.911,1.496,2.29,2.684,,2.478,1.676,1.85
2023-10-19,,3.479,1.716,2.025,1.512,1.308,1.818,2.125,,2.345,1.849,3.752,2.902,1.506,2.268,2.662,,2.478,1.66,1.841
2023-10-20,,3.484,1.616,2.022,1.49,1.287,1.821,2.086,,2.316,1.827,3.672,2.878,1.498,2.265,2.677,,2.471,1.661,1.773
2023-10-23,,3.475,1.616,2.022,1.487,1.279,1.815,2.082,,2.303,1.813,3.672,2.839,1.498,2.254,2.652,,2.467,1.655,1.773
2023-10-24,,3.465,1.616,2.02,1.488,1.278,1.781,2.082,,2.306,1.81,3.668,2.824,1.47,2.253,2.647,,2.465,1.645,1.758
2023-10-25,,3.471,1.616,2.02,1.461,1.278,1.77,2.061,,2.296,1.798,3.668,2.798,1.469,2.251,2.612,,2.463,1.635,1.739
2023-10-26,,3.603,1.616,2.02,1.453,1.278,1.741,2.051,,2.281,1.802,3.668,2.787,1.478,2.245,2.605,,2.462,1.63,1.743
2023-10-27,,2.623,1.616,2.028,1.53,1.275,1.78,2.08,,2.343,1.813,3.668,2.873,1.488,2.318,2.694,,2.437,1.728,1.773
2023-10-30,,2.563,1.616,1.91,1.453,1.274,1.739,2.049,,2.29,1.793,3.774,2.803,1.499,2.245,2.475,,2.433,1.631,1.75
2023-10-31,,2.517,1.618,2.021,1.448,1.272,1.731,2.043,,2.288,1.779,3.703,2.815,1.5,2.241,2.453,,2.435,1.627,1.748
2023-11-01,,3.559,1.618,2.02,1.446,1.353,1.737,2.043,,2.287,1.837,3.703,2.811,1.49,2.237,2.437,,2.427,1.645,1.728
2023-11-03,,3.565,1.618,2.02,1.446,1.353,1.736,2.043,,2.287,1.837,3.703,2.811,1.479,2.238,2.449,,2.427,1.645,1.725
2023-11-06,,2.58,1.618,2.02,1.434,1.353,1.739,2.041,,2.273,1.837,3.703,2.794,1.471,2.225,2.432,,2.434,1.648,1.724
2023-11-07,,2.553,1.618,2.017,1.424,1.334,1.731,2.034,,2.265,1.822,3.703,2.787,1.463,2.215,2.442,,2.326,1.645,1.723
2023-11-08,,2.545,1.618,2.017,1.422,1.329,1.723,2.034,,2.263,1.802,3.703,2.787,1.423,2.212,2.43,,2.326,1.64,1.722
2023-11-09,,2.572,1.618,2.006,1.414,1.328,1.714,2.034,,2.261,1.802,3.773,2.781,1.425,2.212,2.408,,2.29,1.632,1.722
2023-11-10,,2.56,1.618,2.008,1.408,1.328,1.711,2.033,,2.26,1.802,3.773,2.751,1.42,2.209,2.392,,2.285,1.629,1.721
2023-11-13,,2.565,1.618,2.003,1.407,1.324,1.72,2.031,,2.266,1.802,3.95,2.753,1.42,2.207,2.426,,2.284,1.637,1.721
2023-11-14,,2.546,1.618,1.995,1.396,1.321,1.711,2.031,,2.263,1.786,3.826,2.715,1.411,2.201,2.394,,2.275,1.623,1.687
2023-11-16,,2.545,1.618,1.992,1.388,1.354,1.71,2.031,,2.26,1.786,3.826,2.719,1.408,2.247,2.388,,2.275,1.624,1.686
2023-11-17,,2.541,1.618,1.984,1.376,1.354,1.74,2.028,,2.255,1.786,3.773,2.713,1.403,2.247,2.364,,2.259,1.621,1.685
2023-11-20,,2.544,1.618,1.984,1.37,1.337,1.705,2.028,,2.252,1.786,3.826,2.717,1.406,2.198,2.372,,2.248,1.611,1.686
2023-11-21,,2.532,1.618,1.984,1.363,1.324,1.706,2.026,,2.255,1.786,3.826,2.715,1.366,2.194,2.465,,2.238,1.592,1.688
2023-11-22,,2.522,1.618,1.984,1.36,1.319,1.702,2.026,,2.266,1.756,3.826,2.712,1.362,2.178,2.393,,2.236,1.585,1.68
2023-11-23,,2.522,1.605,1.984,1.356,1.315,1.702,2.02,,2.264,1.756,3.826,2.713,1.362,2.178,2.387,,2.236,1.585,1.68
2023-11-24,,2.518,1.605,1.984,1.349,1.314,1.702,2.02,,2.264,1.756,3.826,2.702,1.362,2.177,2.386,,2.235,1.577,1.673
2023-11-27,,2.492,1.605,1.984,1.351,1.314,1.7,2.02,,2.276,1.756,3.834,2.706,1.357,2.176,2.362,,2.247,1.582,1.672
2023-11-28,,2.49,1.593,1.984,1.336,1.311,1.682,2.01,,2.272,1.749,3.828,2.702,1.354,2.177,2.349,,2.249,1.581,1.657
2023-11-29,,2.487,1.605,1.984,1.332,1.307,1.698,2.01,,2.276,1.749,3.827,2.707,1.351,2.17,2.341,,2.238,1.583,1.67
2023-11-30,,2.46,1.568,1.951,1.328,1.296,1.691,1.988,,2.273,1.747,3.819,2.728,1.336,2.157,2.334,,2.236,1.573,1.639
2023-12-01,,2.675,1.562,1.951,1.38,1.3,1.683,2.295,,2.272,1.864,3.791,2.563,1.334,2.162,2.348,,2.188,1.634,1.98
2023-12-04,,2.664,1.562,1.947,1.376,1.278,1.681,2.29,,2.289,1.87,3.789,2.811,1.319,2.184,2.371,,2.19,1.638,1.982
2023-12-05,,2.659,1.545,1.955,1.366,1.278,1.668,2.264,,2.287,1.864,3.788,3.099,1.319,2.18,2.352,,2.18,1.632,1.982
2023-12-06,,2.647,1.545,1.947,1.36,1.278,1.664,2.26,,2.283,1.85,3.786,2.965,1.311,2.178,2.351,,2.175,1.629,1.981
2023-12-07,,2.654,1.545,1.955,1.367,1.278,1.674,2.264,,2.292,1.864,3.786,3.074,1.31,2.185,2.353,,2.194,1.632,1.981
2023-12-08,,2.642,1.545,1.947,1.357,1.278,1.664,2.26,,2.285,1.85,3.909,3.032,1.312,2.189,2.356,,2.175,1.641,1.982
2023-12-11,,2.642,1.545,1.955,1.363,1.281,1.669,2.259,,2.288,1.926,3.944,3.055,1.311,2.238,2.359,,2.197,1.637,1.981
2023-12-12,,2.638,1.545,1.955,1.356,1.274,1.669,2.259,,2.274,1.859,3.943,3.084,1.308,2.197,2.36,,2.192,1.636,1.98
2023-12-13,,2.646,1.545,1.955,1.35,1.274,1.668,2.255,,2.279,1.857,3.943,3.062,1.301,2.201,2.37,,2.187,1.636,1.994
2023-12-14,,2.645,1.545,1.922,1.347,1.275,1.664,2.246,,2.28,1.863,3.943,3.065,1.291,2.204,2.402,,2.197,1.633,1.994
2023-12-15,,2.642,1.545,1.922,1.355,1.274,1.658,2.246,,2.285,1.917,3.946,3.058,1.288,2.205,2.435,,2.182,1.633,1.993
2023-12-18,,2.665,1.545,1.922,1.346,1.26,1.656,2.241,,2.28,1.917,3.944,2.574,1.289,2.197,2.274,,2.189,1.633,1.993
2023-12-19,,2.663,1.545,1.922,1.344,1.253,1.652,2.24,,2.276,1.917,3.951,3.091,1.287,2.199,2.487,,2.182,1.636,2.009
2023-12-20,,2.658,1.545,1.938,1.337,1.252,1.644,2.24,,2.275,1.915,3.952,3.075,1.285,2.205,2.46,,2.176,1.639,2.009
2023-12-21,,2.649,1.545,1.944,1.349,1.259,1.644,2.24,,2.278,1.915,3.952,3.069,1.277,2.256,2.456,,2.181,1.651,1.995
2023-12-22,,2.675,1.545,1.944,1.348,1.259,1.65,2.24,,2.277,1.915,3.955,3.071,1.277,2.256,2.453,,2.183,1.651,1.995
2023-12-26,,2.648,1.547,1.959,1.352,1.257,1.649,2.231,,2.276,1.916,3.938,3.003,1.276,2.267,2.437,,2.185,1.654,1.966
2023-12-27,,2.648,1.547,1.959,1.351,1.256,1.649,2.231,,2.272,1.916,3.938,2.964,1.274,2.267,2.435,,2.185,1.654,1.966
2023-12-28,,2.703,1.547,1.959,1.413,1.281,1.696,2.267,,2.322,1.959,3.939,3.018,1.277,2.304,2.502,,2.213,1.689,1.968
2023-12-29,,2.703,1.547,1.959,1.413,1.281,1.696,2.267,,2.322,1.959,3.939,3.018,1.277,2.304,2.502,,2.213,1.689,1.968
2024-01-02,,2.591,1.547,1.956,1.362,1.202,1.509,2.224,,2.259,1.959,3.939,2.888,1.279,2.379,2.489,,2.185,1.707,1.868
2024-01-03,,2.576,1.547,1.956,1.358,1.201,1.501,2.224,,2.265,1.975,3.949,2.873,1.28,2.382,2.472,,2.199,1.705,1.851
2024-01-04,,2.573,1.547,1.956,1.357,1.195,1.504,2.224,,2.278,1.958,3.943,2.854,1.282,2.339,2.487,,2.19,1.703,1.868
2024-01-05,,2.568,1.547,1.956,1.357,1.195,1.504,2.224,,2.271,1.958,3.943,2.876,1.281,2.343,2.488,,2.213,1.704,1.868
2024-01-08,,2.597,1.547,1.956,1.411,1.212,1.551,2.258,,2.299,1.991,3.942,2.91,1.283,2.404,2.501,,2.233,1.736,1.87
2024-01-09,,2.585,1.547,1.956,1.404,1.21,1.551,2.253,,2.31,1.991,3.942,2.926,1.285,2.402,2.496,,2.23,1.733,1.861
2024-01-10,,2.595,1.547,1.956,1.406,1.202,1.551,2.258,,2.298,1.981,3.941,2.918,1.285,2.403,2.49,,2.235,1.732,1.871
2024-01-11,,2.6,1.547,1.956,1.419,1.209,1.549,2.243,,2.298,1.993,3.973,2.914,1.284,2.423,2.496,,2.228,1.739,1.876
2024-01-12,,2.59,1.547,1.956,1.407,1.202,1.545,2.223,,2.298,1.965,3.938,3.168,1.266,2.398,2.47,,2.225,1.73,1.865
2024-01-15,,2.585,1.547,1.956,1.398,1.186,1.567,2.223,,2.3,1.97,3.938,2.898,1.265,2.398,2.469,,2.225,1.732,1.865
2024-01-16,,2.573,1.547,1.956,1.39,1.172,1.541,2.197,,2.302,1.978,3.919,2.897,1.273,2.39,2.464,,2.217,1.724,1.865
2024-01-17,,2.559,1.547,1.942,1.339,1.163,1.485,2.183,,2.285,1.964,3.919,2.867,1.275,2.369,2.443,,2.152,1.676,1.859
2024-01-18,,2.563,1.547,1.942,1.35,1.163,1.496,2.189,,2.285,1.964,3.921,3.105,1.258,2.37,2.446,,2.167,1.68,1.859
2024-01-19,,2.549,1.547,1.942,1.323,1.159,1.477,2.183,,2.28,1.957,3.921,3.101,1.257,2.368,2.457,,2.115,1.676,1.857
2024-01-22,,2.519,1.547,1.942,1.317,1.157,1.471,2.183,,2.279,1.949,3.918,3.37,1.26,2.363,2.451,,2.076,1.672,1.857
2024-01-23,,2.506,1.547,1.928,1.309,1.154,1.463,2.183,,2.277,1.943,3.885,3.304,1.255,2.389,2.401,,2.058,1.666,1.857
2024-01-24,,2.474,1.547,1.928,1.301,1.141,1.443,2.176,,2.278,1.924,3.881,3.285,1.24,2.389,2.402,,2.056,1.665,1.844
2024-01-25,,2.459,1.547,1.928,1.286,1.138,1.451,2.138,,2.268,1.924,3.881,3.258,1.236,2.389,2.399,,2.074,1.651,1.828
2024-01-26,,2.399,1.547,1.914,1.275,1.133,1.425,2.138,,2.26,1.924,3.881,3.233,1.234,2.375,2.4,,2.049,1.647,1.802
2024-01-29,,3.156,1.547,1.914,1.276,1.13,1.429,2.138,,2.254,1.924,3.841,3.209,1.236,2.381,2.454,,2.052,1.647,1.816
2024-01-30,,3.155,1.547,1.914,1.265,1.119,1.419,2.138,,2.253,1.912,3.837,3.204,1.223,2.372,2.463,,2.042,1.642,1.827
2024-01-31,,3.118,1.547,1.914,1.25,1.119,1.411,2.138,,2.251,1.908,3.837,3.171,1.219,2.371,2.449,,2.021,1.636,1.821
2024-02-01,,3.116,1.547,1.914,1.285,1.074,1.363,2.201,,2.223,1.898,3.592,2.885,1.217,2.365,2.441,,1.92,1.66,1.858
2024-02-02,,3.246,1.547,1.928,1.385,1.115,1.437,2.238,,2.267,1.94,3.575,2.906,1.222,2.421,2.475,,1.957,1.721,1.886
2024-02-05,,3.134,1.547,1.928,1.313,1.085,1.432,2.178,,2.25,1.889,3.561,2.827,1.223,2.391,2.474,,1.935,1.684,1.859
2024-02-06,,3.131,1.547,1.928,1.302,1.085,1.417,2.148,,2.25,1.885,3.561,2.771,1.22,2.389,2.493,,1.918,1.665,1.858
2024-02-07,,3.104,1.547,1.806,1.29,1.074,1.411,2.165,,2.251,1.885,3.561,2.751,1.221,2.381,2.489,,1.909,1.657,1.837
2024-02-08,,3.089,1.547,1.928,1.281,1.074,1.412,2.159,,2.253,1.885,3.561,2.704,1.224,2.357,2.483,,1.898,1.653,1.834
2024-02-09,,3.085,1.547,1.928,1.29,1.074,1.421,2.17,,2.253,1.869,3.589,2.705,1.224,2.36,2.544,,1.888,1.648,1.838
2024-02-14,,3.051,1.547,1.928,1.29,1.074,1.422,2.217,,2.263,1.869,3.586,2.717,1.227,2.357,2.572,,1.888,1.651,1.835
2024-02-15,,3.066,1.547,1.928,1.284,1.077,1.422,2.217,,2.255,1.855,3.714,2.714,1.227,2.349,2.549,,1.888,1.649,1.834
2024-02-16,,3.072,1.547,1.892,1.284,1.075,1.422,2.226,,2.26,1.881,3.747,2.705,1.229,2.359,2.55,,1.876,1.649,1.731
2024-02-19,,3.047,1.547,1.892,1.282,1.077,1.422,2.233,,2.256,1.864,3.747,2.7,1.228,2.358,2.554,,1.875,1.649,1.731
2024-02-20,,3.012,1.547,1.887,1.278,1.071,1.419,2.173,,2.254,1.844,3.565,2.681,1.225,2.356,2.519,,1.867,1.628,1.688
2024-02-21,,2.974,1.547,1.887,1.277,1.07,1.416,2.159,,2.245,1.853,3.565,2.654,1.209,2.349,2.519,,1.86,1.611,1.698
2024-02-22,,3.029,1.547,1.878,1.357,1.072,1.477,2.184,,2.271,1.925,3.565,2.704,1.198,2.376,2.53,,1.908,1.682,1.747
2024-02-23,,3.305,1.514,1.878,1.249,1.036,1.406,2.153,,2.242,1.845,3.551,2.621,1.164,2.299,2.505,,1.832,1.597,1.686
2024-02-26,,3.268,1.514,1.878,1.251,1.036,1.406,2.189,,2.247,1.845,3.508,2.619,1.167,2.288,2.519,,1.832,1.588,1.683
2024-02-27,,3.239,1.514,1.878,1.236,1.036,1.397,2.185,,2.223,1.845,3.494,2.603,1.144,2.279,2.519,,1.828,1.587,1.667
2024-02-28,,3.243,1.514,1.878,1.237,1.036,1.397,2.185,,2.25,1.845,3.494,2.582,1.145,2.262,2.519,,1.819,1.577,1.678
2024-02-29,,3.198,1.514,1.878,1.236,1.015,1.379,2.177,,2.249,1.841,3.494,2.326,1.142,2.259,2.518,,1.802,1.569,1.647
2024-03-01,,3.283,1.559,1.929,1.223,0.987,1.543,2.188,,2.238,1.831,3.46,2.334,1.125,2.191,2.491,,1.791,1.596,1.622
2024-03-04,,3.259,1.559,1.929,1.216,0.986,1.53,2.184,,2.225,1.831,3.456,2.585,1.11,2.177,2.489,,1.774,1.596,1.617
2024-03-05,,3.358,1.559,1.907,1.203,0.991,1.513,2.18,,2.205,1.823,3.456,2.341,1.079,2.158,2.474,,1.782,1.57,1.609
2024-03-06,,3.398,1.559,1.895,1.19,0.991,1.51,2.171,,2.197,1.82,3.425,2.3,1.079,2.132,2.462,,1.691,1.564,1.6
2024-03-07,,3.366,1.559,1.979,1.183,0.991,1.498,2.181,,2.193,1.82,3.396,2.318,1.109,2.112,2.461,,1.67,1.565,1.595
2024-03-08,,3.348,1.559,1.971,1.183,0.991,1.498,2.172,,2.196,1.811,3.339,2.313,1.084,2.114,2.464,,1.677,1.57,1.579
2024-03-11,,3.336,1.559,1.971,1.184,0.991,1.498,2.169,,2.186,1.795,3.187,2.284,1.067,2.117,2.458,,1.675,1.565,1.578
2024-03-12,,3.335,1.559,1.971,1.185,0.989,1.49,2.169,,2.173,1.791,3.158,2.308,1.067,2.094,2.439,,1.648,1.575,1.575
2024-03-13,,3.326,1.559,1.971,1.171,0.975,1.479,2.169,,2.173,1.786,3.123,2.31,1.046,2.065,2.443,,1.623,1.563,1.495
2024-03-14,,3.306,1.559,1.951,1.17,0.967,1.475,2.168,,2.181,1.776,3.092,2.316,1.03,2.076,2.45,,1.6,1.557,1.498
2024-03-15,,3.258,1.559,1.951,1.17,0.967,1.473,2.168,,2.178,1.776,3.092,2.313,1.034,2.072,2.418,,1.6,1.543,1.499
2024-03-18,,3.183,1.559,1.951,1.167,0.99,1.465,2.161,,2.161,1.752,3.092,2.138,1.036,2.037,2.415,,1.591,1.539,1.488
2024-03-19,,3.095,1.559,1.951,1.163,0.99,1.464,2.165,,2.163,1.734,3.092,2.142,1.018,2.03,2.404,,1.589,1.543,1.482
2024-03-20,,3.052,1.559,1.979,1.173,0.994,1.462,2.262,,2.151,1.734,3.092,2.134,1.044,2.021,2.416,,1.596,1.565,1.472
2024-03-21,,3.045,1.557,1.951,1.161,0.99,1.455,2.201,,2.179,1.744,3.09,2.146,1.037,2.041,2.397,,1.596,1.546,1.47
2024-03-22,,2.993,1.557,1.951,1.162,0.99,1.453,2.164,,2.165,1.727,3.087,2.142,1.003,2.032,2.402,,1.6,1.532,1.431
2024-03-25,,3.0,1.557,1.951,1.158,0.99,1.395,2.16,,2.166,1.727,3.044,2.135,1.001,2.024,2.387,,1.599,1.53,1.4
2024-03-26,,3.002,1.45,1.951,1.161,1.006,1.454,2.16,,2.166,1.721,3.045,2.137,1.003,2.01,2.462,,1.599,1.537,1.384
2024-03-27,,2.999,1.45,1.979,1.163,1.006,1.457,2.277,,2.221,1.769,3.059,2.138,1.004,2.015,2.507,,1.613,1.54,1.362
2024-03-28,,2.983,1.45,1.951,1.17,1.002,1.457,2.16,,2.247,1.766,3.059,2.191,1.005,2.014,2.531,,1.662,1.532,1.343
2024-04-01,,2.725,1.409,1.951,1.185,1.076,1.519,2.268,,2.222,1.749,3.027,2.191,0.993,2.163,2.849,,1.688,1.556,1.348
2024-04-02,,2.707,1.409,1.951,1.167,1.093,1.517,2.268,,2.193,1.758,3.027,2.132,0.995,2.172,2.804,,1.636,1.539,1.343
2024-04-03,,2.709,1.409,2.012,1.161,1.086,1.516,2.401,,2.181,1.757,3.0,2.13,0.996,2.165,2.56,,1.657,1.53,1.343
2024-04-04,,2.705,1.409,2.012,1.154,1.086,1.51,2.401,,2.174,1.758,3.0,2.123,0.996,2.162,2.78,,1.662,1.523,1.346
2024-04-05,,2.708,1.409,2.043,1.153,1.086,1.511,2.4,,2.174,1.758,2.986,2.135,1.0,2.161,2.79,,1.661,1.524,1.356
2024-04-08,,2.709,1.409,2.043,1.166,1.086,1.509,2.403,,2.206,1.744,2.983,2.13,0.999,2.165,2.8,,1.661,1.526,1.352
2024-04-09,,2.705,1.409,2.043,1.158,1.103,1.507,2.409,,2.202,1.757,2.983,2.134,0.997,1.995,2.803,,1.674,1.526,1.355
2024-04-10,,2.704,1.409,2.043,1.16,1.103,1.506,2.413,,2.201,1.754,2.983,2.132,1.003,1.993,2.803,,1.671,1.524,1.36
2024-04-11,,2.702,1.409,2.043,1.158,1.103,1.403,2.413,,2.21,1.752,2.983,2.131,1.004,1.986,2.811,,1.668,1.523,1.36
2024-04-12,,2.656,1.409,2.043,1.172,1.103,1.405,2.413,,2.206,1.75,2.935,2.16,0.991,1.982,3.156,,1.672,1.514,1.36
2024-04-15,,2.697,1.409,2.043,1.172,1.103,1.405,2.417,,2.222,1.75,2.908,2.133,0.998,1.98,2.807,,1.671,1.526,1.361
2024-04-16,,2.695,1.264,2.023,1.167,1.107,1.401,2.419,,2.218,1.734,2.908,2.142,0.98,1.965,2.854,,1.663,1.524,1.362
2024-04-17,,2.661,1.264,2.051,1.172,1.107,1.506,2.283,,2.222,1.725,2.906,2.134,1.012,1.956,2.845,,1.667,1.464,1.363
2024-04-18,,2.622,1.264,2.023,1.159,1.107,1.504,2.283,,2.221,1.724,2.906,2.141,0.953,1.95,2.838,,1.659,1.46,1.363
2024-04-19,,2.716,1.264,2.023,1.304,1.147,1.618,2.365,,2.272,1.814,2.935,2.186,0.969,2.094,2.914,,1.758,1.562,1.466
2024-04-22,,2.641,1.264,2.023,1.172,1.107,1.507,2.254,,2.234,1.724,2.935,2.149,0.962,1.965,2.829,,1.665,1.472,1.369
2024-04-23,,2.615,1.264,2.023,1.163,1.115,1.493,2.312,,2.232,1.717,2.935,2.15,0.962,1.961,2.811,,1.648,1.466,1.367
2024-04-24,,2.628,1.264,2.023,1.158,1.115,1.491,2.311,,2.237,1.717,2.949,2.146,1.009,1.953,2.812,,1.646,1.459,1.367
2024-04-25,,2.627,1.264,1.825,1.164,1.115,1.491,2.311,,2.231,1.717,2.967,2.167,1.01,1.962,2.811,,1.646,1.462,1.37
2024-04-26,,2.619,1.264,1.825,1.154,1.115,1.481,2.308,,2.237,1.713,2.949,2.168,1.006,1.949,2.803,,1.622,1.455,1.343
2024-04-29,,2.64,1.264,1.867,1.149,1.11,1.481,2.308,,2.262,1.72,2.94,2.17,1.005,2.006,2.97,,1.694,1.467,1.343
2024-04-30,,2.625,1.264,1.825,1.132,1.11,1.491,2.308,,2.256,1.663,2.939,2.16,1.034,1.964,2.891,,1.631,1.445,1.343
2024-05-02,,2.624,1.264,1.825,1.092,1.113,1.412,2.309,,2.269,1.576,2.926,2.196,1.004,1.788,2.839,,1.541,1.457,1.327
2024-05-03,,2.61,1.264,1.825,1.106,1.113,1.408,2.299,,2.27,1.566,2.982,2.197,1.0,1.79,2.993,,1.543,1.454,1.335
2024-05-06,,2.628,1.264,1.825,1.101,1.117,1.408,2.299,,2.256,1.556,2.926,2.187,1.003,1.785,2.843,,1.536,1.448,1.342
2024-05-07,,2.623,1.264,1.825,1.102,1.117,1.408,2.299,,2.259,1.559,2.926,2.237,1.002,1.785,2.85,,1.532,1.455,1.314
2024-05-08,,2.659,1.264,1.825,1.094,1.117,1.407,2.295,,2.247,1.552,2.923,2.219,1.005,1.828,3.036,,1.522,1.451,1.315
2024-05-09,,2.764,1.264,1.825,1.094,1.117,1.399,2.295,,2.245,1.544,2.923,2.19,1.009,1.834,3.077,,1.52,1.437,1.315
2024-05-10,,2.796,1.264,1.975,1.242,1.138,1.453,2.369,,2.299,1.698,3.023,2.268,1.011,1.929,3.566,,1.613,1.567,1.432
2024-05-13,,2.742,1.264,1.825,1.121,1.119,1.407,2.313,,2.273,1.605,3.042,2.208,1.011,1.849,3.478,,1.559,1.472,1.373
2024-05-14,,2.724,1.264,1.825,1.097,1.09,1.395,2.352,,2.26,1.586,3.038,2.107,1.009,1.833,3.517,,1.54,1.459,1.365
2024-05-15,,2.728,1.264,1.825,1.091,1.117,1.467,2.35,,2.239,1.585,3.042,2.044,1.007,1.826,3.433,,1.539,1.457,1.362
2024-05-16,,2.729,1.264,1.825,1.087,1.092,1.466,2.465,,2.234,1.572,3.056,2.029,1.008,1.824,2.801,,1.532,1.444,1.358
2024-05-17,,2.733,1.264,1.825,1.082,1.117,1.466,2.457,,2.228,1.586,3.057,2.006,1.012,1.82,2.728,,1.522,1.441,1.359
2024-05-20,,2.732,1.047,1.825,1.079,1.117,1.464,2.456,,2.223,1.593,3.197,1.993,1.013,1.818,2.832,,1.522,1.447,1.356
2024-05-21,,2.732,1.024,1.825,1.087,1.11,1.464,2.456,,2.221,1.593,3.183,1.979,1.012,1.808,2.81,,1.519,1.45,1.353
2024-05-22,,2.743,1.023,1.825,1.086,1.117,1.463,2.456,,2.23,1.593,3.201,1.957,1.017,1.805,2.8,,1.556,1.451,1.354
2024-05-23,,2.743,1.023,1.975,1.086,1.11,1.463,2.456,,2.235,1.59,3.181,1.958,1.014,1.805,2.749,,1.558,1.449,1.354
2024-05-24,,2.74,1.023,1.975,1.081,1.11,1.464,2.455,,2.224,1.589,3.181,1.952,1.015,1.802,2.709,,1.547,1.454,1.355
2024-05-27,,2.739,1.023,1.975,1.079,1.139,1.463,2.455,,2.217,1.583,3.181,1.944,1.012,1.802,2.696,,1.53,1.454,1.354
2024-05-28,,2.734,1.023,1.975,1.078,1.134,1.463,2.455,,2.217,1.583,3.201,1.933,1.012,1.804,2.722,,1.518,1.452,1.354
2024-05-29,,2.733,1.023,1.975,1.082,1.134,1.464,2.455,,2.223,1.614,3.201,1.93,1.02,1.806,2.46,,1.532,1.448,1.355
2024-05-31,,2.758,1.023,1.975,1.074,1.088,1.464,2.457,,2.222,1.613,3.208,1.938,1.016,1.796,2.703,,1.513,1.445,1.379
2024-06-03,,2.712,1.142,2.15,1.069,1.087,1.465,1.741,,2.201,1.53,3.208,1.945,0.988,1.88,2.768,,1.496,1.457,1.336
2024-06-04,,2.707,1.111,2.15,1.067,1.087,1.465,1.738,,2.214,1.527,3.208,1.944,0.99,1.873,2.76,,1.497,1.458,1.334
2024-06-05,,2.694,1.082,2.45,1.053,1.087,1.464,1.703,,2.214,1.514,3.176,1.94,0.99,1.864,2.75,,1.479,1.454,1.314
2024-06-06,,2.691,1.031,2.45,1.058,1.087,1.457,1.703,,2.214,1.503,3.452,1.924,0.987,1.86,2.744,,1.483,1.446,1.311
2024-06-07,,2.69,1.036,2.45,1.054,1.087,1.459,1.703,,2.206,1.495,3.452,1.917,1.004,1.858,2.751,,1.48,1.442,1.314
2024-06-10,,2.701,1.03,2.45,1.054,1.09,1.5,1.703,,2.205,1.502,3.449,1.936,1.001,1.875,2.781,,1.478,1.438,1.314
2024-06-11,,2.68,1.023,2.42,1.04,1.077,1.451,1.698,,2.207,1.485,3.336,1.93,0.998,1.862,2.732,,1.465,1.428,1.313
2024-06-12,,2.68,1.029,2.42,1.037,1.076,1.458,1.668,,2.215,1.483,3.336,1.93,0.99,1.868,2.733,,1.465,1.425,1.279
2024-06-13,,2.668,1.042,2.42,1.036,1.075,1.445,1.67,,2.268,1.485,3.336,1.918,0.987,1.866,2.757,,1.47,1.424,1.247
2024-06-14,,2.64,1.037,2.42,1.031,1.084,1.445,1.67,,2.248,1.484,3.277,1.9,0.955,1.866,2.732,,1.45,1.421,1.247
2024-06-17,,2.004,1.046,2.42,1.031,1.071,1.442,1.683,,2.245,1.483,3.277,1.896,0.957,1.86,2.723,,1.448,1.419,1.254
2024-06-18,,2.01,1.045,2.35,1.016,1.061,1.448,1.672,,2.243,1.477,3.214,1.888,0.958,1.86,2.641,,1.448,1.416,1.244
2024-06-19,,2.01,1.045,2.35,1.021,1.056,1.444,1.669,,2.256,1.487,3.242,1.887,0.96,1.857,2.645,,1.443,1.416,1.242
2024-06-20,,2.603,1.045,2.35,1.017,1.056,1.444,1.626,,2.25,1.477,3.214,1.881,0.959,1.857,2.62,,1.438,1.414,1.243
2024-06-21,,2.065,1.039,2.35,1.006,1.056,1.439,1.62,,2.237,1.465,3.201,1.874,0.956,1.847,2.594,,1.431,1.414,1.242
2024-06-24,,2.064,1.047,2.35,1.007,1.057,1.439,1.62,,2.233,1.477,3.172,1.874,0.953,1.852,2.567,,1.431,1.414,1.23
2024-06-25,,2.062,1.047,2.35,1.005,1.06,1.44,1.62,,2.23,1.477,3.172,1.862,0.955,1.864,2.555,,1.438,1.411,1.242
2024-06-26,,2.057,1.047,2.35,1.007,1.06,1.436,1.616,,2.219,1.47,3.172,1.86,0.96,1.884,2.55,,1.438,1.418,1.241
2024-06-27,,2.055,1.02,2.35,1.003,1.06,1.436,1.616,,2.214,1.472,3.172,1.852,0.961,1.885,2.529,,1.411,1.409,1.225
2024-06-28,,2.061,1.013,2.35,1.0,1.06,1.435,1.616,,2.203,1.467,3.143,1.856,0.968,1.887,2.522,,1.404,1.422,1.226
2024-07-01,,2.945,1.013,2.42,1.018,1.061,1.339,1.628,,2.288,1.467,3.134,1.945,1.028,1.886,2.438,,1.397,1.421,1.221
2024-07-02,,2.868,1.013,2.35,1.018,1.061,1.334,1.624,,2.276,1.467,3.172,1.934,0.923,1.885,2.434,,1.396,1.418,1.209
2024-07-03,,2.868,1.013,2.42,1.016,1.061,1.334,1.63,,2.275,1.467,3.175,1.94,0.975,1.879,2.424,,1.396,1.422,1.209
2024-07-04,,2.863,1.013,2.35,1.015,1.06,1.333,1.63,,2.228,1.435,3.172,1.923,0.912,1.878,2.409,,1.394,1.416,1.185
2024-07-05,,2.851,1.013,2.42,1.016,1.065,1.329,1.63,,2.23,1.434,3.175,1.933,0.967,1.876,2.407,,1.391,1.419,1.185
2024-07-08,,2.853,1.001,2.42,1.017,1.065,1.329,1.63,,2.22,1.431,3.175,1.928,0.967,1.88,2.401,,1.391,1.417,1.173
2024-07-09,,2.838,1.0,2.25,1.017,1.065,1.329,1.619,,2.229,1.417,3.143,1.918,0.893,1.895,2.371,,1.384,1.409,1.168
2024-07-10,,2.833,1.0,2.25,1.016,1.065,1.327,1.618,,2.225,1.389,3.143,1.918,0.888,1.877,2.367,,1.384,1.407,1.167
2024-07-11,,2.817,1.0,2.25,1.011,1.069,1.327,1.616,,2.213,1.377,3.143,1.928,0.887,1.871,2.347,,1.383,1.46,1.187
2024-07-12,,2.817,1.0,2.25,1.01,1.065,1.323,1.616,,2.217,1.369,3.099,1.915,0.868,1.871,2.339,,1.381,1.403,1.166
2024-07-15,,2.782,1.0,2.25,1.004,1.065,1.319,1.605,,2.214,1.368,3.099,1.901,0.856,1.862,2.321,,1.379,1.399,1.159
2024-07-16,,2.696,0.971,2.42,1.01,1.065,1.318,1.62,,2.235,1.356,3.073,1.898,0.946,1.859,2.316,,1.377,1.404,1.159
2024-07-17,,2.742,0.971,2.25,1.001,1.065,1.319,1.627,,2.23,1.354,3.089,1.886,0.857,1.88,2.301,,1.374,1.399,1.16
2024-07-18,,2.741,0.971,2.42,1.001,1.065,1.319,1.627,,2.239,1.346,3.106,1.888,0.953,1.87,2.263,,1.372,1.403,1.152
2024-07-19,,2.697,0.975,2.25,1.0,1.065,1.319,1.627,,2.229,1.35,3.079,1.877,0.864,1.864,2.23,,1.392,1.396,1.152
2024-07-22,,2.693,0.971,2.25,0.994,1.065,1.319,1.627,,2.223,1.35,3.075,1.88,0.853,1.855,2.216,,1.39,1.389,1.138
2024-07-23,,2.697,0.971,2.25,0.992,1.065,1.32,1.615,,2.218,1.35,3.031,1.88,0.857,1.859,2.193,,1.391,1.389,1.139
2024-07-24,,2.724,0.971,2.25,0.989,1.055,1.32,1.718,,2.214,1.367,3.261,1.884,0.859,1.852,2.226,,1.392,1.428,1.136
2024-07-25,,2.716,0.977,2.25,0.977,1.055,1.317,1.736,,2.204,1.357,3.113,1.876,0.863,1.851,2.19,,1.389,1.402,1.126
2024-07-26,,2.718,0.999,2.25,0.982,1.064,1.317,1.733,,2.205,1.364,3.113,1.849,0.86,1.844,2.19,,1.385,1.421,1.126
2024-07-29,,2.706,1.011,2.42,0.976,1.064,1.317,1.731,,2.195,1.355,3.053,1.844,0.862,1.831,2.177,,1.393,1.393,1.121
2024-07-30,,2.686,1.106,2.42,0.976,1.069,1.325,1.731,,2.202,1.362,3.082,1.848,0.86,1.828,2.174,,1.376,1.475,1.147
2024-07-31,,2.609,1.099,2.42,0.968,1.064,1.32,1.715,,2.193,1.338,3.037,1.822,0.857,1.821,2.168,,1.381,1.394,1.111
2024-08-01,,2.62,1.097,1.169,0.956,1.105,1.288,1.634,,2.19,1.2,3.038,1.905,0.956,1.82,2.151,,1.378,1.475,1.111
2024-08-02,,2.615,1.097,1.169,0.956,1.105,1.282,1.634,,2.19,1.2,3.038,1.904,0.942,1.809,2.151,,1.373,1.472,1.11
2024-08-05,,2.615,1.054,1.169,0.957,1.105,1.281,1.634,,2.192,1.21,3.038,1.904,0.942,1.807,2.147,,1.371,1.468,1.11
2024-08-06,,2.912,1.123,1.322,1.112,1.142,1.361,1.739,,2.246,1.315,3.038,2.01,0.944,1.939,2.319,,1.418,1.569,1.156
2024-08-07,,2.629,1.067,1.169,0.986,1.105,1.292,1.652,,2.228,1.237,3.038,1.924,0.944,1.83,2.164,,1.373,1.479,1.127
2024-08-08,,2.591,1.058,1.169,0.983,1.109,1.31,1.659,,2.233,1.24,3.2,1.932,0.944,1.814,2.153,,1.369,1.491,1.164
2024-08-09,,2.543,1.058,1.322,0.977,1.109,1.308,1.645,,2.217,1.24,3.2,1.931,0.942,1.808,2.157,,1.362,1.487,1.164
2024-08-12,,2.494,1.048,1.322,0.972,1.105,1.291,1.643,,2.186,1.232,3.036,1.916,0.942,1.794,2.153,,1.359,1.467,1.116
2024-08-13,,2.426,1.048,1.322,0.956,1.105,1.291,1.614,,2.171,1.23,3.036,1.912,0.94,1.781,2.148,,1.353,1.462,1.114
2024-08-14,,2.348,1.04,1.322,0.959,1.105,1.288,1.643,,2.188,1.228,3.043,1.902,0.939,1.776,2.145,,1.353,1.456,1.114
2024-08-15,,2.36,1.04,1.322,0.949,1.096,1.278,1.629,,2.222,1.222,3.043,1.894,0.931,1.767,2.254,,1.349,1.454,1.108
2024-08-16,,2.357,1.04,1.336,0.953,1.096,1.221,1.627,,2.24,1.222,3.021,1.897,0.931,1.76,2.251,,1.353,1.461,1.149
2024-08-19,,2.346,1.039,1.336,0.945,1.096,1.278,1.616,,2.227,1.203,2.993,1.892,0.949,1.762,2.245,,1.349,1.443,1.14
2024-08-20,,2.373,1.039,1.336,0.947,1.089,1.269,1.616,,2.227,1.198,3.023,1.888,0.931,1.758,2.214,,1.345,1.439,1.146
2024-08-21,,2.355,1.039,1.34,0.944,1.082,1.269,1.597,,2.24,1.198,3.023,1.889,0.93,1.732,2.211,,1.345,1.435,1.145
2024-08-22,,2.337,1.039,1.34,0.942,1.089,1.269,1.613,,2.236,1.196,3.098,1.892,0.933,1.721,2.215,,1.344,1.434,1.146
2024-08-23,,2.299,1.039,1.312,0.938,1.089,1.269,1.613,,2.227,1.196,3.098,1.895,0.931,1.722,2.153,,1.345,1.426,1.146
2024-08-26,,2.266,1.038,1.1,0.928,1.088,1.244,1.603,,2.224,1.179,3.098,1.897,0.931,1.759,2.166,,1.355,1.426,1.144
2024-08-27,,2.259,1.038,1.1,0.918,1.088,1.188,1.6,,2.217,1.169,3.048,1.897,0.931,1.721,2.157,,1.355,1.423,1.132
2024-08-28,,2.223,1.038,1.032,0.916,1.088,1.24,1.6,,2.214,1.167,3.042,1.888,0.923,1.712,2.119,,1.351,1.423,1.126
2024-08-29,,2.202,1.038,1.031,0.919,1.088,1.234,1.584,,2.224,1.145,3.099,1.878,0.924,1.704,2.134,,1.341,1.403,1.127
2024-08-30,,2.197,1.038,1.031,0.918,1.081,1.153,1.6,,2.225,1.145,3.022,1.878,0.926,1.704,2.134,,1.341,1.402,1.118
2024-09-02,,1.986,1.038,1.44,0.913,1.033,1.155,1.613,1.8,2.176,1.149,3.031,1.836,0.916,1.751,2.283,,1.359,1.358,1.214
2024-09-03,,1.969,1.038,1.44,0.911,1.033,1.155,1.613,1.7,2.17,1.149,3.019,1.83,0.915,1.705,2.253,,1.36,1.362,1.214
2024-09-04,,1.967,1.036,1.44,0.911,1.03,1.155,1.629,1.7,2.162,1.145,3.013,1.827,0.914,1.698,2.229,,1.358,1.358,1.211
2024-09-05,,1.965,1.036,1.44,0.907,1.03,1.17,1.613,1.55,2.158,1.141,3.057,1.828,0.913,1.702,2.227,,1.358,1.367,1.233
2024-09-06,,1.961,1.051,1.44,0.907,1.03,1.25,1.646,1.55,2.158,1.116,3.039,1.813,0.913,1.697,2.225,,1.358,1.367,1.232
2024-09-09,,1.956,1.051,1.44,0.908,1.03,1.255,1.65,1.55,2.155,1.116,3.06,1.803,0.913,1.697,2.221,,1.354,1.366,1.231
2024-09-10,,1.955,1.051,1.44,0.908,1.03,1.255,1.586,1.8,2.152,1.114,3.045,1.803,0.913,1.681,2.28,,1.354,1.377,1.232
2024-09-11,,1.943,1.051,1.44,0.913,1.03,1.255,1.577,1.5,2.152,1.114,3.027,1.792,0.913,1.676,2.298,,1.345,1.383,1.212
2024-09-12,,1.945,1.051,1.453,0.93,1.03,1.257,1.577,1.5,2.147,1.111,3.036,1.783,0.914,1.663,1.909,,1.345,1.374,1.211
2024-09-13,,1.937,1.066,1.44,0.919,1.03,1.24,1.615,1.7,2.145,1.105,3.03,1.776,0.914,1.652,1.902,,1.346,1.373,1.212
2024-09-16,,2.007,1.052,1.428,0.919,1.03,1.24,1.615,1.7,2.138,1.081,3.084,1.769,0.914,1.631,1.899,,1.344,1.376,1.204
2024-09-17,,1.931,1.052,1.44,0.916,1.03,1.234,1.578,1.7,2.138,1.081,3.114,1.777,0.915,1.614,1.892,,1.341,1.361,1.198
2024-09-18,,1.92,1.052,1.44,0.914,1.024,1.233,1.578,1.7,2.139,1.077,3.048,1.77,0.914,1.611,1.864,,1.344,1.357,1.152
2024-09-19,,1.943,1.047,1.44,0.932,1.024,1.227,1.554,1.7,2.146,1.078,3.048,1.766,0.916,1.636,1.869,,1.332,1.357,1.143
2024-09-20,,1.962,1.042,1.453,0.945,1.006,1.228,1.591,1.7,2.15,1.078,3.059,1.768,0.91,1.612,1.867,,1.324,1.356,1.152
2024-09-23,,1.952,1.019,1.44,0.947,1.013,1.228,1.558,1.7,2.144,1.078,2.977,1.762,0.904,1.604,1.871,,1.327,1.355,1.127
2024-09-24,,1.961,0.999,1.442,0.96,1.016,1.212,1.558,1.7,2.142,1.067,3.064,1.773,0.903,1.62,1.897,,1.326,1.355,1.141
2024-09-25,,1.961,1.0,1.442,0.964,1.009,1.213,1.591,1.7,2.141,1.068,3.065,1.773,0.903,1.595,1.898,,1.326,1.355,1.141
2024-09-26,,1.991,1.0,1.439,0.957,1.004,1.088,1.519,1.7,2.132,1.066,3.019,1.756,0.893,1.603,1.914,,1.326,1.337,1.13
2024-09-27,,1.974,1.0,1.442,0.959,1.0,1.114,1.525,1.7,2.15,1.066,3.02,1.757,0.804,1.599,1.887,,1.327,1.332,1.092
2024-09-30,,2.012,1.0,1.442,0.959,1.006,1.174,1.53,1.7,2.144,1.066,3.015,1.742,0.796,1.586,1.898,,1.326,1.332,1.1
2024-10-01,,2.286,1.0,1.442,0.953,1.007,1.233,1.562,1.7,2.139,1.053,3.014,1.773,0.792,1.562,1.855,,1.338,1.33,1.224
2024-10-02,,2.235,1.019,1.442,0.961,1.001,1.22,1.548,1.7,2.142,1.053,3.014,1.768,0.792,1.554,1.861,,1.337,1.327,1.234
2024-10-03,,2.253,1.029,1.442,0.962,1.007,1.22,1.548,1.7,2.144,1.048,3.013,1.791,0.792,1.56,1.865,,1.337,1.333,1.234
2024-10-04,,2.266,1.029,1.437,0.962,1.007,1.22,1.548,1.7,2.149,1.029,2.999,1.799,0.79,1.56,1.859,,1.344,1.33,1.234
2024-10-07,,2.269,1.029,1.437,0.966,1.007,1.216,1.548,1.7,2.154,1.027,2.998,1.79,0.8,1.558,1.873,,1.344,1.335,1.234
2024-10-08,,2.259,1.029,1.437,0.971,1.007,1.224,1.548,1.7,2.173,1.026,2.998,1.785,0.799,1.558,1.908,,1.357,1.336,1.249
2024-10-09,,2.273,1.01,1.437,0.976,1.007,1.227,1.548,1.7,2.198,1.128,3.002,1.774,0.801,1.566,1.91,,1.362,1.339,1.249
2024-10-10,,2.288,1.01,1.437,0.999,1.013,1.227,1.551,1.7,2.207,1.133,3.003,1.776,0.899,1.578,1.93,,1.368,1.361,1.254
2024-10-11,,2.287,1.032,1.443,1.004,1.05,1.227,1.573,1.7,2.216,1.143,3.003,1.821,0.9,1.59,1.936,,1.38,1.369,1.338
2024-10-14,,2.291,1.027,1.437,1.006,1.053,1.237,1.56,1.7,2.234,1.133,3.003,1.835,0.909,1.588,1.943,,1.406,1.373,1.297
2024-10-15,,2.249,1.026,1.443,1.008,1.042,1.241,1.573,1.7,2.265,1.144,3.017,1.844,0.91,1.585,1.941,,1.391,1.391,1.356
2024-10-16,,2.23,1.026,1.449,1.02,1.044,1.243,1.573,1.7,2.27,1.166,3.003,1.857,0.903,1.634,1.956,,1.394,1.386,1.359
2024-10-17,,2.224,1.022,1.442,1.02,1.044,1.244,1.562,1.7,2.267,1.147,3.003,1.854,0.903,1.627,1.949,,1.394,1.386,1.312
2024-10-18,,2.222,1.026,1.432,1.02,1.044,1.242,1.575,1.7,2.266,1.166,3.003,1.854,0.904,1.628,1.95,,1.394,1.383,1.357
2024-10-21,,2.188,1.088,1.432,1.019,1.044,1.244,1.575,1.7,2.258,1.151,3.003,1.853,0.903,1.627,1.993,,1.402,1.389,1.368
2024-10-22,,2.187,1.208,1.426,1.019,1.044,1.24,1.562,1.7,2.256,1.131,3.003,1.856,0.866,1.62,2.002,,1.402,1.384,1.319
2024-10-23,,2.183,1.182,1.426,1.021,1.044,1.24,1.548,1.65,2.268,1.13,3.003,1.855,0.867,1.617,2.005,,1.402,1.387,1.319
2024-10-24,,2.173,1.127,1.431,1.02,1.036,1.24,1.548,1.65,2.27,1.147,2.973,1.852,0.865,1.625,2.03,,1.402,1.391,1.354
2024-10-25,,2.184,1.098,1.426,1.02,1.036,1.239,1.575,1.65,2.274,1.193,2.973,1.856,0.903,1.621,2.032,,1.404,1.39,1.403
2024-10-28,,2.179,1.064,1.419,1.028,1.01,1.239,1.521,1.55,2.265,1.203,2.973,1.839,0.9,1.619,2.035,,1.402,1.388,1.363
2024-10-29,,2.217,1.056,1.426,1.02,1.009,1.256,1.512,1.55,2.238,1.197,2.982,1.836,0.904,1.613,2.038,,1.415,1.388,1.394
2024-10-30,,2.18,1.07,1.437,1.019,1.009,1.257,1.51,1.6,2.24,1.21,2.982,1.839,0.9,1.61,2.022,,1.412,1.386,1.386
2024-10-31,,2.196,1.063,1.419,1.017,1.009,1.252,1.507,1.55,2.238,1.21,2.976,1.83,0.867,1.605,2.028,,1.404,1.38,1.374
2024-11-01,,2.115,1.063,1.438,0.968,1.041,1.125,1.594,1.6,2.167,1.256,3.399,1.871,0.906,1.676,2.024,,1.508,1.373,1.187
2024-11-04,,2.115,1.063,1.417,0.967,1.041,1.125,1.574,1.6,2.159,1.256,3.399,1.876,0.867,1.673,2.021,,1.505,1.372,1.171
2024-11-05,,2.115,1.063,1.417,0.967,1.029,1.125,1.567,1.6,2.183,1.255,3.399,1.879,0.904,1.67,2.019,,1.505,1.378,1.158
2024-11-06,,2.116,1.063,1.413,0.968,1.029,1.125,1.567,1.6,2.208,1.256,3.399,1.888,0.886,1.672,2.028,,1.505,1.377,1.155
2024-11-07,,2.131,1.063,1.413,0.968,1.03,1.125,1.594,1.5,2.213,1.256,3.399,1.891,0.904,1.683,2.038,,1.496,1.376,1.133
2024-11-08,,2.055,1.065,1.408,0.969,1.04,1.125,1.566,1.5,2.192,1.235,3.395,1.886,0.886,1.647,2.038,,1.217,1.382,1.134
2024-11-11,,2.052,1.065,1.402,0.969,1.04,1.125,1.566,1.6,2.177,1.235,3.399,1.88,0.887,1.649,2.04,,1.217,1.38,1.134
2024-11-12,,2.056,1.065,1.392,0.971,1.029,1.123,1.559,1.46,2.173,1.229,3.399,1.878,0.887,1.648,2.042,,1.212,1.372,1.13
2024-11-13,,2.046,1.065,1.381,0.971,1.022,1.134,1.559,1.4,2.156,1.229,3.419,1.876,0.888,1.639,2.038,,1.207,1.368,1.137
2024-11-14,,2.032,1.065,1.383,0.972,1.017,1.135,1.574,1.55,2.143,1.227,3.419,1.874,0.906,1.642,2.052,,1.207,1.366,1.152
2024-11-18,,1.988,1.065,1.371,0.97,1.04,1.131,1.559,1.55,2.126,1.227,3.419,1.873,0.907,1.632,2.045,,1.203,1.377,1.142
2024-11-19,,1.982,1.065,1.387,0.971,1.029,1.132,1.559,1.5,2.12,1.227,3.419,1.868,0.915,1.63,2.034,,1.212,1.367,1.17
2024-11-21,,1.963,1.065,1.371,0.971,1.029,1.131,1.559,1.5,2.102,1.227,3.395,1.873,0.906,1.621,2.029,,1.198,1.366,1.151
2024-11-22,,1.972,1.066,1.378,0.968,1.026,1.136,1.566,1.5,2.111,1.227,3.392,1.872,0.903,1.63,2.038,,1.201,1.362,1.17
2024-11-25,,1.962,1.066,1.362,0.969,1.026,1.127,1.559,1.5,2.092,1.227,3.39,1.87,0.883,1.621,2.031,,1.181,1.361,1.151
2024-11-26,,1.971,1.066,1.362,0.966,1.037,1.136,1.543,1.5,2.085,1.227,3.432,1.873,0.883,1.606,2.023,,1.19,1.355,1.154
2024-11-27,,2.014,1.066,1.378,0.969,1.035,1.137,1.584,1.5,2.216,1.227,3.462,1.881,0.905,1.606,2.027,,1.211,1.346,1.19
2024-11-28,,1.982,1.066,1.362,0.968,1.035,1.138,1.538,1.5,2.182,1.216,3.385,1.878,0.887,1.599,2.023,,1.194,1.342,1.156
2024-11-29,,1.979,1.066,1.362,0.966,1.035,1.139,1.538,1.5,2.181,1.216,3.384,1.878,0.888,1.599,2.024,,1.216,1.342,1.159
2024-12-02,,1.954,1.047,1.362,0.965,1.035,1.148,1.557,1.5,2.212,1.216,3.463,1.936,0.888,1.486,2.092,,1.208,1.343,1.151
2024-12-03,,1.965,1.047,1.378,0.971,1.035,1.148,1.58,1.5,2.222,1.211,3.461,1.953,0.91,1.505,2.099,,1.229,1.368,1.17
2024-12-04,,1.963,1.047,1.367,0.98,1.034,1.148,1.537,1.5,2.217,1.211,3.461,1.957,0.9,1.495,2.094,,1.208,1.366,1.175
2024-12-05,,1.968,1.164,1.383,0.987,1.034,1.143,1.58,1.4,2.24,1.211,3.461,1.971,0.91,1.501,2.115,,1.211,1.373,1.189
2024-12-06,,1.988,1.168,1.383,0.989,1.028,1.143,1.566,1.4,2.259,1.211,3.463,1.97,0.902,1.497,2.122,,1.229,1.374,1.197
2024-12-09,,1.939,1.168,1.394,0.988,1.023,1.11,1.566,1.5,2.268,1.237,3.463,1.975,0.904,1.485,2.144,,1.247,1.376,1.197
2024-12-10,,1.96,1.152,1.388,0.994,1.023,1.11,1.507,1.5,2.266,1.229,3.46,1.983,0.901,1.48,2.216,,1.222,1.376,1.188
2024-12-11,,1.961,1.152,1.388,0.994,1.028,1.11,1.507,1.35,2.274,1.233,3.448,1.995,0.9,1.478,2.22,,1.222,1.372,1.188
2024-12-12,,1.998,1.152,1.388,0.991,1.028,1.111,1.519,1.35,2.273,1.233,3.446,1.995,0.901,1.469,2.241,,1.225,1.375,1.191
2024-12-13,,1.977,1.152,1.407,0.992,1.025,1.127,1.534,1.5,2.273,1.233,3.606,2.008,0.904,1.47,2.269,,1.246,1.375,1.196
2024-12-16,,1.993,1.152,1.407,0.996,1.025,1.128,1.534,1.35,2.286,1.233,3.605,1.943,0.907,1.491,2.276,,1.297,1.385,1.196
2024-12-17,,2.145,1.201,1.413,1.011,0.935,1.128,1.537,1.35,2.353,1.269,3.707,1.963,0.923,1.513,2.403,,1.311,1.49,1.208
2024-12-18,,2.159,1.154,1.411,1.02,0.921,1.124,1.507,1.5,2.389,1.253,3.844,2.075,0.91,1.508,2.52,,1.313,1.499,1.205
2024-12-19,,2.322,1.424,1.573,1.181,0.935,1.132,1.681,1.5,2.563,1.391,4.047,2.134,0.923,1.577,2.634,,1.485,1.528,1.249
2024-12-20,,2.979,1.468,1.528,1.25,1.213,1.318,2.017,1.9,2.961,1.489,4.286,2.284,1.036,1.702,3.144,,1.507,1.582,1.501
2024-12-23,,3.031,1.532,1.564,1.289,1.261,1.353,1.963,1.9,3.052,1.527,4.727,2.351,1.004,1.811,2.505,,1.534,1.607,1.483
2024-12-24,,2.998,1.531,1.565,1.29,1.258,1.352,1.962,1.9,3.014,1.525,4.715,2.346,1.004,1.809,2.478,,1.534,1.607,1.483
2024-12-26,,3.059,1.558,1.599,1.318,1.259,1.392,1.962,1.85,2.955,1.553,5.937,2.549,1.078,1.828,2.516,,1.559,1.674,1.508
2024-12-27,,3.122,1.578,1.599,1.327,1.241,1.386,1.973,1.9,2.983,1.577,4.861,2.583,1.079,1.828,2.525,,1.584,1.691,1.524
2024-12-30,,3.122,1.578,1.599,1.327,1.241,1.386,1.973,1.9,2.984,1.577,4.861,2.583,1.081,1.828,2.527,,1.584,1.691,1.524
2024-12-31,,3.122,1.578,1.599,1.327,1.241,1.386,1.973,1.9,2.984,1.577,4.861,2.583,1.081,1.828,2.527,,1.584,1.691,1.524
2025-01-02,,3.1,1.587,1.599,1.326,1.242,1.291,2.107,1.9,2.882,1.569,3.274,2.575,1.108,1.838,2.29,,1.593,1.681,1.533
2025-01-03,,3.095,1.549,1.599,1.319,1.203,1.275,1.933,1.9,2.855,1.574,3.24,2.586,1.077,1.839,2.864,,1.58,1.694,1.511
2025-01-06,,3.093,1.522,1.58,1.294,1.19,1.275,1.885,1.7,2.823,1.526,3.212,2.551,1.057,1.828,2.862,,1.569,1.676,1.507
2025-01-07,,3.162,1.501,1.575,1.268,1.176,1.275,1.884,1.55,2.802,1.524,3.212,2.511,1.058,1.797,2.885,,1.569,1.668,1.475
2025-01-08,,3.18,1.507,1.56,1.24,1.169,1.272,1.923,1.85,2.766,1.523,3.196,2.521,1.058,1.782,2.873,,1.569,1.667,1.462
2025-01-09,,3.156,1.499,1.555,1.222,1.147,1.267,1.949,1.7,2.762,1.443,3.193,2.499,1.072,1.778,2.84,,1.545,1.668,1.36
2025-01-10,,3.131,1.472,1.555,1.221,1.147,1.274,1.841,1.65,2.798,1.439,3.242,2.43,1.059,1.762,2.799,,1.517,1.667,1.341
2025-01-13,,3.15,1.461,1.555,1.223,1.144,1.274,1.907,1.85,2.794,1.434,3.237,2.455,1.058,1.762,2.798,,1.517,1.673,1.336
2025-01-14,,3.11,1.436,1.54,1.194,1.141,1.236,1.843,1.7,2.784,1.425,3.237,2.405,1.05,1.768,2.78,,1.538,1.676,1.299
2025-01-15,,3.095,1.422,1.54,1.178,1.141,1.215,1.797,1.7,2.796,1.42,3.236,2.383,1.047,1.73,2.785,,1.538,1.686,1.292
2025-01-16,,2.915,1.414,1.524,1.17,1.141,1.215,1.778,1.85,2.791,1.397,3.215,2.291,1.036,1.718,2.779,,1.512,1.682,1.274
2025-01-17,,2.916,1.403,1.575,1.223,1.158,1.217,1.806,1.85,2.876,1.442,3.16,2.369,1.037,1.797,2.772,,1.565,1.691,1.303
2025-01-20,,2.879,1.403,1.524,1.156,1.137,1.214,1.771,1.85,2.819,1.358,3.132,2.299,1.036,1.708,2.759,,1.507,1.679,1.222
2025-01-21,,2.802,1.385,1.519,1.146,1.137,1.214,1.771,1.85,2.871,1.345,3.132,2.292,1.036,1.707,2.683,,1.477,1.668,1.231
2025-01-22,,2.802,1.358,1.509,1.144,1.137,1.21,1.771,1.85,2.871,1.317,3.113,2.272,1.036,1.698,2.659,,1.496,1.651,1.22
2025-01-23,,2.764,1.335,1.509,1.13,1.137,1.19,1.752,1.85,2.867,1.287,3.114,2.272,1.037,1.682,2.632,,1.493,1.642,1.2
2025-01-24,,2.742,1.305,1.505,1.116,1.137,1.183,1.752,1.85,2.878,1.287,3.114,2.261,1.032,1.681,2.613,,1.489,1.637,1.197
2025-01-27,,2.727,1.291,1.505,1.11,1.158,1.183,1.752,1.85,2.856,1.281,3.114,2.24,1.031,1.678,2.605,,1.476,1.624,1.184
2025-01-28,,2.7,1.269,1.488,1.105,1.165,1.183,1.743,1.85,2.848,1.247,3.087,2.219,1.011,1.671,2.587,,1.471,1.624,1.203
2025-01-29,,2.693,1.269,1.488,1.094,1.139,1.171,1.736,1.8,2.852,1.247,3.088,2.116,1.012,1.672,2.582,,1.497,1.616,1.203
2025-01-30,,2.688,1.245,1.488,1.096,1.161,1.163,1.652,1.6,2.877,1.294,3.097,2.09,1.001,1.657,2.566,,1.469,1.614,1.198
2025-01-31,,2.748,1.249,1.488,1.08,1.046,1.158,1.622,1.8,2.908,1.257,3.06,2.098,1.001,1.655,2.613,,1.49,1.595,1.193
2025-02-03,,2.792,1.277,1.492,1.064,1.074,1.17,1.632,1.8,2.928,1.295,2.935,2.173,1.0,1.8,2.592,,2.363,1.625,1.344
2025-02-04,,2.777,1.277,1.492,1.059,1.034,1.154,1.551,1.8,2.925,1.262,2.869,2.168,1.0,1.8,2.574,,2.359,1.618,1.344
2025-02-05,,2.776,1.232,1.492,1.051,1.066,1.154,1.543,1.8,2.925,1.324,2.849,2.171,1.001,1.799,2.5,,2.357,1.619,1.344
2025-02-06,,2.764,1.216,1.492,1.036,1.036,1.154,1.633,1.55,2.979,1.262,2.849,2.177,1.001,1.797,2.494,,2.357,1.618,1.345
2025-02-07,,2.774,1.216,1.492,1.037,1.036,1.154,1.633,1.8,2.973,1.262,2.85,2.159,1.003,1.79,2.488,,2.36,1.637,1.347
2025-02-10,,2.733,1.216,1.492,1.035,1.008,1.154,1.633,1.8,2.969,1.246,2.85,2.157,1.003,1.784,2.485,,2.36,1.637,1.34
2025-02-11,,2.713,1.211,1.492,1.033,0.994,1.15,1.646,1.5,2.958,1.241,2.89,2.166,0.967,1.769,2.474,,2.356,1.63,1.34
2025-02-12,,2.702,1.206,1.492,1.035,0.994,1.15,1.63,1.75,2.972,1.228,2.89,2.176,0.967,1.773,2.443,,2.367,1.622,1.34
2025-02-13,,2.687,1.206,1.471,1.035,0.983,1.15,1.641,1.75,2.948,1.232,2.864,2.209,0.967,1.775,2.451,,2.372,1.626,1.332
2025-02-14,,2.433,1.27,1.616,1.049,0.983,1.264,1.564,1.75,3.039,1.232,3.072,2.2,0.975,1.791,2.482,,2.386,1.634,1.319
2025-02-17,,2.678,1.206,1.471,1.033,0.983,1.161,1.564,1.75,2.947,1.216,2.858,2.187,0.956,1.777,2.425,,2.362,1.614,1.326
2025-02-18,,2.701,1.206,1.471,1.034,0.981,1.145,1.598,1.75,2.96,1.223,2.87,2.197,0.963,1.775,2.255,,2.383,1.615,1.325
2025-02-19,,2.336,1.206,1.471,1.033,0.981,1.124,1.564,1.75,2.946,1.221,2.849,2.196,0.957,1.774,2.26,,2.381,1.615,1.353
2025-02-20,,2.354,1.188,1.471,1.033,0.981,1.145,1.564,1.75,2.95,1.214,2.849,2.203,0.957,1.774,2.236,,2.381,1.619,1.318
2025-02-21,,2.343,1.188,1.471,1.033,0.981,1.145,1.564,1.75,2.951,1.214,2.828,2.192,0.955,1.774,2.107,,2.361,1.619,1.318
2025-02-24,,2.661,1.188,1.471,1.029,0.981,1.133,1.564,1.75,2.965,1.202,2.828,2.184,0.927,1.762,2.039,,2.367,1.601,1.312
2025-02-25,,2.224,1.188,1.471,1.021,0.977,1.083,1.564,1.75,2.96,1.202,2.821,2.173,0.892,1.759,2.076,,2.367,1.601,1.307
2025-02-26,,2.214,1.188,1.471,1.018,0.977,1.132,1.564,1.75,2.958,1.21,2.833,2.187,0.894,1.758,2.074,,2.366,1.597,1.307
2025-02-27,,2.214,1.197,1.46,1.008,0.977,1.132,1.544,1.75,2.966,1.21,2.713,2.244,0.894,1.748,2.048,,2.37,1.597,1.297
2025-02-28,,2.209,1.179,1.46,1.007,0.973,1.081,1.544,1.75,3.022,1.21,2.714,2.223,0.896,1.736,2.047,,2.375,1.592,1.297
2025-03-05,,2.177,1.375,1.504,1.017,1.26,1.092,1.59,1.75,3.052,1.21,2.249,2.404,0.894,1.732,2.183,,2.383,1.388,1.271
2025-03-06,,2.179,1.376,1.45,1.015,1.248,1.136,1.583,1.75,3.075,1.207,2.249,2.419,0.895,1.739,2.071,,2.378,1.379,1.256
2025-03-07,,2.175,1.353,1.45,1.014,1.248,1.092,1.577,1.75,3.068,1.207,2.256,2.41,0.893,1.739,2.053,,2.376,1.379,1.256
2025-03-10,,2.175,1.353,1.439,1.028,1.248,1.091,1.508,1.5,2.984,1.207,2.257,2.399,0.894,1.731,2.011,,2.376,1.37,1.238
2025-03-11,,2.168,1.353,1.439,1.024,1.245,1.081,1.508,1.7,2.933,1.18,2.256,2.378,0.89,1.72,1.976,,2.375,1.371,1.237
2025-03-12,,2.167,1.355,1.439,1.02,1.245,1.065,1.508,1.7,2.917,1.17,2.257,2.392,0.888,1.7,1.94,,2.375,1.364,1.234
2025-03-13,,2.165,1.355,1.434,1.019,1.245,1.065,1.458,1.7,2.877,1.168,2.256,2.414,0.883,1.705,1.935,,2.372,1.364,1.234
2025-03-14,,2.161,1.355,1.439,1.019,1.25,1.065,1.458,1.7,2.897,1.166,2.249,2.42,0.883,1.707,1.951,,2.374,1.363,1.234
2025-03-17,,2.13,1.355,1.434,1.018,1.25,1.105,1.458,1.7,2.882,1.166,2.249,2.411,0.882,1.708,1.933,,2.372,1.363,1.228
2025-03-18,,2.076,1.339,1.428,1.017,1.243,1.05,1.414,1.7,2.869,1.164,2.25,2.404,0.883,1.713,1.92,,2.312,1.351,1.227
2025-03-19,,2.066,1.339,1.428,1.016,1.22,1.047,1.436,1.7,2.861,1.159,2.215,2.408,0.882,1.706,1.902,,2.305,1.354,1.226
2025-03-20,,2.062,1.339,1.428,1.008,1.232,1.035,1.45,1.6,2.879,1.182,2.228,2.479,0.884,1.704,1.873,,2.302,1.347,1.226
2025-03-21,,2.047,1.358,1.428,1.01,1.209,1.079,1.439,1.6,2.784,1.193,2.2,2.423,0.885,1.704,1.868,,2.302,1.347,1.226
2025-03-24,,2.031,1.349,1.416,1.006,1.209,1.035,1.439,1.6,2.79,1.193,2.199,2.495,0.886,1.697,1.863,,2.283,1.347,1.216
2025-03-25,,2.04,1.342,1.418,1.005,1.213,1.035,1.43,1.6,2.776,1.192,2.205,2.5,0.888,1.71,1.862,,2.283,1.345,1.211
2025-03-26,,2.025,1.342,1.419,0.982,1.213,1.033,1.43,1.6,2.77,1.192,2.219,2.487,0.874,1.705,1.857,,2.214,1.347,1.217
2025-03-27,,1.94,1.342,1.419,0.982,1.213,1.032,1.43,1.6,2.76,1.189,2.213,2.485,0.873,1.702,1.902,,2.214,1.347,1.205
2025-03-28,,1.939,1.38,1.568,0.977,1.213,1.033,1.453,1.5,2.793,1.195,2.396,2.373,0.909,1.703,1.914,,2.247,1.353,1.222
2025-03-31,,1.933,1.342,1.419,0.977,1.21,1.032,1.417,1.4,2.768,1.187,2.211,2.333,0.878,1.698,1.897,,2.244,1.337,1.222
2025-04-01,,2.028,1.342,1.419,0.976,0.922,1.057,1.495,1.3,2.825,1.158,2.217,2.182,0.885,1.636,1.893,,2.244,1.254,1.229
2025-04-02,,2.053,1.325,1.419,0.971,0.922,1.046,1.495,1.3,2.819,1.154,2.205,2.177,0.885,1.603,1.876,,2.215,1.253,1.232
2025-04-03,,2.052,1.325,1.419,0.97,0.922,1.046,1.501,1.3,2.8,1.156,2.204,2.177,0.882,1.598,1.875,,2.215,1.253,1.232
2025-04-04,,2.02,1.235,1.419,0.97,0.922,1.036,1.501,1.3,2.797,1.156,2.24,2.177,0.881,1.594,1.868,,2.215,1.256,1.274
2025-04-07,,2.024,1.34,1.419,0.974,0.922,1.036,1.501,1.3,2.787,1.159,2.24,2.173,0.881,1.596,1.863,,2.217,1.253,1.279
2025-04-08,,1.983,1.34,1.419,0.974,0.922,1.045,1.501,1.3,2.777,1.152,2.24,2.176,0.882,1.592,1.859,,2.233,1.253,1.279
2025-04-09,,2.054,1.268,1.419,0.975,0.922,1.045,1.527,1.3,2.799,1.154,2.402,2.193,0.889,1.59,1.864,,2.234,1.256,1.427
2025-04-10,,2.06,1.283,1.419,0.975,0.922,1.042,1.509,1.3,2.817,1.163,2.314,2.209,0.889,1.596,1.883,,2.234,1.256,1.305
2025-04-11,,2.056,1.286,1.419,0.975,0.922,1.04,1.521,1.3,2.826,1.165,2.242,2.209,0.888,1.599,1.882,,2.234,1.256,1.305
2025-04-14,,2.057,1.463,1.419,0.975,0.922,1.04,1.521,1.3,2.84,1.164,2.315,2.209,0.886,1.596,1.875,,2.234,1.256,1.3
2025-04-15,,2.057,1.405,1.441,0.975,0.922,1.036,1.521,1.3,2.849,1.177,2.233,2.209,0.887,1.591,1.877,,2.271,1.255,1.3
2025-04-16,,1.998,1.405,1.41,0.975,0.902,1.036,1.539,1.3,2.831,1.169,2.232,2.174,0.879,1.588,1.861,,2.29,1.255,1.3
2025-04-17,,1.977,1.424,1.41,0.976,0.912,1.036,1.539,1.3,2.825,1.174,2.229,2.182,0.871,1.584,1.855,,2.381,1.258,1.3
2025-04-22,,1.971,1.439,1.41,0.976,0.912,1.036,1.539,1.3,2.818,1.179,2.229,2.208,0.871,1.588,1.851,,2.381,1.251,1.3
2025-04-23,,1.968,1.454,1.399,0.982,0.912,1.036,1.539,1.6,2.821,1.186,2.22,2.225,0.869,1.591,1.847,,2.387,1.248,1.3
2025-04-24,,1.94,1.547,1.407,0.967,0.882,1.037,1.535,1.3,2.813,1.181,2.227,2.215,0.868,1.578,1.843,,2.378,1.245,1.301
2025-04-25,,1.889,1.656,1.407,0.966,0.882,1.034,1.532,1.3,2.812,1.174,2.227,2.208,0.861,1.568,1.826,,2.377,1.241,1.301
2025-04-28,,1.867,1.622,1.407,0.966,0.876,1.034,1.532,1.3,2.82,1.195,2.228,2.218,0.861,1.57,1.843,,2.376,1.243,1.301
2025-04-29,,1.854,1.576,1.386,0.963,0.876,1.034,1.532,1.3,2.818,1.195,2.228,2.217,0.854,1.57,1.843,,2.376,1.239,1.301
2025-04-30,,1.843,1.559,1.386,0.963,0.866,1.01,1.544,1.3,2.815,1.186,2.228,2.208,0.853,1.567,1.846,,2.376,1.239,1.301
2025-05-02,,1.848,1.567,1.416,0.943,0.879,1.082,1.531,1.3,2.714,1.186,2.229,2.221,0.853,1.563,1.868,,1.523,1.245,1.239
2025-05-05,,1.842,1.567,1.416,0.947,0.879,1.038,1.531,1.3,2.712,1.184,2.229,2.231,0.854,1.572,1.868,,1.523,1.247,1.247
2025-05-06,,1.836,1.567,1.399,0.943,0.875,1.082,1.519,1.3,2.705,1.184,2.228,2.229,0.851,1.572,1.857,,1.525,1.246,1.242
2025-05-07,,1.795,1.567,1.399,0.943,0.875,1.082,1.512,1.3,2.738,1.184,2.228,2.24,0.851,1.574,1.839,,1.525,1.244,1.242
2025-05-08,,1.785,1.567,1.399,0.943,0.875,1.078,1.512,1.3,2.642,1.154,2.217,2.249,0.851,1.58,1.833,,1.53,1.242,1.242
2025-05-09,,1.704,1.567,1.382,0.943,0.875,1.076,1.523,1.3,2.592,1.125,2.217,2.256,0.851,1.579,1.831,,1.506,1.237,1.242
2025-05-12,,1.7,1.567,1.382,0.943,0.875,1.076,1.523,1.3,2.597,1.14,2.207,2.246,0.846,1.572,1.811,,1.531,1.237,1.19
2025-05-13,,1.703,1.559,1.382,0.947,0.875,1.076,1.523,1.3,2.589,1.132,2.217,2.235,0.847,1.566,1.805,,1.527,1.22,1.189
2025-05-14,,1.651,1.529,1.378,0.953,0.875,1.076,1.523,1.3,2.591,1.132,2.217,2.228,0.847,1.566,1.804,,1.527,1.23,1.172
2025-05-15,,1.633,1.529,1.378,0.948,0.875,1.076,1.523,1.3,2.584,1.122,2.217,2.221,0.848,1.561,1.781,,1.527,1.228,1.172
2025-05-16,,1.627,1.529,1.378,0.948,0.875,1.076,1.526,1.3,2.565,1.122,2.217,2.218,0.847,1.552,1.779,,1.527,1.224,1.28
2025-05-19,,1.622,1.483,1.373,0.947,0.875,1.076,1.526,1.3,2.539,1.095,2.217,2.253,0.846,1.547,1.774,,1.527,1.218,1.28
2025-05-20,,1.616,1.454,1.373,0.946,0.875,1.076,1.539,1.5,2.545,1.092,2.214,2.247,0.846,1.549,1.763,,1.527,1.218,1.282
2025-05-21,,1.637,1.445,1.338,0.935,0.866,1.073,1.541,1.3,2.504,1.082,2.212,2.226,0.844,1.548,2.099,,1.527,1.214,1.154
2025-05-22,,1.634,1.445,1.338,0.942,0.866,1.066,1.549,1.5,2.529,1.103,2.253,2.224,0.843,1.547,2.088,,1.534,1.213,1.16
2025-05-23,,1.711,1.873,1.513,0.939,0.86,1.075,1.544,1.3,2.503,1.074,2.198,2.226,0.843,1.56,2.07,,1.566,1.215,1.156
2025-05-26,,1.628,1.411,1.333,0.934,0.863,1.066,1.544,1.3,2.455,1.068,2.188,2.219,0.843,1.542,2.035,,1.536,1.191,1.192
2025-05-27,,1.626,1.411,1.333,0.936,0.863,1.066,1.544,1.3,2.457,1.068,2.231,2.281,0.842,1.54,2.023,,1.536,1.197,1.197
2025-05-28,,1.63,1.388,1.333,0.925,0.846,1.066,1.544,1.3,2.443,1.068,2.231,2.342,0.843,1.534,2.017,,1.536,1.185,1.196
2025-05-29,,1.577,1.294,1.333,0.913,0.849,1.066,1.544,1.3,2.437,1.069,2.233,2.609,0.843,1.531,2.01,,1.525,1.181,1.196
2025-05-30,,1.577,1.339,1.315,0.917,0.849,1.066,1.544,1.3,2.442,1.061,2.233,2.724,0.844,1.529,2.011,,1.525,1.181,1.194
2025-06-02,,1.575,1.41,1.355,0.945,0.83,1.074,1.62,1.3,2.569,1.125,2.234,2.596,0.785,1.584,1.785,,1.539,1.232,1.254
2025-06-03,,1.549,1.403,1.355,0.948,0.827,1.069,1.616,1.3,2.569,1.113,2.235,2.546,0.727,1.587,1.791,,1.571,1.23,1.251
2025-06-04,,1.548,1.403,1.355,0.937,0.827,1.065,1.616,1.3,2.569,1.113,2.236,2.524,0.727,1.585,1.783,,1.571,1.23,1.251
2025-06-05,,1.522,1.403,1.355,0.913,0.814,0.987,1.616,1.3,2.567,1.113,2.236,2.568,0.728,1.577,1.78,,1.595,1.229,1.251
2025-06-06,,1.484,1.368,1.315,0.893,0.82,0.974,1.616,1.3,2.543,1.057,2.236,2.597,0.724,1.529,2.049,,1.548,1.187,1.248
2025-06-09,,1.489,1.368,1.315,0.91,0.818,0.974,1.616,1.3,2.534,1.058,2.236,2.591,0.724,1.533,2.023,,1.548,1.187,1.248
2025-06-10,,1.486,1.368,1.315,0.91,0.808,0.962,1.609,1.3,2.523,1.058,2.207,2.584,0.723,1.534,2.011,,1.548,1.187,1.248
2025-06-11,,1.486,1.368,1.324,0.906,0.808,0.962,1.609,1.3,2.479,1.052,2.193,2.582,0.723,1.534,1.996,,1.548,1.187,1.233
2025-06-12,,1.49,1.368,1.324,0.896,0.808,0.978,1.609,1.3,2.464,1.052,2.193,2.59,0.723,1.534,1.995,,1.548,1.187,1.245
2025-06-13,,1.485,1.361,1.302,0.897,0.799,0.969,1.609,1.3,2.47,1.051,2.231,2.612,0.723,1.532,1.954,,1.548,1.187,1.246
2025-06-16,,1.516,1.342,1.325,0.895,0.766,0.957,1.609,1.3,2.47,1.051,2.231,2.655,0.723,1.528,1.954,,1.548,1.187,1.246
2025-06-17,,1.516,1.331,1.325,0.895,0.766,0.957,1.609,1.3,2.449,1.044,2.231,2.214,0.724,1.527,1.921,,1.559,1.187,1.271
2025-06-18,,1.516,1.342,1.302,0.893,0.766,0.957,1.609,1.3,2.458,1.042,2.298,2.238,0.724,1.524,1.907,,1.59,1.187,1.262
2025-06-20,,1.584,1.495,1.499,0.906,0.762,0.957,1.602,1.3,2.465,1.041,2.298,2.251,0.723,1.532,1.909,,1.614,1.202,1.268
2025-06-23,,1.514,1.333,1.325,0.891,0.766,0.957,1.582,1.3,2.455,1.041,2.287,2.221,0.723,1.519,1.881,,1.59,1.186,1.249
2025-06-24,,1.524,1.325,1.325,0.899,0.762,1.049,1.576,1.3,2.444,1.041,2.296,2.242,0.723,1.525,1.868,,1.578,1.182,1.249
2025-06-25,,1.51,1.266,1.288,0.883,0.766,0.969,1.576,1.3,2.44,1.041,2.251,2.227,0.723,1.515,1.865,,1.578,1.191,1.249
2025-06-26,,1.517,1.246,1.279,0.887,0.767,1.038,1.556,1.2,2.436,1.042,2.217,2.202,0.723,1.515,1.878,,1.578,1.185,1.291
2025-06-27,,1.514,1.265,1.279,0.883,0.767,0.969,1.556,1.2,2.429,1.042,2.243,2.205,0.723,1.493,1.875,,1.578,1.19,1.291
2025-06-30,,1.508,1.232,1.262,0.889,0.788,1.038,1.556,1.2,2.423,1.042,2.315,2.196,0.71,1.486,1.868,,1.578,1.187,1.291
2025-07-01,,1.55,1.214,1.291,0.887,0.715,0.909,1.55,1.2,2.393,1.043,2.369,2.543,0.71,1.464,1.869,,1.593,1.187,1.284
2025-07-02,,1.55,1.214,1.291,0.886,0.719,0.906,1.55,1.2,2.397,1.043,2.369,2.543,0.711,1.473,1.869,,1.587,1.187,1.28
2025-07-03,,1.547,1.214,1.291,0.886,0.719,0.897,1.55,1.2,2.398,1.043,2.369,1.897,0.711,1.471,1.867,,1.586,1.187,1.283
2025-07-04,,1.543,1.208,1.291,0.886,0.719,0.906,1.55,1.2,2.389,1.043,2.369,2.258,0.711,1.469,1.862,,1.586,1.175,1.294
2025-07-07,,1.543,1.208,1.291,0.885,0.736,0.906,1.55,1.2,2.392,1.04,2.369,1.896,0.706,1.462,1.865,,1.595,1.178,1.28
2025-07-08,,1.543,1.208,1.291,0.884,0.722,0.906,1.55,1.2,2.392,1.04,2.369,1.894,0.706,1.463,1.864,,1.595,1.178,1.292
2025-07-09,,1.521,1.202,1.291,0.892,0.72,0.879,1.55,1.2,2.376,1.036,2.456,1.9,0.706,1.467,1.857,,1.582,1.178,1.295
2025-07-10,,1.532,1.202,1.291,0.89,0.72,0.879,1.567,1.2,2.38,1.033,2.456,1.9,0.707,1.469,1.862,,1.582,1.178,1.295
2025-07-11,,1.539,1.202,1.271,0.889,0.72,0.904,1.567,1.2,2.391,1.041,2.464,1.898,0.707,1.468,1.863,,1.577,1.178,1.295
2025-07-14,,1.532,1.202,1.291,0.894,0.698,0.904,1.566,1.2,2.384,1.038,2.381,1.898,0.707,1.466,1.863,,1.577,1.177,1.292
2025-07-15,,1.517,1.202,1.291,0.892,0.698,0.882,1.566,1.2,2.381,1.038,2.381,1.918,0.708,1.465,1.858,,1.577,1.177,1.278
2025-07-16,,1.517,1.202,1.291,0.893,0.696,0.882,1.566,1.2,2.377,1.038,2.381,1.922,0.705,1.463,1.854,,1.577,1.177,1.278
2025-07-17,,1.518,1.202,1.27,0.887,0.696,0.882,1.562,1.2,2.38,1.038,2.381,1.923,0.705,1.462,1.854,,1.577,1.176,1.294
2025-07-18,,1.517,1.202,1.27,0.894,0.694,0.881,1.569,1.2,2.37,1.038,2.382,1.923,0.705,1.471,1.855,,1.584,1.184,1.294
2025-07-21,,1.516,1.216,1.27,0.887,0.699,0.881,1.569,1.2,2.365,1.038,2.382,1.923,0.705,1.47,1.858,,1.579,1.193,1.294
2025-07-22,,1.516,1.216,1.27,0.887,0.699,0.879,1.568,1.2,2.392,1.033,2.539,1.924,0.704,1.452,1.855,,1.591,1.187,1.316
2025-07-23,,1.515,1.216,1.27,0.886,0.699,0.879,1.568,1.2,2.369,1.033,2.539,1.921,0.704,1.452,1.85,,1.586,1.187,1.316
2025-07-24,,1.527,1.216,1.273,0.903,0.699,1.004,1.588,1.45,2.39,1.074,2.54,1.933,0.73,1.472,1.851,,1.59,1.202,1.326
2025-07-25,,1.575,1.299,1.453,0.889,0.699,0.894,1.568,1.2,2.381,1.033,2.539,1.942,0.704,1.455,1.848,,1.63,1.216,1.316
2025-07-28,,1.523,1.21,1.269,0.878,0.699,0.79,1.568,1.2,2.376,1.033,2.529,1.925,0.704,1.45,1.847,,1.916,1.198,1.304
2025-07-29,,1.52,1.216,1.27,0.885,0.699,0.865,1.585,1.2,2.389,1.038,2.518,1.925,0.704,1.454,1.847,,1.918,1.198,1.245
2025-07-30,,1.521,1.225,1.27,0.886,0.699,0.878,1.585,1.2,2.355,1.038,2.506,1.912,0.713,1.455,1.846,,1.918,1.204,1.245
2025-07-31,,1.517,1.198,1.27,0.882,0.697,0.892,1.585,1.2,2.378,1.052,2.506,1.899,0.705,1.454,1.842,,1.918,1.197,1.245
2025-08-01,,1.518,1.216,1.27,0.866,0.753,0.897,1.594,1.2,2.448,1.052,2.583,1.89,0.704,1.44,1.84,4.5,1.886,1.188,1.221
2025-08-04,,1.517,1.216,1.27,0.865,0.753,0.897,1.585,1.2,2.438,1.049,2.583,1.884,0.703,1.434,1.838,4.5,1.886,1.188,1.237
2025-08-05,,1.523,1.216,1.27,0.864,0.753,0.897,1.585,1.2,2.436,1.049,2.583,1.884,0.704,1.434,1.832,4.5,1.829,1.188,1.237
2025-08-06,,1.516,1.216,1.27,0.865,0.753,0.877,1.585,1.2,2.43,1.055,2.583,1.894,0.704,1.441,1.831,4.5,1.8,1.188,1.237
2025-08-07,,1.524,1.216,1.27,0.865,0.753,0.897,1.585,1.2,2.432,1.051,2.583,1.895,0.703,1.441,1.832,4.5,1.792,1.188,1.228
2025-08-08,,1.504,1.216,1.27,0.871,0.753,0.872,1.585,1.2,2.459,1.051,2.63,1.895,0.703,1.446,1.83,4.5,1.792,1.19,1.228
2025-08-11,,1.498,1.216,1.27,0.869,0.753,0.874,1.585,1.2,2.434,1.046,2.583,1.885,0.703,1.432,1.83,4.5,1.792,1.192,1.228
2025-08-12,,1.496,1.219,1.27,0.866,0.753,0.872,1.577,1.2,2.463,1.051,2.63,1.896,0.702,1.446,1.828,4.5,1.792,1.194,1.219
2025-08-13,,1.499,1.219,1.27,0.866,0.736,0.874,1.577,1.2,2.472,1.054,2.624,1.938,0.702,1.446,1.828,4.5,1.792,1.194,1.228
2025-08-14,,1.495,1.219,1.27,0.866,0.736,0.872,1.57,1.2,2.475,1.049,2.624,1.942,0.702,1.446,1.83,4.5,1.792,1.202,1.219
2025-08-15,,1.5,1.231,1.27,0.866,0.736,0.874,1.57,1.2,2.485,1.05,2.624,2.173,0.702,1.446,1.543,4.5,1.792,1.206,1.228
2025-08-18,,1.488,1.231,1.27,0.865,0.736,0.897,1.55,1.2,2.476,1.051,2.755,2.091,0.703,1.446,1.538,4.5,1.801,1.202,1.219
2025-08-19,,1.485,1.231,1.27,0.867,0.736,0.872,1.55,1.2,2.457,1.051,2.755,2.115,0.704,1.445,1.546,4.5,1.801,1.202,1.223
2025-08-20,,1.485,1.231,1.27,0.867,0.736,0.869,1.55,1.2,2.41,1.051,2.755,2.178,0.703,1.444,1.887,4.5,1.801,1.202,1.19
2025-08-21,,1.485,1.231,1.27,0.85,0.758,0.862,1.555,1.2,2.41,1.057,2.741,2.114,0.704,1.453,1.542,4.5,1.807,1.119,1.186
2025-08-22,,1.485,1.219,1.27,0.85,0.758,0.862,1.555,1.2,2.405,1.057,2.741,2.114,0.703,1.457,1.542,4.5,1.807,1.117,1.186
2025-08-25,,1.485,1.219,1.269,0.85,0.758,0.862,1.555,1.2,2.4,1.057,2.741,2.114,0.702,1.451,1.541,4.5,1.807,1.117,1.186
2025-08-26,,1.487,1.329,1.269,0.849,0.753,0.862,1.555,1.2,2.392,1.053,2.977,2.718,0.714,1.459,1.547,4.5,1.798,1.119,1.163
2025-08-27,,1.485,1.32,1.269,0.847,0.75,0.858,1.555,1.2,2.365,1.053,2.977,2.778,0.703,1.452,1.541,4.5,1.798,1.117,1.163
2025-08-28,,1.495,1.32,1.269,0.847,0.767,0.858,1.555,1.2,2.365,1.053,2.977,2.921,0.701,1.452,1.52,4.5,1.798,1.117,1.163
2025-08-29,,1.485,1.325,1.269,0.846,0.75,0.886,1.569,1.2,2.352,1.054,3.078,2.796,0.701,1.452,1.52,4.5,1.817,1.107,1.154
2025-09-01,,1.469,1.33,1.269,0.831,1.038,0.859,1.554,1.2,2.413,1.054,3.067,2.63,0.718,1.562,1.58,4.5,1.34,1.031,1.063
2025-09-02,,1.468,1.313,1.269,0.828,1.038,0.856,1.54,1.2,2.403,1.054,2.984,2.398,0.719,1.546,1.581,4.5,1.336,1.032,1.063
2025-09-03,,1.468,1.313,1.261,0.828,1.038,0.856,1.54,1.2,2.402,1.054,2.984,2.602,0.719,1.557,1.582,4.5,1.336,1.032,1.063
2025-09-04,,1.47,1.318,1.261,0.83,1.035,0.855,1.559,1.2,2.417,1.053,1.29,2.531,0.718,1.581,1.92,4.5,1.334,1.031,1.063
2025-09-05,,1.468,1.3,1.261,0.829,1.035,0.855,1.54,1.2,2.391,1.053,2.984,2.376,0.718,1.566,1.921,4.5,1.329,1.029,1.063
2025-09-08,,1.427,1.305,1.261,0.829,1.033,0.855,1.528,1.2,2.383,1.053,2.981,2.388,0.718,1.565,1.921,4.5,1.333,1.027,1.063
2025-09-09,,1.428,1.348,1.251,0.831,1.033,0.858,1.547,1.2,2.389,1.053,3.914,2.235,0.718,1.577,1.583,4.5,1.333,1.027,1.054
2025-09-10,,1.429,1.348,1.251,0.832,1.052,0.86,1.547,1.2,2.389,1.053,3.914,2.206,0.718,1.572,1.577,4.5,1.333,1.027,1.054
2025-09-11,,1.427,1.336,1.251,0.831,1.053,0.855,1.548,1.2,2.385,1.045,3.834,2.119,0.718,1.546,1.913,4.5,1.333,1.027,1.053
2025-09-12,,1.427,1.336,1.251,0.831,1.053,0.858,1.548,1.2,2.389,1.048,3.833,2.096,0.718,1.544,1.919,4.0,1.333,1.027,1.053
2025-09-15,,1.427,1.336,1.182,0.831,1.053,0.858,1.543,1.2,2.382,1.047,3.818,2.045,0.718,1.541,1.912,4.0,1.328,1.027,1.038
2025-09-16,,1.502,1.338,1.17,0.845,1.051,0.858,1.543,1.2,2.363,1.049,3.806,2.15,0.717,1.532,1.931,4.0,1.329,1.023,1.06
2025-09-17,,1.43,1.319,1.162,0.826,1.051,0.858,1.543,1.2,2.333,1.046,3.799,2.097,0.717,1.528,1.929,4.0,1.329,1.023,1.034
2025-09-18,,1.43,1.302,1.162,0.825,1.051,0.858,1.543,1.2,2.307,1.046,3.61,2.092,0.717,1.528,1.926,4.0,1.311,1.019,1.034
2025-09-19,,1.43,1.325,1.162,0.824,1.051,0.858,1.543,1.2,2.075,1.046,3.317,2.058,0.717,1.528,1.92,4.0,1.311,1.019,1.034
2025-09-22,,1.426,1.314,1.146,0.828,1.051,0.855,1.492,1.2,2.055,1.046,2.981,1.639,0.718,1.52,1.554,4.0,1.311,1.018,1.028
2025-09-23,,1.426,1.308,1.146,0.817,1.093,0.85,1.492,1.2,2.056,1.045,2.929,1.639,0.722,1.52,1.908,4.0,1.31,1.018,1.025
2025-09-24,,1.426,1.292,1.146,0.817,1.056,0.85,1.484,1.2,2.048,1.045,3.008,1.607,0.725,1.521,1.906,4.0,1.311,1.018,1.022
2025-09-25,,1.427,1.286,1.137,0.816,1.056,0.85,1.476,1.2,2.043,1.045,2.965,1.628,0.733,1.521,1.904,4.0,1.306,1.018,1.022
2025-09-26,,1.432,1.283,1.137,0.812,1.05,0.845,1.476,1.2,2.039,1.044,2.936,1.609,0.733,1.51,1.548,4.0,1.307,1.013,1.021
2025-09-29,,1.462,1.299,1.206,0.837,1.065,0.89,1.511,1.25,2.083,1.11,2.958,1.694,0.808,1.516,1.55,4.0,1.378,1.026,1.038
2025-09-30,,1.43,1.299,1.206,0.841,1.149,0.9,1.355,1.2,2.042,1.067,2.968,1.631,0.715,1.532,1.904,4.0,1.287,1.043,1.032
2025-10-01,,1.442,1.292,1.21,0.849,1.149,0.9,1.355,1.2,1.981,1.069,2.953,1.638,0.704,1.526,1.547,4.0,1.121,1.018,1.001
2025-10-02,,1.442,1.28,1.21,0.855,1.149,0.895,1.355,1.2,1.974,1.069,2.961,1.635,0.705,1.538,1.547,4.0,1.121,1.025,1.028
2025-10-03,,1.441,1.224,1.207,0.856,1.149,0.873,1.355,1.2,1.993,1.069,2.971,1.635,0.705,1.549,1.543,4.0,1.121,1.027,1.032
2025-10-06,,1.442,1.222,1.207,0.853,1.149,0.895,1.357,1.2,2.003,1.069,2.924,1.635,0.705,1.548,1.546,4.0,1.121,1.038,1.032
2025-10-07,,1.455,1.293,1.205,0.855,1.149,0.895,1.357,1.2,1.972,1.069,2.924,1.658,0.806,1.549,1.545,4.0,1.121,1.038,1.051
2025-10-08,,1.455,1.299,1.205,0.855,1.125,0.895,1.357,1.2,2.004,1.069,2.942,1.671,0.806,1.545,1.478,4.0,1.124,1.042,1.07
2025-10-09,,1.477,1.286,1.197,0.859,1.149,0.895,1.357,1.2,1.985,1.069,3.029,1.652,0.704,1.543,1.895,4.0,1.124,1.033,1.058
2025-10-10,,1.48,1.36,1.224,0.873,1.137,0.895,1.357,1.2,1.99,1.069,3.186,1.647,0.805,1.546,1.907,4.0,1.12,1.034,1.058
2025-10-13,,1.528,1.382,1.224,0.892,1.14,0.918,1.37,1.31,2.016,1.128,2.935,1.881,0.805,1.547,1.574,4.0,1.066,1.037,1.073
2025-10-14,,1.498,1.307,1.192,0.861,1.137,0.895,1.357,1.2,2.006,1.069,3.999,1.863,0.704,1.542,1.494,4.0,1.027,1.029,1.058
2025-10-15,,1.516,1.307,1.192,0.859,1.137,0.882,1.357,1.2,1.987,1.065,3.999,1.852,0.704,1.539,1.564,4.0,1.027,1.029,1.058
2025-10-16,,1.52,1.311,1.189,0.859,1.137,0.895,1.357,1.2,2.011,1.065,3.997,1.869,0.805,1.539,1.502,4.0,1.027,1.03,1.066
2025-10-17,,1.557,1.372,1.387,0.874,1.137,0.92,1.357,1.2,2.021,1.075,1.199,1.943,0.815,1.56,1.513,4.0,1.1,1.039,1.066
2025-10-20,,1.523,1.307,1.187,0.86,1.113,0.884,1.357,1.2,2.085,1.07,1.245,1.876,0.704,1.534,1.503,4.0,1.027,1.027,1.09
2025-10-21,,1.541,1.372,1.187,0.866,1.109,0.883,1.357,1.2,2.127,1.097,1.245,1.899,0.804,1.551,1.506,4.0,1.024,1.031,1.097
2025-10-22,,1.511,1.492,1.192,0.907,1.111,0.892,1.374,1.31,2.17,1.156,1.247,1.92,0.803,1.573,1.609,4.0,1.051,1.033,1.108
2025-10-23,,1.51,1.492,1.101,0.906,1.106,0.892,1.374,1.3,2.235,1.156,1.247,1.923,0.803,1.573,1.62,4.0,1.06,1.034,1.108
2025-10-24,,1.555,1.492,1.192,0.947,1.106,0.892,1.374,1.3,2.355,1.183,1.25,1.931,0.818,1.573,1.584,4.0,1.075,1.038,1.124
2025-10-27,,1.571,1.373,1.195,0.936,1.106,0.892,1.374,1.3,2.41,1.217,1.262,2.003,0.818,1.574,1.59,4.0,1.075,1.054,1.124
2025-10-28,,1.575,1.426,1.192,0.936,1.12,0.892,1.379,1.3,2.432,1.186,1.262,1.923,0.818,1.596,1.602,4.0,1.075,1.069,1.139
2025-10-29,,1.585,1.461,1.2,0.961,1.156,0.9,1.39,1.3,2.479,1.224,1.306,1.924,0.795,1.6,1.625,4.0,1.098,1.126,1.207
2025-10-30,,1.639,1.443,1.143,0.953,1.137,0.898,1.393,1.3,2.333,1.181,1.233,1.911,0.795,1.596,1.693,4.0,1.102,1.088,1.185
2025-10-31,,1.711,1.411,1.143,0.923,1.149,0.882,1.423,1.3,2.485,1.134,1.277,1.92,0.795,1.598,1.626,4.0,1.063,1.105,1.169
2025-11-03,,1.728,1.447,1.143,0.932,0.897,0.82,1.514,1.3,2.399,1.122,1.277,1.964,0.782,1.579,1.6,4.0,1.581,1.062,1.29
2025-11-04,,1.771,1.495,1.143,0.954,0.897,0.821,1.514,1.3,2.381,1.169,1.277,1.967,0.782,1.582,1.599,4.0,1.582,1.06,1.33
2025-11-05,,1.754,1.441,1.143,0.929,0.884,0.822,1.431,1.3,2.262,1.185,1.327,1.918,0.782,1.58,1.598,4.0,1.582,1.062,1.314
2025-11-06,,1.754,1.441,1.144,0.932,0.884,0.822,1.431,1.35,2.402,1.216,1.269,1.913,0.782,1.582,1.596,4.0,1.582,1.06,1.744
2025-11-07,,1.687,1.434,1.144,0.917,0.884,0.806,1.438,1.3,2.011,1.13,1.269,1.897,0.782,1.585,1.593,4.0,1.717,1.055,1.79
2025-11-10,,1.711,1.434,1.144,0.934,0.897,0.806,1.531,1.3,2.015,1.134,1.269,1.921,0.781,1.59,1.592,4.0,1.717,1.056,1.801
2025-11-11,,1.726,1.432,1.144,0.925,0.903,0.806,1.54,1.3,2.399,1.134,1.269,1.902,0.78,1.587,1.603,4.0,1.431,1.052,1.877
2025-11-12,,1.751,1.432,1.156,0.929,0.903,0.864,1.54,1.3,2.366,1.134,2.709,1.903,0.78,1.592,1.609,4.0,1.431,1.052,1.89
2025-11-13,,1.757,1.426,1.156,0.929,0.902,0.806,1.542,1.3,2.278,1.129,1.269,1.903,0.78,1.593,1.632,4.0,1.431,1.058,1.883
2025-11-14,,1.757,1.426,1.156,0.929,0.905,0.806,1.578,1.3,2.255,1.129,1.269,1.903,0.78,1.592,1.67,4.0,1.431,1.058,1.886
2025-11-17,,1.757,1.406,1.229,0.929,0.902,0.806,1.578,1.3,2.257,1.125,3.936,1.993,0.78,1.591,1.603,4.0,1.435,1.087,1.87
2025-11-18,,1.757,1.406,1.156,0.927,0.902,0.82,1.578,1.3,2.24,1.125,3.93,1.909,0.78,1.599,1.623,4.0,1.435,1.058,1.87
2025-11-19,,1.732,1.385,1.141,0.924,0.917,0.82,1.578,1.3,2.238,1.122,2.772,1.882,0.78,1.597,1.615,4.0,1.435,1.056,1.584
2025-11-21,,1.755,1.385,1.141,0.926,0.917,0.82,1.578,1.3,2.242,1.12,2.772,1.893,0.78,1.597,1.604,4.0,1.435,1.056,1.584
2025-11-24,,1.73,1.406,1.134,0.929,0.905,0.82,1.578,1.3,2.259,1.123,2.775,1.922,0.775,1.607,1.607,4.0,1.416,1.058,1.638
2025-11-25,,1.859,1.455,1.134,0.943,0.887,0.836,1.586,1.35,2.254,1.195,2.785,1.924,0.775,1.607,1.612,4.0,1.417,1.039,1.63
2025-11-26,,1.741,1.406,1.134,0.932,0.905,0.82,1.582,1.3,2.264,1.123,2.775,1.962,0.8,1.608,1.602,4.0,1.416,1.058,1.636
2025-11-27,,1.734,1.406,1.134,0.929,0.905,0.82,1.582,1.3,2.261,1.091,2.775,1.926,0.775,1.606,1.588,4.0,1.414,1.058,1.642
2025-11-28,,1.759,1.406,1.134,0.927,0.908,0.82,1.582,1.3,2.261,1.115,2.775,1.916,0.735,1.602,1.592,4.0,1.414,1.058,1.642
2025-12-01,,1.793,1.406,1.195,0.89,0.8,0.82,1.582,1.3,2.237,1.117,1.2,1.987,0.736,1.605,1.542,3.78,1.402,1.05,1.634
2025-12-02,,1.876,1.544,1.197,0.916,0.821,0.844,1.578,1.38,2.259,1.179,1.214,1.993,0.76,1.624,1.564,3.78,1.403,1.067,1.653
2025-12-03,,1.782,1.406,1.234,0.889,0.8,0.825,1.576,1.3,2.252,1.182,1.198,1.967,0.761,1.609,1.542,3.78,1.402,1.049,1.63
2025-12-04,,1.791,1.406,1.201,0.886,0.734,0.827,1.576,1.3,2.255,1.181,1.198,1.953,0.76,1.609,1.536,3.782,1.404,1.044,1.63
2025-12-05,,1.802,1.406,1.206,0.894,0.755,0.83,1.578,1.3,2.361,1.189,1.204,1.954,0.765,1.614,1.544,3.782,1.404,1.052,1.64
2025-12-08,,1.77,1.406,1.144,0.896,0.734,0.83,1.578,1.3,2.365,1.189,1.213,1.879,0.764,1.611,1.543,3.782,1.404,1.052,1.64
2025-12-09,,1.767,1.406,1.144,0.9,0.733,0.83,1.578,1.28,2.365,1.189,1.207,1.883,0.764,1.611,1.543,3.782,1.404,1.051,1.64
2025-12-10,,1.776,1.406,1.144,0.898,0.728,0.83,1.584,1.3,2.341,1.157,1.204,1.906,0.765,1.611,1.54,3.782,1.405,1.05,1.64
2025-12-11,,1.776,1.406,1.164,0.899,0.728,0.83,1.584,1.3,2.358,1.139,1.204,1.916,0.764,1.611,1.543,3.782,1.405,1.049,1.64
2025-12-12,,1.776,1.406,1.144,0.9,0.728,0.83,1.584,1.3,2.358,1.139,1.204,1.915,0.763,1.61,1.541,3.782,1.405,1.049,1.64
2025-12-15,,1.774,1.339,1.145,0.897,0.724,0.83,1.587,1.3,2.377,1.144,1.212,1.917,0.762,1.608,1.53,3.782,1.405,1.049,1.64
2025-12-16,,1.826,1.331,1.145,0.893,0.73,0.83,1.587,1.3,2.37,1.144,1.212,1.916,0.724,1.602,1.583,3.795,1.405,1.049,1.647
2025-12-17,,1.783,1.317,1.146,0.892,0.728,0.83,1.587,1.3,2.37,1.144,1.203,1.919,0.726,1.587,1.543,3.795,1.405,1.049,1.643
2025-12-18,,1.759,1.314,1.129,0.892,0.728,0.819,1.587,1.3,2.374,1.144,1.199,1.919,0.726,1.587,1.532,3.795,1.406,1.054,1.643
2025-12-19,,1.74,1.314,1.13,0.895,0.723,0.822,1.583,1.3,2.383,1.144,1.195,1.907,0.725,1.582,1.526,3.795,1.406,1.046,1.624
2025-12-22,,1.74,1.314,1.216,0.897,0.75,0.822,1.583,1.3,2.39,1.14,1.196,1.978,0.726,1.587,1.523,3.795,1.39,1.045,1.626
2025-12-23,,1.799,1.324,1.216,0.895,0.749,0.853,1.604,1.3,2.37,1.151,1.206,1.903,0.726,1.582,1.532,3.795,1.391,1.065,1.628
2025-12-24,,1.799,1.335,1.216,0.895,0.754,0.852,1.602,1.3,2.353,1.153,1.206,1.902,0.726,1.545,1.537,3.696,1.391,1.065,1.628
2025-12-26,,1.942,1.376,1.216,0.91,0.752,0.852,1.602,1.3,2.384,1.154,1.206,1.982,0.725,1.552,1.535,3.696,1.391,1.061,1.635
2025-12-29,,1.969,1.364,1.216,0.91,0.747,0.861,1.602,1.3,2.358,1.141,1.206,1.912,0.725,1.55,1.546,3.696,1.385,1.066,1.62
2025-12-30,,1.969,1.364,1.216,0.91,0.747,0.861,1.602,1.3,2.361,1.141,1.206,1.92,0.725,1.55,1.545,3.696,1.385,1.066,1.62
2025-12-31,,1.888,1.386,1.216,0.907,0.743,0.861,1.59,1.33,2.358,1.263,1.206,1.992,0.725,1.561,1.543,3.696,1.385,1.077,1.629
2026-01-02,,1.897,1.338,1.219,0.913,0.786,0.916,1.781,1.33,2.304,1.26,1.206,1.994,0.723,1.628,1.63,3.696,1.177,1.082,1.601
2026-01-05,,1.788,1.263,1.129,0.895,0.759,0.887,1.775,1.3,2.264,1.13,1.196,1.911,0.723,1.615,1.603,3.696,1.267,1.056,1.586
2026-01-06,,1.794,1.263,1.126,0.889,0.747,0.885,1.774,1.3,2.255,1.128,1.19,1.906,0.723,1.612,1.59,3.696,1.267,1.052,1.584
2026-01-07,,1.798,1.272,1.128,0.907,0.759,0.916,1.781,1.3,2.244,1.134,1.2,1.902,0.723,1.608,1.59,3.696,1.177,1.062,1.591
2026-01-08,,1.808,1.309,1.126,0.901,0.744,0.913,1.781,1.3,2.238,1.135,1.194,1.908,0.723,1.609,1.563,3.696,1.177,1.059,1.609
2026-01-09,,1.807,1.241,1.127,0.906,0.755,0.885,1.778,1.29,2.23,1.138,1.192,1.958,0.724,1.621,1.572,3.696,1.177,1.059,1.601
2026-01-12,,1.732,1.238,1.125,0.895,0.728,0.882,1.772,1.26,2.211,1.135,1.186,1.96,0.723,1.616,1.562,3.589,1.178,1.04,1.599
2026-01-13,,1.682,1.235,1.127,0.893,0.733,0.882,1.772,1.26,2.19,1.135,1.186,1.948,0.723,1.611,1.56,3.589,1.178,1.034,1.591
2026-01-14,,1.673,1.232,1.126,0.89,0.728,0.879,1.772,1.26,2.174,1.135,1.173,1.941,0.713,1.605,1.556,3.591,1.178,1.039,1.586
2026-01-15,,1.687,1.232,1.133,0.893,0.743,0.883,1.776,1.29,2.196,1.144,2.526,1.941,0.713,1.612,1.574,3.591,1.178,1.042,1.557
2026-01-16,,1.75,1.241,1.133,0.911,0.757,0.886,1.776,1.29,2.19,1.144,2.775,1.935,0.709,1.618,1.574,3.591,1.178,1.096,1.637
2026-01-19,,1.666,1.232,1.124,0.884,0.723,0.87,1.772,1.26,2.186,1.139,2.771,1.914,0.709,1.604,1.557,3.591,1.178,1.037,1.635
2026-01-20,,1.682,1.219,1.124,0.88,0.723,0.87,1.761,1.25,2.16,1.137,2.771,1.839,0.709,1.601,1.556,3.591,1.185,1.037,1.628
2026-01-21,,1.658,1.21,1.123,0.877,0.723,0.858,1.754,1.25,2.126,1.139,2.967,1.854,0.709,1.595,1.559,3.591,1.185,1.025,1.628
2026-01-22,,1.658,1.203,1.118,0.875,0.723,0.857,1.753,1.26,2.154,1.139,2.957,1.857,0.708,1.59,1.56,3.591,1.185,1.018,1.628
2026-01-23,,1.648,1.2,1.118,0.876,0.722,0.851,1.752,1.25,2.139,1.139,2.963,1.856,0.705,1.596,1.562,3.591,1.185,1.022,1.628
2026-01-26,,1.698,1.226,1.109,0.875,0.722,0.849,1.749,1.26,2.151,1.139,2.968,1.856,0.7,1.595,1.56,3.591,1.185,1.021,1.628
2026-01-27,,1.624,1.212,1.109,0.877,0.719,0.843,1.749,1.25,2.148,1.139,2.968,1.854,0.699,1.595,1.558,3.591,1.185,1.021,1.571
2026-01-28,,1.61,1.218,1.107,0.855,0.719,0.843,1.749,1.25,2.146,1.133,3.204,1.837,0.699,1.583,1.553,3.591,1.152,1.016,1.567
2026-01-29,,1.612,1.218,1.107,0.852,0.719,0.842,1.749,1.25,2.128,1.133,3.204,1.837,0.698,1.583,1.539,3.591,1.152,1.021,1.562
2026-01-30,,1.61,1.218,1.104,0.848,0.719,0.842,1.749,1.25,2.124,1.133,3.204,1.836,0.698,1.583,1.557,3.591,1.152,1.021,1.562
2026-02-02,,1.653,1.215,1.147,0.842,0.682,0.839,2.018,1.26,2.166,1.133,2.879,1.808,0.698,1.536,1.538,3.596,1.161,1.024,1.547
2026-02-03,,1.628,1.2,1.148,0.851,0.677,0.839,2.017,1.25,2.157,1.137,2.888,1.794,0.698,1.545,1.528,3.596,1.191,1.023,1.551
2026-02-04,,1.658,1.216,1.147,0.853,0.677,0.839,2.017,1.25,2.151,1.137,2.876,1.816,0.698,1.545,1.521,3.596,1.195,1.023,1.551
2026-02-05,,1.657,1.216,1.147,0.853,0.677,0.839,2.017,1.25,2.142,1.149,2.876,1.813,0.698,1.545,1.568,3.596,1.195,1.023,1.423
2026-02-06,,1.652,1.216,1.147,0.85,0.676,0.846,2.018,1.26,2.115,1.149,2.911,1.842,0.72,1.545,1.609,3.596,1.195,1.023,1.428
2026-02-09,,1.619,1.203,1.147,0.848,0.679,0.844,2.018,1.26,2.107,1.149,2.911,1.845,0.697,1.545,1.595,3.596,1.195,1.023,1.428
2026-02-10,,1.615,1.2,1.147,0.847,0.679,0.844,2.018,1.25,2.106,1.149,3.143,1.856,0.698,1.545,1.606,3.632,1.195,1.023,1.266
2026-02-11,,1.674,1.216,1.153,0.85,0.677,0.869,2.022,1.26,2.11,1.152,1.07,1.951,0.69,1.54,1.62,3.586,1.195,1.023,1.266
2026-02-12,,1.674,1.209,1.153,0.856,0.672,0.871,1.691,1.25,2.088,1.158,1.058,1.979,0.69,1.537,1.899,3.586,1.195,1.023,1.284
2026-02-13,,1.689,1.209,1.155,0.857,0.674,0.877,1.691,1.25,2.1,1.163,1.058,1.995,0.69,1.594,1.804,3.605,1.195,1.023,1.271
2026-02-18,,1.689,1.209,1.155,0.857,0.674,0.877,1.691,1.25,2.1,1.163,1.058,1.995,0.69,1.594,1.804,3.605,1.195,1.023,1.271
2026-02-19,,1.699,1.209,1.207,0.865,0.675,0.877,1.693,1.3,2.11,1.15,1.071,2.025,0.69,1.619,1.762,3.605,1.199,1.023,1.268
2026-02-20,,1.699,1.216,1.155,0.867,0.675,0.874,1.686,1.25,2.112,1.15,1.07,2.047,0.65,1.632,1.765,3.605,1.183,1.024,1.268
2026-02-23,,1.699,1.204,1.155,0.867,0.673,0.866,1.685,1.25,2.113,1.147,1.07,2.05,0.65,1.634,1.764,3.627,1.196,1.025,1.267
2026-02-24,,1.713,1.204,1.153,0.869,0.676,0.866,1.685,1.25,2.11,1.147,1.076,2.047,0.649,1.604,1.757,3.627,1.196,1.025,1.267
2026-02-25,,1.713,1.204,1.148,0.87,0.676,0.865,1.685,1.25,2.105,1.155,1.076,2.046,0.65,1.602,2.047,3.627,1.196,1.025,1.263
2026-02-26,,1.723,1.204,1.138,0.87,0.676,0.865,1.704,1.25,2.103,1.155,1.076,2.077,0.649,1.607,2.346,3.627,1.199,1.024,1.263
2026-02-27,,1.723,1.204,1.136,0.868,0.676,0.865,1.707,1.3,2.102,1.155,1.076,2.064,0.65,1.607,2.434,3.627,1.199,1.024,1.263
2026-03-02,,1.708,1.205,1.083,0.876,0.676,0.929,1.478,1.25,2.071,1.149,1.076,2.023,0.659,1.593,2.357,2.94,1.356,1.104,1.186
2026-03-03,,1.707,1.205,1.081,0.877,0.676,0.929,1.478,1.3,2.073,1.149,1.076,2.051,0.66,1.595,2.357,2.94,1.356,1.107,1.186
2026-03-04,,1.707,1.205,1.081,0.876,0.672,0.929,1.479,1.3,2.073,1.149,1.076,2.069,0.659,1.61,2.358,2.94,1.356,1.102,1.186
2026-03-05,,1.707,1.205,1.081,0.879,0.674,0.929,1.479,1.3,2.075,1.149,1.076,2.069,0.66,1.61,2.353,2.94,1.356,1.102,1.169
2026-03-06,,1.707,1.205,1.079,0.879,0.674,0.929,1.479,1.3,1.935,1.149,1.076,2.069,0.661,1.607,2.353,2.94,1.355,1.097,1.169
2026-03-09,,1.707,1.205,1.078,0.88,0.674,0.929,1.478,1.25,1.953,1.153,1.076,2.093,0.662,1.613,2.353,2.94,1.33,1.102,1.169
2026-03-10,,1.715,1.205,1.078,0.891,0.674,0.929,1.478,1.25,1.956,1.155,1.076,2.104,0.66,1.617,2.353,2.94,1.33,1.102,1.169
2026-03-11,,1.724,1.205,1.077,0.879,0.674,0.931,1.484,1.25,1.97,1.153,1.076,2.124,0.661,1.622,2.355,2.941,1.326,1.102,1.17
2026-03-12,,1.771,1.206,1.078,0.88,0.674,0.932,1.493,1.3,1.973,1.153,1.076,2.124,0.663,1.627,2.355,2.941,1.327,1.1,1.161
2026-03-13,,1.885,1.193,1.086,0.885,0.692,0.936,1.499,1.3,1.981,1.153,1.084,2.124,0.665,1.646,2.452,2.941,1.328,1.113,1.17
2026-03-16,,2.475,1.207,1.101,0.886,0.703,0.936,1.575,1.3,2.007,1.152,1.091,2.2,0.663,1.657,2.468,2.972,1.327,1.122,1.183
2026-03-17,,2.661,1.223,1.099,0.889,0.714,0.936,1.578,1.3,2.02,1.16,1.091,2.167,0.73,1.659,1.822,2.973,1.328,1.122,1.178
2026-03-18,,3.136,1.3,1.229,0.983,0.871,0.974,1.838,1.3,2.063,1.219,1.203,2.318,0.79,1.697,1.407,2.973,1.389,1.161,1.268
2026-03-19,,3.163,1.334,1.24,0.969,0.833,1.01,1.838,1.45,2.071,1.197,1.214,2.364,0.789,1.718,1.42,2.973,1.404,1.154,1.258
2026-03-20,,3.145,1.374,1.261,0.992,0.84,1.032,1.942,1.45,2.09,1.228,1.39,2.37,0.809,1.728,1.441,2.973,1.42,1.158,1.273
2026-03-23,,3.175,1.438,1.302,1.066,0.823,1.194,2.057,1.6,2.229,1.276,1.244,2.433,0.809,1.807,1.455,3.004,1.539,1.189,1.366
2026-03-24,,3.193,1.432,1.3,1.066,0.833,1.201,2.057,1.6,2.223,1.276,1.244,2.433,0.809,1.819,1.48,3.004,1.541,1.186,1.369
2026-03-25,,3.192,1.426,1.385,1.074,0.831,1.189,2.153,1.6,2.279,1.25,1.25,2.44,0.809,1.839,1.479,3.005,1.536,1.189,1.575
2026-03-26,,2.92,1.437,1.405,1.073,0.822,1.616,2.153,1.65,2.273,1.278,1.25,2.44,0.811,1.852,1.496,3.005,1.541,1.189,1.575
2026-03-27,,3.057,1.45,1.41,1.074,0.822,1.605,2.108,1.65,2.306,1.273,1.25,2.44,0.811,1.86,1.509,3.005,1.541,1.235,1.582
2026-03-30,,2.62,1.413,1.359,1.057,0.822,1.048,2.048,1.6,2.266,1.253,1.303,2.439,0.811,1.857,1.587,3.005,1.471,1.223,1.404
2026-03-31,,2.697,1.42,1.35,1.056,0.832,1.036,2.03,1.5,2.259,1.216,1.374,2.442,0.808,1.948,1.597,3.005,1.468,1.22,1.362
2026-04-01,,2.564,1.391,1.349,1.126,0.815,1.056,1.98,1.5,2.41,1.273,1.342,2.57,0.808,2.09,1.682,1.181,1.285,1.127,1.27
2026-04-02,,2.819,1.664,1.725,1.24,0.838,1.585,1.777,1.6,2.63,1.389,1.379,4.83,0.792,3.667,2.068,1.181,1.708,1.285,1.479
2026-04-06,,2.74,1.498,1.52,1.18,0.876,1.209,2.108,1.8,2.561,1.432,1.379,3.63,1.023,3.202,1.927,1.181,1.427,1.261,1.439
2026-04-07,,2.748,1.496,1.517,1.206,0.875,1.21,2.229,1.8,2.599,1.431,1.389,3.534,1.024,3.164,1.872,1.181,1.42,1.253,1.736
2026-04-08,,3.127,1.47,1.53,1.189,0.899,1.708,2.242,1.8,2.588,1.406,1.933,3.96,0.932,3.076,3.116,1.181,1.397,1.321,1.763
2026-04-09,,3.113,1.466,1.514,1.185,0.883,1.682,2.225,1.8,2.561,1.39,1.818,4.244,0.932,3.533,2.662,1.181,1.392,1.3,1.756
2026-04-10,,3.166,1.647,1.635,1.313,0.939,2.068,2.373,1.8,2.691,1.413,1.856,4.59,0.957,3.354,2.572,1.181,1.423,1.298,1.881
2026-04-13,,2.895,1.411,1.588,1.215,0.871,1.705,2.347,1.8,2.66,1.413,1.443,3.392,0.94,3.014,2.548,1.181,1.417,1.221,1.741
2026-04-14,,2.892,1.408,1.534,1.236,0.858,1.696,2.331,1.8,2.576,1.37,1.365,3.385,0.94,3.145,2.543,1.181,1.394,1.217,1.703
2026-04-15,,2.453,1.408,1.516,1.158,0.863,1.107,2.391,1.7,2.54,1.309,1.33,3.282,0.797,2.929,2.946,1.181,1.315,1.216,1.513
2026-04-16,,2.38,1.406,1.516,1.143,0.861,1.086,1.831,1.6,2.501,1.28,1.326,3.293,0.799,3.1,2.962,1.17,1.244,1.204,1.343
2026-04-17,,2.878,1.379,1.509,1.182,0.871,1.115,1.844,1.6,2.511,1.272,1.36,3.34,0.939,3.196,2.979,1.17,1.319,1.193,1.334
2026-04-20,,2.872,1.392,1.508,1.206,0.871,1.725,2.285,1.8,2.544,1.337,1.36,3.385,0.94,3.447,2.979,1.17,1.371,1.215,1.724
2026-04-22,,2.321,1.379,1.494,1.131,0.863,1.086,1.838,1.6,2.471,1.253,1.326,3.308,0.798,3.289,3.08,1.17,1.232,1.204,1.352
2026-04-23,,2.312,1.373,1.48,1.07,0.812,1.068,1.821,1.6,2.446,1.225,1.259,3.216,0.8,3.119,3.034,0.984,1.225,1.195,1.32
2026-04-24,,2.303,1.355,1.455,1.07,0.81,1.057,1.82,1.6,2.416,1.225,1.255,3.207,0.8,3.122,3.024,0.984,1.22,1.168,1.299
2026-04-27,,2.348,1.359,1.442,1.115,0.817,1.088,2.246,1.7,2.493,1.235,1.255,3.203,0.8,3.143,3.003,0.984,1.271,1.182,1.379
2026-04-28,,2.097,1.354,1.407,1.044,0.771,1.051,1.819,1.6,2.442,1.211,1.236,2.987,0.756,3.115,2.994,0.984,1.21,1.164,1.302
2026-04-29,,2.092,1.337,1.388,1.033,0.776,0.995,1.83,1.6,2.423,1.19,1.167,2.918,0.665,3.039,3.002,0.986,1.21,1.163,1.291
2026-04-30,,2.068,1.337,1.355,0.973,0.803,0.969,1.83,1.6,2.393,1.19,1.159,2.883,0.664,3.007,2.936,0.986,1.206,1.145,1.238
